﻿Surname,"First name","ID number","Email address",State,"Started on",Completed,"Time taken",Grade/20.00,"Q. 1 /2.70","Q. 2 /1.62","Q. 3 /2.16","Q. 4 /0.54","Q. 5 /0.54","Q. 6 /0.54","Q. 7 /2.16","Q. 8 /1.62","Q. 9 /1.62","Q. 10 /0.54","Q. 11 /0.54","Q. 12 /2.16","Q. 13 /3.24"
Abdillahi,"Ben Idris Michel",3812573,ben.abdillahi@etu.sorbonne-universite.fr,-,-,-,-,-,-,-,-,-,-,-,-,-,-,-,-,-,-
Abeles,Walter,28610484,walter.abeles@etu.sorbonne-universite.fr,Finished,"14 octobre 2021  5:59 ","14 octobre 2021  7:54 ","1 hour 54 mins",19.57,2.70,1.62,2.16,0.54,0.54,0.54,2.16,1.62,1.62,0.54,0.54,1.73,3.24
Abkress,Barka,28606227,barka.abkress.1@etu.sorbonne-universite.fr,-,-,-,-,-,-,-,-,-,-,-,-,-,-,-,-,-,-
Afoulous,Oumaima,3802791,oumaima.afoulous@etu.sorbonne-universite.fr,-,-,-,-,-,-,-,-,-,-,-,-,-,-,-,-,-,-
"Ahmed Ali",Nassim,21113025,Nassim.Ahmed_Ali@etu.sorbonne-universite.fr,-,-,-,-,-,-,-,-,-,-,-,-,-,-,-,-,-,-
"Ait Khelifa",Tanina,21110432,Tanina.Ait_Khelifa@etu.sorbonne-universite.fr,Finished,"15 octobre 2021  10:45 ","15 octobre 2021  12:00 ","1 hour 15 mins",19.46,2.70,1.62,2.16,0.54,0.54,0.54,1.62,1.62,1.62,0.54,0.54,2.16,3.24
Akhtarkhavari,Parto,28606489,parto.akhtarkhavari.1@etu.sorbonne-universite.fr,Finished,"11 octobre 2021  4:13 ","11 octobre 2021  6:04 ","1 hour 51 mins",14.36,2.70,1.62,2.16,0.27,0.36,0.00,1.62,0.81,1.62,0.54,0.27,1.30,1.08
"Al Awayd",Wissam,3701350,wissam.al_awayd@etu.sorbonne-universite.fr,Finished,"11 octobre 2021  4:20 ","11 octobre 2021  5:44 ","1 hour 24 mins",16.13,2.70,1.62,2.16,0.27,0.18,0.54,2.16,1.62,1.62,0.54,0.54,2.16,-
Alayoud,Yanis,28600748,yanis.alayoud.1@etu.sorbonne-universite.fr,Finished,"14 octobre 2021  5:57 ","14 octobre 2021  7:12 ","1 hour 15 mins",17.97,2.70,1.62,2.16,0.27,0.54,0.00,2.16,0.68,1.62,0.54,0.27,2.16,3.24
Albitar,Nadia,3671406,nadia.albitar@etu.sorbonne-universite.fr,Finished,"14 octobre 2021  6:01 ","14 octobre 2021  7:37 ","1 hour 35 mins",19.46,2.70,1.62,2.16,0.54,0.54,0.00,2.16,1.62,1.62,0.54,0.54,2.16,3.24
Alexandre,Ronald,3407195,ronald.alexandre@etu.sorbonne-universite.fr,-,-,-,-,-,-,-,-,-,-,-,-,-,-,-,-,-,-
Alliot,Leane,28602178,leane.alliot.1@etu.sorbonne-universite.fr,-,-,-,-,-,-,-,-,-,-,-,-,-,-,-,-,-,-
Amanzougarene,Eldjouher,3601270,eldjouher.amanzougarene@etu.sorbonne-universite.fr,Finished,"11 octobre 2021  4:26 ","11 octobre 2021  7:26 ","3 hours",7.57,2.70,1.62,2.16,0.54,0.54,0.00,0.00,-,-,-,-,-,-
Amanzougarene,Eldjouher,3601270,eldjouher.amanzougarene@etu.sorbonne-universite.fr,Finished,"15 octobre 2021  10:50 ","15 octobre 2021  12:47 ","1 hour 57 mins",19.05,2.30,1.62,2.16,0.54,0.54,0.00,2.16,1.62,1.62,0.54,0.54,2.16,3.24
Amnache,Atena,28618735,atena.amnache@etu.sorbonne-universite.fr,-,-,-,-,-,-,-,-,-,-,-,-,-,-,-,-,-,-
Amri,Malek,28710546,Malek.Amri@etu.sorbonne-universite.fr,Finished,"12 octobre 2021  4:06 ","12 octobre 2021  6:03 ","1 hour 57 mins",17.78,2.57,1.62,2.16,0.54,0.54,0.54,1.89,0.68,1.62,0.54,0.54,1.30,3.24
Aouchiche,Juba,28610319,juba.aouchiche@etu.sorbonne-universite.fr,Finished,"13 octobre 2021  10:48 ","13 octobre 2021  12:20 ","1 hour 31 mins",19.43,2.70,1.62,2.16,0.54,0.54,0.54,2.16,1.62,1.62,0.41,0.54,1.73,3.24
"Arbulu Sedano",Diego,3808688,diego.arbulu_sedano@etu.sorbonne-universite.fr,Finished,"13 octobre 2021  10:48 ","13 octobre 2021  12:24 ","1 hour 36 mins",18.62,2.70,1.62,2.16,0.54,0.54,0.54,2.16,1.62,1.62,0.14,0.54,1.73,2.70
Archambaud,Florian,3804270,florian.archambaud@etu.sorbonne-universite.fr,Finished,"14 octobre 2021  6:01 ","14 octobre 2021  7:29 ","1 hour 27 mins",17.03,2.70,1.62,2.16,0.54,0.54,0.00,2.16,0.81,1.62,0.54,0.54,2.16,1.62
Arnal,Anaïs,28609148,anais.arnal@etu.sorbonne-universite.fr,-,-,-,-,-,-,-,-,-,-,-,-,-,-,-,-,-,-
Atsé,Yapi,3803860,yapi.atse@etu.sorbonne-universite.fr,Finished,"12 octobre 2021  4:04 ","12 octobre 2021  6:04 ","2 hours",0.00,-,-,-,-,-,-,-,-,-,-,-,-,-
Ayed,Bilel,28626848,bilel.ayed.1@etu.sorbonne-universite.fr,-,-,-,-,-,-,-,-,-,-,-,-,-,-,-,-,-,-
Baasch,Matthias,21109634,Matthias.Baasch@etu.sorbonne-universite.fr,-,-,-,-,-,-,-,-,-,-,-,-,-,-,-,-,-,-
Babaali,Mohamed,28601465,mohamed.babaali.1@etu.sorbonne-universite.fr,Finished,"13 octobre 2021  10:48 ","13 octobre 2021  12:24 ","1 hour 36 mins",19.19,2.70,1.62,1.89,0.54,0.54,0.54,2.16,1.62,1.62,0.54,0.54,2.16,2.70
Bait,Alexander,28609336,alexander.bait.1@etu.sorbonne-universite.fr,Finished,"11 octobre 2021  4:08 ","11 octobre 2021  5:45 ","1 hour 36 mins",17.00,2.57,1.22,2.16,0.54,0.54,0.00,2.16,0.41,1.62,0.54,0.27,1.73,3.24
Ball,Ndiaye,3702933,ndiaye.ball@etu.sorbonne-universite.fr,-,-,-,-,-,-,-,-,-,-,-,-,-,-,-,-,-,-
Baloul,"Mohamed Ryane",21113008,Mohamed_Ryane.Baloul@etu.sorbonne-universite.fr,Finished,"12 octobre 2021  4:02 ","12 octobre 2021  5:38 ","1 hour 36 mins",16.40,2.70,1.62,2.16,0.27,0.18,0.00,2.16,0.81,1.62,0.54,0.54,2.16,1.62
Bayoudh,Fares,28600163,fares.bayoudh.1@etu.sorbonne-universite.fr,-,-,-,-,-,-,-,-,-,-,-,-,-,-,-,-,-,-
Bazil,Olando,28608499,olando.bazil@etu.sorbonne-universite.fr,-,-,-,-,-,-,-,-,-,-,-,-,-,-,-,-,-,-
Beldjilali,Amel,21115553,Amel.Beldjilali@etu.sorbonne-universite.fr,Finished,"11 octobre 2021  5:56 ","11 octobre 2021  6:13 ","17 mins 12 secs",18.51,2.70,1.62,2.16,0.54,0.54,0.00,2.16,0.68,1.62,0.54,0.54,2.16,3.24
Bellaiche,Samuel,28600786,samuel.bellaiche.1@etu.sorbonne-universite.fr,-,-,-,-,-,-,-,-,-,-,-,-,-,-,-,-,-,-
Bellaoud,Nassim,3700196,nassim.bellaoud@etu.sorbonne-universite.fr,-,-,-,-,-,-,-,-,-,-,-,-,-,-,-,-,-,-
Ben-Mohamed,Ines,28607963,ines.ben-mohamed.1@etu.sorbonne-universite.fr,Finished,"13 octobre 2021  10:48 ","13 octobre 2021  12:29 ","1 hour 41 mins",19.86,2.70,1.62,2.16,0.54,0.54,0.54,2.16,1.62,1.62,0.41,0.54,2.16,3.24
Benhaddad,Ahcene,3804630,ahcene.benhadddad@etu.sorbonne-universite.fr,-,-,-,-,-,-,-,-,-,-,-,-,-,-,-,-,-,-
Benlaldj,"Zohra Chihez",21112712,Zohra_Chihez.Benlaldj@etu.sorbonne-universite.fr,-,-,-,-,-,-,-,-,-,-,-,-,-,-,-,-,-,-
Benmansour,Sofiane,3504377,sofiane.benmansour@etu.sorbonne-universite.fr,-,-,-,-,-,-,-,-,-,-,-,-,-,-,-,-,-,-
Berrada,Nacer,28610440,nacer.berrada@etu.sorbonne-universite.fr,Finished,"11 octobre 2021  4:31 ","11 octobre 2021  6:05 ","1 hour 34 mins",17.84,2.70,1.62,2.16,0.54,0.54,0.00,1.35,0.81,1.62,0.54,0.54,2.16,3.24
Berrichi,Manelle,28600291,manelle.berrichi.1@etu.sorbonne-universite.fr,-,-,-,-,-,-,-,-,-,-,-,-,-,-,-,-,-,-
Besnier,Lucien,3803479,lucien.besnier@etu.sorbonne-universite.fr,-,-,-,-,-,-,-,-,-,-,-,-,-,-,-,-,-,-
Bessad,Melina,28610730,melina.bessad@etu.sorbonne-universite.fr,-,-,-,-,-,-,-,-,-,-,-,-,-,-,-,-,-,-
Bikou,Angie-Sofia,3700648,angie-sofia.bikou@etu.sorbonne-universite.fr,-,-,-,-,-,-,-,-,-,-,-,-,-,-,-,-,-,-
Billon,Martin,3801962,martin.billon@etu.sorbonne-universite.fr,Finished,"12 octobre 2021  4:04 ","12 octobre 2021  5:41 ","1 hour 37 mins",18.46,2.70,1.62,2.16,0.54,0.54,0.54,1.62,1.62,1.62,0.41,0.54,1.30,3.24
"Blasco Gallego",Lucia,21109706,Lucia.Blasco_Gallego@etu.sorbonne-universite.fr,Finished,"14 octobre 2021  6:07 ","14 octobre 2021  8:07 ","2 hours",13.77,2.43,1.62,2.16,0.27,0.18,0.54,2.16,0.68,1.62,0.54,0.27,1.30,0.00
Boda,Jeremy,28603394,jeremy.boda.1@etu.sorbonne-universite.fr,Finished,"11 octobre 2021  3:58 ","11 octobre 2021  5:37 ","1 hour 39 mins",18.65,2.43,1.62,2.16,0.27,0.54,0.00,2.16,1.62,1.35,0.54,0.54,2.16,3.24
Bontempelli,Manon,28600844,manon.bontempelli.1@etu.sorbonne-universite.fr,Finished,"13 octobre 2021  10:48 ","13 octobre 2021  12:14 ","1 hour 25 mins",14.46,2.70,1.62,2.16,0.27,0.54,0.00,0.54,0.27,1.62,0.41,0.54,2.16,1.62
Bouaicha,Kenza,3703308,kenza.bouaicha@etu.sorbonne-universite.fr,-,-,-,-,-,-,-,-,-,-,-,-,-,-,-,-,-,-
Boucherrab,Rayan,28610497,rayan.boucherrab@etu.sorbonne-universite.fr,Finished,"11 octobre 2021  3:58 ","11 octobre 2021  5:45 ","1 hour 46 mins",15.53,1.76,1.62,2.16,0.27,0.18,0.54,2.16,0.68,1.62,0.54,0.54,1.30,2.16
Bouchouchi,Nour,28600211,nour.bouchouchi.1@etu.sorbonne-universite.fr,-,-,-,-,-,-,-,-,-,-,-,-,-,-,-,-,-,-
Bouheraoua,Sarah,21113695,Sarah.Bouheraoua@etu.sorbonne-universite.fr,-,-,-,-,-,-,-,-,-,-,-,-,-,-,-,-,-,-
Bouhraoua,Ines,21115204,Ines.Bouhraoua@etu.sorbonne-universite.fr,Finished,"11 octobre 2021  3:58 ","11 octobre 2021  5:40 ","1 hour 42 mins",18.51,2.70,1.62,2.16,0.54,0.54,0.00,2.16,0.68,1.62,0.54,0.54,2.16,3.24
Bouloudani,Haroun,28002307,Haroun.Bouloudani@etu.sorbonne-universite.fr,-,-,-,-,-,-,-,-,-,-,-,-,-,-,-,-,-,-
Bounichou,Hugo,3700560,hugo.bounichou@etu.sorbonne-universite.fr,-,-,-,-,-,-,-,-,-,-,-,-,-,-,-,-,-,-
Bourekh,Zidane,3677063,zidane.bourekh@etu.sorbonne-universite.fr,-,-,-,-,-,-,-,-,-,-,-,-,-,-,-,-,-,-
Bourlette,Lucas,3672216,lucas.bourlette@etu.sorbonne-universite.fr,-,-,-,-,-,-,-,-,-,-,-,-,-,-,-,-,-,-
Boutaleb,"Mohamed Allaa Eddine",21112734,Mohamed_Allaa_Eddine.Boutaleb@etu.sorbonne-universite.fr,Finished,"11 octobre 2021  4:11 ","11 octobre 2021  5:35 ","1 hour 23 mins",19.05,2.70,1.62,2.16,0.54,0.54,0.54,2.16,0.68,1.62,0.54,0.54,2.16,3.24
"Bouton Popper",Jules,28600665,jules.bouton.2@etu.sorbonne-universite.fr,-,-,-,-,-,-,-,-,-,-,-,-,-,-,-,-,-,-
Bouzaglou,Ariel,28607480,ariel.bouzaglou.1@etu.sorbonne-universite.fr,-,-,-,-,-,-,-,-,-,-,-,-,-,-,-,-,-,-
Boyadjiev,Todor,28507548,todor.boyadjiev.2@etu.sorbonne-universite.fr,-,-,-,-,-,-,-,-,-,-,-,-,-,-,-,-,-,-
Brazane,Sabrina,3803162,sabrina.brazane@etu.sorbonne-universite.fr,-,-,-,-,-,-,-,-,-,-,-,-,-,-,-,-,-,-
Caraux,Theophane,28602627,theophane.caraux.1@etu.sorbonne-universite.fr,Finished,"12 octobre 2021  4:05 ","12 octobre 2021  5:40 ","1 hour 34 mins",17.41,1.76,1.62,2.16,0.54,0.54,0.00,2.16,1.62,1.62,0.41,0.54,1.73,2.70
Chaouati,Oualid,21114737,Oualid.Chaouati@etu.sorbonne-universite.fr,Finished,"12 octobre 2021  4:06 ","12 octobre 2021  5:43 ","1 hour 37 mins",13.82,1.35,1.62,2.16,0.54,0.36,0.00,1.35,0.27,1.62,0.54,0.54,1.30,2.16
Charlot,Théo,3804195,theo.charlot@etu.sorbonne-universite.fr,Finished,"11 octobre 2021  4:03 ","11 octobre 2021  6:00 ","1 hour 56 mins",16.03,2.70,1.62,2.16,0.54,0.54,0.00,2.16,0.81,1.62,0.41,0.54,1.30,1.62
Chen,Jinhe,3802503,jinhe.chen@etu.sorbonne-universite.fr,Finished,"11 octobre 2021  4:01 ","11 octobre 2021  5:44 ","1 hour 43 mins",12.59,2.43,0.81,2.16,0.54,0.54,0.00,1.35,0.27,1.62,0.27,0.54,0.43,1.62
Cherfaoui,Melissa,28720090,Melissa.Cherfaoui@etu.sorbonne-universite.fr,Finished,"14 octobre 2021  6:02 ","14 octobre 2021  7:31 ","1 hour 29 mins",19.19,2.70,1.62,2.16,0.54,0.54,0.00,2.16,1.62,1.62,0.54,0.27,2.16,3.24
Cherfi,Farouck,3407463,farouck.cherfi@etu.sorbonne-universite.fr,Finished,"11 octobre 2021  4:05 ","11 octobre 2021  5:35 ","1 hour 29 mins",17.03,1.76,1.62,2.16,0.54,0.54,0.54,1.89,1.49,1.62,0.54,0.00,2.16,2.16
Chikh,Mehdi,3677161,mehdi.chikh@etu.sorbonne-universite.fr,Finished,"12 octobre 2021  4:05 ","12 octobre 2021  6:00 ","1 hour 54 mins",19.19,2.70,1.62,2.16,0.54,0.54,0.54,2.16,0.81,1.62,0.54,0.54,2.16,3.24
Cohen,Orlane,28603418,orlane.cohen.1@etu.sorbonne-universite.fr,Finished,"11 octobre 2021  4:07 ","11 octobre 2021  5:35 ","1 hour 28 mins",18.65,2.70,1.62,2.16,0.27,0.54,0.54,2.16,1.62,1.62,0.54,0.54,2.16,2.16
Corlue,Florian,28607538,florian.corlue.1@etu.sorbonne-universite.fr,Finished,"12 octobre 2021  4:05 ","12 octobre 2021  5:43 ","1 hour 38 mins",17.30,2.70,1.62,2.16,0.54,0.54,0.00,2.16,0.54,1.62,0.54,0.54,2.16,2.16
Curaut,Charline,3810013,Charline.Curaut@etu.sorbonne-universite.fr,-,-,-,-,-,-,-,-,-,-,-,-,-,-,-,-,-,-
Dabrowski,Mateusz,21109700,Mateusz.Dabrowski@etu.sorbonne-universite.fr,-,-,-,-,-,-,-,-,-,-,-,-,-,-,-,-,-,-
"De Sacy",Anne,28610199,anne.silvestre_de_sacy-nougaret-@etu.sorbonne-universite.fr,-,-,-,-,-,-,-,-,-,-,-,-,-,-,-,-,-,-
Delgado,Thomas,3407716,thomas.delgado@etu.sorbonne-universite.fr,Finished,"12 octobre 2021  4:07 ","12 octobre 2021  5:32 ","1 hour 25 mins",18.05,2.43,1.62,2.16,0.27,0.54,0.54,2.16,1.62,1.62,0.54,0.54,1.30,2.70
Diallo,Faldou,3674474,faldou.diallo@etu.sorbonne-universite.fr,Finished,"11 octobre 2021  4:04 ","11 octobre 2021  6:04 ","2 hours",13.84,2.70,1.62,2.16,0.54,0.54,0.54,0.27,1.62,1.62,0.54,0.27,0.86,0.54
Diallo,"Mohamed Aliou",28604190,mohamed.diallo@etu.sorbonne-universite.fr,Finished,"12 octobre 2021  4:04 ","12 octobre 2021  5:38 ","1 hour 34 mins",19.00,2.70,1.62,2.16,0.54,0.54,0.54,2.16,1.62,1.62,0.41,0.54,1.30,3.24
Doucouré,Dramane,3520680,dramane.doucoure@etu.sorbonne-universite.fr,-,-,-,-,-,-,-,-,-,-,-,-,-,-,-,-,-,-
Doufene,Malik,21113747,Malik.Doufene@etu.sorbonne-universite.fr,Finished,"11 octobre 2021  3:58 ","11 octobre 2021  5:29 ","1 hour 30 mins",16.76,2.70,1.62,2.16,0.54,0.54,0.00,1.35,0.27,1.62,0.54,0.54,2.16,2.70
Drouard,François-Xavier,3800028,francois-xavier.drouard@etu.sorbonne-universite.fr,Finished,"11 octobre 2021  4:00 ","11 octobre 2021  5:38 ","1 hour 38 mins",16.76,2.70,1.62,1.89,0.54,0.54,0.00,1.62,0.54,1.62,0.54,0.27,2.16,2.70
Du,Sylvain,28607117,sylvain.du.1@etu.sorbonne-universite.fr,Finished,"11 octobre 2021  4:12 ","11 octobre 2021  6:00 ","1 hour 48 mins",16.70,2.70,1.62,2.16,0.54,0.54,0.00,1.35,0.54,1.62,0.54,0.54,1.30,3.24
Dziri,Hakim,3800075,hakim.dziri@etu.sorbonne-universite.fr,-,-,-,-,-,-,-,-,-,-,-,-,-,-,-,-,-,-
"El Bouhali",Mouataz,28619891,mouataz.el_bouhali@etu.sorbonne-universite.fr,-,-,-,-,-,-,-,-,-,-,-,-,-,-,-,-,-,-
"El Fahdi",Ismaël,3802719,ismael.el_fahdi@etu.sorbonne-universite.fr,-,-,-,-,-,-,-,-,-,-,-,-,-,-,-,-,-,-
"El Ghali",Yosr,3802466,yosr.elghali@etu.sorbonne-universite.fr,-,-,-,-,-,-,-,-,-,-,-,-,-,-,-,-,-,-
"El Khaddar",Marwan,3673536,marwan.el_khaddar@etu.sorbonne-universite.fr,-,-,-,-,-,-,-,-,-,-,-,-,-,-,-,-,-,-
"El Youbi",Ali,3506467,ali.el_youbi@etu.sorbonne-universite.fr,-,-,-,-,-,-,-,-,-,-,-,-,-,-,-,-,-,-
Erjil,Hichem,28600653,hichem.erjil.1@etu.sorbonne-universite.fr,-,-,-,-,-,-,-,-,-,-,-,-,-,-,-,-,-,-
Exertier,Firmin,28610514,firmin.exertier@etu.sorbonne-universite.fr,-,-,-,-,-,-,-,-,-,-,-,-,-,-,-,-,-,-
Fahmy,Youssef,28609831,youssef.fahmy@etu.sorbonne-universite.fr,-,-,-,-,-,-,-,-,-,-,-,-,-,-,-,-,-,-
Felix,Wycherley-Kassel,3702385,wycherley-kassel.felix@etu.sorbonne-universite.fr,-,-,-,-,-,-,-,-,-,-,-,-,-,-,-,-,-,-
Francoise,Raphael,28600759,raphael.francoise.1@etu.sorbonne-universite.fr,-,-,-,-,-,-,-,-,-,-,-,-,-,-,-,-,-,-
Frigola,Arthur,28607831,arthur.frigola.1@etu.sorbonne-universite.fr,-,-,-,-,-,-,-,-,-,-,-,-,-,-,-,-,-,-
Fu,Zhenyue,28620112,zhenyue.fu@etu.sorbonne-universite.fr,Finished,"14 octobre 2021  6:00 ","14 octobre 2021  7:11 ","1 hour 11 mins",17.66,2.70,1.62,2.16,0.27,0.36,0.00,1.62,0.81,1.62,0.54,0.54,2.16,3.24
Fumard,Lucas,28602386,lucas.fumard.1@etu.sorbonne-universite.fr,Finished,"14 octobre 2021  6:02 ","14 octobre 2021  7:11 ","1 hour 8 mins",19.05,2.70,1.62,2.16,0.54,0.54,0.54,2.16,0.68,1.62,0.54,0.54,2.16,3.24
Gallet,Camille,3700630,camille.gallet.1@etu.sorbonne-universite.fr,-,-,-,-,-,-,-,-,-,-,-,-,-,-,-,-,-,-
Gaudinot,Salomon,28600769,salomon.gaudinot.1@etu.sorbonne-universite.fr,Finished,"13 octobre 2021  10:45 ","13 octobre 2021  12:26 ","1 hour 40 mins",20.00,2.70,1.62,2.16,0.54,0.54,0.54,2.16,1.62,1.62,0.54,0.54,2.16,3.24
Gaydon,Julie,28606830,julie.gaydon@etu.sorbonne-universite.fr,Finished,"11 octobre 2021  4:05 ","11 octobre 2021  5:51 ","1 hour 46 mins",18.22,2.30,1.62,2.16,0.54,0.54,0.54,2.16,0.68,1.62,0.54,0.54,1.73,3.24
Gazquez,Miguel,28600492,miguel.gazquez.1@etu.sorbonne-universite.fr,Finished,"11 octobre 2021  3:57 ","11 octobre 2021  5:16 ","1 hour 18 mins",18.01,2.70,1.62,2.16,0.54,0.36,0.54,1.89,0.95,1.62,0.54,0.54,1.30,3.24
Giuliani,Carla,28605022,carla.giuliani.2@etu.sorbonne-universite.fr,-,-,-,-,-,-,-,-,-,-,-,-,-,-,-,-,-,-
Gojak,Zlatan,3801873,zlatan.gojak@etu.sorbonne-universite.fr,-,-,-,-,-,-,-,-,-,-,-,-,-,-,-,-,-,-
Goulmot,Cedric,3971371,cedric.goulmot@etu.sorbonne-universite.fr,-,-,-,-,-,-,-,-,-,-,-,-,-,-,-,-,-,-
Guo,Youheng,28711440,Youheng.Guo@etu.sorbonne-universite.fr,Finished,"11 octobre 2021  3:59 ","11 octobre 2021  5:50 ","1 hour 50 mins",17.43,2.57,1.62,2.16,0.27,0.54,0.00,2.16,0.41,1.62,0.41,0.27,2.16,3.24
Hadji,Mohamed,3702996,mohamed.hadji@etu.sorbonne-universite.fr,-,-,-,-,-,-,-,-,-,-,-,-,-,-,-,-,-,-
Halila,Youssef,28610207,youssef.halila@etu.sorbonne-universite.fr,-,-,-,-,-,-,-,-,-,-,-,-,-,-,-,-,-,-
Halit,Yanis,28600464,yanis.halit.1@etu.sorbonne-universite.fr,Finished,"12 octobre 2021  4:01 ","12 octobre 2021  5:53 ","1 hour 52 mins",15.01,2.70,1.62,2.16,0.27,0.36,0.54,2.16,0.00,1.62,0.54,0.54,0.86,1.62
Hamadouche,Mebarek,28506638,mebarek.hamadouche@etu.sorbonne-universite.fr,Finished,"13 octobre 2021  10:48 ","13 octobre 2021  12:20 ","1 hour 32 mins",18.62,2.43,1.62,2.16,0.54,0.54,0.54,2.16,1.62,1.08,0.41,0.54,1.73,3.24
Hamdi,Charafeddine,3800477,charafeddine.hamdi@etu.sorbonne-universite.fr,Finished,"15 octobre 2021  12:27 ","15 octobre 2021  2:05 ","1 hour 38 mins",0.00,-,-,-,-,-,-,-,-,-,-,-,-,-
Hammachi,Nourdinne,28604304,nourdinne.hammachi.1@etu.sorbonne-universite.fr,Finished,"11 octobre 2021  3:58 ","11 octobre 2021  5:44 ","1 hour 46 mins",16.95,2.70,1.62,2.16,0.27,0.36,0.00,2.16,0.00,1.62,0.54,0.54,1.73,3.24
Hassanein,Youssef,3522807,youssef.hassanein@etu.sorbonne-universite.fr,-,-,-,-,-,-,-,-,-,-,-,-,-,-,-,-,-,-
Hayat,Ruben,28608396,ruben.hayat.1@etu.sorbonne-universite.fr,-,-,-,-,-,-,-,-,-,-,-,-,-,-,-,-,-,-
Hebert,Thomas,3708782,thomas.hebert@etu.sorbonne-universite.fr,Finished,"12 octobre 2021  4:04 ","12 octobre 2021  5:39 ","1 hour 35 mins",15.57,2.70,1.62,2.16,0.27,0.54,0.54,2.16,0.81,1.62,0.54,0.54,0.43,1.62
Hwang,"Chan Yeong",28610448,chan.hwang@etu.sorbonne-universite.fr,Finished,"13 octobre 2021  10:48 ","13 octobre 2021  12:23 ","1 hour 34 mins",16.46,1.76,1.62,2.16,0.27,0.54,0.54,2.16,1.62,1.62,0.27,0.54,1.73,1.62
"Ibobi Sambila",Osee,3704090,osee.ibobi_sambila@etu.sorbonne-universite.fr,-,-,-,-,-,-,-,-,-,-,-,-,-,-,-,-,-,-
Idouar,Yacine,28610117,yacine.idouar@etu.sorbonne-universite.fr,Finished,"14 octobre 2021  6:02 ","14 octobre 2021  7:53 ","1 hour 51 mins",17.57,2.70,1.62,2.16,0.54,0.54,0.00,2.16,0.81,1.08,0.54,0.54,2.16,2.70
Ikhenoussene,Yanis,28601953,yanis.ikhenoussene.1@etu.sorbonne-universite.fr,-,-,-,-,-,-,-,-,-,-,-,-,-,-,-,-,-,-
Illouz,Maxime,28600470,maxime.illouz.1@etu.sorbonne-universite.fr,-,-,-,-,-,-,-,-,-,-,-,-,-,-,-,-,-,-
Ith,Marc,3302184,marc.ith@etu.sorbonne-universite.fr,-,-,-,-,-,-,-,-,-,-,-,-,-,-,-,-,-,-
Jankovskaja,Elina,28607314,elina.jankovskaja.1@etu.sorbonne-universite.fr,-,-,-,-,-,-,-,-,-,-,-,-,-,-,-,-,-,-
"Jean Marie Flore",Samuel,3800583,samuel.jean_marie_flore@etu.sorbonne-universite.fr,-,-,-,-,-,-,-,-,-,-,-,-,-,-,-,-,-,-
Jriby,Jawher,3702809,jawher.jriby@etu.sorbonne-universite.fr,Finished,"13 octobre 2021  10:48 ","13 octobre 2021  12:14 ","1 hour 25 mins",14.05,2.57,1.62,2.16,0.27,0.54,0.00,0.54,0.27,1.35,0.41,0.54,2.16,1.62
"K Murali",Sharane,3701883,sharane.k_murali@etu.sorbonne-universite.fr,-,-,-,-,-,-,-,-,-,-,-,-,-,-,-,-,-,-
Kabongo,Ben,21116436,Ben.Kabongo@etu.sorbonne-universite.fr,Finished,"11 octobre 2021  4:08 ","11 octobre 2021  6:08 ","2 hours",0.00,-,-,-,-,-,-,-,-,-,-,-,-,-
Kada,Dina,28601301,dina.kada.1@etu.sorbonne-universite.fr,Finished,"11 octobre 2021  4:10 ","11 octobre 2021  5:41 ","1 hour 31 mins",17.03,2.70,1.62,2.16,0.27,0.54,0.00,1.08,0.54,1.62,0.54,0.54,2.16,3.24
Kamouche,Neila,28605864,neila.kamouche.1@etu.sorbonne-universite.fr,Finished,"14 octobre 2021  6:01 ","14 octobre 2021  7:25 ","1 hour 24 mins",17.24,2.70,1.62,2.16,0.54,0.54,0.00,1.89,0.54,1.62,0.54,0.54,1.30,3.24
Ke,Ilene,3700453,ilene.ke@etu.sorbonne-universite.fr,-,-,-,-,-,-,-,-,-,-,-,-,-,-,-,-,-,-
Kedadry,Yannis,3808875,yannis.kedadry@etu.sorbonne-universite.fr,Finished,"11 octobre 2021  4:06 ","11 octobre 2021  5:49 ","1 hour 43 mins",17.25,2.70,1.62,2.16,0.54,0.36,0.00,1.08,0.68,1.62,0.54,0.54,2.16,3.24
Kemiche,Koceila,21114731,Koceila.Kemiche@etu.sorbonne-universite.fr,Finished,"12 octobre 2021  4:11 ","12 octobre 2021  6:00 ","1 hour 49 mins",14.22,2.70,1.62,1.89,0.27,0.54,0.00,1.62,0.81,1.62,0.54,0.54,0.43,1.62
Kerharo,Cathy,28600559,cathy.kerharo.1@etu.sorbonne-universite.fr,Finished,"11 octobre 2021  3:58 ","11 octobre 2021  5:40 ","1 hour 42 mins",17.88,2.70,1.62,2.16,0.27,0.18,0.00,2.16,0.68,1.62,0.54,0.54,2.16,3.24
Khan,Anin,3801610,anin.khan@etu.sorbonne-universite.fr,-,-,-,-,-,-,-,-,-,-,-,-,-,-,-,-,-,-
Klich,"Nour Elhouda",28610130,nour.klich@etu.sorbonne-universite.fr,Finished,"12 octobre 2021  4:07 ","12 octobre 2021  6:02 ","1 hour 54 mins",17.84,2.70,1.62,2.16,0.54,0.54,0.54,1.35,0.27,1.62,0.54,0.54,2.16,3.24
Kolli,Hamid,28717594,Hamid.Kolli@etu.sorbonne-universite.fr,Finished,"14 octobre 2021  6:05 ","14 octobre 2021  8:00 ","1 hour 55 mins",18.49,2.70,1.62,2.16,0.27,0.54,0.54,2.16,0.81,1.62,0.54,0.54,1.73,3.24
Korrabi,Madjid,28614924,madjid.korrabi@etu.sorbonne-universite.fr,Finished,"12 octobre 2021  4:08 ","12 octobre 2021  5:59 ","1 hour 50 mins",16.03,2.57,1.62,2.16,0.54,0.54,0.00,2.16,0.54,1.35,0.54,0.00,1.30,2.70
Koskas,Ilan,3800162,ilan.koskas@etu.sorbonne-universite.fr,Finished,"12 octobre 2021  4:06 ","12 octobre 2021  5:42 ","1 hour 36 mins",18.62,2.70,1.62,2.16,0.54,0.54,0.54,2.16,0.68,1.62,0.54,0.54,1.73,3.24
"Koumgang Tegantchouang",Adrien,21109170,Adrien.Koumgang_Tegantchouang@etu.sorbonne-universite.fr,Finished,"12 octobre 2021  4:04 ","12 octobre 2021  6:03 ","1 hour 58 mins",16.49,1.89,1.62,2.16,0.54,0.54,0.54,1.35,0.27,1.62,0.54,0.00,2.16,3.24
Kwonn,Simon,3709743,simon.kwonn@etu.sorbonne-universite.fr,-,-,-,-,-,-,-,-,-,-,-,-,-,-,-,-,-,-
Labady,"Sterley Gilbert",21100776,Sterley_Gilbert.Labady@etu.sorbonne-universite.fr,-,-,-,-,-,-,-,-,-,-,-,-,-,-,-,-,-,-
Lachachi,Yasmine,28710229,Yasmine.Lachachi@etu.sorbonne-universite.fr,-,-,-,-,-,-,-,-,-,-,-,-,-,-,-,-,-,-
Lachemot,Cédric,3705179,cedric.lachemot@etu.sorbonne-universite.fr,-,-,-,-,-,-,-,-,-,-,-,-,-,-,-,-,-,-
Lachgar,Amine,3802257,amine.lachgar@etu.sorbonne-universite.fr,-,-,-,-,-,-,-,-,-,-,-,-,-,-,-,-,-,-
Lacoume,Claire,28610667,claire.lacoume@etu.sorbonne-universite.fr,Finished,"11 octobre 2021  3:58 ","11 octobre 2021  5:57 ","1 hour 59 mins",17.81,2.70,1.62,2.16,0.27,0.54,0.00,2.16,0.68,1.62,0.54,0.54,1.73,3.24
Lam,Stéphane,3672320,stephane.lam@etu.sorbonne-universite.fr,Finished,"12 octobre 2021  4:09 ","12 octobre 2021  6:04 ","1 hour 55 mins",18.51,2.70,1.62,2.16,0.54,0.54,0.54,2.16,0.68,1.35,0.54,0.27,2.16,3.24
Lechgar,Houssam,28610190,houssam.lechgar@etu.sorbonne-universite.fr,Finished,"13 octobre 2021  10:45 ","13 octobre 2021  12:26 ","1 hour 41 mins",18.24,2.70,1.62,2.16,0.54,0.54,0.54,2.16,0.41,1.62,0.54,0.54,2.16,2.70
Lee,"Jae Wook",21108842,Jae_Wook.Lee@etu.sorbonne-universite.fr,Finished,"11 octobre 2021  4:44 ","11 octobre 2021  6:44 ","2 hours",0.00,-,-,-,-,-,-,-,-,-,-,-,-,-
Legendre--Despas,Jeanne,3810768,jeanne.legendre--despas@etu.sorbonne-universite.fr,Finished,"11 octobre 2021  3:59 ","11 octobre 2021  5:51 ","1 hour 52 mins",17.84,2.70,1.62,2.16,0.54,0.54,0.00,1.35,0.81,1.62,0.54,0.54,2.16,3.24
Lemaitre,Alexandre,3876023,alexandre.lemaitre@etu.sorbonne-universite.fr,-,-,-,-,-,-,-,-,-,-,-,-,-,-,-,-,-,-
"Levanson Dit Akbarali","Mohamed Hasir",28601393,mohamed.levanson_dit_akbarali@etu.sorbonne-universite.fr,-,-,-,-,-,-,-,-,-,-,-,-,-,-,-,-,-,-
Li,Junji,28610187,junji.li@etu.sorbonne-universite.fr,-,-,-,-,-,-,-,-,-,-,-,-,-,-,-,-,-,-
Lifsal,Loubna,3309154,loubna.lifsal@etu.sorbonne-universite.fr,-,-,-,-,-,-,-,-,-,-,-,-,-,-,-,-,-,-
Lin,Jeremy,28602292,jeremy.lin.1@etu.sorbonne-universite.fr,-,-,-,-,-,-,-,-,-,-,-,-,-,-,-,-,-,-
Lin,Charles,3812676,Charles.Lin@etu.sorbonne-universite.fr,Finished,"14 octobre 2021  6:08 ","14 octobre 2021  7:42 ","1 hour 33 mins",16.00,2.70,1.62,2.16,0.54,0.54,0.00,1.35,0.27,1.62,0.54,0.54,0.86,3.24
Longuet,Axel,28600563,axel.longuet.1@etu.sorbonne-universite.fr,-,-,-,-,-,-,-,-,-,-,-,-,-,-,-,-,-,-
Loyau-Kahn,Felix,28607223,felix.loyau-kahn@etu.sorbonne-universite.fr,Finished,"11 octobre 2021  4:04 ","11 octobre 2021  5:38 ","1 hour 34 mins",16.62,2.57,1.62,1.89,0.54,0.54,0.00,1.62,0.54,1.62,0.54,0.27,2.16,2.70
Luo,Yukai,28620155,yukai.luo@etu.sorbonne-universite.fr,Finished,"13 octobre 2021  10:48 ","13 octobre 2021  12:17 ","1 hour 29 mins",14.35,2.16,1.62,1.89,0.54,0.54,0.00,0.54,0.81,1.62,0.41,0.54,0.43,3.24
Luvisamo,"Mulemesa Jessy",3415756,mulemesa.luvisamo@etu.sorbonne-universite.fr,Finished,"12 octobre 2021  4:07 ","12 octobre 2021  5:37 ","1 hour 29 mins",11.94,2.70,1.62,2.16,0.27,0.18,0.54,0.27,0.41,1.62,0.54,0.54,0.00,1.08
Ly,Sylvie,3522190,sylvie.ly@etu.sorbonne-universite.fr,Finished,"12 octobre 2021  4:09 ","12 octobre 2021  5:38 ","1 hour 29 mins",18.92,2.70,1.62,2.16,0.54,0.54,0.54,2.16,0.81,1.62,0.54,0.27,2.16,3.24
Macabre,Loona,28609645,loona.macabre.1@etu.sorbonne-universite.fr,Finished,"13 octobre 2021  10:47 ","13 octobre 2021  12:10 ","1 hour 22 mins",16.43,2.70,1.62,2.16,0.54,0.54,0.00,1.35,0.81,1.62,0.54,0.54,1.30,2.70
Maire,Maxence,28605064,maxence.maire@etu.sorbonne-universite.fr,-,-,-,-,-,-,-,-,-,-,-,-,-,-,-,-,-,-
Makhlouf,Rayane,28617603,rayane.makhlouf@etu.sorbonne-universite.fr,Finished,"11 octobre 2021  4:11 ","11 octobre 2021  6:05 ","1 hour 54 mins",17.84,2.70,1.62,2.16,0.54,0.54,0.00,1.89,0.27,1.62,0.54,0.54,2.16,3.24
Marques,Romain,28600712,romain.marques.1@etu.sorbonne-universite.fr,Finished,"12 octobre 2021  4:04 ","12 octobre 2021  5:35 ","1 hour 31 mins",19.46,2.70,1.62,2.16,0.27,0.54,0.54,2.16,1.62,1.62,0.54,0.27,2.16,3.24
Martin,Amaury,28610127,amaury.martin.1@etu.sorbonne-universite.fr,-,-,-,-,-,-,-,-,-,-,-,-,-,-,-,-,-,-
Mastor,Assia,28602563,assia.mastor.1@etu.sorbonne-universite.fr,-,-,-,-,-,-,-,-,-,-,-,-,-,-,-,-,-,-
Mazari,Messilva,28610328,messilva.mazari@etu.sorbonne-universite.fr,Finished,"14 octobre 2021  6:01 ","14 octobre 2021  8:01 ","2 hours",0.00,-,-,-,-,-,-,-,-,-,-,-,-,-
Mbaye,Souleymane,28717871,Souleymane.Mbaye@etu.sorbonne-universite.fr,Finished,"11 octobre 2021  4:03 ","11 octobre 2021  5:57 ","1 hour 54 mins",17.38,2.70,1.62,2.16,0.54,0.54,0.00,2.16,0.68,1.62,0.54,0.27,1.30,3.24
Mbouranga,Winn-Elie,28601343,winn-elie.mbouranga.1@etu.sorbonne-universite.fr,Finished,"14 octobre 2021  6:05 ","14 octobre 2021  8:03 ","1 hour 58 mins",15.35,2.43,1.62,2.16,0.54,0.54,0.54,2.16,0.27,1.62,0.54,0.54,1.30,1.08
Meddah,Sarah,3603679,sarah.meddah@etu.sorbonne-universite.fr,Finished,"13 octobre 2021  10:48 ","13 octobre 2021  12:15 ","1 hour 26 mins",19.19,2.70,1.62,2.16,0.54,0.54,0.54,2.16,0.81,1.62,0.54,0.54,2.16,3.24
Mekhloufi,Zakaria,3809215,zakaria.mekhloufi@etu.sorbonne-universite.fr,-,-,-,-,-,-,-,-,-,-,-,-,-,-,-,-,-,-
Mellul,Yona,3800646,yona.mellul@etu.sorbonne-universite.fr,Finished,"11 octobre 2021  3:58 ","11 octobre 2021  5:37 ","1 hour 39 mins",17.68,2.57,1.62,2.16,0.27,0.54,0.00,2.16,0.68,1.62,0.54,0.54,1.73,3.24
"Melot Chesnel",Josephine,28603036,josephine.melot_chesnel.1@etu.sorbonne-universite.fr,Finished,"13 octobre 2021  10:48 ","13 octobre 2021  12:09 ","1 hour 21 mins",14.00,2.70,1.62,2.16,0.27,0.54,0.00,0.54,0.00,1.62,0.54,0.54,1.30,2.16
Mendes,Hugo,3670527,hugo.mendes@etu.sorbonne-universite.fr,-,-,-,-,-,-,-,-,-,-,-,-,-,-,-,-,-,-
"Mendez Chacon",Paula,21109001,Paula.Mendez_Chacon@etu.sorbonne-universite.fr,Finished,"11 octobre 2021  4:16 ","11 octobre 2021  6:04 ","1 hour 47 mins",15.44,2.70,1.62,2.16,0.54,0.36,0.54,0.27,1.62,1.62,0.54,0.54,1.30,1.62
Millard,Maxime,28602830,maxime.millard.1@etu.sorbonne-universite.fr,Finished,"11 octobre 2021  4:03 ","11 octobre 2021  5:37 ","1 hour 34 mins",18.92,2.43,1.62,2.16,0.27,0.54,0.00,2.16,1.62,1.62,0.54,0.54,2.16,3.24
Mistry,Darshan,3670280,darshan.mistry@etu.sorbonne-universite.fr,-,-,-,-,-,-,-,-,-,-,-,-,-,-,-,-,-,-
Mohamed,Djamila,28609129,djamila.mohamed@etu.sorbonne-universite.fr,-,-,-,-,-,-,-,-,-,-,-,-,-,-,-,-,-,-
Moreau,Nino,28603833,nino.moreau.1@etu.sorbonne-universite.fr,-,-,-,-,-,-,-,-,-,-,-,-,-,-,-,-,-,-
Moussouni,Amine,28720778,Amine.Moussouni@etu.sorbonne-universite.fr,-,-,-,-,-,-,-,-,-,-,-,-,-,-,-,-,-,-
Naumenko,Polina,3521154,polina.naumenko@etu.sorbonne-universite.fr,-,-,-,-,-,-,-,-,-,-,-,-,-,-,-,-,-,-
Nedir,Rahmine,3872127,rahmine.nedir@etu.sorbonne-universite.fr,Finished,"12 octobre 2021  4:06 ","12 octobre 2021  6:03 ","1 hour 56 mins",18.51,2.70,1.62,2.16,0.54,0.54,0.54,1.89,0.54,1.62,0.41,0.54,2.16,3.24
Nehlil,"Mouloud Samy",21113646,Mouloud_Samy.Nehlil@etu.sorbonne-universite.fr,Finished,"11 octobre 2021  5:37 ","11 octobre 2021  7:37 ","2 hours",1.08,1.08,-,-,-,-,-,-,-,-,-,-,-,-
Nguyen,"Hoang Son",28709864,Hoang_Son.Nguyen@etu.sorbonne-universite.fr,Finished,"11 octobre 2021  3:59 ","11 octobre 2021  5:40 ","1 hour 40 mins",16.43,2.70,1.62,2.16,0.54,0.54,0.00,1.35,0.27,1.62,0.54,0.54,1.30,3.24
Nguyen,"Ngoc Thien",21102696,Ngoc_Thien.Nguyen@etu.sorbonne-universite.fr,Finished,"15 octobre 2021  10:45 ","15 octobre 2021  11:45 ","59 mins 47 secs",19.86,2.70,1.62,2.16,0.54,0.54,0.54,2.16,1.62,1.62,0.41,0.54,2.16,3.24
Niang,Fallou,3803961,fallou.niang@etu.sorbonne-universite.fr,-,-,-,-,-,-,-,-,-,-,-,-,-,-,-,-,-,-
Olivar-Sanglar,Gabriel,28602191,gabriel.olivar.1@etu.sorbonne-universite.fr,Finished,"11 octobre 2021  4:01 ","11 octobre 2021  5:26 ","1 hour 25 mins",16.38,2.70,1.62,2.16,0.54,0.54,0.00,1.62,0.81,1.62,0.54,0.54,0.43,3.24
Ouhenia,Ghiles,28716807,Ghiles.Ouhenia@etu.sorbonne-universite.fr,-,-,-,-,-,-,-,-,-,-,-,-,-,-,-,-,-,-
Ouni,Wassim,21112855,Wassim.Ouni@etu.sorbonne-universite.fr,-,-,-,-,-,-,-,-,-,-,-,-,-,-,-,-,-,-
Palisoc,Camille,28600602,camille.palisoc.1@etu.sorbonne-universite.fr,-,-,-,-,-,-,-,-,-,-,-,-,-,-,-,-,-,-
Parameswaralingam,Charles-Pragash,3670244,charles-pragash.parameswaralingam@etu.sorbonne-universite.fr,-,-,-,-,-,-,-,-,-,-,-,-,-,-,-,-,-,-
Pendelliou,Arthur,3809224,arthur.pendelliou@etu.sorbonne-universite.fr,Finished,"12 octobre 2021  4:04 ","12 octobre 2021  5:38 ","1 hour 33 mins",16.04,2.70,1.62,2.16,0.27,0.36,0.54,0.27,0.14,1.62,0.41,0.54,2.16,3.24
Perrignon-Sommet,Thibault,21104636,Thibault.Perrignon-Sommet@etu.sorbonne-universite.fr,Finished,"11 octobre 2021  4:05 ","11 octobre 2021  5:46 ","1 hour 41 mins",18.78,2.70,1.62,2.16,0.54,0.54,0.00,2.16,0.95,1.62,0.54,0.54,2.16,3.24
Pierre,Lauryn,28600518,lauryn.pierre.1@etu.sorbonne-universite.fr,Finished,"14 octobre 2021  6:01 ","14 octobre 2021  7:27 ","1 hour 26 mins",15.58,2.70,1.62,2.16,0.27,0.36,0.00,2.16,0.68,1.62,0.54,0.54,1.30,1.62
"Pierre Noel",Jericho,21113317,Jericho.Pierre_Noel@etu.sorbonne-universite.fr,-,-,-,-,-,-,-,-,-,-,-,-,-,-,-,-,-,-
Piffre,Baptiste,28636372,baptiste.piffre@etu.sorbonne-universite.fr,Finished,"12 octobre 2021  4:00 ","12 octobre 2021  5:51 ","1 hour 51 mins",15.24,2.70,1.62,2.16,0.54,0.54,0.00,2.16,0.00,1.62,0.54,0.54,1.73,1.08
Pinho,Goncalo,28602737,goncalo.pinho.1@etu.sorbonne-universite.fr,-,-,-,-,-,-,-,-,-,-,-,-,-,-,-,-,-,-
Pirard,Emile,28600880,emile.pirard.1@etu.sorbonne-universite.fr,Finished,"13 octobre 2021  10:48 ","13 octobre 2021  12:00 ","1 hour 12 mins",18.11,2.70,1.62,1.89,0.54,0.54,0.54,1.35,0.81,1.62,0.54,0.54,2.16,3.24
Pulval-Dady,Alan,28603735,alan.pulval-dady.1@etu.sorbonne-universite.fr,Finished,"11 octobre 2021  3:58 ","11 octobre 2021  5:33 ","1 hour 35 mins",17.84,2.70,1.62,2.16,0.54,0.54,0.00,1.89,0.27,1.62,0.54,0.54,2.16,3.24
Ramdani,Cyrena,3805942,cyrena.ramdani@etu.sorbonne-universite.fr,Finished,"11 octobre 2021  4:17 ","11 octobre 2021  6:03 ","1 hour 45 mins",18.49,2.70,1.62,2.16,0.27,0.54,0.54,2.16,1.62,1.62,0.54,0.27,1.73,2.70
Rams,Sean,28605296,sean.rams.1@etu.sorbonne-universite.fr,-,-,-,-,-,-,-,-,-,-,-,-,-,-,-,-,-,-
Randrianarisoa,Roman,3808834,roman.randrianarisoa@etu.sorbonne-universite.fr,-,-,-,-,-,-,-,-,-,-,-,-,-,-,-,-,-,-
Richard,"Samantha Elisabeth",28009976,samantha.richard.2@etu.sorbonne-universite.fr,Finished,"14 octobre 2021  6:04 ","14 octobre 2021  7:18 ","1 hour 13 mins",19.30,2.70,1.62,2.16,0.27,0.54,0.54,2.16,1.62,1.62,0.54,0.54,1.73,3.24
Rozbully,Faraan,3700903,faraan.rozbully@etu.sorbonne-universite.fr,Finished,"15 octobre 2021  10:54 ","15 octobre 2021  12:08 ","1 hour 13 mins",18.20,2.43,1.62,2.16,0.27,0.36,0.00,2.16,1.62,1.62,0.54,0.54,2.16,2.70
Ruan,Thomas,28606375,thomas.ruan.1@etu.sorbonne-universite.fr,Finished,"13 octobre 2021  10:48 ","13 octobre 2021  12:16 ","1 hour 28 mins",17.31,2.16,1.42,2.16,0.54,0.54,0.54,2.16,0.68,1.62,0.41,0.54,1.30,3.24
"Ruiz Heredia","Jose Antonio",21109006,Jose_Antonio.Ruiz_Heredia@etu.sorbonne-universite.fr,-,-,-,-,-,-,-,-,-,-,-,-,-,-,-,-,-,-
Rzeszutko,Kamil,2800282,kamil.rzeszutko@etu.sorbonne-universite.fr,-,-,-,-,-,-,-,-,-,-,-,-,-,-,-,-,-,-
Sadi,Amayas,28717408,Amayas.Sadi@etu.sorbonne-universite.fr,Finished,"14 octobre 2021  6:08 ","14 octobre 2021  8:00 ","1 hour 52 mins",18.49,2.70,1.62,2.16,0.27,0.54,0.54,2.16,0.81,1.62,0.54,0.54,1.73,3.24
Sadykova,Karima,28610100,karima.sadykova@etu.sorbonne-universite.fr,Finished,"14 octobre 2021  5:59 ","14 octobre 2021  7:55 ","1 hour 55 mins",18.89,2.70,1.62,2.16,0.54,0.54,0.54,1.89,1.22,1.62,0.54,0.54,1.73,3.24
Said,Sayafdine,28607006,sayafdine.said.1@etu.sorbonne-universite.fr,Finished,"11 octobre 2021  4:04 ","11 octobre 2021  5:49 ","1 hour 45 mins",19.55,2.70,1.62,2.16,0.27,0.36,0.54,2.16,1.62,1.62,0.54,0.54,2.16,3.24
Samar,Anissa,21120079,Anissa.Samar@etu.sorbonne-universite.fr,-,-,-,-,-,-,-,-,-,-,-,-,-,-,-,-,-,-
Sane,Kemo,28617513,kemo.sane@etu.sorbonne-universite.fr,Finished,"12 octobre 2021  4:05 ","12 octobre 2021  6:05 ","2 hours",14.11,2.30,1.62,1.89,0.54,0.54,0.54,2.16,0.68,1.08,0.54,0.27,0.86,1.08
Sfez,Alexandre,3804652,alexandre.sfez@etu.sorbonne-universite.fr,-,-,-,-,-,-,-,-,-,-,-,-,-,-,-,-,-,-
Shi,Yulin,21112391,Yulin.Shi@etu.sorbonne-universite.fr,-,-,-,-,-,-,-,-,-,-,-,-,-,-,-,-,-,-
Sima,Daniel-Ioan,3800992,daniel.sima@etu.sorbonne-universite.fr,-,-,-,-,-,-,-,-,-,-,-,-,-,-,-,-,-,-
Simion,Mathys,28705217,Mathys.Simion@etu.sorbonne-universite.fr,-,-,-,-,-,-,-,-,-,-,-,-,-,-,-,-,-,-
Singh,Nawelle,28600503,nawelle.singh.1@etu.sorbonne-universite.fr,-,-,-,-,-,-,-,-,-,-,-,-,-,-,-,-,-,-
"Sitang Ewande",Ninine,3801541,ninine.sitang_ewande@etu.sorbonne-universite.fr,-,-,-,-,-,-,-,-,-,-,-,-,-,-,-,-,-,-
Snaoui,Adam,21119283,Adam.Snaoui@etu.sorbonne-universite.fr,-,-,-,-,-,-,-,-,-,-,-,-,-,-,-,-,-,-
Sobot,Allen,28600456,allen.sobot.1@etu.sorbonne-universite.fr,Finished,"13 octobre 2021  11:02 ","13 octobre 2021  12:29 ","1 hour 27 mins",19.86,2.70,1.62,2.16,0.54,0.54,0.54,2.16,1.62,1.62,0.41,0.54,2.16,3.24
Sun,Amélie,28606343,amelie.sun.1@etu.sorbonne-universite.fr,-,-,-,-,-,-,-,-,-,-,-,-,-,-,-,-,-,-
Sylla,Amy,28618173,amy.sylla@etu.sorbonne-universite.fr,Finished,"13 octobre 2021  10:45 ","13 octobre 2021  12:29 ","1 hour 44 mins",19.30,2.43,1.62,2.16,0.54,0.54,0.54,2.16,1.62,1.62,0.54,0.54,1.73,3.24
Tang,Remi,28624752,remi.tang@etu.sorbonne-universite.fr,-,-,-,-,-,-,-,-,-,-,-,-,-,-,-,-,-,-
Tchen,Clement,3703339,clement.tchen@etu.sorbonne-universite.fr,-,-,-,-,-,-,-,-,-,-,-,-,-,-,-,-,-,-
Terkmani,Kamelia,21116094,Kamelia.Terkmani@etu.sorbonne-universite.fr,-,-,-,-,-,-,-,-,-,-,-,-,-,-,-,-,-,-
Thirion,Lou,28614980,lou.thirion@etu.sorbonne-universite.fr,Finished,"11 octobre 2021  4:11 ","11 octobre 2021  5:58 ","1 hour 46 mins",16.22,2.70,1.62,2.16,0.27,0.54,0.00,1.35,0.00,1.62,0.54,0.54,2.16,2.70
"Toguem Fotso","John Kevyn",3970693,john.toguem_fotso@etu.sorbonne-universite.fr,-,-,-,-,-,-,-,-,-,-,-,-,-,-,-,-,-,-
Tragha,Marwan,28615820,marwan.tragha@etu.sorbonne-universite.fr,-,-,-,-,-,-,-,-,-,-,-,-,-,-,-,-,-,-
Tran,"Le My",28603688,le.tran@etu.sorbonne-universite.fr,Finished,"12 octobre 2021  4:28 ","12 octobre 2021  6:11 ","1 hour 42 mins",16.97,2.70,1.62,2.16,0.27,0.54,0.54,0.27,1.62,1.62,0.54,0.54,1.30,3.24
Traore,Mamadou,2203537,mamadou.traore@etu.sorbonne-universite.fr,Finished,"14 octobre 2021  6:07 ","14 octobre 2021  8:02 ","1 hour 54 mins",8.42,1.89,1.22,1.89,0.27,0.18,0.00,0.27,-,1.62,0.54,0.54,-,-
Trumic,Mihajlo,28606345,mihajlo.trumic@etu.sorbonne-universite.fr,Finished,"13 octobre 2021  10:46 ","13 octobre 2021  12:19 ","1 hour 33 mins",19.46,2.70,1.62,2.16,0.54,0.54,0.54,2.16,1.62,1.62,0.54,0.54,2.16,2.70
Vanrycke,Loann,3811248,loann.vanrycke@etu.sorbonne-universite.fr,-,-,-,-,-,-,-,-,-,-,-,-,-,-,-,-,-,-
Vedanayagame,Souveda,28600150,souveda.vedanayagame.1@etu.sorbonne-universite.fr,Finished,"13 octobre 2021  10:48 ","13 octobre 2021  12:28 ","1 hour 39 mins",16.22,2.70,1.62,1.89,0.54,0.54,0.00,1.62,1.62,1.62,0.54,0.27,0.00,3.24
Vigano,Alice,3804657,alice.vigano@etu.sorbonne-universite.fr,-,-,-,-,-,-,-,-,-,-,-,-,-,-,-,-,-,-
Villard,Lorenzo,3801327,lorenzo.villard@etu.sorbonne-universite.fr,-,-,-,-,-,-,-,-,-,-,-,-,-,-,-,-,-,-
Wang,Zhe,21116827,Zhe.Wang@etu.sorbonne-universite.fr,-,-,-,-,-,-,-,-,-,-,-,-,-,-,-,-,-,-
Warmé-Janville,Auguste,3800191,auguste.warme-janville@etu.sorbonne-universite.fr,Finished,"14 octobre 2021  6:08 ","14 octobre 2021  7:02 ","54 mins 4 secs",15.05,2.70,1.62,2.16,0.27,0.18,0.00,1.35,0.27,1.08,0.54,0.54,2.16,2.16
Wu,Julie,28600741,julie.wu.1@etu.sorbonne-universite.fr,Finished,"11 octobre 2021  4:14 ","11 octobre 2021  5:55 ","1 hour 40 mins",17.57,2.70,1.62,2.16,0.27,0.54,0.00,2.16,1.62,1.62,0.54,0.54,2.16,1.62
Wu,Isabelle,28606994,isabelle.wu.2@etu.sorbonne-universite.fr,Finished,"13 octobre 2021  10:45 ","13 octobre 2021  12:17 ","1 hour 31 mins",17.14,2.70,1.62,1.89,0.27,0.54,0.00,2.16,0.27,1.62,0.54,0.54,1.73,3.24
Xia,Alexandre,28604113,alexandre.xia.1@etu.sorbonne-universite.fr,-,-,-,-,-,-,-,-,-,-,-,-,-,-,-,-,-,-
Xu,Jin,3700044,jin.xu@etu.sorbonne-universite.fr,-,-,-,-,-,-,-,-,-,-,-,-,-,-,-,-,-,-
Yang,Kai,21107392,Kai.Yang@etu.sorbonne-universite.fr,Finished,"11 octobre 2021  3:58 ","11 octobre 2021  5:50 ","1 hour 51 mins",17.57,2.70,1.62,2.16,0.27,0.54,0.00,2.16,0.41,1.62,0.41,0.27,2.16,3.24
Yehya,Jad,28609954,jad.yehya.1@etu.sorbonne-universite.fr,Finished,"12 octobre 2021  4:06 ","12 octobre 2021  5:57 ","1 hour 50 mins",19.05,2.70,1.62,2.16,0.54,0.54,0.54,2.16,0.68,1.62,0.54,0.54,2.16,3.24
"Youcef Khodja",Amine,21113585,Amine.Youcef_Khodja@etu.sorbonne-universite.fr,-,-,-,-,-,-,-,-,-,-,-,-,-,-,-,-,-,-
Zanan,Nour,28607755,nour.zanan.1@etu.sorbonne-universite.fr,-,-,-,-,-,-,-,-,-,-,-,-,-,-,-,-,-,-
Zeng,Fanxiang,28600693,fanxiang.zeng@etu.sorbonne-universite.fr,Finished,"12 octobre 2021  4:04 ","12 octobre 2021  5:56 ","1 hour 51 mins",18.86,2.70,1.62,2.16,0.54,0.54,0.54,2.16,1.62,1.62,0.54,0.27,1.30,3.24
Zerbib,Raphael,28601765,raphael.zerbib.1@etu.sorbonne-universite.fr,Finished,"11 octobre 2021  4:14 ","11 octobre 2021  5:42 ","1 hour 28 mins",18.35,2.70,1.62,2.16,0.27,0.54,0.54,2.16,1.35,1.62,0.41,0.54,1.73,2.70
Zhang,Han,3970759,han.zhang@etu.sorbonne-universite.fr,-,-,-,-,-,-,-,-,-,-,-,-,-,-,-,-,-,-
Zhang,Jacques,28607704,jacques.zhang.1@etu.sorbonne-universite.fr,-,-,-,-,-,-,-,-,-,-,-,-,-,-,-,-,-,-
Zhang,Xu,3803083,xu.zhang@etu.sorbonne-universite.fr,-,-,-,-,-,-,-,-,-,-,-,-,-,-,-,-,-,-
Zhang,Yilu,28601009,yilu.zhang.1@etu.sorbonne-universite.fr,-,-,-,-,-,-,-,-,-,-,-,-,-,-,-,-,-,-
Zhuang,Christian,28601285,christian.zhuang.1@etu.sorbonne-universite.fr,Finished,"11 octobre 2021  4:02 ","11 octobre 2021  5:43 ","1 hour 40 mins",18.17,2.70,1.62,2.16,0.54,0.36,0.00,2.16,1.08,1.62,0.41,0.54,1.73,3.24
"Zou Al Guyna",Louai,3680880,louai.zou_al_guyna@etu.sorbonne-universite.fr,-,-,-,-,-,-,-,-,-,-,-,-,-,-,-,-,-,-
Zouba,Thomas,21101133,Thomas.Zouba@etu.sorbonne-universite.fr,Finished,"14 octobre 2021  6:01 ","14 octobre 2021  7:24 ","1 hour 23 mins",17.97,2.70,1.62,2.16,0.54,0.54,0.54,2.16,0.14,1.62,0.54,0.54,2.16,2.70
Zouhri,Bilal,3703980,bilal.zouhri@etu.sorbonne-universite.fr,Finished,"15 octobre 2021  10:47 ","15 octobre 2021  12:18 ","1 hour 30 mins",19.46,2.70,1.62,2.16,0.54,0.54,0.54,1.62,1.62,1.62,0.54,0.54,2.16,3.24
"Overall average",,,,,,,,16.40,2.48,1.53,2.03,0.42,0.47,0.25,1.72,0.85,1.50,0.48,0.46,1.63,2.56
