﻿Surname,"First name","ID number","Email address",State,"Started on",Completed,"Time taken",Grade/20.00,"Q. 1 /0.36","Q. 2 /0.36","Q. 3 /0.36","Q. 4 /0.36","Q. 5 /1.45","Q. 6 /0.36","Q. 7 /0.36","Q. 8 /1.45","Q. 9 /0.73","Q. 10 /4.36","Q. 11 /0.36","Q. 12 /1.45","Q. 13 /1.45","Q. 14 /4.36","Q. 15 /0.73","Q. 16 /1.45"
Abdillahi,"Ben Idris Michel",3812573,ben.abdillahi@etu.sorbonne-universite.fr,Finished,"22 novembre 2021  4:01 ","22 novembre 2021  5:08 ","1 hour 7 mins",19.27,0.36,0.36,0.36,0.36,1.45,0.36,0.36,1.45,0.73,4.36,0.36,1.45,1.45,4.00,0.73,1.09
Abeles,Walter,28610484,walter.abeles@etu.sorbonne-universite.fr,Finished,"25 novembre 2021  5:57 ","25 novembre 2021  7:37 ","1 hour 40 mins",19.15,0.36,0.36,0.36,0.36,1.45,0.36,0.36,1.45,0.73,4.25,0.36,1.45,1.45,4.00,0.73,1.09
Abkress,Barka,28606227,barka.abkress.1@etu.sorbonne-universite.fr,-,-,-,-,-,-,-,-,-,-,-,-,-,-,-,-,-,-,-,-,-
Afoulous,Oumaima,3802791,oumaima.afoulous@etu.sorbonne-universite.fr,-,-,-,-,-,-,-,-,-,-,-,-,-,-,-,-,-,-,-,-,-
"Ahmed Ali",Nassim,21113025,Nassim.Ahmed_Ali@etu.sorbonne-universite.fr,-,-,-,-,-,-,-,-,-,-,-,-,-,-,-,-,-,-,-,-,-
"Ait Khelifa",Tanina,21110432,Tanina.Ait_Khelifa@etu.sorbonne-universite.fr,Finished,"26 novembre 2021  10:46 ","26 novembre 2021  12:21 ","1 hour 35 mins",18.55,0.00,0.36,0.00,0.36,1.45,0.36,0.36,1.45,0.73,4.36,0.00,1.45,1.45,4.36,0.73,1.09
Akhtarkhavari,Parto,28606489,parto.akhtarkhavari.1@etu.sorbonne-universite.fr,Finished,"22 novembre 2021  4:00 ","22 novembre 2021  5:44 ","1 hour 43 mins",18.18,0.36,0.36,0.36,0.36,1.45,0.36,0.36,1.45,0.73,4.36,0.36,1.45,1.45,3.27,0.73,0.73
"Al Awayd",Wissam,3701350,wissam.al_awayd@etu.sorbonne-universite.fr,-,-,-,-,-,-,-,-,-,-,-,-,-,-,-,-,-,-,-,-,-
Alayoud,Yanis,28600748,yanis.alayoud.1@etu.sorbonne-universite.fr,Finished,"25 novembre 2021  5:57 ","25 novembre 2021  6:58 ","1 hour",19.05,0.36,0.36,0.36,0.36,1.45,0.36,0.36,1.45,0.73,4.36,0.36,1.45,0.87,4.36,0.73,1.09
Albitar,Nadia,3671406,nadia.albitar@etu.sorbonne-universite.fr,Finished,"25 novembre 2021  6:00 ","25 novembre 2021  7:14 ","1 hour 14 mins",18.80,0.00,0.00,0.36,0.36,1.45,0.36,0.18,1.45,0.73,4.36,0.36,1.45,1.16,4.36,0.73,1.45
Alexandre,Ronald,3407195,ronald.alexandre@etu.sorbonne-universite.fr,-,-,-,-,-,-,-,-,-,-,-,-,-,-,-,-,-,-,-,-,-
Alliot,Leane,28602178,leane.alliot.1@etu.sorbonne-universite.fr,-,-,-,-,-,-,-,-,-,-,-,-,-,-,-,-,-,-,-,-,-
Amanzougarene,Eldjouher,3601270,eldjouher.amanzougarene@etu.sorbonne-universite.fr,Finished,"26 novembre 2021  10:48 ","26 novembre 2021  1:06 ","2 hours 17 mins",18.91,0.00,0.36,0.00,0.36,1.45,0.36,0.36,1.09,0.73,4.36,0.36,1.45,1.45,4.36,0.73,1.45
Amnache,Atena,28618735,atena.amnache@etu.sorbonne-universite.fr,-,-,-,-,-,-,-,-,-,-,-,-,-,-,-,-,-,-,-,-,-
Amri,Malek,28710546,Malek.Amri@etu.sorbonne-universite.fr,-,-,-,-,-,-,-,-,-,-,-,-,-,-,-,-,-,-,-,-,-
Aouchiche,Juba,28610319,juba.aouchiche@etu.sorbonne-universite.fr,Finished,"24 novembre 2021  10:57 ","24 novembre 2021  12:11 ","1 hour 13 mins",18.98,0.36,0.36,0.36,0.36,1.45,0.36,0.36,1.45,0.73,4.36,0.36,1.09,1.16,4.36,0.73,1.09
"Arbulu Sedano",Diego,3808688,diego.arbulu_sedano@etu.sorbonne-universite.fr,Finished,"24 novembre 2021  11:06 ","24 novembre 2021  12:21 ","1 hour 14 mins",19.52,0.36,0.36,0.36,0.36,1.45,0.36,0.36,1.45,0.73,4.25,0.36,1.45,1.45,4.36,0.73,1.09
Archambaud,Florian,3804270,florian.archambaud@etu.sorbonne-universite.fr,Finished,"25 novembre 2021  6:02 ","25 novembre 2021  7:14 ","1 hour 12 mins",18.33,0.36,0.36,0.36,0.36,1.45,0.36,0.36,1.45,0.36,4.36,0.36,1.45,0.87,3.64,0.73,1.45
Arnal,Anaïs,28609148,anais.arnal@etu.sorbonne-universite.fr,-,-,-,-,-,-,-,-,-,-,-,-,-,-,-,-,-,-,-,-,-
Atsé,Yapi,3803860,yapi.atse@etu.sorbonne-universite.fr,-,-,-,-,-,-,-,-,-,-,-,-,-,-,-,-,-,-,-,-,-
Ayed,Bilel,28626848,bilel.ayed.1@etu.sorbonne-universite.fr,-,-,-,-,-,-,-,-,-,-,-,-,-,-,-,-,-,-,-,-,-
Baasch,Matthias,21109634,Matthias.Baasch@etu.sorbonne-universite.fr,-,-,-,-,-,-,-,-,-,-,-,-,-,-,-,-,-,-,-,-,-
Babaali,Mohamed,28601465,mohamed.babaali.1@etu.sorbonne-universite.fr,-,-,-,-,-,-,-,-,-,-,-,-,-,-,-,-,-,-,-,-,-
Bait,Alexander,28609336,alexander.bait.1@etu.sorbonne-universite.fr,-,-,-,-,-,-,-,-,-,-,-,-,-,-,-,-,-,-,-,-,-
Ball,Ndiaye,3702933,ndiaye.ball@etu.sorbonne-universite.fr,Finished,"22 novembre 2021  4:05 ","22 novembre 2021  5:18 ","1 hour 13 mins",19.64,0.36,0.36,0.36,0.36,1.45,0.36,0.36,1.45,0.73,4.36,0.36,1.45,1.45,4.36,0.73,1.09
Baloul,"Mohamed Ryane",21113008,Mohamed_Ryane.Baloul@etu.sorbonne-universite.fr,-,-,-,-,-,-,-,-,-,-,-,-,-,-,-,-,-,-,-,-,-
Bayoudh,Fares,28600163,fares.bayoudh.1@etu.sorbonne-universite.fr,Finished,"24 novembre 2021  10:56 ","24 novembre 2021  12:40 ","1 hour 43 mins",19.27,0.00,0.36,0.00,0.36,1.45,0.36,0.36,1.45,0.73,4.36,0.36,1.45,1.45,4.36,0.73,1.45
Bazil,Olando,28608499,olando.bazil@etu.sorbonne-universite.fr,Finished,"22 novembre 2021  4:00 ","22 novembre 2021  5:19 ","1 hour 18 mins",19.15,0.36,0.36,0.36,0.36,1.45,0.36,0.36,1.45,0.73,4.25,0.36,1.45,1.45,4.00,0.73,1.09
Beldjilali,Amel,21115553,Amel.Beldjilali@etu.sorbonne-universite.fr,Finished,"22 novembre 2021  4:00 ","22 novembre 2021  5:31 ","1 hour 31 mins",19.64,0.36,0.36,0.36,0.36,1.45,0.36,0.36,1.45,0.73,4.36,0.36,1.45,1.45,4.00,0.73,1.45
Bellaiche,Samuel,28600786,samuel.bellaiche.1@etu.sorbonne-universite.fr,-,-,-,-,-,-,-,-,-,-,-,-,-,-,-,-,-,-,-,-,-
Bellaoud,Nassim,3700196,nassim.bellaoud@etu.sorbonne-universite.fr,-,-,-,-,-,-,-,-,-,-,-,-,-,-,-,-,-,-,-,-,-
Ben-Mohamed,Ines,28607963,ines.ben-mohamed.1@etu.sorbonne-universite.fr,-,-,-,-,-,-,-,-,-,-,-,-,-,-,-,-,-,-,-,-,-
Benhaddad,Ahcene,3804630,ahcene.benhadddad@etu.sorbonne-universite.fr,Finished,"23 novembre 2021  4:10 ","23 novembre 2021  5:35 ","1 hour 24 mins",17.85,0.00,0.36,0.36,0.36,1.45,0.36,0.36,1.45,0.73,3.30,0.36,1.45,1.45,4.36,0.73,0.73
Benlaldj,"Zohra Chihez",21112712,Zohra_Chihez.Benlaldj@etu.sorbonne-universite.fr,-,-,-,-,-,-,-,-,-,-,-,-,-,-,-,-,-,-,-,-,-
Benmansour,Sofiane,3504377,sofiane.benmansour@etu.sorbonne-universite.fr,-,-,-,-,-,-,-,-,-,-,-,-,-,-,-,-,-,-,-,-,-
Berrada,Nacer,28610440,nacer.berrada@etu.sorbonne-universite.fr,-,-,-,-,-,-,-,-,-,-,-,-,-,-,-,-,-,-,-,-,-
Berrichi,Manelle,28600291,manelle.berrichi.1@etu.sorbonne-universite.fr,-,-,-,-,-,-,-,-,-,-,-,-,-,-,-,-,-,-,-,-,-
Besnier,Lucien,3803479,lucien.besnier@etu.sorbonne-universite.fr,Finished,"23 novembre 2021  4:10 ","23 novembre 2021  5:32 ","1 hour 21 mins",17.83,0.00,0.36,0.00,0.36,1.45,0.36,0.36,1.45,0.73,4.01,0.36,1.45,1.45,4.36,0.73,0.36
Bessad,Melina,28610730,melina.bessad@etu.sorbonne-universite.fr,Finished,"23 novembre 2021  4:10 ","23 novembre 2021  5:55 ","1 hour 45 mins",0.00,0.00,-,-,-,-,-,-,-,-,-,-,-,-,-,-,-
Bikou,Angie-Sofia,3700648,angie-sofia.bikou@etu.sorbonne-universite.fr,-,-,-,-,-,-,-,-,-,-,-,-,-,-,-,-,-,-,-,-,-
Billon,Martin,3801962,martin.billon@etu.sorbonne-universite.fr,Finished,"23 novembre 2021  4:15 ","23 novembre 2021  5:28 ","1 hour 13 mins",18.18,0.36,0.36,0.00,0.36,1.45,0.00,0.36,1.45,0.73,4.36,0.36,1.45,1.45,4.00,0.73,0.73
"Blasco Gallego",Lucia,21109706,Lucia.Blasco_Gallego@etu.sorbonne-universite.fr,Finished,"25 novembre 2021  5:58 ","25 novembre 2021  7:39 ","1 hour 40 mins",17.36,0.36,0.36,0.00,0.36,1.45,0.36,0.36,1.45,0.73,4.13,0.36,1.45,0.87,4.36,0.73,0.00
Boda,Jeremy,28603394,jeremy.boda.1@etu.sorbonne-universite.fr,Finished,"22 novembre 2021  4:00 ","22 novembre 2021  5:13 ","1 hour 13 mins",18.93,0.36,0.36,0.36,0.36,1.45,0.36,0.36,1.45,0.73,3.66,0.36,1.45,1.45,4.36,0.73,1.09
Bontempelli,Manon,28600844,manon.bontempelli.1@etu.sorbonne-universite.fr,-,-,-,-,-,-,-,-,-,-,-,-,-,-,-,-,-,-,-,-,-
Bouaicha,Kenza,3703308,kenza.bouaicha@etu.sorbonne-universite.fr,-,-,-,-,-,-,-,-,-,-,-,-,-,-,-,-,-,-,-,-,-
Boucherrab,Rayan,28610497,rayan.boucherrab@etu.sorbonne-universite.fr,Finished,"22 novembre 2021  4:02 ","22 novembre 2021  5:35 ","1 hour 32 mins",18.91,0.36,0.36,0.36,0.36,1.45,0.36,0.36,1.45,0.73,4.36,0.36,1.45,1.45,3.64,0.73,1.09
Bouchouchi,Nour,28600211,nour.bouchouchi.1@etu.sorbonne-universite.fr,Finished,"22 novembre 2021  4:01 ","22 novembre 2021  5:21 ","1 hour 20 mins",18.55,0.36,0.36,0.36,0.36,1.45,0.36,0.36,1.45,0.73,4.36,0.36,1.09,1.45,3.64,0.73,1.09
Bouheraoua,Sarah,21113695,Sarah.Bouheraoua@etu.sorbonne-universite.fr,-,-,-,-,-,-,-,-,-,-,-,-,-,-,-,-,-,-,-,-,-
Bouhraoua,Ines,21115204,Ines.Bouhraoua@etu.sorbonne-universite.fr,Finished,"22 novembre 2021  4:01 ","22 novembre 2021  5:04 ","1 hour 2 mins",19.27,0.36,0.36,0.00,0.36,1.45,0.36,0.36,1.45,0.73,4.36,0.36,1.45,1.45,4.36,0.73,1.09
Bouloudani,Haroun,28002307,Haroun.Bouloudani@etu.sorbonne-universite.fr,-,-,-,-,-,-,-,-,-,-,-,-,-,-,-,-,-,-,-,-,-
Bounichou,Hugo,3700560,hugo.bounichou@etu.sorbonne-universite.fr,-,-,-,-,-,-,-,-,-,-,-,-,-,-,-,-,-,-,-,-,-
Bourekh,Zidane,3677063,zidane.bourekh@etu.sorbonne-universite.fr,Finished,"24 novembre 2021  11:26 ","24 novembre 2021  12:36 ","1 hour 10 mins",18.75,0.36,0.36,0.36,0.36,1.45,0.36,0.36,1.45,0.36,4.13,0.36,1.45,1.16,4.36,0.73,1.09
Bourlette,Lucas,3672216,lucas.bourlette@etu.sorbonne-universite.fr,-,-,-,-,-,-,-,-,-,-,-,-,-,-,-,-,-,-,-,-,-
Boutaleb,"Mohamed Allaa Eddine",21112734,Mohamed_Allaa_Eddine.Boutaleb@etu.sorbonne-universite.fr,Finished,"22 novembre 2021  4:00 ","22 novembre 2021  5:24 ","1 hour 23 mins",18.91,0.36,0.36,0.36,0.36,1.45,0.36,0.36,1.45,0.73,4.36,0.36,1.45,1.45,3.64,0.73,1.09
"Bouton Popper",Jules,28600665,jules.bouton.2@etu.sorbonne-universite.fr,-,-,-,-,-,-,-,-,-,-,-,-,-,-,-,-,-,-,-,-,-
Bouzaglou,Ariel,28607480,ariel.bouzaglou.1@etu.sorbonne-universite.fr,-,-,-,-,-,-,-,-,-,-,-,-,-,-,-,-,-,-,-,-,-
Boyadjiev,Todor,28507548,todor.boyadjiev.2@etu.sorbonne-universite.fr,-,-,-,-,-,-,-,-,-,-,-,-,-,-,-,-,-,-,-,-,-
Brazane,Sabrina,3803162,sabrina.brazane@etu.sorbonne-universite.fr,Finished,"23 novembre 2021  4:10 ","23 novembre 2021  5:43 ","1 hour 32 mins",19.40,0.36,0.36,0.36,0.36,1.45,0.36,0.36,1.45,0.73,4.13,0.36,1.45,1.45,4.36,0.73,1.09
Caraux,Theophane,28602627,theophane.caraux.1@etu.sorbonne-universite.fr,Finished,"23 novembre 2021  4:15 ","23 novembre 2021  5:28 ","1 hour 13 mins",18.55,0.36,0.36,0.36,0.36,1.45,0.36,0.36,1.45,0.73,4.36,0.36,1.09,1.45,4.00,0.73,0.73
Chaouati,Oualid,21114737,Oualid.Chaouati@etu.sorbonne-universite.fr,-,-,-,-,-,-,-,-,-,-,-,-,-,-,-,-,-,-,-,-,-
Charlot,Théo,3804195,theo.charlot@etu.sorbonne-universite.fr,Finished,"22 novembre 2021  4:08 ","22 novembre 2021  5:32 ","1 hour 23 mins",18.18,0.00,0.36,0.00,0.36,1.45,0.36,0.36,1.45,0.73,4.36,0.36,1.45,1.45,4.00,0.73,0.73
Chen,Jinhe,3802503,jinhe.chen@etu.sorbonne-universite.fr,Finished,"22 novembre 2021  4:01 ","22 novembre 2021  5:32 ","1 hour 31 mins",17.45,0.36,0.36,0.36,0.36,1.45,0.36,0.36,1.09,0.73,2.83,0.00,1.45,1.16,4.36,0.73,1.45
Cherfaoui,Melissa,28720090,Melissa.Cherfaoui@etu.sorbonne-universite.fr,Finished,"25 novembre 2021  5:58 ","25 novembre 2021  7:25 ","1 hour 26 mins",19.64,0.36,0.36,0.36,0.36,1.45,0.36,0.36,1.45,0.73,4.36,0.36,1.45,1.45,4.36,0.73,1.09
Cherfi,Farouck,3407463,farouck.cherfi@etu.sorbonne-universite.fr,Finished,"22 novembre 2021  4:01 ","22 novembre 2021  5:19 ","1 hour 17 mins",19.64,0.36,0.36,0.36,0.36,1.45,0.36,0.36,1.45,0.73,4.36,0.36,1.45,1.45,4.36,0.73,1.09
Chikh,Mehdi,3677161,mehdi.chikh@etu.sorbonne-universite.fr,Finished,"23 novembre 2021  4:10 ","23 novembre 2021  5:36 ","1 hour 25 mins",19.27,0.00,0.36,0.36,0.36,1.45,0.36,0.36,1.45,0.73,4.36,0.36,1.45,1.45,4.00,0.73,1.45
Cohen,Orlane,28603418,orlane.cohen.1@etu.sorbonne-universite.fr,-,-,-,-,-,-,-,-,-,-,-,-,-,-,-,-,-,-,-,-,-
Corlue,Florian,28607538,florian.corlue.1@etu.sorbonne-universite.fr,Finished,"23 novembre 2021  4:15 ","23 novembre 2021  5:30 ","1 hour 14 mins",18.91,0.36,0.36,0.36,0.36,1.45,0.36,0.36,1.45,0.73,4.36,0.36,1.45,1.45,4.00,0.73,0.73
Curaut,Charline,3810013,Charline.Curaut@etu.sorbonne-universite.fr,Finished,"22 novembre 2021  4:01 ","22 novembre 2021  5:30 ","1 hour 29 mins",19.27,0.36,0.36,0.00,0.36,1.45,0.36,0.36,1.45,0.73,4.36,0.36,1.45,1.45,4.36,0.73,1.09
Dabrowski,Mateusz,21109700,Mateusz.Dabrowski@etu.sorbonne-universite.fr,Finished,"23 novembre 2021  4:15 ","23 novembre 2021  5:58 ","1 hour 42 mins",18.91,0.00,0.36,0.00,0.36,1.45,0.36,0.36,1.45,0.73,4.36,0.36,1.45,1.45,4.36,0.73,1.09
"De Sacy",Anne,28610199,anne.silvestre_de_sacy-nougaret-@etu.sorbonne-universite.fr,Finished,"22 novembre 2021  4:00 ","22 novembre 2021  5:24 ","1 hour 23 mins",18.55,0.00,0.36,0.00,0.36,1.45,0.36,0.36,1.45,0.73,4.36,0.36,1.45,1.45,4.00,0.73,1.09
Delgado,Thomas,3407716,thomas.delgado@etu.sorbonne-universite.fr,Finished,"23 novembre 2021  4:17 ","23 novembre 2021  5:28 ","1 hour 11 mins",16.75,0.36,0.36,0.00,0.36,1.45,0.36,0.36,0.00,0.73,4.25,0.36,1.45,0.87,4.36,0.73,0.73
Diallo,Faldou,3674474,faldou.diallo@etu.sorbonne-universite.fr,-,-,-,-,-,-,-,-,-,-,-,-,-,-,-,-,-,-,-,-,-
Diallo,"Mohamed Aliou",28604190,mohamed.diallo@etu.sorbonne-universite.fr,Finished,"23 novembre 2021  4:15 ","23 novembre 2021  5:28 ","1 hour 13 mins",18.43,0.36,0.36,0.36,0.36,1.45,0.36,0.36,1.45,0.73,4.25,0.36,1.09,1.45,4.00,0.73,0.73
Doucouré,Dramane,3520680,dramane.doucoure@etu.sorbonne-universite.fr,-,-,-,-,-,-,-,-,-,-,-,-,-,-,-,-,-,-,-,-,-
Doufene,Malik,21113747,Malik.Doufene@etu.sorbonne-universite.fr,Finished,"22 novembre 2021  4:03 ","22 novembre 2021  5:17 ","1 hour 13 mins",19.27,0.36,0.36,0.36,0.36,1.45,0.36,0.36,1.45,0.73,4.36,0.36,1.45,1.45,4.00,0.73,1.09
Drouard,François-Xavier,3800028,francois-xavier.drouard@etu.sorbonne-universite.fr,Finished,"22 novembre 2021  4:02 ","22 novembre 2021  5:36 ","1 hour 33 mins",19.64,0.36,0.36,0.36,0.36,1.45,0.36,0.36,1.45,0.73,4.36,0.36,1.45,1.45,4.36,0.73,1.09
Du,Sylvain,28607117,sylvain.du.1@etu.sorbonne-universite.fr,-,-,-,-,-,-,-,-,-,-,-,-,-,-,-,-,-,-,-,-,-
Dziri,Hakim,3800075,hakim.dziri@etu.sorbonne-universite.fr,-,-,-,-,-,-,-,-,-,-,-,-,-,-,-,-,-,-,-,-,-
"El Bouhali",Mouataz,28619891,mouataz.el_bouhali@etu.sorbonne-universite.fr,-,-,-,-,-,-,-,-,-,-,-,-,-,-,-,-,-,-,-,-,-
"El Fahdi",Ismaël,3802719,ismael.el_fahdi@etu.sorbonne-universite.fr,-,-,-,-,-,-,-,-,-,-,-,-,-,-,-,-,-,-,-,-,-
"El Ghali",Yosr,3802466,yosr.elghali@etu.sorbonne-universite.fr,-,-,-,-,-,-,-,-,-,-,-,-,-,-,-,-,-,-,-,-,-
"El Khaddar",Marwan,3673536,marwan.el_khaddar@etu.sorbonne-universite.fr,-,-,-,-,-,-,-,-,-,-,-,-,-,-,-,-,-,-,-,-,-
"El Youbi",Ali,3506467,ali.el_youbi@etu.sorbonne-universite.fr,-,-,-,-,-,-,-,-,-,-,-,-,-,-,-,-,-,-,-,-,-
Erjil,Hichem,28600653,hichem.erjil.1@etu.sorbonne-universite.fr,-,-,-,-,-,-,-,-,-,-,-,-,-,-,-,-,-,-,-,-,-
Exertier,Firmin,28610514,firmin.exertier@etu.sorbonne-universite.fr,-,-,-,-,-,-,-,-,-,-,-,-,-,-,-,-,-,-,-,-,-
Fahmy,Youssef,28609831,youssef.fahmy@etu.sorbonne-universite.fr,-,-,-,-,-,-,-,-,-,-,-,-,-,-,-,-,-,-,-,-,-
Felix,Wycherley-Kassel,3702385,wycherley-kassel.felix@etu.sorbonne-universite.fr,-,-,-,-,-,-,-,-,-,-,-,-,-,-,-,-,-,-,-,-,-
Francoise,Raphael,28600759,raphael.francoise.1@etu.sorbonne-universite.fr,-,-,-,-,-,-,-,-,-,-,-,-,-,-,-,-,-,-,-,-,-
Frigola,Arthur,28607831,arthur.frigola.1@etu.sorbonne-universite.fr,-,-,-,-,-,-,-,-,-,-,-,-,-,-,-,-,-,-,-,-,-
Fu,Zhenyue,28620112,zhenyue.fu@etu.sorbonne-universite.fr,Finished,"25 novembre 2021  6:03 ","25 novembre 2021  7:05 ","1 hour 2 mins",18.56,0.36,0.36,0.36,0.36,1.45,0.36,0.36,1.45,0.73,4.01,0.36,1.45,1.45,3.64,0.73,1.09
Fumard,Lucas,28602386,lucas.fumard.1@etu.sorbonne-universite.fr,Finished,"25 novembre 2021  5:58 ","25 novembre 2021  6:46 ","48 mins 13 secs",18.55,0.36,0.36,0.00,0.36,1.45,0.36,0.36,1.45,0.73,4.36,0.36,1.45,1.45,4.36,0.73,0.36
Gallet,Camille,3700630,camille.gallet.1@etu.sorbonne-universite.fr,Finished,"22 novembre 2021  4:02 ","22 novembre 2021  5:31 ","1 hour 28 mins",18.57,0.36,0.36,0.36,0.36,1.45,0.36,0.36,1.45,0.73,3.66,0.36,1.45,1.45,4.36,0.73,0.73
Gaudinot,Salomon,28600769,salomon.gaudinot.1@etu.sorbonne-universite.fr,Finished,"24 novembre 2021  10:57 ","24 novembre 2021  12:39 ","1 hour 42 mins",18.98,0.36,0.36,0.36,0.36,1.45,0.36,0.36,1.09,0.36,4.36,0.36,1.45,1.16,4.36,0.73,1.45
Gaydon,Julie,28606830,julie.gaydon@etu.sorbonne-universite.fr,-,-,-,-,-,-,-,-,-,-,-,-,-,-,-,-,-,-,-,-,-
Gazquez,Miguel,28600492,miguel.gazquez.1@etu.sorbonne-universite.fr,Finished,"22 novembre 2021  4:00 ","22 novembre 2021  5:13 ","1 hour 13 mins",19.27,0.00,0.36,0.36,0.36,1.45,0.36,0.36,1.45,0.73,4.36,0.36,1.45,1.45,4.36,0.73,1.09
Giuliani,Carla,28605022,carla.giuliani.2@etu.sorbonne-universite.fr,Finished,"24 novembre 2021  10:56 ","24 novembre 2021  12:06 ","1 hour 10 mins",19.64,0.36,0.36,0.36,0.36,1.45,0.36,0.36,1.45,0.73,4.36,0.36,1.45,1.45,4.36,0.73,1.09
Gojak,Zlatan,3801873,zlatan.gojak@etu.sorbonne-universite.fr,-,-,-,-,-,-,-,-,-,-,-,-,-,-,-,-,-,-,-,-,-
Goulmot,Cedric,3971371,cedric.goulmot@etu.sorbonne-universite.fr,-,-,-,-,-,-,-,-,-,-,-,-,-,-,-,-,-,-,-,-,-
Guo,Youheng,28711440,Youheng.Guo@etu.sorbonne-universite.fr,Finished,"22 novembre 2021  4:00 ","22 novembre 2021  5:21 ","1 hour 20 mins",17.78,0.36,0.36,0.36,0.36,1.45,0.18,0.36,1.45,0.73,4.36,0.36,1.45,0.87,3.64,0.73,0.73
Hadji,Mohamed,3702996,mohamed.hadji@etu.sorbonne-universite.fr,Finished,"24 novembre 2021  10:56 ","24 novembre 2021  12:09 ","1 hour 12 mins",17.62,0.36,0.36,0.36,0.36,1.45,0.36,-,1.45,0.73,3.66,0.36,1.45,0.87,4.36,0.73,0.73
Halila,Youssef,28610207,youssef.halila@etu.sorbonne-universite.fr,-,-,-,-,-,-,-,-,-,-,-,-,-,-,-,-,-,-,-,-,-
Halit,Yanis,28600464,yanis.halit.1@etu.sorbonne-universite.fr,-,-,-,-,-,-,-,-,-,-,-,-,-,-,-,-,-,-,-,-,-
Hamadouche,Mebarek,28506638,mebarek.hamadouche@etu.sorbonne-universite.fr,-,-,-,-,-,-,-,-,-,-,-,-,-,-,-,-,-,-,-,-,-
Hamdi,Charafeddine,3800477,charafeddine.hamdi@etu.sorbonne-universite.fr,-,-,-,-,-,-,-,-,-,-,-,-,-,-,-,-,-,-,-,-,-
Hammachi,Nourdinne,28604304,nourdinne.hammachi.1@etu.sorbonne-universite.fr,Finished,"22 novembre 2021  4:00 ","22 novembre 2021  5:14 ","1 hour 14 mins",19.27,0.36,0.36,0.36,0.36,1.45,0.36,0.36,1.45,0.73,4.36,0.36,1.45,1.45,4.00,0.73,1.09
Hassanein,Youssef,3522807,youssef.hassanein@etu.sorbonne-universite.fr,-,-,-,-,-,-,-,-,-,-,-,-,-,-,-,-,-,-,-,-,-
Hayat,Ruben,28608396,ruben.hayat.1@etu.sorbonne-universite.fr,Finished,"23 novembre 2021  4:10 ","23 novembre 2021  5:54 ","1 hour 43 mins",18.18,0.36,0.36,0.36,0.36,1.09,0.36,0.36,1.09,0.73,4.36,0.36,1.45,1.45,3.64,0.73,1.09
Hebert,Thomas,3708782,thomas.hebert@etu.sorbonne-universite.fr,-,-,-,-,-,-,-,-,-,-,-,-,-,-,-,-,-,-,-,-,-
Hwang,"Chan Yeong",28610448,chan.hwang@etu.sorbonne-universite.fr,Finished,"24 novembre 2021  10:57 ","24 novembre 2021  12:19 ","1 hour 22 mins",19.27,0.36,0.36,0.36,0.36,1.45,0.36,0.36,1.45,0.73,4.36,0.36,1.45,1.45,4.00,0.73,1.09
"Ibobi Sambila",Osee,3704090,osee.ibobi_sambila@etu.sorbonne-universite.fr,-,-,-,-,-,-,-,-,-,-,-,-,-,-,-,-,-,-,-,-,-
Idouar,Yacine,28610117,yacine.idouar@etu.sorbonne-universite.fr,-,-,-,-,-,-,-,-,-,-,-,-,-,-,-,-,-,-,-,-,-
Ikhenoussene,Yanis,28601953,yanis.ikhenoussene.1@etu.sorbonne-universite.fr,-,-,-,-,-,-,-,-,-,-,-,-,-,-,-,-,-,-,-,-,-
Illouz,Maxime,28600470,maxime.illouz.1@etu.sorbonne-universite.fr,-,-,-,-,-,-,-,-,-,-,-,-,-,-,-,-,-,-,-,-,-
Ith,Marc,3302184,marc.ith@etu.sorbonne-universite.fr,-,-,-,-,-,-,-,-,-,-,-,-,-,-,-,-,-,-,-,-,-
Jankovskaja,Elina,28607314,elina.jankovskaja.1@etu.sorbonne-universite.fr,-,-,-,-,-,-,-,-,-,-,-,-,-,-,-,-,-,-,-,-,-
"Jean Marie Flore",Samuel,3800583,samuel.jean_marie_flore@etu.sorbonne-universite.fr,-,-,-,-,-,-,-,-,-,-,-,-,-,-,-,-,-,-,-,-,-
Jriby,Jawher,3702809,jawher.jriby@etu.sorbonne-universite.fr,Finished,"24 novembre 2021  10:57 ","24 novembre 2021  12:11 ","1 hour 13 mins",18.55,0.36,0.36,0.00,0.36,1.45,0.36,0.36,1.45,0.73,4.36,0.36,1.45,1.45,3.27,0.73,1.45
"K Murali",Sharane,3701883,sharane.k_murali@etu.sorbonne-universite.fr,-,-,-,-,-,-,-,-,-,-,-,-,-,-,-,-,-,-,-,-,-
Kabongo,Ben,21116436,Ben.Kabongo@etu.sorbonne-universite.fr,Finished,"22 novembre 2021  4:05 ","22 novembre 2021  5:34 ","1 hour 28 mins",18.93,0.36,0.36,0.36,0.36,1.45,0.36,0.36,1.45,0.73,3.66,0.36,1.45,1.45,4.36,0.73,1.09
Kada,Dina,28601301,dina.kada.1@etu.sorbonne-universite.fr,Finished,"22 novembre 2021  4:02 ","22 novembre 2021  5:10 ","1 hour 8 mins",19.64,0.36,0.36,0.36,0.36,1.45,0.36,0.36,1.45,0.73,4.36,0.36,1.45,1.45,4.36,0.73,1.09
Kamouche,Neila,28605864,neila.kamouche.1@etu.sorbonne-universite.fr,Finished,"25 novembre 2021  5:57 ","25 novembre 2021  6:56 ","58 mins 55 secs",17.27,0.00,0.00,0.36,0.36,1.45,0.36,0.18,1.45,0.73,4.36,0.36,1.45,1.45,3.27,0.73,0.73
Ke,Ilene,3700453,ilene.ke@etu.sorbonne-universite.fr,-,-,-,-,-,-,-,-,-,-,-,-,-,-,-,-,-,-,-,-,-
Kedadry,Yannis,3808875,yannis.kedadry@etu.sorbonne-universite.fr,Finished,"22 novembre 2021  4:00 ","22 novembre 2021  5:20 ","1 hour 19 mins",19.64,0.36,0.36,0.36,0.36,1.45,0.36,0.36,1.45,0.73,4.36,0.36,1.45,1.45,4.36,0.73,1.09
Kemiche,Koceila,21114731,Koceila.Kemiche@etu.sorbonne-universite.fr,Finished,"23 novembre 2021  4:10 ","23 novembre 2021  5:37 ","1 hour 27 mins",19.40,0.36,0.36,0.36,0.36,1.45,0.36,0.36,1.45,0.73,4.13,0.36,1.45,1.45,4.36,0.73,1.09
Kerharo,Cathy,28600559,cathy.kerharo.1@etu.sorbonne-universite.fr,Finished,"22 novembre 2021  4:02 ","22 novembre 2021  5:22 ","1 hour 20 mins",19.64,0.36,0.36,0.36,0.36,1.45,0.36,0.36,1.45,0.73,4.36,0.36,1.45,1.45,4.36,0.73,1.09
Khan,Anin,3801610,anin.khan@etu.sorbonne-universite.fr,-,-,-,-,-,-,-,-,-,-,-,-,-,-,-,-,-,-,-,-,-
Klich,"Nour Elhouda",28610130,nour.klich@etu.sorbonne-universite.fr,Finished,"23 novembre 2021  4:27 ","23 novembre 2021  5:56 ","1 hour 28 mins",17.16,0.00,0.36,0.36,0.36,1.45,0.36,0.36,0.73,0.73,4.36,0.00,0.73,1.16,4.36,0.73,1.09
Kolli,Hamid,28717594,Hamid.Kolli@etu.sorbonne-universite.fr,Finished,"25 novembre 2021  5:57 ","25 novembre 2021  7:26 ","1 hour 29 mins",19.64,0.36,0.36,0.36,0.36,1.45,0.36,0.36,1.45,0.73,4.36,0.36,1.45,1.45,4.36,0.73,1.09
Korrabi,Madjid,28614924,madjid.korrabi@etu.sorbonne-universite.fr,Finished,"23 novembre 2021  4:10 ","23 novembre 2021  5:51 ","1 hour 40 mins",17.45,0.36,0.36,0.36,0.36,1.45,0.36,0.36,0.73,0.73,4.36,0.00,0.73,1.45,4.00,0.73,1.09
Koskas,Ilan,3800162,ilan.koskas@etu.sorbonne-universite.fr,Finished,"23 novembre 2021  4:10 ","23 novembre 2021  5:29 ","1 hour 18 mins",19.27,0.36,0.36,0.36,0.36,1.45,0.36,0.36,1.45,0.73,4.36,0.36,1.45,1.45,4.00,0.73,1.09
"Koumgang Tegantchouang",Adrien,21109170,Adrien.Koumgang_Tegantchouang@etu.sorbonne-universite.fr,-,-,-,-,-,-,-,-,-,-,-,-,-,-,-,-,-,-,-,-,-
Kwonn,Simon,3709743,simon.kwonn@etu.sorbonne-universite.fr,-,-,-,-,-,-,-,-,-,-,-,-,-,-,-,-,-,-,-,-,-
Labady,"Sterley Gilbert",21100776,Sterley_Gilbert.Labady@etu.sorbonne-universite.fr,Finished,"23 novembre 2021  4:15 ","23 novembre 2021  5:29 ","1 hour 14 mins",16.55,0.36,0.36,0.36,0.36,1.36,0.36,0.36,1.45,0.36,3.18,0.00,1.45,1.45,4.00,0.73,0.36
Lachachi,Yasmine,28710229,Yasmine.Lachachi@etu.sorbonne-universite.fr,-,-,-,-,-,-,-,-,-,-,-,-,-,-,-,-,-,-,-,-,-
Lachemot,Cédric,3705179,cedric.lachemot@etu.sorbonne-universite.fr,-,-,-,-,-,-,-,-,-,-,-,-,-,-,-,-,-,-,-,-,-
Lachgar,Amine,3802257,amine.lachgar@etu.sorbonne-universite.fr,Finished,"23 novembre 2021  4:27 ","23 novembre 2021  5:03 ","36 mins 9 secs",17.76,0.00,0.36,0.00,0.36,1.36,0.36,0.36,1.45,0.73,3.30,0.36,1.45,1.45,4.00,0.73,1.45
Lacoume,Claire,28610667,claire.lacoume@etu.sorbonne-universite.fr,-,-,-,-,-,-,-,-,-,-,-,-,-,-,-,-,-,-,-,-,-
Lam,Stéphane,3672320,stephane.lam@etu.sorbonne-universite.fr,Finished,"23 novembre 2021  4:11 ","23 novembre 2021  5:32 ","1 hour 20 mins",19.27,0.36,0.36,0.36,0.36,1.45,0.36,0.36,1.45,0.73,4.36,0.00,1.45,1.45,4.00,0.73,1.45
Lechgar,Houssam,28610190,houssam.lechgar@etu.sorbonne-universite.fr,Finished,"24 novembre 2021  10:56 ","24 novembre 2021  12:11 ","1 hour 15 mins",19.52,0.36,0.36,0.00,0.36,1.45,0.36,0.36,1.45,0.73,4.25,0.36,1.45,1.45,4.36,0.73,1.45
Lee,"Jae Wook",21108842,Jae_Wook.Lee@etu.sorbonne-universite.fr,-,-,-,-,-,-,-,-,-,-,-,-,-,-,-,-,-,-,-,-,-
Legendre--Despas,Jeanne,3810768,jeanne.legendre--despas@etu.sorbonne-universite.fr,-,-,-,-,-,-,-,-,-,-,-,-,-,-,-,-,-,-,-,-,-
Lemaitre,Alexandre,3876023,alexandre.lemaitre@etu.sorbonne-universite.fr,-,-,-,-,-,-,-,-,-,-,-,-,-,-,-,-,-,-,-,-,-
"Levanson Dit Akbarali","Mohamed Hasir",28601393,mohamed.levanson_dit_akbarali@etu.sorbonne-universite.fr,-,-,-,-,-,-,-,-,-,-,-,-,-,-,-,-,-,-,-,-,-
Li,Junji,28610187,junji.li@etu.sorbonne-universite.fr,-,-,-,-,-,-,-,-,-,-,-,-,-,-,-,-,-,-,-,-,-
Lifsal,Loubna,3309154,loubna.lifsal@etu.sorbonne-universite.fr,-,-,-,-,-,-,-,-,-,-,-,-,-,-,-,-,-,-,-,-,-
Lin,Jeremy,28602292,jeremy.lin.1@etu.sorbonne-universite.fr,-,-,-,-,-,-,-,-,-,-,-,-,-,-,-,-,-,-,-,-,-
Lin,Charles,3812676,Charles.Lin@etu.sorbonne-universite.fr,Finished,"25 novembre 2021  6:04 ","25 novembre 2021  7:20 ","1 hour 16 mins",17.55,0.36,0.36,0.00,0.36,1.18,0.36,0.36,0.00,0.73,4.36,0.36,1.45,1.45,4.36,0.73,1.09
Longuet,Axel,28600563,axel.longuet.1@etu.sorbonne-universite.fr,-,-,-,-,-,-,-,-,-,-,-,-,-,-,-,-,-,-,-,-,-
Loyau-Kahn,Felix,28607223,felix.loyau-kahn@etu.sorbonne-universite.fr,Finished,"22 novembre 2021  4:00 ","22 novembre 2021  5:24 ","1 hour 23 mins",18.55,0.36,0.36,0.36,0.36,1.45,0.36,0.36,1.45,0.73,4.36,0.36,1.09,1.45,3.64,0.73,1.09
Luo,Yukai,28620155,yukai.luo@etu.sorbonne-universite.fr,Finished,"24 novembre 2021  10:56 ","24 novembre 2021  12:38 ","1 hour 42 mins",17.22,0.36,0.36,0.36,0.36,1.45,0.36,0.36,1.45,0.73,4.13,0.36,1.45,1.45,2.55,0.00,1.45
Luvisamo,"Mulemesa Jessy",3415756,mulemesa.luvisamo@etu.sorbonne-universite.fr,Finished,"23 novembre 2021  4:10 ","23 novembre 2021  5:24 ","1 hour 14 mins",17.82,0.36,0.36,0.36,0.36,1.45,0.00,0.36,1.45,0.73,4.36,0.36,1.45,1.45,3.64,0.36,0.73
Ly,Sylvie,3522190,sylvie.ly@etu.sorbonne-universite.fr,Finished,"23 novembre 2021  4:15 ","23 novembre 2021  5:32 ","1 hour 17 mins",20.00,0.36,0.36,0.36,0.36,1.45,0.36,0.36,1.45,0.73,4.36,0.36,1.45,1.45,4.36,0.73,1.45
Macabre,Loona,28609645,loona.macabre.1@etu.sorbonne-universite.fr,-,-,-,-,-,-,-,-,-,-,-,-,-,-,-,-,-,-,-,-,-
Maire,Maxence,28605064,maxence.maire@etu.sorbonne-universite.fr,Finished,"24 novembre 2021  10:56 ","24 novembre 2021  12:21 ","1 hour 25 mins",18.47,0.00,0.00,0.36,0.36,1.36,0.36,0.36,1.45,0.73,3.66,0.36,1.45,1.45,4.36,0.73,1.45
Makhlouf,Rayane,28617603,rayane.makhlouf@etu.sorbonne-universite.fr,Finished,"22 novembre 2021  4:03 ","22 novembre 2021  5:44 ","1 hour 40 mins",17.64,0.00,0.36,0.00,0.36,1.36,0.36,0.36,1.45,0.73,3.18,0.36,1.45,1.45,4.00,0.73,1.45
Marques,Romain,28600712,romain.marques.1@etu.sorbonne-universite.fr,Finished,"23 novembre 2021  4:15 ","23 novembre 2021  5:36 ","1 hour 21 mins",19.82,0.36,0.36,0.36,0.36,1.45,0.18,0.36,1.45,0.73,4.36,0.36,1.45,1.45,4.36,0.73,1.45
Martin,Amaury,28610127,amaury.martin.1@etu.sorbonne-universite.fr,-,-,-,-,-,-,-,-,-,-,-,-,-,-,-,-,-,-,-,-,-
Mastor,Assia,28602563,assia.mastor.1@etu.sorbonne-universite.fr,-,-,-,-,-,-,-,-,-,-,-,-,-,-,-,-,-,-,-,-,-
Mazari,Messilva,28610328,messilva.mazari@etu.sorbonne-universite.fr,-,-,-,-,-,-,-,-,-,-,-,-,-,-,-,-,-,-,-,-,-
Mbaye,Souleymane,28717871,Souleymane.Mbaye@etu.sorbonne-universite.fr,Finished,"22 novembre 2021  4:03 ","22 novembre 2021  5:35 ","1 hour 31 mins",19.64,0.36,0.36,0.36,0.36,1.45,0.36,0.36,1.45,0.73,4.36,0.36,1.45,1.45,4.36,0.73,1.09
Mbouranga,Winn-Elie,28601343,winn-elie.mbouranga.1@etu.sorbonne-universite.fr,Finished,"25 novembre 2021  5:57 ","25 novembre 2021  7:19 ","1 hour 22 mins",19.27,0.36,0.36,0.36,0.36,1.45,0.36,0.36,1.45,0.73,4.36,0.36,1.45,1.45,3.64,0.73,1.45
Meddah,Sarah,3603679,sarah.meddah@etu.sorbonne-universite.fr,-,-,-,-,-,-,-,-,-,-,-,-,-,-,-,-,-,-,-,-,-
Mekhloufi,Zakaria,3809215,zakaria.mekhloufi@etu.sorbonne-universite.fr,Finished,"25 novembre 2021  5:57 ","25 novembre 2021  7:22 ","1 hour 25 mins",19.52,0.36,0.36,0.00,0.36,1.45,0.36,0.36,1.45,0.73,4.25,0.36,1.45,1.45,4.36,0.73,1.45
Mellul,Yona,3800646,yona.mellul@etu.sorbonne-universite.fr,-,-,-,-,-,-,-,-,-,-,-,-,-,-,-,-,-,-,-,-,-
"Melot Chesnel",Josephine,28603036,josephine.melot_chesnel.1@etu.sorbonne-universite.fr,Finished,"24 novembre 2021  10:56 ","24 novembre 2021  12:08 ","1 hour 12 mins",18.57,0.36,0.36,0.36,0.36,1.45,0.36,0.36,1.45,0.73,3.66,0.36,1.45,1.45,4.00,0.73,1.09
Mendes,Hugo,3670527,hugo.mendes@etu.sorbonne-universite.fr,-,-,-,-,-,-,-,-,-,-,-,-,-,-,-,-,-,-,-,-,-
"Mendez Chacon",Paula,21109001,Paula.Mendez_Chacon@etu.sorbonne-universite.fr,Finished,"22 novembre 2021  4:03 ","22 novembre 2021  5:46 ","1 hour 42 mins",19.27,0.36,0.36,0.36,0.36,1.45,0.36,0.36,1.45,0.73,4.36,0.36,1.45,1.45,4.00,0.73,1.09
Millard,Maxime,28602830,maxime.millard.1@etu.sorbonne-universite.fr,-,-,-,-,-,-,-,-,-,-,-,-,-,-,-,-,-,-,-,-,-
Mistry,Darshan,3670280,darshan.mistry@etu.sorbonne-universite.fr,-,-,-,-,-,-,-,-,-,-,-,-,-,-,-,-,-,-,-,-,-
Mohamed,Djamila,28609129,djamila.mohamed@etu.sorbonne-universite.fr,-,-,-,-,-,-,-,-,-,-,-,-,-,-,-,-,-,-,-,-,-
Moreau,Nino,28603833,nino.moreau.1@etu.sorbonne-universite.fr,-,-,-,-,-,-,-,-,-,-,-,-,-,-,-,-,-,-,-,-,-
Moussouni,Amine,28720778,Amine.Moussouni@etu.sorbonne-universite.fr,Finished,"22 novembre 2021  4:07 ","22 novembre 2021  5:52 ","1 hour 45 mins",9.12,0.36,0.36,0.36,0.36,1.45,0.36,0.36,1.45,0.73,3.30,-,-,-,-,-,-
Naumenko,Polina,3521154,polina.naumenko@etu.sorbonne-universite.fr,-,-,-,-,-,-,-,-,-,-,-,-,-,-,-,-,-,-,-,-,-
Nedir,Rahmine,3872127,rahmine.nedir@etu.sorbonne-universite.fr,-,-,-,-,-,-,-,-,-,-,-,-,-,-,-,-,-,-,-,-,-
Nehlil,"Mouloud Samy",21113646,Mouloud_Samy.Nehlil@etu.sorbonne-universite.fr,-,-,-,-,-,-,-,-,-,-,-,-,-,-,-,-,-,-,-,-,-
Nguyen,"Hoang Son",28709864,Hoang_Son.Nguyen@etu.sorbonne-universite.fr,-,-,-,-,-,-,-,-,-,-,-,-,-,-,-,-,-,-,-,-,-
Nguyen,"Ngoc Thien",21102696,Ngoc_Thien.Nguyen@etu.sorbonne-universite.fr,Finished,"26 novembre 2021  10:45 ","26 novembre 2021  11:45 ","59 mins 37 secs",18.55,0.00,0.36,0.00,0.36,1.45,0.36,0.36,1.45,0.73,4.36,0.36,1.45,1.45,3.64,0.73,1.45
Niang,Fallou,3803961,fallou.niang@etu.sorbonne-universite.fr,-,-,-,-,-,-,-,-,-,-,-,-,-,-,-,-,-,-,-,-,-
Olivar-Sanglar,Gabriel,28602191,gabriel.olivar.1@etu.sorbonne-universite.fr,-,-,-,-,-,-,-,-,-,-,-,-,-,-,-,-,-,-,-,-,-
Ouhenia,Ghiles,28716807,Ghiles.Ouhenia@etu.sorbonne-universite.fr,-,-,-,-,-,-,-,-,-,-,-,-,-,-,-,-,-,-,-,-,-
Ouni,Wassim,21112855,Wassim.Ouni@etu.sorbonne-universite.fr,-,-,-,-,-,-,-,-,-,-,-,-,-,-,-,-,-,-,-,-,-
Palisoc,Camille,28600602,camille.palisoc.1@etu.sorbonne-universite.fr,-,-,-,-,-,-,-,-,-,-,-,-,-,-,-,-,-,-,-,-,-
Parameswaralingam,Charles-Pragash,3670244,charles-pragash.parameswaralingam@etu.sorbonne-universite.fr,-,-,-,-,-,-,-,-,-,-,-,-,-,-,-,-,-,-,-,-,-
Pendelliou,Arthur,3809224,arthur.pendelliou@etu.sorbonne-universite.fr,-,-,-,-,-,-,-,-,-,-,-,-,-,-,-,-,-,-,-,-,-
Perrignon-Sommet,Thibault,21104636,Thibault.Perrignon-Sommet@etu.sorbonne-universite.fr,Finished,"22 novembre 2021  4:01 ","22 novembre 2021  5:15 ","1 hour 13 mins",19.64,0.36,0.36,0.36,0.36,1.45,0.36,0.36,1.45,0.73,4.36,0.36,1.45,1.45,4.36,0.73,1.09
Pierre,Lauryn,28600518,lauryn.pierre.1@etu.sorbonne-universite.fr,Finished,"25 novembre 2021  5:57 ","25 novembre 2021  7:04 ","1 hour 6 mins",17.41,0.36,0.36,0.36,0.36,1.45,0.36,0.36,1.45,0.73,1.77,0.36,1.45,1.45,4.36,0.73,1.45
"Pierre Noel",Jericho,21113317,Jericho.Pierre_Noel@etu.sorbonne-universite.fr,Finished,"22 novembre 2021  4:20 ","22 novembre 2021  5:59 ","1 hour 38 mins",12.30,0.00,0.36,0.00,0.00,1.36,0.00,0.18,0.73,0.36,2.24,0.36,0.73,0.87,3.64,0.73,0.73
Piffre,Baptiste,28636372,baptiste.piffre@etu.sorbonne-universite.fr,Finished,"23 novembre 2021  4:11 ","23 novembre 2021  5:13 ","1 hour 2 mins",17.91,0.00,0.36,0.00,0.36,1.18,0.36,0.36,1.45,0.73,4.36,0.36,1.45,1.45,3.64,0.73,1.09
Pinho,Goncalo,28602737,goncalo.pinho.1@etu.sorbonne-universite.fr,Finished,"23 novembre 2021  4:10 ","23 novembre 2021  5:34 ","1 hour 23 mins",18.18,0.36,0.36,0.36,0.36,1.45,0.36,0.36,1.45,0.73,4.36,0.00,1.45,1.45,3.27,0.73,1.09
Pirard,Emile,28600880,emile.pirard.1@etu.sorbonne-universite.fr,Finished,"24 novembre 2021  10:56 ","24 novembre 2021  12:06 ","1 hour 9 mins",19.27,0.36,0.36,0.36,0.36,1.45,0.36,0.36,1.45,0.73,4.36,0.36,1.45,1.45,4.36,0.73,0.73
Pulval-Dady,Alan,28603735,alan.pulval-dady.1@etu.sorbonne-universite.fr,-,-,-,-,-,-,-,-,-,-,-,-,-,-,-,-,-,-,-,-,-
Ramdani,Cyrena,3805942,cyrena.ramdani@etu.sorbonne-universite.fr,Finished,"22 novembre 2021  4:02 ","22 novembre 2021  5:34 ","1 hour 32 mins",18.91,0.36,0.36,0.00,0.36,1.45,0.36,0.36,1.45,0.73,4.36,0.36,1.45,1.45,4.36,0.73,0.73
Rams,Sean,28605296,sean.rams.1@etu.sorbonne-universite.fr,-,-,-,-,-,-,-,-,-,-,-,-,-,-,-,-,-,-,-,-,-
Randrianarisoa,Roman,3808834,roman.randrianarisoa@etu.sorbonne-universite.fr,-,-,-,-,-,-,-,-,-,-,-,-,-,-,-,-,-,-,-,-,-
Richard,"Samantha Elisabeth",28009976,samantha.richard.2@etu.sorbonne-universite.fr,Finished,"25 novembre 2021  5:58 ","25 novembre 2021  7:00 ","1 hour 1 min",18.55,0.36,0.36,0.36,0.36,1.45,0.36,0.36,1.45,0.73,4.36,0.36,1.45,1.45,3.27,0.73,1.09
Rozbully,Faraan,3700903,faraan.rozbully@etu.sorbonne-universite.fr,Finished,"26 novembre 2021  10:46 ","26 novembre 2021  12:02 ","1 hour 15 mins",19.64,0.36,0.36,0.36,0.36,1.45,0.36,0.36,1.45,0.73,4.36,0.36,1.45,1.45,4.36,0.73,1.09
Ruan,Thomas,28606375,thomas.ruan.1@etu.sorbonne-universite.fr,Finished,"24 novembre 2021  10:56 ","24 novembre 2021  12:33 ","1 hour 37 mins",18.06,0.36,0.36,0.36,0.36,1.45,0.36,0.36,1.45,0.73,4.25,0.36,1.45,1.45,2.55,0.73,1.45
"Ruiz Heredia","Jose Antonio",21109006,Jose_Antonio.Ruiz_Heredia@etu.sorbonne-universite.fr,-,-,-,-,-,-,-,-,-,-,-,-,-,-,-,-,-,-,-,-,-
Rzeszutko,Kamil,2800282,kamil.rzeszutko@etu.sorbonne-universite.fr,Finished,"23 novembre 2021  4:16 ","23 novembre 2021  6:01 ","1 hour 45 mins",8.93,0.00,0.36,0.00,0.36,1.45,0.00,0.36,0.00,0.73,3.18,0.36,1.45,0.29,-,0.36,0.00
Sadi,Amayas,28717408,Amayas.Sadi@etu.sorbonne-universite.fr,-,-,-,-,-,-,-,-,-,-,-,-,-,-,-,-,-,-,-,-,-
Sadykova,Karima,28610100,karima.sadykova@etu.sorbonne-universite.fr,-,-,-,-,-,-,-,-,-,-,-,-,-,-,-,-,-,-,-,-,-
Said,Sayafdine,28607006,sayafdine.said.1@etu.sorbonne-universite.fr,Finished,"22 novembre 2021  4:02 ","22 novembre 2021  5:06 ","1 hour 4 mins",19.27,0.36,0.36,0.36,0.36,1.45,0.36,0.36,1.45,0.73,4.36,0.36,1.45,1.45,4.00,0.73,1.09
Samar,Anissa,21120079,Anissa.Samar@etu.sorbonne-universite.fr,Finished,"22 novembre 2021  4:03 ","22 novembre 2021  5:47 ","1 hour 44 mins",18.91,0.36,0.36,0.36,0.36,1.45,0.36,0.36,1.45,0.73,4.36,0.36,1.45,1.45,4.00,0.73,0.73
Sane,Kemo,28617513,kemo.sane@etu.sorbonne-universite.fr,Finished,"23 novembre 2021  4:10 ","23 novembre 2021  5:54 ","1 hour 43 mins",17.09,0.00,0.00,0.00,0.36,1.45,0.36,0.00,1.09,0.73,4.36,0.36,1.09,1.45,4.00,0.73,1.09
Sfez,Alexandre,3804652,alexandre.sfez@etu.sorbonne-universite.fr,-,-,-,-,-,-,-,-,-,-,-,-,-,-,-,-,-,-,-,-,-
Shi,Yulin,21112391,Yulin.Shi@etu.sorbonne-universite.fr,-,-,-,-,-,-,-,-,-,-,-,-,-,-,-,-,-,-,-,-,-
Sima,Daniel-Ioan,3800992,daniel.sima@etu.sorbonne-universite.fr,Finished,"25 novembre 2021  5:59 ","25 novembre 2021  7:35 ","1 hour 36 mins",19.64,0.36,0.36,0.36,0.36,1.45,0.36,0.36,1.45,0.73,4.36,0.36,1.45,1.45,4.36,0.73,1.09
Simion,Mathys,28705217,Mathys.Simion@etu.sorbonne-universite.fr,Finished,"22 novembre 2021  4:00 ","22 novembre 2021  5:45 ","1 hour 45 mins",0.00,-,-,-,-,-,-,-,-,-,-,-,-,-,-,-,-
Singh,Nawelle,28600503,nawelle.singh.1@etu.sorbonne-universite.fr,-,-,-,-,-,-,-,-,-,-,-,-,-,-,-,-,-,-,-,-,-
"Sitang Ewande",Ninine,3801541,ninine.sitang_ewande@etu.sorbonne-universite.fr,Finished,"22 novembre 2021  4:01 ","22 novembre 2021  5:31 ","1 hour 30 mins",19.64,0.36,0.36,0.36,0.36,1.45,0.36,0.36,1.45,0.73,4.36,0.36,1.45,1.45,4.36,0.73,1.09
Snaoui,Adam,21119283,Adam.Snaoui@etu.sorbonne-universite.fr,Finished,"22 novembre 2021  4:02 ","22 novembre 2021  5:45 ","1 hour 43 mins",17.02,0.36,0.36,0.36,0.36,1.36,0.00,0.36,1.45,0.73,3.66,0.36,1.45,1.45,3.64,0.36,0.73
Sobot,Allen,28600456,allen.sobot.1@etu.sorbonne-universite.fr,Finished,"24 novembre 2021  10:56 ","24 novembre 2021  12:23 ","1 hour 26 mins",19.52,0.36,0.36,0.36,0.36,1.45,0.36,0.36,1.09,0.73,4.25,0.36,1.45,1.45,4.36,0.73,1.45
Sun,Amélie,28606343,amelie.sun.1@etu.sorbonne-universite.fr,-,-,-,-,-,-,-,-,-,-,-,-,-,-,-,-,-,-,-,-,-
Sylla,Amy,28618173,amy.sylla@etu.sorbonne-universite.fr,-,-,-,-,-,-,-,-,-,-,-,-,-,-,-,-,-,-,-,-,-
Tang,Remi,28624752,remi.tang@etu.sorbonne-universite.fr,-,-,-,-,-,-,-,-,-,-,-,-,-,-,-,-,-,-,-,-,-
Tchen,Clement,3703339,clement.tchen@etu.sorbonne-universite.fr,-,-,-,-,-,-,-,-,-,-,-,-,-,-,-,-,-,-,-,-,-
Terkmani,Kamelia,21116094,Kamelia.Terkmani@etu.sorbonne-universite.fr,Finished,"23 novembre 2021  4:15 ","23 novembre 2021  5:31 ","1 hour 15 mins",18.91,0.00,0.36,0.00,0.36,1.45,0.36,0.36,1.45,0.73,4.36,0.36,1.45,1.45,4.00,0.73,1.45
Thirion,Lou,28614980,lou.thirion@etu.sorbonne-universite.fr,-,-,-,-,-,-,-,-,-,-,-,-,-,-,-,-,-,-,-,-,-
"Toguem Fotso","John Kevyn",3970693,john.toguem_fotso@etu.sorbonne-universite.fr,-,-,-,-,-,-,-,-,-,-,-,-,-,-,-,-,-,-,-,-,-
Tragha,Marwan,28615820,marwan.tragha@etu.sorbonne-universite.fr,-,-,-,-,-,-,-,-,-,-,-,-,-,-,-,-,-,-,-,-,-
Tran,"Le My",28603688,le.tran@etu.sorbonne-universite.fr,-,-,-,-,-,-,-,-,-,-,-,-,-,-,-,-,-,-,-,-,-
Traore,Mamadou,2203537,mamadou.traore@etu.sorbonne-universite.fr,-,-,-,-,-,-,-,-,-,-,-,-,-,-,-,-,-,-,-,-,-
Trumic,Mihajlo,28606345,mihajlo.trumic@etu.sorbonne-universite.fr,Finished,"24 novembre 2021  10:56 ","24 novembre 2021  12:19 ","1 hour 23 mins",19.64,0.36,0.36,0.36,0.36,1.45,0.36,0.36,1.45,0.73,4.36,0.36,1.45,1.45,4.36,0.73,1.09
Vanrycke,Loann,3811248,loann.vanrycke@etu.sorbonne-universite.fr,-,-,-,-,-,-,-,-,-,-,-,-,-,-,-,-,-,-,-,-,-
Vedanayagame,Souveda,28600150,souveda.vedanayagame.1@etu.sorbonne-universite.fr,Finished,"24 novembre 2021  10:57 ","24 novembre 2021  12:42 ","1 hour 45 mins",18.55,0.00,0.00,0.36,0.36,1.45,0.36,0.36,1.45,0.73,4.36,0.36,1.45,1.45,3.64,0.73,1.45
Vigano,Alice,3804657,alice.vigano@etu.sorbonne-universite.fr,-,-,-,-,-,-,-,-,-,-,-,-,-,-,-,-,-,-,-,-,-
Villard,Lorenzo,3801327,lorenzo.villard@etu.sorbonne-universite.fr,-,-,-,-,-,-,-,-,-,-,-,-,-,-,-,-,-,-,-,-,-
Wang,Zhe,21116827,Zhe.Wang@etu.sorbonne-universite.fr,-,-,-,-,-,-,-,-,-,-,-,-,-,-,-,-,-,-,-,-,-
Warmé-Janville,Auguste,3800191,auguste.warme-janville@etu.sorbonne-universite.fr,Finished,"25 novembre 2021  6:47 ","25 novembre 2021  8:32 ","1 hour 45 mins",0.00,-,-,-,-,-,-,-,-,-,-,-,-,-,-,-,-
Warmé-Janville,Auguste,3800191,auguste.warme-janville@etu.sorbonne-universite.fr,Finished,"26 novembre 2021  8:41 ","26 novembre 2021  9:39 ","58 mins 19 secs",18.73,0.00,0.36,0.00,0.36,1.45,0.18,0.36,1.45,0.73,4.36,0.36,1.45,1.45,4.36,0.73,1.09
Wu,Isabelle,28606994,isabelle.wu.2@etu.sorbonne-universite.fr,-,-,-,-,-,-,-,-,-,-,-,-,-,-,-,-,-,-,-,-,-
Wu,Julie,28600741,julie.wu.1@etu.sorbonne-universite.fr,Finished,"22 novembre 2021  4:09 ","22 novembre 2021  5:43 ","1 hour 34 mins",19.64,0.00,0.36,0.36,0.36,1.45,0.36,0.36,1.45,0.73,4.36,0.36,1.45,1.45,4.36,0.73,1.45
Xia,Alexandre,28604113,alexandre.xia.1@etu.sorbonne-universite.fr,-,-,-,-,-,-,-,-,-,-,-,-,-,-,-,-,-,-,-,-,-
Xu,Jin,3700044,jin.xu@etu.sorbonne-universite.fr,-,-,-,-,-,-,-,-,-,-,-,-,-,-,-,-,-,-,-,-,-
Yang,Kai,21107392,Kai.Yang@etu.sorbonne-universite.fr,-,-,-,-,-,-,-,-,-,-,-,-,-,-,-,-,-,-,-,-,-
Yehya,Jad,28609954,jad.yehya.1@etu.sorbonne-universite.fr,Finished,"23 novembre 2021  4:10 ","23 novembre 2021  5:30 ","1 hour 20 mins",17.34,0.36,0.36,0.36,0.36,1.45,0.36,0.36,1.45,0.73,4.25,0.36,1.45,1.45,2.18,0.73,1.09
"Youcef Khodja",Amine,21113585,Amine.Youcef_Khodja@etu.sorbonne-universite.fr,Finished,"25 novembre 2021  6:00 ","25 novembre 2021  7:35 ","1 hour 35 mins",17.89,0.36,0.36,0.00,0.36,1.45,0.36,0.36,1.45,0.73,4.36,0.36,1.45,1.16,3.27,0.73,1.09
Zanan,Nour,28607755,nour.zanan.1@etu.sorbonne-universite.fr,Finished,"24 novembre 2021  10:56 ","24 novembre 2021  12:09 ","1 hour 12 mins",19.35,0.36,0.36,0.36,0.36,1.45,0.36,0.36,1.45,0.73,4.36,0.36,1.45,1.16,4.36,0.73,1.09
Zeng,Fanxiang,28600693,fanxiang.zeng@etu.sorbonne-universite.fr,Finished,"23 novembre 2021  4:15 ","23 novembre 2021  5:40 ","1 hour 24 mins",18.91,0.36,0.36,0.36,0.36,1.45,0.36,0.36,1.45,0.73,4.36,0.36,1.45,1.45,4.00,0.73,0.73
Zerbib,Raphael,28601765,raphael.zerbib.1@etu.sorbonne-universite.fr,Finished,"22 novembre 2021  4:02 ","22 novembre 2021  5:45 ","1 hour 42 mins",18.31,0.00,0.36,0.00,0.36,1.45,0.36,0.36,1.45,0.73,4.13,0.36,1.45,1.45,4.36,0.73,0.73
Zhang,Xu,3803083,xu.zhang@etu.sorbonne-universite.fr,-,-,-,-,-,-,-,-,-,-,-,-,-,-,-,-,-,-,-,-,-
Zhang,Yilu,28601009,yilu.zhang.1@etu.sorbonne-universite.fr,-,-,-,-,-,-,-,-,-,-,-,-,-,-,-,-,-,-,-,-,-
Zhang,Jacques,28607704,jacques.zhang.1@etu.sorbonne-universite.fr,Finished,"22 novembre 2021  4:02 ","22 novembre 2021  5:25 ","1 hour 23 mins",20.00,0.36,0.36,0.36,0.36,1.45,0.36,0.36,1.45,0.73,4.36,0.36,1.45,1.45,4.36,0.73,1.45
Zhang,Han,3970759,han.zhang@etu.sorbonne-universite.fr,Finished,"22 novembre 2021  4:02 ","22 novembre 2021  5:13 ","1 hour 11 mins",13.52,0.36,0.36,0.36,0.36,1.09,0.00,0.36,1.45,0.36,2.83,0.36,1.45,0.87,2.55,0.00,0.73
Zhuang,Christian,28601285,christian.zhuang.1@etu.sorbonne-universite.fr,Finished,"22 novembre 2021  4:03 ","22 novembre 2021  5:37 ","1 hour 34 mins",18.55,0.00,0.36,0.00,0.36,1.45,0.36,0.36,1.45,0.73,4.36,0.36,1.45,1.45,4.36,0.73,0.73
"Zou Al Guyna",Louai,3680880,louai.zou_al_guyna@etu.sorbonne-universite.fr,-,-,-,-,-,-,-,-,-,-,-,-,-,-,-,-,-,-,-,-,-
Zouba,Thomas,21101133,Thomas.Zouba@etu.sorbonne-universite.fr,Finished,"25 novembre 2021  6:00 ","25 novembre 2021  6:47 ","47 mins 50 secs",18.55,0.36,0.36,0.36,0.36,1.45,0.36,0.36,1.45,0.73,4.36,0.36,1.45,1.45,3.64,0.73,0.73
Zouhri,Bilal,3703980,bilal.zouhri@etu.sorbonne-universite.fr,Finished,"26 novembre 2021  10:50 ","26 novembre 2021  12:06 ","1 hour 16 mins",18.93,0.36,0.36,0.36,0.36,1.45,0.36,0.36,1.09,0.73,3.66,0.36,1.45,1.45,4.36,0.73,1.45
"Overall average",,,,,,,,17.98,0.27,0.34,0.26,0.35,1.40,0.33,0.34,1.34,0.69,4.05,0.33,1.37,1.33,3.87,0.68,1.03
