﻿Surname,"First name","ID number","Email address",State,"Started on",Completed,"Time taken",Grade/20.00,"Q. 1 /2.44","Q. 2 /0.98","Q. 3 /0.98","Q. 4 /0.24","Q. 5 /0.24","Q. 6 /0.24","Q. 7 /0.49","Q. 8 /0.24","Q. 9 /5.12","Q. 10 /0.24","Q. 11 /7.80","Q. 12 /0.98"
Abdillahi,"Ben Idris Michel",3812573,ben.abdillahi@etu.sorbonne-universite.fr,Finished,"29 novembre 2021  4:00 ","29 novembre 2021  5:14 ","1 hour 13 mins",16.83,2.44,0.98,0.98,0.24,0.24,0.24,0.49,0.24,3.90,0.24,5.85,0.98
Abeles,Walter,28610484,walter.abeles@etu.sorbonne-universite.fr,Finished,"2 décembre 2021  5:58 ","2 décembre 2021  7:23 ","1 hour 25 mins",17.56,2.44,0.98,0.98,0.24,0.24,0.24,0.49,0.24,4.63,0.24,5.85,0.98
Abkress,Barka,28606227,barka.abkress.1@etu.sorbonne-universite.fr,-,-,-,-,-,-,-,-,-,-,-,-,-,-,-,-,-
Afoulous,Oumaima,3802791,oumaima.afoulous@etu.sorbonne-universite.fr,Finished,"1 décembre 2021  10:58 ","1 décembre 2021  12:38 ","1 hour 39 mins",12.93,1.71,0.49,0.98,0.24,0.24,0.24,0.49,0.24,3.17,0.24,4.88,0.00
"Ahmed Ali",Nassim,21113025,Nassim.Ahmed_Ali@etu.sorbonne-universite.fr,-,-,-,-,-,-,-,-,-,-,-,-,-,-,-,-,-
"Ait Khelifa",Tanina,21110432,Tanina.Ait_Khelifa@etu.sorbonne-universite.fr,Finished,"3 décembre 2021  10:53 ","3 décembre 2021  11:51 ","58 mins 9 secs",17.56,2.44,0.98,0.98,0.24,0.24,0.24,0.49,0.24,4.63,0.24,5.85,0.98
Akhtarkhavari,Parto,28606489,parto.akhtarkhavari.1@etu.sorbonne-universite.fr,-,-,-,-,-,-,-,-,-,-,-,-,-,-,-,-,-
"Al Awayd",Wissam,3701350,wissam.al_awayd@etu.sorbonne-universite.fr,Finished,"29 novembre 2021  4:15 ","29 novembre 2021  5:36 ","1 hour 21 mins",15.61,2.20,0.73,0.98,0.24,0.24,0.24,0.49,0.00,4.15,0.00,5.85,0.49
Alayoud,Yanis,28600748,yanis.alayoud.1@etu.sorbonne-universite.fr,Finished,"2 décembre 2021  5:59 ","2 décembre 2021  6:42 ","43 mins 23 secs",15.37,2.20,0.98,0.98,0.24,0.24,0.24,0.49,0.24,3.90,0.00,4.88,0.98
Albitar,Nadia,3671406,nadia.albitar@etu.sorbonne-universite.fr,Finished,"2 décembre 2021  6:00 ","2 décembre 2021  6:43 ","43 mins 28 secs",16.59,2.44,0.98,0.98,0.24,0.24,0.24,0.49,0.24,4.63,0.24,4.88,0.98
Alexandre,Ronald,3407195,ronald.alexandre@etu.sorbonne-universite.fr,-,-,-,-,-,-,-,-,-,-,-,-,-,-,-,-,-
Alliot,Leane,28602178,leane.alliot.1@etu.sorbonne-universite.fr,-,-,-,-,-,-,-,-,-,-,-,-,-,-,-,-,-
Amanzougarene,Eldjouher,3601270,eldjouher.amanzougarene@etu.sorbonne-universite.fr,Finished,"3 décembre 2021  10:57 ","3 décembre 2021  12:18 ","1 hour 21 mins",18.05,2.44,0.98,0.98,0.00,0.24,0.00,0.49,0.24,4.63,0.24,7.80,0.00
Amnache,Atena,28618735,atena.amnache@etu.sorbonne-universite.fr,-,-,-,-,-,-,-,-,-,-,-,-,-,-,-,-,-
Amri,Malek,28710546,Malek.Amri@etu.sorbonne-universite.fr,-,-,-,-,-,-,-,-,-,-,-,-,-,-,-,-,-
Aouchiche,Juba,28610319,juba.aouchiche@etu.sorbonne-universite.fr,Finished,"1 décembre 2021  10:58 ","1 décembre 2021  12:24 ","1 hour 26 mins",17.32,2.44,0.98,0.98,0.24,0.00,0.24,0.49,0.24,4.63,0.24,5.85,0.98
"Arbulu Sedano",Diego,3808688,diego.arbulu_sedano@etu.sorbonne-universite.fr,Finished,"1 décembre 2021  11:01 ","1 décembre 2021  12:44 ","1 hour 42 mins",14.15,1.71,0.49,0.98,0.24,0.24,0.24,0.49,0.24,4.39,0.24,3.90,0.98
Archambaud,Florian,3804270,florian.archambaud@etu.sorbonne-universite.fr,-,-,-,-,-,-,-,-,-,-,-,-,-,-,-,-,-
Arnal,Anaïs,28609148,anais.arnal@etu.sorbonne-universite.fr,-,-,-,-,-,-,-,-,-,-,-,-,-,-,-,-,-
Atsé,Yapi,3803860,yapi.atse@etu.sorbonne-universite.fr,Finished,"30 novembre 2021  4:14 ","30 novembre 2021  5:32 ","1 hour 18 mins",16.34,2.20,0.73,0.98,0.00,0.00,-,0.49,0.00,4.15,0.00,6.83,0.98
Ayed,Bilel,28626848,bilel.ayed.1@etu.sorbonne-universite.fr,-,-,-,-,-,-,-,-,-,-,-,-,-,-,-,-,-
Baasch,Matthias,21109634,Matthias.Baasch@etu.sorbonne-universite.fr,-,-,-,-,-,-,-,-,-,-,-,-,-,-,-,-,-
Babaali,Mohamed,28601465,mohamed.babaali.1@etu.sorbonne-universite.fr,Finished,"1 décembre 2021  10:58 ","1 décembre 2021  12:26 ","1 hour 27 mins",17.56,2.44,0.98,0.98,0.24,0.24,0.24,0.49,0.24,4.63,0.24,5.85,0.98
Bait,Alexander,28609336,alexander.bait.1@etu.sorbonne-universite.fr,-,-,-,-,-,-,-,-,-,-,-,-,-,-,-,-,-
Ball,Ndiaye,3702933,ndiaye.ball@etu.sorbonne-universite.fr,-,-,-,-,-,-,-,-,-,-,-,-,-,-,-,-,-
Baloul,"Mohamed Ryane",21113008,Mohamed_Ryane.Baloul@etu.sorbonne-universite.fr,-,-,-,-,-,-,-,-,-,-,-,-,-,-,-,-,-
Bayoudh,Fares,28600163,fares.bayoudh.1@etu.sorbonne-universite.fr,Finished,"1 décembre 2021  10:58 ","1 décembre 2021  12:23 ","1 hour 24 mins",16.34,1.71,0.73,0.98,0.24,0.24,0.24,0.49,0.24,4.39,0.24,5.85,0.98
Bazil,Olando,28608499,olando.bazil@etu.sorbonne-universite.fr,Finished,"29 novembre 2021  4:13 ","29 novembre 2021  5:24 ","1 hour 11 mins",15.61,2.44,0.24,0.24,0.24,0.24,0.24,0.49,0.24,4.15,0.24,5.85,0.98
Beldjilali,Amel,21115553,Amel.Beldjilali@etu.sorbonne-universite.fr,-,-,-,-,-,-,-,-,-,-,-,-,-,-,-,-,-
Bellaiche,Samuel,28600786,samuel.bellaiche.1@etu.sorbonne-universite.fr,-,-,-,-,-,-,-,-,-,-,-,-,-,-,-,-,-
Bellaoud,Nassim,3700196,nassim.bellaoud@etu.sorbonne-universite.fr,-,-,-,-,-,-,-,-,-,-,-,-,-,-,-,-,-
Ben-Mohamed,Ines,28607963,ines.ben-mohamed.1@etu.sorbonne-universite.fr,Finished,"1 décembre 2021  10:58 ","1 décembre 2021  12:29 ","1 hour 30 mins",16.59,2.44,0.24,0.98,0.24,0.24,0.24,0.49,0.24,4.39,0.24,5.85,0.98
Benhaddad,Ahcene,3804630,ahcene.benhadddad@etu.sorbonne-universite.fr,Finished,"30 novembre 2021  4:11 ","30 novembre 2021  5:09 ","57 mins 25 secs",16.10,2.20,0.73,0.98,0.24,0.24,0.24,0.49,0.24,4.63,0.24,5.85,0.00
Benlaldj,"Zohra Chihez",21112712,Zohra_Chihez.Benlaldj@etu.sorbonne-universite.fr,-,-,-,-,-,-,-,-,-,-,-,-,-,-,-,-,-
Benmansour,Sofiane,3504377,sofiane.benmansour@etu.sorbonne-universite.fr,-,-,-,-,-,-,-,-,-,-,-,-,-,-,-,-,-
Berrada,Nacer,28610440,nacer.berrada@etu.sorbonne-universite.fr,Finished,"29 novembre 2021  5:06 ","29 novembre 2021  6:51 ","1 hour 45 mins",16.83,2.44,0.98,0.73,0.24,0.24,0.24,0.49,0.24,4.39,0.00,5.85,0.98
Berrichi,Manelle,28600291,manelle.berrichi.1@etu.sorbonne-universite.fr,-,-,-,-,-,-,-,-,-,-,-,-,-,-,-,-,-
Besnier,Lucien,3803479,lucien.besnier@etu.sorbonne-universite.fr,Finished,"30 novembre 2021  3:55 ","30 novembre 2021  5:03 ","1 hour 7 mins",15.37,1.71,0.98,0.49,0.24,0.24,0.24,0.49,0.24,2.68,0.24,6.83,0.98
Bessad,Melina,28610730,melina.bessad@etu.sorbonne-universite.fr,Finished,"30 novembre 2021  4:06 ","30 novembre 2021  5:16 ","1 hour 10 mins",18.54,2.44,0.73,0.98,0.24,0.24,0.24,0.49,0.00,4.39,0.00,7.80,0.98
Bikou,Angie-Sofia,3700648,angie-sofia.bikou@etu.sorbonne-universite.fr,Finished,"29 novembre 2021  4:13 ","29 novembre 2021  5:38 ","1 hour 25 mins",16.83,2.44,0.98,0.98,0.24,0.24,0.24,0.49,0.24,4.88,0.24,4.88,0.98
Billon,Martin,3801962,martin.billon@etu.sorbonne-universite.fr,Finished,"30 novembre 2021  4:13 ","30 novembre 2021  5:21 ","1 hour 7 mins",14.88,2.44,0.73,0.98,0.24,0.24,0.00,0.49,0.00,4.88,0.00,3.90,0.98
"Blasco Gallego",Lucia,21109706,Lucia.Blasco_Gallego@etu.sorbonne-universite.fr,Finished,"2 décembre 2021  6:04 ","2 décembre 2021  7:04 ","59 mins 55 secs",13.66,2.20,0.49,0.98,0.24,0.00,0.00,0.49,0.00,4.39,0.00,3.90,0.98
Boda,Jeremy,28603394,jeremy.boda.1@etu.sorbonne-universite.fr,Finished,"29 novembre 2021  4:01 ","29 novembre 2021  5:25 ","1 hour 24 mins",10.98,1.95,0.00,0.49,0.24,0.24,0.24,0.49,0.00,1.46,0.00,4.88,0.98
Bontempelli,Manon,28600844,manon.bontempelli.1@etu.sorbonne-universite.fr,-,-,-,-,-,-,-,-,-,-,-,-,-,-,-,-,-
Bouaicha,Kenza,3703308,kenza.bouaicha@etu.sorbonne-universite.fr,-,-,-,-,-,-,-,-,-,-,-,-,-,-,-,-,-
Boucherrab,Rayan,28610497,rayan.boucherrab@etu.sorbonne-universite.fr,Finished,"29 novembre 2021  4:01 ","29 novembre 2021  5:31 ","1 hour 29 mins",17.56,2.44,0.24,0.98,0.24,0.00,0.24,0.49,0.24,4.63,0.24,6.83,0.98
Bouchouchi,Nour,28600211,nour.bouchouchi.1@etu.sorbonne-universite.fr,-,-,-,-,-,-,-,-,-,-,-,-,-,-,-,-,-
Bouheraoua,Sarah,21113695,Sarah.Bouheraoua@etu.sorbonne-universite.fr,-,-,-,-,-,-,-,-,-,-,-,-,-,-,-,-,-
Bouhraoua,Ines,21115204,Ines.Bouhraoua@etu.sorbonne-universite.fr,Finished,"29 novembre 2021  4:00 ","29 novembre 2021  5:38 ","1 hour 37 mins",15.12,1.71,0.73,0.98,0.24,0.24,0.24,0.49,0.00,4.63,0.00,4.88,0.98
Bouloudani,Haroun,28002307,Haroun.Bouloudani@etu.sorbonne-universite.fr,Finished,"29 novembre 2021  4:13 ","29 novembre 2021  5:13 ","1 hour",16.10,1.71,0.73,0.98,0.24,0.24,0.24,0.49,0.24,3.17,0.24,6.83,0.98
Bounichou,Hugo,3700560,hugo.bounichou@etu.sorbonne-universite.fr,-,-,-,-,-,-,-,-,-,-,-,-,-,-,-,-,-
Bourekh,Zidane,3677063,zidane.bourekh@etu.sorbonne-universite.fr,Finished,"1 décembre 2021  11:10 ","1 décembre 2021  12:55 ","1 hour 45 mins",8.05,-,-,-,-,-,-,-,-,2.93,0.24,3.90,0.98
Bourlette,Lucas,3672216,lucas.bourlette@etu.sorbonne-universite.fr,-,-,-,-,-,-,-,-,-,-,-,-,-,-,-,-,-
Boutaleb,"Mohamed Allaa Eddine",21112734,Mohamed_Allaa_Eddine.Boutaleb@etu.sorbonne-universite.fr,Finished,"29 novembre 2021  4:18 ","29 novembre 2021  5:47 ","1 hour 28 mins",17.56,2.44,0.73,0.98,0.24,0.24,0.24,0.49,0.24,4.88,0.24,5.85,0.98
"Bouton Popper",Jules,28600665,jules.bouton.2@etu.sorbonne-universite.fr,-,-,-,-,-,-,-,-,-,-,-,-,-,-,-,-,-
Bouzaglou,Ariel,28607480,ariel.bouzaglou.1@etu.sorbonne-universite.fr,-,-,-,-,-,-,-,-,-,-,-,-,-,-,-,-,-
Boyadjiev,Todor,28507548,todor.boyadjiev.2@etu.sorbonne-universite.fr,-,-,-,-,-,-,-,-,-,-,-,-,-,-,-,-,-
Brazane,Sabrina,3803162,sabrina.brazane@etu.sorbonne-universite.fr,Finished,"30 novembre 2021  4:14 ","30 novembre 2021  5:09 ","54 mins 30 secs",16.34,2.44,0.73,0.98,0.24,0.24,0.24,0.49,0.24,4.63,0.24,5.85,0.00
Caraux,Theophane,28602627,theophane.caraux.1@etu.sorbonne-universite.fr,Finished,"30 novembre 2021  4:13 ","30 novembre 2021  5:17 ","1 hour 4 mins",14.63,2.44,0.73,0.98,0.24,0.24,0.00,0.49,0.00,4.63,0.00,3.90,0.98
Chaouati,Oualid,21114737,Oualid.Chaouati@etu.sorbonne-universite.fr,-,-,-,-,-,-,-,-,-,-,-,-,-,-,-,-,-
Charlot,Théo,3804195,theo.charlot@etu.sorbonne-universite.fr,Finished,"29 novembre 2021  4:02 ","29 novembre 2021  5:33 ","1 hour 31 mins",18.29,2.44,0.73,0.98,0.24,0.24,0.24,0.49,0.24,4.63,0.24,6.83,0.98
Chen,Jinhe,3802503,jinhe.chen@etu.sorbonne-universite.fr,Finished,"29 novembre 2021  4:13 ","29 novembre 2021  5:35 ","1 hour 22 mins",11.95,1.22,0.24,0.98,0.24,0.24,0.24,0.49,0.00,2.44,0.00,4.88,0.98
Cherfaoui,Melissa,28720090,Melissa.Cherfaoui@etu.sorbonne-universite.fr,Finished,"2 décembre 2021  6:00 ","2 décembre 2021  7:03 ","1 hour 3 mins",17.80,2.44,0.98,0.98,0.24,0.24,0.24,0.49,0.24,4.88,0.24,5.85,0.98
Cherfi,Farouck,3407463,farouck.cherfi@etu.sorbonne-universite.fr,Finished,"29 novembre 2021  4:08 ","29 novembre 2021  5:21 ","1 hour 13 mins",16.10,2.44,0.73,0.98,0.24,0.24,0.24,0.49,0.24,3.41,0.24,5.85,0.98
Chikh,Mehdi,3677161,mehdi.chikh@etu.sorbonne-universite.fr,Finished,"30 novembre 2021  4:22 ","30 novembre 2021  5:10 ","47 mins 47 secs",17.07,2.20,0.73,0.98,0.24,0.24,0.24,0.49,0.24,2.68,0.24,7.80,0.98
Cohen,Orlane,28603418,orlane.cohen.1@etu.sorbonne-universite.fr,Finished,"29 novembre 2021  4:10 ","29 novembre 2021  5:32 ","1 hour 21 mins",15.61,2.44,0.73,0.73,0.24,0.24,0.24,0.49,0.00,3.66,0.00,5.85,0.98
Corlue,Florian,28607538,florian.corlue.1@etu.sorbonne-universite.fr,Finished,"30 novembre 2021  4:14 ","30 novembre 2021  5:29 ","1 hour 14 mins",13.66,2.20,0.98,0.98,0.00,0.24,0.00,0.49,0.24,4.39,0.24,3.90,0.00
Curaut,Charline,3810013,Charline.Curaut@etu.sorbonne-universite.fr,-,-,-,-,-,-,-,-,-,-,-,-,-,-,-,-,-
Dabrowski,Mateusz,21109700,Mateusz.Dabrowski@etu.sorbonne-universite.fr,-,-,-,-,-,-,-,-,-,-,-,-,-,-,-,-,-
"De Sacy",Anne,28610199,anne.silvestre_de_sacy-nougaret-@etu.sorbonne-universite.fr,-,-,-,-,-,-,-,-,-,-,-,-,-,-,-,-,-
Delgado,Thomas,3407716,thomas.delgado@etu.sorbonne-universite.fr,Finished,"30 novembre 2021  4:12 ","30 novembre 2021  5:18 ","1 hour 5 mins",16.10,2.44,0.49,0.98,0.24,0.24,0.24,0.49,0.24,3.66,0.24,5.85,0.98
Diallo,Faldou,3674474,faldou.diallo@etu.sorbonne-universite.fr,Finished,"29 novembre 2021  4:13 ","29 novembre 2021  5:47 ","1 hour 34 mins",15.12,2.44,0.73,0.98,0.24,0.24,0.24,0.49,0.00,3.90,0.00,5.85,0.00
Diallo,"Mohamed Aliou",28604190,mohamed.diallo@etu.sorbonne-universite.fr,Finished,"30 novembre 2021  4:14 ","30 novembre 2021  5:18 ","1 hour 4 mins",15.12,2.44,0.73,0.98,0.24,0.24,0.00,0.49,0.24,4.63,0.24,3.90,0.98
Doucouré,Dramane,3520680,dramane.doucoure@etu.sorbonne-universite.fr,-,-,-,-,-,-,-,-,-,-,-,-,-,-,-,-,-
Doufene,Malik,21113747,Malik.Doufene@etu.sorbonne-universite.fr,Finished,"29 novembre 2021  4:07 ","29 novembre 2021  5:20 ","1 hour 13 mins",18.05,2.20,0.73,0.98,0.24,0.24,0.24,0.49,0.24,4.63,0.24,6.83,0.98
Drouard,François-Xavier,3800028,francois-xavier.drouard@etu.sorbonne-universite.fr,Finished,"29 novembre 2021  4:17 ","29 novembre 2021  5:40 ","1 hour 22 mins",17.07,2.44,0.73,0.98,0.24,0.24,0.24,0.49,0.24,4.39,0.24,5.85,0.98
Du,Sylvain,28607117,sylvain.du.1@etu.sorbonne-universite.fr,Finished,"29 novembre 2021  4:12 ","29 novembre 2021  5:32 ","1 hour 20 mins",14.63,1.95,0.73,0.98,0.24,0.24,0.24,0.49,0.00,4.39,0.00,4.88,0.49
Dziri,Hakim,3800075,hakim.dziri@etu.sorbonne-universite.fr,-,-,-,-,-,-,-,-,-,-,-,-,-,-,-,-,-
"El Bouhali",Mouataz,28619891,mouataz.el_bouhali@etu.sorbonne-universite.fr,Finished,"1 décembre 2021  10:58 ","1 décembre 2021  12:26 ","1 hour 27 mins",14.63,1.46,0.98,0.73,0.24,0.00,0.24,0.49,0.24,3.17,0.24,5.85,0.98
"El Fahdi",Ismaël,3802719,ismael.el_fahdi@etu.sorbonne-universite.fr,-,-,-,-,-,-,-,-,-,-,-,-,-,-,-,-,-
"El Ghali",Yosr,3802466,yosr.elghali@etu.sorbonne-universite.fr,-,-,-,-,-,-,-,-,-,-,-,-,-,-,-,-,-
"El Khaddar",Marwan,3673536,marwan.el_khaddar@etu.sorbonne-universite.fr,-,-,-,-,-,-,-,-,-,-,-,-,-,-,-,-,-
"El Youbi",Ali,3506467,ali.el_youbi@etu.sorbonne-universite.fr,-,-,-,-,-,-,-,-,-,-,-,-,-,-,-,-,-
Erjil,Hichem,28600653,hichem.erjil.1@etu.sorbonne-universite.fr,Finished,"30 novembre 2021  3:57 ","30 novembre 2021  5:04 ","1 hour 6 mins",15.85,2.20,0.98,0.98,0.24,0.24,0.24,0.49,0.24,3.17,0.24,5.85,0.98
Exertier,Firmin,28610514,firmin.exertier@etu.sorbonne-universite.fr,-,-,-,-,-,-,-,-,-,-,-,-,-,-,-,-,-
Fahmy,Youssef,28609831,youssef.fahmy@etu.sorbonne-universite.fr,-,-,-,-,-,-,-,-,-,-,-,-,-,-,-,-,-
Felix,Wycherley-Kassel,3702385,wycherley-kassel.felix@etu.sorbonne-universite.fr,-,-,-,-,-,-,-,-,-,-,-,-,-,-,-,-,-
Francoise,Raphael,28600759,raphael.francoise.1@etu.sorbonne-universite.fr,-,-,-,-,-,-,-,-,-,-,-,-,-,-,-,-,-
Frigola,Arthur,28607831,arthur.frigola.1@etu.sorbonne-universite.fr,-,-,-,-,-,-,-,-,-,-,-,-,-,-,-,-,-
Fu,Zhenyue,28620112,zhenyue.fu@etu.sorbonne-universite.fr,Finished,"2 décembre 2021  5:56 ","2 décembre 2021  6:44 ","48 mins 19 secs",17.56,2.44,0.73,0.98,0.24,0.24,0.24,0.49,0.24,3.90,0.24,6.83,0.98
Fumard,Lucas,28602386,lucas.fumard.1@etu.sorbonne-universite.fr,Finished,"2 décembre 2021  5:58 ","2 décembre 2021  6:42 ","43 mins 48 secs",17.07,2.20,0.98,0.98,0.24,0.24,0.24,0.49,0.24,4.39,0.24,5.85,0.98
Gallet,Camille,3700630,camille.gallet.1@etu.sorbonne-universite.fr,-,-,-,-,-,-,-,-,-,-,-,-,-,-,-,-,-
Gaudinot,Salomon,28600769,salomon.gaudinot.1@etu.sorbonne-universite.fr,Finished,"1 décembre 2021  10:58 ","1 décembre 2021  12:32 ","1 hour 33 mins",14.63,2.44,0.98,0.73,0.24,0.24,0.24,0.49,0.24,3.17,0.00,5.85,0.00
Gaydon,Julie,28606830,julie.gaydon@etu.sorbonne-universite.fr,Finished,"29 novembre 2021  4:47 ","29 novembre 2021  5:44 ","56 mins 53 secs",15.85,2.44,0.98,0.73,0.24,0.24,0.24,0.49,0.00,3.66,0.00,5.85,0.98
Gazquez,Miguel,28600492,miguel.gazquez.1@etu.sorbonne-universite.fr,Finished,"29 novembre 2021  4:12 ","29 novembre 2021  4:52 ","39 mins 53 secs",17.32,2.20,0.98,0.98,0.24,0.24,0.24,0.49,0.24,4.63,0.24,5.85,0.98
Giuliani,Carla,28605022,carla.giuliani.2@etu.sorbonne-universite.fr,Finished,"1 décembre 2021  10:58 ","1 décembre 2021  12:10 ","1 hour 11 mins",15.12,2.20,0.73,0.98,0.24,0.24,0.24,0.49,0.24,4.63,0.24,3.90,0.98
Gojak,Zlatan,3801873,zlatan.gojak@etu.sorbonne-universite.fr,-,-,-,-,-,-,-,-,-,-,-,-,-,-,-,-,-
Goulmot,Cedric,3971371,cedric.goulmot@etu.sorbonne-universite.fr,-,-,-,-,-,-,-,-,-,-,-,-,-,-,-,-,-
Guo,Youheng,28711440,Youheng.Guo@etu.sorbonne-universite.fr,Finished,"29 novembre 2021  4:00 ","29 novembre 2021  5:40 ","1 hour 39 mins",12.93,1.71,0.49,0.98,0.24,0.24,0.24,0.49,0.24,3.17,0.24,3.90,0.98
Hadji,Mohamed,3702996,mohamed.hadji@etu.sorbonne-universite.fr,-,-,-,-,-,-,-,-,-,-,-,-,-,-,-,-,-
Halila,Youssef,28610207,youssef.halila@etu.sorbonne-universite.fr,-,-,-,-,-,-,-,-,-,-,-,-,-,-,-,-,-
Halit,Yanis,28600464,yanis.halit.1@etu.sorbonne-universite.fr,Finished,"30 novembre 2021  4:18 ","30 novembre 2021  5:08 ","50 mins 24 secs",19.27,2.44,0.98,0.73,0.24,0.24,0.24,0.49,0.24,4.63,0.24,7.80,0.98
Hamadouche,Mebarek,28506638,mebarek.hamadouche@etu.sorbonne-universite.fr,-,-,-,-,-,-,-,-,-,-,-,-,-,-,-,-,-
Hamdi,Charafeddine,3800477,charafeddine.hamdi@etu.sorbonne-universite.fr,-,-,-,-,-,-,-,-,-,-,-,-,-,-,-,-,-
Hammachi,Nourdinne,28604304,nourdinne.hammachi.1@etu.sorbonne-universite.fr,Finished,"29 novembre 2021  4:02 ","29 novembre 2021  5:11 ","1 hour 8 mins",17.07,2.20,0.98,0.98,0.24,0.24,0.24,0.49,0.24,4.39,0.24,5.85,0.98
Hassanein,Youssef,3522807,youssef.hassanein@etu.sorbonne-universite.fr,-,-,-,-,-,-,-,-,-,-,-,-,-,-,-,-,-
Hayat,Ruben,28608396,ruben.hayat.1@etu.sorbonne-universite.fr,Finished,"30 novembre 2021  4:03 ","30 novembre 2021  5:14 ","1 hour 11 mins",19.27,2.44,0.98,0.98,0.24,0.24,0.24,0.49,0.24,4.39,0.24,7.80,0.98
Hebert,Thomas,3708782,thomas.hebert@etu.sorbonne-universite.fr,Finished,"30 novembre 2021  4:13 ","30 novembre 2021  5:17 ","1 hour 3 mins",16.59,2.20,0.73,0.98,0.24,0.24,0.00,0.49,0.24,4.39,0.24,5.85,0.98
Hwang,"Chan Yeong",28610448,chan.hwang@etu.sorbonne-universite.fr,Finished,"1 décembre 2021  10:59 ","1 décembre 2021  12:26 ","1 hour 27 mins",15.12,2.44,0.49,0.98,0.24,0.24,0.24,0.49,0.00,2.93,0.24,5.85,0.98
"Ibobi Sambila",Osee,3704090,osee.ibobi_sambila@etu.sorbonne-universite.fr,-,-,-,-,-,-,-,-,-,-,-,-,-,-,-,-,-
Idouar,Yacine,28610117,yacine.idouar@etu.sorbonne-universite.fr,-,-,-,-,-,-,-,-,-,-,-,-,-,-,-,-,-
Ikhenoussene,Yanis,28601953,yanis.ikhenoussene.1@etu.sorbonne-universite.fr,Finished,"2 décembre 2021  6:01 ","2 décembre 2021  6:44 ","42 mins 28 secs",16.59,2.20,0.98,0.98,0.24,0.24,0.24,0.49,0.24,3.90,0.24,5.85,0.98
Illouz,Maxime,28600470,maxime.illouz.1@etu.sorbonne-universite.fr,Finished,"1 décembre 2021  10:58 ","1 décembre 2021  12:28 ","1 hour 29 mins",17.32,2.44,0.73,0.98,0.24,0.24,0.24,0.49,0.24,4.63,0.24,5.85,0.98
Ith,Marc,3302184,marc.ith@etu.sorbonne-universite.fr,-,-,-,-,-,-,-,-,-,-,-,-,-,-,-,-,-
Jankovskaja,Elina,28607314,elina.jankovskaja.1@etu.sorbonne-universite.fr,-,-,-,-,-,-,-,-,-,-,-,-,-,-,-,-,-
"Jean Marie Flore",Samuel,3800583,samuel.jean_marie_flore@etu.sorbonne-universite.fr,-,-,-,-,-,-,-,-,-,-,-,-,-,-,-,-,-
Jriby,Jawher,3702809,jawher.jriby@etu.sorbonne-universite.fr,Finished,"1 décembre 2021  10:59 ","1 décembre 2021  12:25 ","1 hour 26 mins",14.63,1.46,0.73,0.73,0.24,0.24,0.24,0.49,0.24,3.17,0.24,5.85,0.98
"K Murali",Sharane,3701883,sharane.k_murali@etu.sorbonne-universite.fr,Finished,"29 novembre 2021  4:08 ","29 novembre 2021  5:24 ","1 hour 16 mins",16.34,2.44,0.73,0.98,0.24,0.24,0.24,0.49,0.24,3.66,0.24,5.85,0.98
Kabongo,Ben,21116436,Ben.Kabongo@etu.sorbonne-universite.fr,Finished,"29 novembre 2021  4:01 ","29 novembre 2021  5:35 ","1 hour 34 mins",12.93,1.22,0.73,0.98,0.24,0.24,0.24,0.49,0.24,3.41,0.24,4.88,0.00
Kada,Dina,28601301,dina.kada.1@etu.sorbonne-universite.fr,Finished,"29 novembre 2021  4:14 ","29 novembre 2021  5:21 ","1 hour 6 mins",15.12,2.20,0.24,0.98,0.24,0.24,0.24,0.49,0.00,4.63,0.00,5.85,0.00
Kamouche,Neila,28605864,neila.kamouche.1@etu.sorbonne-universite.fr,-,-,-,-,-,-,-,-,-,-,-,-,-,-,-,-,-
Ke,Ilene,3700453,ilene.ke@etu.sorbonne-universite.fr,-,-,-,-,-,-,-,-,-,-,-,-,-,-,-,-,-
Kedadry,Yannis,3808875,yannis.kedadry@etu.sorbonne-universite.fr,-,-,-,-,-,-,-,-,-,-,-,-,-,-,-,-,-
Kemiche,Koceila,21114731,Koceila.Kemiche@etu.sorbonne-universite.fr,Finished,"30 novembre 2021  4:20 ","30 novembre 2021  5:08 ","47 mins 58 secs",19.27,2.44,0.98,0.73,0.24,0.24,0.24,0.49,0.24,4.63,0.24,7.80,0.98
Kerharo,Cathy,28600559,cathy.kerharo.1@etu.sorbonne-universite.fr,Finished,"29 novembre 2021  4:09 ","29 novembre 2021  5:24 ","1 hour 14 mins",16.10,2.20,0.98,0.98,0.24,0.24,0.24,0.49,0.24,4.39,0.24,4.88,0.98
Khan,Anin,3801610,anin.khan@etu.sorbonne-universite.fr,-,-,-,-,-,-,-,-,-,-,-,-,-,-,-,-,-
Klich,"Nour Elhouda",28610130,nour.klich@etu.sorbonne-universite.fr,-,-,-,-,-,-,-,-,-,-,-,-,-,-,-,-,-
Kolli,Hamid,28717594,Hamid.Kolli@etu.sorbonne-universite.fr,Finished,"2 décembre 2021  6:10 ","2 décembre 2021  6:56 ","46 mins 7 secs",16.34,2.20,0.98,0.98,0.24,0.24,0.24,0.49,0.24,4.63,0.24,5.85,0.00
Korrabi,Madjid,28614924,madjid.korrabi@etu.sorbonne-universite.fr,-,-,-,-,-,-,-,-,-,-,-,-,-,-,-,-,-
Koskas,Ilan,3800162,ilan.koskas@etu.sorbonne-universite.fr,Finished,"30 novembre 2021  4:02 ","30 novembre 2021  4:57 ","54 mins 20 secs",19.27,2.44,0.73,0.98,0.24,0.24,0.24,0.49,0.24,4.63,0.24,7.80,0.98
"Koumgang Tegantchouang",Adrien,21109170,Adrien.Koumgang_Tegantchouang@etu.sorbonne-universite.fr,Finished,"30 novembre 2021  4:13 ","30 novembre 2021  5:46 ","1 hour 33 mins",16.10,2.44,0.24,0.98,0.24,0.24,0.24,0.49,0.24,3.90,0.24,5.85,0.98
Kwonn,Simon,3709743,simon.kwonn@etu.sorbonne-universite.fr,-,-,-,-,-,-,-,-,-,-,-,-,-,-,-,-,-
Labady,"Sterley Gilbert",21100776,Sterley_Gilbert.Labady@etu.sorbonne-universite.fr,Finished,"30 novembre 2021  4:13 ","30 novembre 2021  5:18 ","1 hour 5 mins",14.39,2.20,0.73,0.98,0.24,0.24,0.00,0.49,0.00,3.66,0.00,4.88,0.98
Lachachi,Yasmine,28710229,Yasmine.Lachachi@etu.sorbonne-universite.fr,-,-,-,-,-,-,-,-,-,-,-,-,-,-,-,-,-
Lachemot,Cédric,3705179,cedric.lachemot@etu.sorbonne-universite.fr,-,-,-,-,-,-,-,-,-,-,-,-,-,-,-,-,-
Lachgar,Amine,3802257,amine.lachgar@etu.sorbonne-universite.fr,Finished,"30 novembre 2021  5:19 ","30 novembre 2021  5:25 ","5 mins 31 secs",12.20,2.44,0.98,0.98,0.24,0.24,0.24,0.49,0.24,0.24,0.24,5.85,0.00
Lacoume,Claire,28610667,claire.lacoume@etu.sorbonne-universite.fr,Finished,"29 novembre 2021  4:11 ","29 novembre 2021  5:39 ","1 hour 27 mins",16.34,2.20,0.73,0.98,0.24,0.24,0.24,0.49,0.24,3.90,0.24,5.85,0.98
Lam,Stéphane,3672320,stephane.lam@etu.sorbonne-universite.fr,Finished,"30 novembre 2021  4:09 ","30 novembre 2021  5:27 ","1 hour 18 mins",16.34,2.44,0.73,0.98,0.24,0.24,0.24,0.49,0.24,4.63,0.24,5.85,0.00
Lechgar,Houssam,28610190,houssam.lechgar@etu.sorbonne-universite.fr,-,-,-,-,-,-,-,-,-,-,-,-,-,-,-,-,-
Lee,"Jae Wook",21108842,Jae_Wook.Lee@etu.sorbonne-universite.fr,-,-,-,-,-,-,-,-,-,-,-,-,-,-,-,-,-
Legendre--Despas,Jeanne,3810768,jeanne.legendre--despas@etu.sorbonne-universite.fr,-,-,-,-,-,-,-,-,-,-,-,-,-,-,-,-,-
Lemaitre,Alexandre,3876023,alexandre.lemaitre@etu.sorbonne-universite.fr,-,-,-,-,-,-,-,-,-,-,-,-,-,-,-,-,-
"Levanson Dit Akbarali","Mohamed Hasir",28601393,mohamed.levanson_dit_akbarali@etu.sorbonne-universite.fr,-,-,-,-,-,-,-,-,-,-,-,-,-,-,-,-,-
Li,Junji,28610187,junji.li@etu.sorbonne-universite.fr,-,-,-,-,-,-,-,-,-,-,-,-,-,-,-,-,-
Lifsal,Loubna,3309154,loubna.lifsal@etu.sorbonne-universite.fr,-,-,-,-,-,-,-,-,-,-,-,-,-,-,-,-,-
Lin,Charles,3812676,Charles.Lin@etu.sorbonne-universite.fr,-,-,-,-,-,-,-,-,-,-,-,-,-,-,-,-,-
Lin,Jeremy,28602292,jeremy.lin.1@etu.sorbonne-universite.fr,-,-,-,-,-,-,-,-,-,-,-,-,-,-,-,-,-
Longuet,Axel,28600563,axel.longuet.1@etu.sorbonne-universite.fr,-,-,-,-,-,-,-,-,-,-,-,-,-,-,-,-,-
Loyau-Kahn,Felix,28607223,felix.loyau-kahn@etu.sorbonne-universite.fr,-,-,-,-,-,-,-,-,-,-,-,-,-,-,-,-,-
Luo,Yukai,28620155,yukai.luo@etu.sorbonne-universite.fr,Finished,"1 décembre 2021  10:58 ","1 décembre 2021  12:24 ","1 hour 25 mins",15.85,1.71,0.98,0.73,0.24,0.24,0.00,0.49,0.24,4.15,0.24,5.85,0.98
Luvisamo,"Mulemesa Jessy",3415756,mulemesa.luvisamo@etu.sorbonne-universite.fr,Finished,"30 novembre 2021  3:56 ","30 novembre 2021  5:01 ","1 hour 5 mins",15.37,2.44,0.73,0.98,0.24,0.24,0.24,0.49,0.00,4.15,0.00,5.85,0.00
Ly,Sylvie,3522190,sylvie.ly@etu.sorbonne-universite.fr,-,-,-,-,-,-,-,-,-,-,-,-,-,-,-,-,-
Macabre,Loona,28609645,loona.macabre.1@etu.sorbonne-universite.fr,-,-,-,-,-,-,-,-,-,-,-,-,-,-,-,-,-
Maire,Maxence,28605064,maxence.maire@etu.sorbonne-universite.fr,-,-,-,-,-,-,-,-,-,-,-,-,-,-,-,-,-
Makhlouf,Rayane,28617603,rayane.makhlouf@etu.sorbonne-universite.fr,Finished,"29 novembre 2021  4:16 ","29 novembre 2021  5:49 ","1 hour 33 mins",16.34,2.44,0.73,0.98,0.24,0.24,0.24,0.49,0.24,4.63,0.24,5.85,0.00
Marques,Romain,28600712,romain.marques.1@etu.sorbonne-universite.fr,Finished,"30 novembre 2021  4:13 ","30 novembre 2021  5:21 ","1 hour 8 mins",17.56,2.44,0.73,0.98,0.24,0.24,0.24,0.49,0.24,4.88,0.24,5.85,0.98
Martin,Amaury,28610127,amaury.martin.1@etu.sorbonne-universite.fr,-,-,-,-,-,-,-,-,-,-,-,-,-,-,-,-,-
Mastor,Assia,28602563,assia.mastor.1@etu.sorbonne-universite.fr,-,-,-,-,-,-,-,-,-,-,-,-,-,-,-,-,-
Mazari,Messilva,28610328,messilva.mazari@etu.sorbonne-universite.fr,Finished,"2 décembre 2021  6:06 ","2 décembre 2021  7:21 ","1 hour 15 mins",14.15,2.20,0.73,0.98,0.24,0.24,0.24,0.49,0.24,3.66,0.24,3.90,0.98
Mbaye,Souleymane,28717871,Souleymane.Mbaye@etu.sorbonne-universite.fr,Finished,"29 novembre 2021  4:01 ","29 novembre 2021  5:36 ","1 hour 35 mins",14.63,2.20,0.73,0.98,0.24,0.24,0.24,0.49,0.00,3.66,0.00,4.88,0.98
Mbouranga,Winn-Elie,28601343,winn-elie.mbouranga.1@etu.sorbonne-universite.fr,Finished,"2 décembre 2021  5:58 ","2 décembre 2021  6:48 ","50 mins 35 secs",17.07,2.44,0.73,0.98,0.24,0.24,0.24,0.49,0.24,4.39,0.24,5.85,0.98
Meddah,Sarah,3603679,sarah.meddah@etu.sorbonne-universite.fr,-,-,-,-,-,-,-,-,-,-,-,-,-,-,-,-,-
Mekhloufi,Zakaria,3809215,zakaria.mekhloufi@etu.sorbonne-universite.fr,Finished,"2 décembre 2021  6:01 ","2 décembre 2021  7:06 ","1 hour 5 mins",17.07,2.44,0.98,0.98,0.24,0.24,0.24,0.49,0.24,4.39,0.00,5.85,0.98
Mellul,Yona,3800646,yona.mellul@etu.sorbonne-universite.fr,-,-,-,-,-,-,-,-,-,-,-,-,-,-,-,-,-
"Melot Chesnel",Josephine,28603036,josephine.melot_chesnel.1@etu.sorbonne-universite.fr,Finished,"1 décembre 2021  10:58 ","1 décembre 2021  12:24 ","1 hour 25 mins",16.34,2.20,0.73,0.98,0.24,0.24,0.24,0.49,0.00,4.39,0.00,5.85,0.98
Mendes,Hugo,3670527,hugo.mendes@etu.sorbonne-universite.fr,-,-,-,-,-,-,-,-,-,-,-,-,-,-,-,-,-
"Mendez Chacon",Paula,21109001,Paula.Mendez_Chacon@etu.sorbonne-universite.fr,Finished,"29 novembre 2021  4:13 ","29 novembre 2021  5:46 ","1 hour 32 mins",15.37,2.20,0.73,0.98,0.24,0.24,0.24,0.49,0.00,3.41,0.00,5.85,0.98
Millard,Maxime,28602830,maxime.millard.1@etu.sorbonne-universite.fr,-,-,-,-,-,-,-,-,-,-,-,-,-,-,-,-,-
Mistry,Darshan,3670280,darshan.mistry@etu.sorbonne-universite.fr,-,-,-,-,-,-,-,-,-,-,-,-,-,-,-,-,-
Mohamed,Djamila,28609129,djamila.mohamed@etu.sorbonne-universite.fr,-,-,-,-,-,-,-,-,-,-,-,-,-,-,-,-,-
Moreau,Nino,28603833,nino.moreau.1@etu.sorbonne-universite.fr,-,-,-,-,-,-,-,-,-,-,-,-,-,-,-,-,-
Moussouni,Amine,28720778,Amine.Moussouni@etu.sorbonne-universite.fr,Finished,"29 novembre 2021  4:13 ","29 novembre 2021  5:54 ","1 hour 41 mins",14.88,2.44,0.98,0.98,0.24,0.24,0.24,0.49,0.24,4.15,0.00,3.90,0.98
Naumenko,Polina,3521154,polina.naumenko@etu.sorbonne-universite.fr,-,-,-,-,-,-,-,-,-,-,-,-,-,-,-,-,-
Nedir,Rahmine,3872127,rahmine.nedir@etu.sorbonne-universite.fr,-,-,-,-,-,-,-,-,-,-,-,-,-,-,-,-,-
Nehlil,"Mouloud Samy",21113646,Mouloud_Samy.Nehlil@etu.sorbonne-universite.fr,Finished,"29 novembre 2021  4:01 ","29 novembre 2021  5:15 ","1 hour 14 mins",15.85,2.20,0.73,0.98,0.24,0.24,0.24,0.49,0.24,4.39,0.24,4.88,0.98
Nguyen,"Hoang Son",28709864,Hoang_Son.Nguyen@etu.sorbonne-universite.fr,-,-,-,-,-,-,-,-,-,-,-,-,-,-,-,-,-
Nguyen,"Ngoc Thien",21102696,Ngoc_Thien.Nguyen@etu.sorbonne-universite.fr,Finished,"3 décembre 2021  10:56 ","3 décembre 2021  11:37 ","40 mins 46 secs",16.83,2.20,0.98,0.98,0.24,0.24,0.24,0.49,0.24,4.15,0.24,5.85,0.98
Niang,Fallou,3803961,fallou.niang@etu.sorbonne-universite.fr,-,-,-,-,-,-,-,-,-,-,-,-,-,-,-,-,-
Olivar-Sanglar,Gabriel,28602191,gabriel.olivar.1@etu.sorbonne-universite.fr,-,-,-,-,-,-,-,-,-,-,-,-,-,-,-,-,-
Ouhenia,Ghiles,28716807,Ghiles.Ouhenia@etu.sorbonne-universite.fr,-,-,-,-,-,-,-,-,-,-,-,-,-,-,-,-,-
Ouni,Wassim,21112855,Wassim.Ouni@etu.sorbonne-universite.fr,-,-,-,-,-,-,-,-,-,-,-,-,-,-,-,-,-
Palisoc,Camille,28600602,camille.palisoc.1@etu.sorbonne-universite.fr,-,-,-,-,-,-,-,-,-,-,-,-,-,-,-,-,-
Parameswaralingam,Charles-Pragash,3670244,charles-pragash.parameswaralingam@etu.sorbonne-universite.fr,-,-,-,-,-,-,-,-,-,-,-,-,-,-,-,-,-
Pendelliou,Arthur,3809224,arthur.pendelliou@etu.sorbonne-universite.fr,-,-,-,-,-,-,-,-,-,-,-,-,-,-,-,-,-
Perrignon-Sommet,Thibault,21104636,Thibault.Perrignon-Sommet@etu.sorbonne-universite.fr,Finished,"29 novembre 2021  4:13 ","29 novembre 2021  5:14 ","1 hour 1 min",16.10,2.20,0.49,0.98,0.24,0.24,0.24,0.49,0.00,4.39,0.00,5.85,0.98
Pierre,Lauryn,28600518,lauryn.pierre.1@etu.sorbonne-universite.fr,Finished,"2 décembre 2021  5:56 ","2 décembre 2021  6:36 ","40 mins 13 secs",16.10,2.20,0.98,0.73,0.24,0.24,0.24,0.49,0.00,4.15,0.00,5.85,0.98
"Pierre Noel",Jericho,21113317,Jericho.Pierre_Noel@etu.sorbonne-universite.fr,-,-,-,-,-,-,-,-,-,-,-,-,-,-,-,-,-
Piffre,Baptiste,28636372,baptiste.piffre@etu.sorbonne-universite.fr,Finished,"30 novembre 2021  4:12 ","30 novembre 2021  5:01 ","48 mins 44 secs",17.07,2.20,0.73,0.98,0.24,0.24,0.24,0.49,0.00,4.15,0.00,6.83,0.98
Pinho,Goncalo,28602737,goncalo.pinho.1@etu.sorbonne-universite.fr,Finished,"30 novembre 2021  3:56 ","30 novembre 2021  5:03 ","1 hour 6 mins",17.32,2.20,0.98,0.98,0.24,0.24,0.24,0.49,0.24,4.63,0.24,5.85,0.98
Pirard,Emile,28600880,emile.pirard.1@etu.sorbonne-universite.fr,Finished,"1 décembre 2021  10:59 ","1 décembre 2021  12:20 ","1 hour 21 mins",17.56,2.44,0.98,0.98,0.24,0.24,0.24,0.49,0.24,5.12,0.24,5.85,0.49
Pulval-Dady,Alan,28603735,alan.pulval-dady.1@etu.sorbonne-universite.fr,Finished,"29 novembre 2021  4:00 ","29 novembre 2021  5:18 ","1 hour 17 mins",17.56,2.20,0.98,0.98,0.24,0.24,0.24,0.49,0.24,4.88,0.24,5.85,0.98
Ramdani,Cyrena,3805942,cyrena.ramdani@etu.sorbonne-universite.fr,Finished,"29 novembre 2021  4:03 ","29 novembre 2021  5:32 ","1 hour 28 mins",17.07,2.44,0.73,0.98,0.24,0.24,0.24,0.49,0.24,4.39,0.24,5.85,0.98
Rams,Sean,28605296,sean.rams.1@etu.sorbonne-universite.fr,-,-,-,-,-,-,-,-,-,-,-,-,-,-,-,-,-
Randrianarisoa,Roman,3808834,roman.randrianarisoa@etu.sorbonne-universite.fr,-,-,-,-,-,-,-,-,-,-,-,-,-,-,-,-,-
Richard,"Samantha Elisabeth",28009976,samantha.richard.2@etu.sorbonne-universite.fr,Finished,"2 décembre 2021  5:58 ","2 décembre 2021  6:35 ","37 mins 2 secs",16.59,2.44,0.98,0.98,0.24,0.24,0.24,0.49,0.24,3.66,0.24,5.85,0.98
Rozbully,Faraan,3700903,faraan.rozbully@etu.sorbonne-universite.fr,Finished,"3 décembre 2021  10:54 ","3 décembre 2021  11:53 ","58 mins 36 secs",16.10,2.20,0.98,0.98,0.24,0.24,0.24,0.49,0.24,3.41,0.24,5.85,0.98
Ruan,Thomas,28606375,thomas.ruan.1@etu.sorbonne-universite.fr,Finished,"1 décembre 2021  10:58 ","1 décembre 2021  12:26 ","1 hour 27 mins",16.34,2.44,0.98,0.73,0.24,0.24,0.00,0.49,0.24,3.90,0.24,5.85,0.98
"Ruiz Heredia","Jose Antonio",21109006,Jose_Antonio.Ruiz_Heredia@etu.sorbonne-universite.fr,-,-,-,-,-,-,-,-,-,-,-,-,-,-,-,-,-
Rzeszutko,Kamil,2800282,kamil.rzeszutko@etu.sorbonne-universite.fr,Finished,"30 novembre 2021  4:13 ","30 novembre 2021  5:28 ","1 hour 15 mins",15.37,1.95,0.49,0.98,0.24,0.00,0.24,0.49,0.00,3.17,0.00,6.83,0.98
Sadi,Amayas,28717408,Amayas.Sadi@etu.sorbonne-universite.fr,-,-,-,-,-,-,-,-,-,-,-,-,-,-,-,-,-
Sadykova,Karima,28610100,karima.sadykova@etu.sorbonne-universite.fr,-,-,-,-,-,-,-,-,-,-,-,-,-,-,-,-,-
Said,Sayafdine,28607006,sayafdine.said.1@etu.sorbonne-universite.fr,-,-,-,-,-,-,-,-,-,-,-,-,-,-,-,-,-
Samar,Anissa,21120079,Anissa.Samar@etu.sorbonne-universite.fr,-,-,-,-,-,-,-,-,-,-,-,-,-,-,-,-,-
Sane,Kemo,28617513,kemo.sane@etu.sorbonne-universite.fr,-,-,-,-,-,-,-,-,-,-,-,-,-,-,-,-,-
Sfez,Alexandre,3804652,alexandre.sfez@etu.sorbonne-universite.fr,-,-,-,-,-,-,-,-,-,-,-,-,-,-,-,-,-
Shi,Yulin,21112391,Yulin.Shi@etu.sorbonne-universite.fr,Finished,"29 novembre 2021  4:13 ","29 novembre 2021  5:40 ","1 hour 26 mins",15.85,1.46,0.73,0.98,0.24,0.24,0.24,0.49,0.00,4.63,0.00,5.85,0.98
Sima,Daniel-Ioan,3800992,daniel.sima@etu.sorbonne-universite.fr,Finished,"2 décembre 2021  6:00 ","2 décembre 2021  7:23 ","1 hour 22 mins",17.07,2.44,0.73,0.98,0.24,0.00,0.24,0.49,0.24,4.63,0.24,5.85,0.98
Simion,Mathys,28705217,Mathys.Simion@etu.sorbonne-universite.fr,Finished,"29 novembre 2021  4:31 ","29 novembre 2021  5:12 ","41 mins 39 secs",15.61,2.44,0.98,0.98,0.24,0.24,0.24,0.49,0.24,2.68,0.24,5.85,0.98
Singh,Nawelle,28600503,nawelle.singh.1@etu.sorbonne-universite.fr,Finished,"2 décembre 2021  6:00 ","2 décembre 2021  6:44 ","43 mins 51 secs",16.10,2.20,0.98,0.98,0.24,0.24,0.24,0.49,0.24,3.41,0.24,5.85,0.98
"Sitang Ewande",Ninine,3801541,ninine.sitang_ewande@etu.sorbonne-universite.fr,Finished,"29 novembre 2021  4:11 ","29 novembre 2021  5:43 ","1 hour 31 mins",16.59,2.44,0.73,0.98,0.24,0.24,0.24,0.49,0.00,4.39,0.00,5.85,0.98
Snaoui,Adam,21119283,Adam.Snaoui@etu.sorbonne-universite.fr,-,-,-,-,-,-,-,-,-,-,-,-,-,-,-,-,-
Sobot,Allen,28600456,allen.sobot.1@etu.sorbonne-universite.fr,Finished,"1 décembre 2021  11:00 ","1 décembre 2021  12:45 ","1 hour 45 mins",6.59,2.20,0.98,0.98,0.24,0.24,0.24,0.49,0.00,1.22,-,-,-
Sobot,Allen,28600456,allen.sobot.1@etu.sorbonne-universite.fr,Finished,"1 décembre 2021  12:52 ","1 décembre 2021  2:37 ","1 hour 45 mins",3.90,2.20,0.73,0.98,-,-,-,-,-,-,-,-,-
Sun,Amélie,28606343,amelie.sun.1@etu.sorbonne-universite.fr,-,-,-,-,-,-,-,-,-,-,-,-,-,-,-,-,-
Sylla,Amy,28618173,amy.sylla@etu.sorbonne-universite.fr,-,-,-,-,-,-,-,-,-,-,-,-,-,-,-,-,-
Tang,Remi,28624752,remi.tang@etu.sorbonne-universite.fr,-,-,-,-,-,-,-,-,-,-,-,-,-,-,-,-,-
Tchen,Clement,3703339,clement.tchen@etu.sorbonne-universite.fr,-,-,-,-,-,-,-,-,-,-,-,-,-,-,-,-,-
Terkmani,Kamelia,21116094,Kamelia.Terkmani@etu.sorbonne-universite.fr,-,-,-,-,-,-,-,-,-,-,-,-,-,-,-,-,-
Thirion,Lou,28614980,lou.thirion@etu.sorbonne-universite.fr,-,-,-,-,-,-,-,-,-,-,-,-,-,-,-,-,-
"Toguem Fotso","John Kevyn",3970693,john.toguem_fotso@etu.sorbonne-universite.fr,-,-,-,-,-,-,-,-,-,-,-,-,-,-,-,-,-
Tragha,Marwan,28615820,marwan.tragha@etu.sorbonne-universite.fr,-,-,-,-,-,-,-,-,-,-,-,-,-,-,-,-,-
Tran,"Le My",28603688,le.tran@etu.sorbonne-universite.fr,Finished,"30 novembre 2021  4:13 ","30 novembre 2021  5:26 ","1 hour 12 mins",10.73,0.73,0.00,0.98,0.24,0.24,-,0.49,0.00,4.15,-,3.90,0.00
Traore,Mamadou,2203537,mamadou.traore@etu.sorbonne-universite.fr,-,-,-,-,-,-,-,-,-,-,-,-,-,-,-,-,-
Trumic,Mihajlo,28606345,mihajlo.trumic@etu.sorbonne-universite.fr,Finished,"1 décembre 2021  10:59 ","1 décembre 2021  12:25 ","1 hour 25 mins",17.32,2.44,0.98,0.98,0.24,0.24,0.24,0.49,0.24,4.39,0.24,5.85,0.98
Vanrycke,Loann,3811248,loann.vanrycke@etu.sorbonne-universite.fr,Finished,"29 novembre 2021  4:25 ","29 novembre 2021  5:48 ","1 hour 22 mins",16.10,2.20,0.73,0.98,0.24,0.00,0.24,0.49,0.00,4.39,0.00,5.85,0.98
Vedanayagame,Souveda,28600150,souveda.vedanayagame.1@etu.sorbonne-universite.fr,Finished,"1 décembre 2021  10:58 ","1 décembre 2021  12:31 ","1 hour 32 mins",15.61,1.95,0.73,0.98,0.24,0.24,0.24,0.49,0.24,3.41,0.24,5.85,0.98
Vigano,Alice,3804657,alice.vigano@etu.sorbonne-universite.fr,-,-,-,-,-,-,-,-,-,-,-,-,-,-,-,-,-
Villard,Lorenzo,3801327,lorenzo.villard@etu.sorbonne-universite.fr,-,-,-,-,-,-,-,-,-,-,-,-,-,-,-,-,-
Wang,Zhe,21116827,Zhe.Wang@etu.sorbonne-universite.fr,-,-,-,-,-,-,-,-,-,-,-,-,-,-,-,-,-
Warmé-Janville,Auguste,3800191,auguste.warme-janville@etu.sorbonne-universite.fr,Finished,"30 novembre 2021  6:00 ","30 novembre 2021  6:37 ","37 mins 11 secs",13.90,2.20,0.73,0.98,0.24,0.24,0.00,0.49,0.00,3.17,0.00,4.88,0.98
Wu,Julie,28600741,julie.wu.1@etu.sorbonne-universite.fr,-,-,-,-,-,-,-,-,-,-,-,-,-,-,-,-,-
Wu,Isabelle,28606994,isabelle.wu.2@etu.sorbonne-universite.fr,Finished,"1 décembre 2021  10:58 ","1 décembre 2021  12:26 ","1 hour 28 mins",16.10,2.20,0.73,0.98,0.24,0.24,0.24,0.49,0.24,3.66,0.24,5.85,0.98
Xia,Alexandre,28604113,alexandre.xia.1@etu.sorbonne-universite.fr,-,-,-,-,-,-,-,-,-,-,-,-,-,-,-,-,-
Xu,Jin,3700044,jin.xu@etu.sorbonne-universite.fr,-,-,-,-,-,-,-,-,-,-,-,-,-,-,-,-,-
Yang,Kai,21107392,Kai.Yang@etu.sorbonne-universite.fr,-,-,-,-,-,-,-,-,-,-,-,-,-,-,-,-,-
Yehya,Jad,28609954,jad.yehya.1@etu.sorbonne-universite.fr,-,-,-,-,-,-,-,-,-,-,-,-,-,-,-,-,-
"Youcef Khodja",Amine,21113585,Amine.Youcef_Khodja@etu.sorbonne-universite.fr,-,-,-,-,-,-,-,-,-,-,-,-,-,-,-,-,-
Zanan,Nour,28607755,nour.zanan.1@etu.sorbonne-universite.fr,-,-,-,-,-,-,-,-,-,-,-,-,-,-,-,-,-
Zeng,Fanxiang,28600693,fanxiang.zeng@etu.sorbonne-universite.fr,Finished,"30 novembre 2021  4:13 ","30 novembre 2021  5:22 ","1 hour 9 mins",17.56,2.44,0.98,0.98,0.24,0.24,0.24,0.49,0.24,4.63,0.24,5.85,0.98
Zerbib,Raphael,28601765,raphael.zerbib.1@etu.sorbonne-universite.fr,-,-,-,-,-,-,-,-,-,-,-,-,-,-,-,-,-
Zhang,Yilu,28601009,yilu.zhang.1@etu.sorbonne-universite.fr,-,-,-,-,-,-,-,-,-,-,-,-,-,-,-,-,-
Zhang,Jacques,28607704,jacques.zhang.1@etu.sorbonne-universite.fr,Finished,"29 novembre 2021  4:01 ","29 novembre 2021  5:15 ","1 hour 14 mins",15.61,2.44,0.49,0.98,0.24,0.24,0.24,0.49,0.00,3.66,0.00,5.85,0.98
Zhang,Han,3970759,han.zhang@etu.sorbonne-universite.fr,Finished,"29 novembre 2021  4:11 ","29 novembre 2021  5:08 ","57 mins 2 secs",13.90,2.20,0.24,0.73,0.24,0.24,0.24,0.49,0.00,4.63,0.00,4.88,0.00
Zhang,Xu,3803083,xu.zhang@etu.sorbonne-universite.fr,Finished,"2 décembre 2021  6:12 ","2 décembre 2021  6:54 ","41 mins 38 secs",16.59,2.44,0.73,0.98,0.24,0.24,0.24,0.49,0.00,4.15,0.24,5.85,0.98
Zhuang,Christian,28601285,christian.zhuang.1@etu.sorbonne-universite.fr,Finished,"29 novembre 2021  4:17 ","29 novembre 2021  5:43 ","1 hour 25 mins",16.83,2.20,0.49,0.98,0.24,0.24,0.24,0.49,0.24,4.63,0.24,5.85,0.98
"Zou Al Guyna",Louai,3680880,louai.zou_al_guyna@etu.sorbonne-universite.fr,Finished,"30 novembre 2021  4:13 ","30 novembre 2021  5:04 ","51 mins 39 secs",17.80,2.44,0.98,0.98,0.24,0.24,0.24,0.49,0.24,3.90,0.24,6.83,0.98
Zouba,Thomas,21101133,Thomas.Zouba@etu.sorbonne-universite.fr,Finished,"2 décembre 2021  5:59 ","2 décembre 2021  6:31 ","32 mins 23 secs",16.83,2.44,0.98,0.98,0.24,0.24,0.24,0.49,0.24,3.90,0.24,5.85,0.98
Zouhri,Bilal,3703980,bilal.zouhri@etu.sorbonne-universite.fr,Finished,"3 décembre 2021  10:56 ","3 décembre 2021  12:02 ","1 hour 6 mins",14.88,1.46,0.98,0.98,0.24,0.24,0.24,0.49,0.24,4.88,0.24,4.88,0.00
"Overall average",,,,,,,,15.80,2.20,0.76,0.93,0.23,0.22,0.21,0.48,0.17,4.01,0.17,5.62,0.80
