﻿Surname,"First name","ID number","Email address",State,"Started on",Completed,"Time taken",Grade/20.00,"Q. 1 /6.67","Q. 2 /6.67","Q. 3 /6.67"
Abdillahi,"Ben Idris Michel",3812573,ben.abdillahi@etu.sorbonne-universite.fr,Finished,"8 novembre 2021  12:31 ","8 novembre 2021  1:57 ","1 hour 26 mins",14.96,5.08,5.56,4.32
Abeles,Walter,28610484,walter.abeles@etu.sorbonne-universite.fr,Finished,"8 novembre 2021  12:31 ","8 novembre 2021  2:01 ","1 hour 30 mins",8.39,3.30,0.56,4.54
Abkress,Barka,28606227,barka.abkress.1@etu.sorbonne-universite.fr,Finished,"8 novembre 2021  12:31 ","8 novembre 2021  2:01 ","1 hour 30 mins",9.62,3.81,1.11,4.70
Afoulous,Oumaima,3802791,oumaima.afoulous@etu.sorbonne-universite.fr,Finished,"8 novembre 2021  10:45 ","8 novembre 2021  12:15 ","1 hour 29 mins",2.54,1.89,-,0.66
"Ahmed Ali",Nassim,21113025,Nassim.Ahmed_Ali@etu.sorbonne-universite.fr,Finished,"8 novembre 2021  12:31 ","8 novembre 2021  2:01 ","1 hour 30 mins",11.00,1.92,3.89,5.19
"Ait Khelifa",Tanina,21110432,Tanina.Ait_Khelifa@etu.sorbonne-universite.fr,Finished,"8 novembre 2021  12:30 ","8 novembre 2021  2:00 ","1 hour 29 mins",11.38,3.41,2.78,5.19
Akhtarkhavari,Parto,28606489,parto.akhtarkhavari.1@etu.sorbonne-universite.fr,Finished,"8 novembre 2021  10:45 ","8 novembre 2021  12:15 ","1 hour 30 mins",5.41,3.08,1.67,0.66
"Al Awayd",Wissam,3701350,wissam.al_awayd@etu.sorbonne-universite.fr,Finished,"8 novembre 2021  10:48 ","8 novembre 2021  12:17 ","1 hour 29 mins",9.00,3.15,0.56,5.30
Alayoud,Yanis,28600748,yanis.alayoud.1@etu.sorbonne-universite.fr,Finished,"8 novembre 2021  10:45 ","8 novembre 2021  12:15 ","1 hour 29 mins",12.58,4.27,3.89,4.43
Albitar,Nadia,3671406,nadia.albitar@etu.sorbonne-universite.fr,Finished,"8 novembre 2021  10:45 ","8 novembre 2021  12:14 ","1 hour 29 mins",8.12,3.37,0.00,4.75
Alexandre,Ronald,3407195,ronald.alexandre@etu.sorbonne-universite.fr,-,-,-,-,-,-,-,-
Alliot,Leane,28602178,leane.alliot.1@etu.sorbonne-universite.fr,Finished,"8 novembre 2021  10:45 ","8 novembre 2021  12:15 ","1 hour 29 mins",8.12,3.63,0.56,3.93
Amanzougarene,Eldjouher,3601270,eldjouher.amanzougarene@etu.sorbonne-universite.fr,Finished,"8 novembre 2021  12:32 ","8 novembre 2021  2:26 ","1 hour 53 mins",3.82,3.22,-,0.60
Amnache,Atena,28618735,atena.amnache@etu.sorbonne-universite.fr,-,-,-,-,-,-,-,-
Amri,Malek,28710546,Malek.Amri@etu.sorbonne-universite.fr,Finished,"8 novembre 2021  10:45 ","8 novembre 2021  12:15 ","1 hour 29 mins",9.40,3.11,3.33,2.95
Aouchiche,Juba,28610319,juba.aouchiche@etu.sorbonne-universite.fr,Finished,"8 novembre 2021  10:45 ","8 novembre 2021  12:15 ","1 hour 30 mins",11.02,4.55,1.67,4.81
"Arbulu Sedano",Diego,3808688,diego.arbulu_sedano@etu.sorbonne-universite.fr,Finished,"8 novembre 2021  10:45 ","8 novembre 2021  12:15 ","1 hour 30 mins",10.21,4.74,0.00,5.46
Archambaud,Florian,3804270,florian.archambaud@etu.sorbonne-universite.fr,Finished,"8 novembre 2021  12:30 ","8 novembre 2021  2:02 ","1 hour 31 mins",15.83,3.59,6.67,5.57
Arnal,Anaïs,28609148,anais.arnal@etu.sorbonne-universite.fr,Finished,"8 novembre 2021  10:45 ","8 novembre 2021  12:14 ","1 hour 29 mins",12.14,3.94,3.89,4.32
Atsé,Yapi,3803860,yapi.atse@etu.sorbonne-universite.fr,Finished,"8 novembre 2021  10:45 ","8 novembre 2021  12:15 ","1 hour 30 mins",6.31,2.37,0.56,3.39
Ayed,Bilel,28626848,bilel.ayed.1@etu.sorbonne-universite.fr,Finished,"8 novembre 2021  10:45 ","8 novembre 2021  12:15 ","1 hour 30 mins",9.17,-,2.78,6.39
Baasch,Matthias,21109634,Matthias.Baasch@etu.sorbonne-universite.fr,-,-,-,-,-,-,-,-
Babaali,Mohamed,28601465,mohamed.babaali.1@etu.sorbonne-universite.fr,Finished,"8 novembre 2021  10:45 ","8 novembre 2021  12:15 ","1 hour 29 mins",6.70,3.41,0.56,2.73
Bait,Alexander,28609336,alexander.bait.1@etu.sorbonne-universite.fr,Finished,"8 novembre 2021  10:46 ","8 novembre 2021  12:16 ","1 hour 30 mins",12.88,2.36,5.00,5.52
Ball,Ndiaye,3702933,ndiaye.ball@etu.sorbonne-universite.fr,Finished,"8 novembre 2021  12:37 ","8 novembre 2021  2:05 ","1 hour 28 mins",7.80,1.61,1.11,5.08
Baloul,"Mohamed Ryane",21113008,Mohamed_Ryane.Baloul@etu.sorbonne-universite.fr,Finished,"8 novembre 2021  10:52 ","8 novembre 2021  12:22 ","1 hour 30 mins",6.68,2.96,0.00,3.72
Bayoudh,Fares,28600163,fares.bayoudh.1@etu.sorbonne-universite.fr,Finished,"8 novembre 2021  10:45 ","8 novembre 2021  12:15 ","1 hour 30 mins",11.29,3.96,3.33,3.99
Bazil,Olando,28608499,olando.bazil@etu.sorbonne-universite.fr,Finished,"8 novembre 2021  12:30 ","8 novembre 2021  2:00 ","1 hour 30 mins",8.69,3.15,1.67,3.88
Beldjilali,Amel,21115553,Amel.Beldjilali@etu.sorbonne-universite.fr,Finished,"8 novembre 2021  12:30 ","8 novembre 2021  2:00 ","1 hour 30 mins",15.46,3.80,5.00,6.67
Bellaiche,Samuel,28600786,samuel.bellaiche.1@etu.sorbonne-universite.fr,Finished,"8 novembre 2021  10:45 ","8 novembre 2021  11:50 ","1 hour 5 mins",13.65,4.35,3.89,5.41
Bellaoud,Nassim,3700196,nassim.bellaoud@etu.sorbonne-universite.fr,Finished,"8 novembre 2021  10:46 ","8 novembre 2021  12:15 ","1 hour 29 mins",8.75,4.26,0.56,3.93
Ben-Mohamed,Ines,28607963,ines.ben-mohamed.1@etu.sorbonne-universite.fr,Finished,"8 novembre 2021  10:45 ","8 novembre 2021  12:15 ","1 hour 30 mins",8.54,4.02,2.22,2.30
Benhaddad,Ahcene,3804630,ahcene.benhadddad@etu.sorbonne-universite.fr,Finished,"8 novembre 2021  12:30 ","8 novembre 2021  2:00 ","1 hour 30 mins",2.90,0.66,-,2.24
Benlaldj,"Zohra Chihez",21112712,Zohra_Chihez.Benlaldj@etu.sorbonne-universite.fr,Finished,"8 novembre 2021  12:30 ","8 novembre 2021  2:00 ","1 hour 30 mins",9.98,5.50,0.00,4.48
Benmansour,Sofiane,3504377,sofiane.benmansour@etu.sorbonne-universite.fr,-,-,-,-,-,-,-,-
Berrada,Nacer,28610440,nacer.berrada@etu.sorbonne-universite.fr,Finished,"8 novembre 2021  10:45 ","8 novembre 2021  12:15 ","1 hour 30 mins",11.02,3.71,2.22,5.08
Berrichi,Manelle,28600291,manelle.berrichi.1@etu.sorbonne-universite.fr,Finished,"8 novembre 2021  10:45 ","8 novembre 2021  12:15 ","1 hour 30 mins",10.45,3.81,1.11,5.52
Besnier,Lucien,3803479,lucien.besnier@etu.sorbonne-universite.fr,Finished,"8 novembre 2021  10:45 ","8 novembre 2021  11:29 ","44 mins 7 secs",3.63,3.46,0.00,0.16
Bessad,Melina,28610730,melina.bessad@etu.sorbonne-universite.fr,Finished,"8 novembre 2021  10:46 ","8 novembre 2021  12:16 ","1 hour 30 mins",6.05,4.19,0.00,1.86
Bikou,Angie-Sofia,3700648,angie-sofia.bikou@etu.sorbonne-universite.fr,Finished,"8 novembre 2021  10:46 ","8 novembre 2021  12:16 ","1 hour 30 mins",7.37,3.74,1.67,1.97
Billon,Martin,3801962,martin.billon@etu.sorbonne-universite.fr,Finished,"8 novembre 2021  10:46 ","8 novembre 2021  12:13 ","1 hour 26 mins",9.14,3.59,5.00,0.55
"Blasco Gallego",Lucia,21109706,Lucia.Blasco_Gallego@etu.sorbonne-universite.fr,Finished,"8 novembre 2021  12:34 ","8 novembre 2021  2:04 ","1 hour 29 mins",8.88,3.07,4.44,1.37
Boda,Jeremy,28603394,jeremy.boda.1@etu.sorbonne-universite.fr,Finished,"8 novembre 2021  10:45 ","8 novembre 2021  11:49 ","1 hour 4 mins",12.39,3.15,3.89,5.36
Bontempelli,Manon,28600844,manon.bontempelli.1@etu.sorbonne-universite.fr,Finished,"8 novembre 2021  10:46 ","8 novembre 2021  12:16 ","1 hour 29 mins",5.04,2.02,1.11,1.91
Bouaicha,Kenza,3703308,kenza.bouaicha@etu.sorbonne-universite.fr,Finished,"8 novembre 2021  10:46 ","8 novembre 2021  12:15 ","1 hour 29 mins",4.76,3.39,0.56,0.82
Boucherrab,Rayan,28610497,rayan.boucherrab@etu.sorbonne-universite.fr,Finished,"8 novembre 2021  10:52 ","8 novembre 2021  12:22 ","1 hour 29 mins",9.80,3.73,3.33,2.73
Bouchouchi,Nour,28600211,nour.bouchouchi.1@etu.sorbonne-universite.fr,Finished,"8 novembre 2021  10:55 ","8 novembre 2021  12:25 ","1 hour 29 mins",15.19,4.07,4.44,6.67
Bouheraoua,Sarah,21113695,Sarah.Bouheraoua@etu.sorbonne-universite.fr,Finished,"8 novembre 2021  10:47 ","8 novembre 2021  12:17 ","1 hour 29 mins",4.44,0.11,0.56,3.77
Bouhraoua,Ines,21115204,Ines.Bouhraoua@etu.sorbonne-universite.fr,Finished,"8 novembre 2021  10:45 ","8 novembre 2021  12:15 ","1 hour 30 mins",8.74,2.93,1.11,4.70
Bouloudani,Haroun,28002307,Haroun.Bouloudani@etu.sorbonne-universite.fr,Finished,"8 novembre 2021  10:45 ","8 novembre 2021  12:15 ","1 hour 30 mins",8.87,3.71,1.11,4.04
Bounichou,Hugo,3700560,hugo.bounichou@etu.sorbonne-universite.fr,Finished,"8 novembre 2021  10:45 ","8 novembre 2021  12:15 ","1 hour 30 mins",10.66,3.64,1.67,5.36
Bourekh,Zidane,3677063,zidane.bourekh@etu.sorbonne-universite.fr,Finished,"8 novembre 2021  10:45 ","8 novembre 2021  12:15 ","1 hour 30 mins",9.14,3.16,1.67,4.32
Bourlette,Lucas,3672216,lucas.bourlette@etu.sorbonne-universite.fr,-,-,-,-,-,-,-,-
Boutaleb,"Mohamed Allaa Eddine",21112734,Mohamed_Allaa_Eddine.Boutaleb@etu.sorbonne-universite.fr,Finished,"8 novembre 2021  10:46 ","8 novembre 2021  12:16 ","1 hour 30 mins",13.35,4.52,2.22,6.61
"Bouton Popper",Jules,28600665,jules.bouton.2@etu.sorbonne-universite.fr,Finished,"8 novembre 2021  10:45 ","8 novembre 2021  12:15 ","1 hour 30 mins",12.24,3.71,3.33,5.19
Bouzaglou,Ariel,28607480,ariel.bouzaglou.1@etu.sorbonne-universite.fr,Finished,"8 novembre 2021  10:46 ","8 novembre 2021  12:16 ","1 hour 30 mins",7.35,2.76,0.00,4.59
Boyadjiev,Todor,28507548,todor.boyadjiev.2@etu.sorbonne-universite.fr,Finished,"8 novembre 2021  10:45 ","8 novembre 2021  12:15 ","1 hour 30 mins",11.61,3.48,2.78,5.36
Brazane,Sabrina,3803162,sabrina.brazane@etu.sorbonne-universite.fr,Finished,"8 novembre 2021  10:45 ","8 novembre 2021  12:15 ","1 hour 30 mins",5.88,2.00,-,3.88
Caraux,Theophane,28602627,theophane.caraux.1@etu.sorbonne-universite.fr,Finished,"8 novembre 2021  10:45 ","8 novembre 2021  12:15 ","1 hour 30 mins",13.67,4.82,2.78,6.07
Chaouati,Oualid,21114737,Oualid.Chaouati@etu.sorbonne-universite.fr,Finished,"8 novembre 2021  10:45 ","8 novembre 2021  12:15 ","1 hour 30 mins",9.04,2.50,2.22,4.32
Charlot,Théo,3804195,theo.charlot@etu.sorbonne-universite.fr,Finished,"8 novembre 2021  10:45 ","8 novembre 2021  12:14 ","1 hour 28 mins",6.32,4.11,1.67,0.55
Chen,Jinhe,3802503,jinhe.chen@etu.sorbonne-universite.fr,Finished,"8 novembre 2021  10:45 ","8 novembre 2021  12:15 ","1 hour 29 mins",9.17,2.85,2.22,4.10
Cherfaoui,Melissa,28720090,Melissa.Cherfaoui@etu.sorbonne-universite.fr,Finished,"8 novembre 2021  12:30 ","8 novembre 2021  2:00 ","1 hour 30 mins",14.17,3.59,5.00,5.57
Cherfi,Farouck,3407463,farouck.cherfi@etu.sorbonne-universite.fr,Finished,"8 novembre 2021  12:30 ","8 novembre 2021  1:59 ","1 hour 29 mins",9.43,4.00,1.11,4.32
Chikh,Mehdi,3677161,mehdi.chikh@etu.sorbonne-universite.fr,Finished,"8 novembre 2021  12:30 ","8 novembre 2021  1:57 ","1 hour 26 mins",12.74,2.43,6.11,4.21
Cohen,Orlane,28603418,orlane.cohen.1@etu.sorbonne-universite.fr,Finished,"8 novembre 2021  10:46 ","8 novembre 2021  12:15 ","1 hour 28 mins",11.61,5.09,1.11,5.41
Corlue,Florian,28607538,florian.corlue.1@etu.sorbonne-universite.fr,Finished,"8 novembre 2021  10:45 ","8 novembre 2021  12:15 ","1 hour 29 mins",7.44,3.18,3.33,0.93
Curaut,Charline,3810013,Charline.Curaut@etu.sorbonne-universite.fr,Finished,"8 novembre 2021  10:45 ","8 novembre 2021  12:13 ","1 hour 27 mins",13.43,6.24,1.67,5.52
Dabrowski,Mateusz,21109700,Mateusz.Dabrowski@etu.sorbonne-universite.fr,-,-,-,-,-,-,-,-
"De Sacy",Anne,28610199,anne.silvestre_de_sacy-nougaret-@etu.sorbonne-universite.fr,Finished,"8 novembre 2021  10:45 ","8 novembre 2021  12:14 ","1 hour 29 mins",16.77,5.08,6.11,5.57
Delgado,Thomas,3407716,thomas.delgado@etu.sorbonne-universite.fr,Finished,"8 novembre 2021  10:55 ","8 novembre 2021  12:10 ","1 hour 15 mins",8.86,4.38,0.00,4.48
Diallo,"Mohamed Aliou",28604190,mohamed.diallo@etu.sorbonne-universite.fr,Finished,"8 novembre 2021  10:45 ","8 novembre 2021  12:14 ","1 hour 29 mins",8.42,4.15,0.56,3.72
Diallo,Faldou,3674474,faldou.diallo@etu.sorbonne-universite.fr,Finished,"8 novembre 2021  10:46 ","8 novembre 2021  12:15 ","1 hour 28 mins",5.94,3.15,-,2.79
Doucouré,Dramane,3520680,dramane.doucoure@etu.sorbonne-universite.fr,-,-,-,-,-,-,-,-
Doufene,Malik,21113747,Malik.Doufene@etu.sorbonne-universite.fr,Finished,"8 novembre 2021  10:46 ","8 novembre 2021  12:16 ","1 hour 30 mins",12.14,4.39,2.78,4.97
Drouard,François-Xavier,3800028,francois-xavier.drouard@etu.sorbonne-universite.fr,Finished,"8 novembre 2021  10:46 ","8 novembre 2021  12:15 ","1 hour 29 mins",12.47,4.06,2.78,5.63
Du,Sylvain,28607117,sylvain.du.1@etu.sorbonne-universite.fr,Finished,"8 novembre 2021  10:45 ","8 novembre 2021  12:15 ","1 hour 30 mins",11.58,5.50,1.11,4.97
Dziri,Hakim,3800075,hakim.dziri@etu.sorbonne-universite.fr,Finished,"8 novembre 2021  10:53 ","8 novembre 2021  12:18 ","1 hour 24 mins",5.37,0.61,0.00,4.75
"El Bouhali",Mouataz,28619891,mouataz.el_bouhali@etu.sorbonne-universite.fr,Finished,"8 novembre 2021  10:45 ","8 novembre 2021  12:15 ","1 hour 30 mins",2.38,2.00,0.00,0.38
"El Fahdi",Ismaël,3802719,ismael.el_fahdi@etu.sorbonne-universite.fr,-,-,-,-,-,-,-,-
"El Ghali",Yosr,3802466,yosr.elghali@etu.sorbonne-universite.fr,Finished,"8 novembre 2021  12:36 ","8 novembre 2021  2:06 ","1 hour 30 mins",8.63,4.26,-,4.37
"El Khaddar",Marwan,3673536,marwan.el_khaddar@etu.sorbonne-universite.fr,-,-,-,-,-,-,-,-
"El Youbi",Ali,3506467,ali.el_youbi@etu.sorbonne-universite.fr,-,-,-,-,-,-,-,-
Erjil,Hichem,28600653,hichem.erjil.1@etu.sorbonne-universite.fr,Finished,"8 novembre 2021  12:30 ","8 novembre 2021  1:59 ","1 hour 29 mins",14.29,2.77,6.11,5.41
Exertier,Firmin,28610514,firmin.exertier@etu.sorbonne-universite.fr,Finished,"8 novembre 2021  10:45 ","8 novembre 2021  12:15 ","1 hour 30 mins",6.36,0.56,3.89,1.91
Fahmy,Youssef,28609831,youssef.fahmy@etu.sorbonne-universite.fr,Finished,"8 novembre 2021  10:45 ","8 novembre 2021  12:15 ","1 hour 30 mins",9.56,1.00,2.22,6.34
Felix,Wycherley-Kassel,3702385,wycherley-kassel.felix@etu.sorbonne-universite.fr,Finished,"8 novembre 2021  10:45 ","8 novembre 2021  12:15 ","1 hour 30 mins",6.47,3.46,-,3.01
Francoise,Raphael,28600759,raphael.francoise.1@etu.sorbonne-universite.fr,Finished,"8 novembre 2021  10:45 ","8 novembre 2021  12:15 ","1 hour 30 mins",14.33,3.83,3.89,6.61
Frigola,Arthur,28607831,arthur.frigola.1@etu.sorbonne-universite.fr,Finished,"8 novembre 2021  10:45 ","8 novembre 2021  12:15 ","1 hour 30 mins",6.79,4.70,0.56,1.53
Fu,Zhenyue,28620112,zhenyue.fu@etu.sorbonne-universite.fr,Finished,"8 novembre 2021  10:45 ","8 novembre 2021  12:15 ","1 hour 29 mins",10.47,3.94,1.67,4.86
Fumard,Lucas,28602386,lucas.fumard.1@etu.sorbonne-universite.fr,Finished,"8 novembre 2021  10:45 ","8 novembre 2021  12:15 ","1 hour 29 mins",14.05,4.71,2.78,6.56
Gallet,Camille,3700630,camille.gallet.1@etu.sorbonne-universite.fr,Finished,"8 novembre 2021  10:45 ","8 novembre 2021  12:15 ","1 hour 30 mins",10.75,3.27,2.78,4.70
Gaudinot,Salomon,28600769,salomon.gaudinot.1@etu.sorbonne-universite.fr,Finished,"8 novembre 2021  10:45 ","8 novembre 2021  12:15 ","1 hour 30 mins",12.02,3.11,3.33,5.57
Gaydon,Julie,28606830,julie.gaydon@etu.sorbonne-universite.fr,Finished,"8 novembre 2021  10:45 ","8 novembre 2021  12:15 ","1 hour 30 mins",6.50,3.81,1.11,1.58
Gazquez,Miguel,28600492,miguel.gazquez.1@etu.sorbonne-universite.fr,Finished,"8 novembre 2021  12:30 ","8 novembre 2021  1:54 ","1 hour 23 mins",15.74,4.31,6.67,4.75
Giuliani,Carla,28605022,carla.giuliani.2@etu.sorbonne-universite.fr,Finished,"8 novembre 2021  10:45 ","8 novembre 2021  12:15 ","1 hour 29 mins",10.20,3.36,3.89,2.95
Gojak,Zlatan,3801873,zlatan.gojak@etu.sorbonne-universite.fr,Finished,"8 novembre 2021  12:30 ","8 novembre 2021  1:55 ","1 hour 25 mins",8.66,2.84,1.67,4.15
Goulmot,Cedric,3971371,cedric.goulmot@etu.sorbonne-universite.fr,-,-,-,-,-,-,-,-
Guo,Youheng,28711440,Youheng.Guo@etu.sorbonne-universite.fr,Finished,"8 novembre 2021  10:46 ","8 novembre 2021  12:16 ","1 hour 29 mins",8.54,3.68,0.00,4.86
Hadji,Mohamed,3702996,mohamed.hadji@etu.sorbonne-universite.fr,Finished,"8 novembre 2021  10:45 ","8 novembre 2021  12:15 ","1 hour 29 mins",8.89,3.16,2.78,2.95
Halila,Youssef,28610207,youssef.halila@etu.sorbonne-universite.fr,-,-,-,-,-,-,-,-
Halit,Yanis,28600464,yanis.halit.1@etu.sorbonne-universite.fr,Finished,"8 novembre 2021  10:45 ","8 novembre 2021  12:15 ","1 hour 30 mins",8.42,3.32,1.11,3.99
Hamadouche,Mebarek,28506638,mebarek.hamadouche@etu.sorbonne-universite.fr,Finished,"8 novembre 2021  10:45 ","8 novembre 2021  12:15 ","1 hour 30 mins",8.56,3.42,3.89,1.26
Hamdi,Charafeddine,3800477,charafeddine.hamdi@etu.sorbonne-universite.fr,Finished,"8 novembre 2021  12:31 ","8 novembre 2021  2:18 ","1 hour 47 mins",6.34,2.02,0.56,3.77
Hammachi,Nourdinne,28604304,nourdinne.hammachi.1@etu.sorbonne-universite.fr,Finished,"8 novembre 2021  10:45 ","8 novembre 2021  12:15 ","1 hour 30 mins",7.98,3.60,0.56,3.83
Hassanein,Youssef,3522807,youssef.hassanein@etu.sorbonne-universite.fr,-,-,-,-,-,-,-,-
Hayat,Ruben,28608396,ruben.hayat.1@etu.sorbonne-universite.fr,Finished,"8 novembre 2021  10:45 ","8 novembre 2021  12:15 ","1 hour 30 mins",11.07,4.15,2.22,4.70
Hebert,Thomas,3708782,thomas.hebert@etu.sorbonne-universite.fr,Finished,"8 novembre 2021  10:45 ","8 novembre 2021  12:15 ","1 hour 30 mins",8.61,3.81,2.78,2.02
Hwang,"Chan Yeong",28610448,chan.hwang@etu.sorbonne-universite.fr,Finished,"8 novembre 2021  10:45 ","8 novembre 2021  12:15 ","1 hour 30 mins",9.88,3.66,2.78,3.44
"Ibobi Sambila",Osee,3704090,osee.ibobi_sambila@etu.sorbonne-universite.fr,-,-,-,-,-,-,-,-
Idouar,Yacine,28610117,yacine.idouar@etu.sorbonne-universite.fr,Finished,"8 novembre 2021  10:46 ","8 novembre 2021  12:14 ","1 hour 28 mins",12.73,4.49,2.78,5.46
Ikhenoussene,Yanis,28601953,yanis.ikhenoussene.1@etu.sorbonne-universite.fr,Finished,"8 novembre 2021  10:45 ","8 novembre 2021  12:15 ","1 hour 30 mins",8.67,2.99,0.00,5.68
Illouz,Maxime,28600470,maxime.illouz.1@etu.sorbonne-universite.fr,Finished,"8 novembre 2021  10:45 ","8 novembre 2021  12:14 ","1 hour 29 mins",3.48,2.22,0.00,1.26
Ith,Marc,3302184,marc.ith@etu.sorbonne-universite.fr,-,-,-,-,-,-,-,-
Jankovskaja,Elina,28607314,elina.jankovskaja.1@etu.sorbonne-universite.fr,Finished,"8 novembre 2021  12:30 ","8 novembre 2021  2:00 ","1 hour 30 mins",11.52,3.81,3.33,4.37
"Jean Marie Flore",Samuel,3800583,samuel.jean_marie_flore@etu.sorbonne-universite.fr,Finished,"8 novembre 2021  10:45 ","8 novembre 2021  12:14 ","1 hour 28 mins",7.83,3.19,3.33,1.31
Jriby,Jawher,3702809,jawher.jriby@etu.sorbonne-universite.fr,Finished,"8 novembre 2021  10:45 ","8 novembre 2021  12:13 ","1 hour 28 mins",9.83,3.26,1.11,5.46
"K Murali",Sharane,3701883,sharane.k_murali@etu.sorbonne-universite.fr,-,-,-,-,-,-,-,-
Kabongo,Ben,21116436,Ben.Kabongo@etu.sorbonne-universite.fr,Finished,"8 novembre 2021  10:45 ","8 novembre 2021  12:15 ","1 hour 29 mins",11.34,3.11,1.67,6.56
Kada,Dina,28601301,dina.kada.1@etu.sorbonne-universite.fr,Finished,"8 novembre 2021  10:45 ","8 novembre 2021  12:14 ","1 hour 28 mins",7.85,2.10,0.56,5.19
Kamouche,Neila,28605864,neila.kamouche.1@etu.sorbonne-universite.fr,Finished,"8 novembre 2021  10:45 ","8 novembre 2021  12:09 ","1 hour 23 mins",6.71,3.38,0.00,3.33
Ke,Ilene,3700453,ilene.ke@etu.sorbonne-universite.fr,Finished,"8 novembre 2021  10:45 ","8 novembre 2021  12:14 ","1 hour 28 mins",6.05,2.17,0.00,3.88
Kedadry,Yannis,3808875,yannis.kedadry@etu.sorbonne-universite.fr,Finished,"8 novembre 2021  10:45 ","8 novembre 2021  12:09 ","1 hour 24 mins",13.13,4.94,3.33,4.86
Kemiche,Koceila,21114731,Koceila.Kemiche@etu.sorbonne-universite.fr,Finished,"8 novembre 2021  10:45 ","8 novembre 2021  12:15 ","1 hour 29 mins",9.37,3.41,0.56,5.41
Kerharo,Cathy,28600559,cathy.kerharo.1@etu.sorbonne-universite.fr,Finished,"8 novembre 2021  10:45 ","8 novembre 2021  12:13 ","1 hour 28 mins",13.34,5.55,2.22,5.57
Khan,Anin,3801610,anin.khan@etu.sorbonne-universite.fr,Finished,"8 novembre 2021  10:45 ","8 novembre 2021  12:13 ","1 hour 28 mins",15.50,4.94,3.89,6.67
Klich,"Nour Elhouda",28610130,nour.klich@etu.sorbonne-universite.fr,Finished,"8 novembre 2021  10:45 ","8 novembre 2021  12:14 ","1 hour 29 mins",10.02,3.19,2.78,4.04
Kolli,Hamid,28717594,Hamid.Kolli@etu.sorbonne-universite.fr,Finished,"8 novembre 2021  10:45 ","8 novembre 2021  12:15 ","1 hour 29 mins",11.88,3.13,3.89,4.86
Korrabi,Madjid,28614924,madjid.korrabi@etu.sorbonne-universite.fr,Finished,"8 novembre 2021  12:35 ","8 novembre 2021  2:04 ","1 hour 29 mins",6.80,2.61,2.22,1.97
Koskas,Ilan,3800162,ilan.koskas@etu.sorbonne-universite.fr,Finished,"8 novembre 2021  12:32 ","8 novembre 2021  2:01 ","1 hour 29 mins",6.03,3.27,1.67,1.09
"Koumgang Tegantchouang",Adrien,21109170,Adrien.Koumgang_Tegantchouang@etu.sorbonne-universite.fr,Finished,"8 novembre 2021  12:31 ","8 novembre 2021  2:01 ","1 hour 30 mins",11.52,4.60,5.56,1.37
Kwonn,Simon,3709743,simon.kwonn@etu.sorbonne-universite.fr,Finished,"8 novembre 2021  12:32 ","8 novembre 2021  2:02 ","1 hour 30 mins",13.36,3.71,5.00,4.64
Labady,"Sterley Gilbert",21100776,Sterley_Gilbert.Labady@etu.sorbonne-universite.fr,Finished,"8 novembre 2021  12:31 ","8 novembre 2021  2:01 ","1 hour 29 mins",9.89,2.65,1.67,5.57
Lachachi,Yasmine,28710229,Yasmine.Lachachi@etu.sorbonne-universite.fr,-,-,-,-,-,-,-,-
Lachemot,Cédric,3705179,cedric.lachemot@etu.sorbonne-universite.fr,-,-,-,-,-,-,-,-
Lachgar,Amine,3802257,amine.lachgar@etu.sorbonne-universite.fr,-,-,-,-,-,-,-,-
Lacoume,Claire,28610667,claire.lacoume@etu.sorbonne-universite.fr,Finished,"8 novembre 2021  12:31 ","8 novembre 2021  2:01 ","1 hour 30 mins",10.78,5.19,1.11,4.48
Lam,Stéphane,3672320,stephane.lam@etu.sorbonne-universite.fr,Finished,"8 novembre 2021  12:30 ","8 novembre 2021  2:00 ","1 hour 29 mins",4.52,3.15,0.56,0.82
Lechgar,Houssam,28610190,houssam.lechgar@etu.sorbonne-universite.fr,Finished,"8 novembre 2021  10:45 ","8 novembre 2021  12:15 ","1 hour 30 mins",7.40,2.82,2.22,2.35
Lee,"Jae Wook",21108842,Jae_Wook.Lee@etu.sorbonne-universite.fr,Finished,"8 novembre 2021  12:35 ","8 novembre 2021  2:04 ","1 hour 29 mins",10.17,3.03,2.22,4.92
Legendre--Despas,Jeanne,3810768,jeanne.legendre--despas@etu.sorbonne-universite.fr,Finished,"8 novembre 2021  12:31 ","8 novembre 2021  2:01 ","1 hour 30 mins",14.86,6.50,3.33,5.03
Lemaitre,Alexandre,3876023,alexandre.lemaitre@etu.sorbonne-universite.fr,-,-,-,-,-,-,-,-
"Levanson Dit Akbarali","Mohamed Hasir",28601393,mohamed.levanson_dit_akbarali@etu.sorbonne-universite.fr,Finished,"8 novembre 2021  10:46 ","8 novembre 2021  12:16 ","1 hour 29 mins",8.21,4.94,0.00,3.28
Li,Junji,28610187,junji.li@etu.sorbonne-universite.fr,Finished,"8 novembre 2021  10:45 ","8 novembre 2021  12:15 ","1 hour 30 mins",11.06,4.93,0.56,5.57
Lifsal,Loubna,3309154,loubna.lifsal@etu.sorbonne-universite.fr,Finished,"8 novembre 2021  12:33 ","8 novembre 2021  2:03 ","1 hour 30 mins",1.51,0.47,0.00,1.04
Lin,Jeremy,28602292,jeremy.lin.1@etu.sorbonne-universite.fr,-,-,-,-,-,-,-,-
Lin,Charles,3812676,Charles.Lin@etu.sorbonne-universite.fr,Finished,"8 novembre 2021  12:31 ","8 novembre 2021  2:01 ","1 hour 29 mins",12.47,3.44,3.89,5.14
Longuet,Axel,28600563,axel.longuet.1@etu.sorbonne-universite.fr,Finished,"8 novembre 2021  12:31 ","8 novembre 2021  2:01 ","1 hour 29 mins",16.43,4.20,5.56,6.67
Loyau-Kahn,Felix,28607223,felix.loyau-kahn@etu.sorbonne-universite.fr,Finished,"8 novembre 2021  12:30 ","8 novembre 2021  1:58 ","1 hour 28 mins",10.17,4.15,0.56,5.46
Luo,Yukai,28620155,yukai.luo@etu.sorbonne-universite.fr,Finished,"8 novembre 2021  10:46 ","8 novembre 2021  12:16 ","1 hour 30 mins",8.58,3.05,1.11,4.43
Luvisamo,"Mulemesa Jessy",3415756,mulemesa.luvisamo@etu.sorbonne-universite.fr,Finished,"8 novembre 2021  12:30 ","8 novembre 2021  2:00 ","1 hour 29 mins",9.05,1.75,2.22,5.08
Ly,Sylvie,3522190,sylvie.ly@etu.sorbonne-universite.fr,Finished,"8 novembre 2021  12:31 ","8 novembre 2021  2:01 ","1 hour 30 mins",7.90,3.52,0.56,3.83
Macabre,Loona,28609645,loona.macabre.1@etu.sorbonne-universite.fr,Finished,"8 novembre 2021  10:45 ","8 novembre 2021  12:15 ","1 hour 30 mins",13.46,3.22,4.44,5.79
Maire,Maxence,28605064,maxence.maire@etu.sorbonne-universite.fr,Finished,"8 novembre 2021  12:30 ","8 novembre 2021  2:00 ","1 hour 30 mins",10.41,4.26,1.67,4.48
Makhlouf,Rayane,28617603,rayane.makhlouf@etu.sorbonne-universite.fr,Finished,"8 novembre 2021  12:30 ","8 novembre 2021  2:00 ","1 hour 29 mins",11.07,5.10,0.56,5.41
Marques,Romain,28600712,romain.marques.1@etu.sorbonne-universite.fr,Finished,"8 novembre 2021  12:30 ","8 novembre 2021  2:00 ","1 hour 30 mins",7.74,2.85,1.67,3.22
Martin,Amaury,28610127,amaury.martin.1@etu.sorbonne-universite.fr,Finished,"8 novembre 2021  10:46 ","8 novembre 2021  12:16 ","1 hour 30 mins",8.47,3.37,4.44,0.66
Mastor,Assia,28602563,assia.mastor.1@etu.sorbonne-universite.fr,Finished,"8 novembre 2021  10:45 ","8 novembre 2021  12:15 ","1 hour 30 mins",5.81,2.30,1.11,2.40
Mazari,Messilva,28610328,messilva.mazari@etu.sorbonne-universite.fr,Finished,"8 novembre 2021  12:30 ","8 novembre 2021  2:00 ","1 hour 30 mins",10.00,2.63,2.78,4.59
Mbaye,Souleymane,28717871,Souleymane.Mbaye@etu.sorbonne-universite.fr,Finished,"8 novembre 2021  12:31 ","8 novembre 2021  2:01 ","1 hour 30 mins",10.39,5.80,-,4.59
Mbouranga,Winn-Elie,28601343,winn-elie.mbouranga.1@etu.sorbonne-universite.fr,Finished,"8 novembre 2021  12:31 ","8 novembre 2021  2:01 ","1 hour 29 mins",7.22,4.54,0.56,2.13
Meddah,Sarah,3603679,sarah.meddah@etu.sorbonne-universite.fr,Finished,"8 novembre 2021  10:46 ","8 novembre 2021  12:16 ","1 hour 30 mins",5.39,2.60,0.00,2.79
Mekhloufi,Zakaria,3809215,zakaria.mekhloufi@etu.sorbonne-universite.fr,Finished,"8 novembre 2021  12:31 ","8 novembre 2021  2:01 ","1 hour 29 mins",5.76,2.97,0.00,2.79
Mellul,Yona,3800646,yona.mellul@etu.sorbonne-universite.fr,Finished,"8 novembre 2021  12:30 ","8 novembre 2021  2:00 ","1 hour 29 mins",12.48,3.87,5.00,3.61
"Melot Chesnel",Josephine,28603036,josephine.melot_chesnel.1@etu.sorbonne-universite.fr,Finished,"8 novembre 2021  10:46 ","8 novembre 2021  12:16 ","1 hour 30 mins",9.69,3.26,2.22,4.21
Mendes,Hugo,3670527,hugo.mendes@etu.sorbonne-universite.fr,-,-,-,-,-,-,-,-
"Mendez Chacon",Paula,21109001,Paula.Mendez_Chacon@etu.sorbonne-universite.fr,Finished,"8 novembre 2021  12:33 ","8 novembre 2021  2:03 ","1 hour 29 mins",14.78,4.65,5.00,5.14
Millard,Maxime,28602830,maxime.millard.1@etu.sorbonne-universite.fr,Finished,"8 novembre 2021  12:31 ","8 novembre 2021  1:36 ","1 hour 4 mins",9.44,4.34,1.11,3.99
Mistry,Darshan,3670280,darshan.mistry@etu.sorbonne-universite.fr,-,-,-,-,-,-,-,-
Mohamed,Djamila,28609129,djamila.mohamed@etu.sorbonne-universite.fr,Finished,"8 novembre 2021  12:30 ","8 novembre 2021  2:00 ","1 hour 30 mins",3.85,1.20,1.67,0.98
Moreau,Nino,28603833,nino.moreau.1@etu.sorbonne-universite.fr,Finished,"8 novembre 2021  12:32 ","8 novembre 2021  1:53 ","1 hour 20 mins",13.19,4.87,4.44,3.88
Moussouni,Amine,28720778,Amine.Moussouni@etu.sorbonne-universite.fr,Finished,"8 novembre 2021  12:30 ","8 novembre 2021  2:00 ","1 hour 29 mins",6.61,0.44,2.78,3.39
Naumenko,Polina,3521154,polina.naumenko@etu.sorbonne-universite.fr,-,-,-,-,-,-,-,-
Nedir,Rahmine,3872127,rahmine.nedir@etu.sorbonne-universite.fr,Finished,"8 novembre 2021  12:30 ","8 novembre 2021  2:00 ","1 hour 30 mins",4.58,3.26,0.56,0.77
Nehlil,"Mouloud Samy",21113646,Mouloud_Samy.Nehlil@etu.sorbonne-universite.fr,Finished,"8 novembre 2021  12:30 ","8 novembre 2021  2:00 ","1 hour 30 mins",10.76,3.78,2.78,4.21
Nguyen,"Hoang Son",28709864,Hoang_Son.Nguyen@etu.sorbonne-universite.fr,Finished,"8 novembre 2021  12:30 ","8 novembre 2021  2:00 ","1 hour 30 mins",15.56,4.53,6.11,4.92
Nguyen,"Ngoc Thien",21102696,Ngoc_Thien.Nguyen@etu.sorbonne-universite.fr,Finished,"8 novembre 2021  12:31 ","8 novembre 2021  2:01 ","1 hour 30 mins",13.79,4.39,3.33,6.07
Niang,Fallou,3803961,fallou.niang@etu.sorbonne-universite.fr,-,-,-,-,-,-,-,-
Olivar-Sanglar,Gabriel,28602191,gabriel.olivar.1@etu.sorbonne-universite.fr,Finished,"8 novembre 2021  12:31 ","8 novembre 2021  1:58 ","1 hour 26 mins",4.15,3.17,0.00,0.98
Ouhenia,Ghiles,28716807,Ghiles.Ouhenia@etu.sorbonne-universite.fr,Finished,"8 novembre 2021  12:32 ","8 novembre 2021  2:01 ","1 hour 28 mins",10.19,2.41,1.11,6.67
Ouni,Wassim,21112855,Wassim.Ouni@etu.sorbonne-universite.fr,Finished,"8 novembre 2021  12:31 ","8 novembre 2021  2:01 ","1 hour 29 mins",9.14,3.89,0.56,4.70
Palisoc,Camille,28600602,camille.palisoc.1@etu.sorbonne-universite.fr,Finished,"8 novembre 2021  12:31 ","8 novembre 2021  1:58 ","1 hour 27 mins",15.54,4.54,4.44,6.56
Parameswaralingam,Charles-Pragash,3670244,charles-pragash.parameswaralingam@etu.sorbonne-universite.fr,-,-,-,-,-,-,-,-
Pendelliou,Arthur,3809224,arthur.pendelliou@etu.sorbonne-universite.fr,Finished,"8 novembre 2021  12:32 ","8 novembre 2021  1:53 ","1 hour 21 mins",16.74,3.96,6.11,6.67
Perrignon-Sommet,Thibault,21104636,Thibault.Perrignon-Sommet@etu.sorbonne-universite.fr,Finished,"8 novembre 2021  12:30 ","8 novembre 2021  1:40 ","1 hour 9 mins",18.63,5.85,6.11,6.67
Pierre,Lauryn,28600518,lauryn.pierre.1@etu.sorbonne-universite.fr,Finished,"8 novembre 2021  12:30 ","8 novembre 2021  2:00 ","1 hour 30 mins",13.41,4.19,2.78,6.45
"Pierre Noel",Jericho,21113317,Jericho.Pierre_Noel@etu.sorbonne-universite.fr,Finished,"8 novembre 2021  12:32 ","8 novembre 2021  1:56 ","1 hour 24 mins",2.34,1.14,0.00,1.20
Piffre,Baptiste,28636372,baptiste.piffre@etu.sorbonne-universite.fr,Finished,"8 novembre 2021  12:31 ","8 novembre 2021  1:56 ","1 hour 25 mins",14.18,5.94,2.78,5.46
Pinho,Goncalo,28602737,goncalo.pinho.1@etu.sorbonne-universite.fr,Finished,"8 novembre 2021  12:31 ","8 novembre 2021  1:58 ","1 hour 27 mins",8.99,4.10,1.67,3.22
Pirard,Emile,28600880,emile.pirard.1@etu.sorbonne-universite.fr,Finished,"8 novembre 2021  10:45 ","8 novembre 2021  12:15 ","1 hour 30 mins",8.82,2.13,1.67,5.03
Pulval-Dady,Alan,28603735,alan.pulval-dady.1@etu.sorbonne-universite.fr,Finished,"8 novembre 2021  12:30 ","8 novembre 2021  1:58 ","1 hour 28 mins",9.30,3.70,4.44,1.15
Ramdani,Cyrena,3805942,cyrena.ramdani@etu.sorbonne-universite.fr,Finished,"8 novembre 2021  10:50 ","8 novembre 2021  12:20 ","1 hour 29 mins",10.16,4.46,0.56,5.14
Rams,Sean,28605296,sean.rams.1@etu.sorbonne-universite.fr,Finished,"8 novembre 2021  10:45 ","8 novembre 2021  12:15 ","1 hour 29 mins",10.69,2.72,2.78,5.19
Randrianarisoa,Roman,3808834,roman.randrianarisoa@etu.sorbonne-universite.fr,Finished,"8 novembre 2021  12:30 ","8 novembre 2021  2:00 ","1 hour 30 mins",8.60,2.96,0.56,5.08
Richard,"Samantha Elisabeth",28009976,samantha.richard.2@etu.sorbonne-universite.fr,Finished,"8 novembre 2021  12:30 ","8 novembre 2021  2:00 ","1 hour 30 mins",7.14,2.93,0.56,3.66
Rozbully,Faraan,3700903,faraan.rozbully@etu.sorbonne-universite.fr,Finished,"8 novembre 2021  12:31 ","8 novembre 2021  2:00 ","1 hour 29 mins",16.38,4.27,5.56,6.56
Ruan,Thomas,28606375,thomas.ruan.1@etu.sorbonne-universite.fr,Finished,"8 novembre 2021  10:45 ","8 novembre 2021  12:15 ","1 hour 30 mins",9.94,4.14,0.56,5.25
"Ruiz Heredia","Jose Antonio",21109006,Jose_Antonio.Ruiz_Heredia@etu.sorbonne-universite.fr,Finished,"8 novembre 2021  12:47 ","8 novembre 2021  2:02 ","1 hour 14 mins",5.32,3.56,1.11,0.66
Rzeszutko,Kamil,2800282,kamil.rzeszutko@etu.sorbonne-universite.fr,Finished,"8 novembre 2021  1:01 ","8 novembre 2021  2:31 ","1 hour 29 mins",4.43,0.22,-,4.21
Sadi,Amayas,28717408,Amayas.Sadi@etu.sorbonne-universite.fr,Finished,"8 novembre 2021  12:30 ","8 novembre 2021  2:00 ","1 hour 30 mins",13.68,3.81,5.00,4.86
Sadykova,Karima,28610100,karima.sadykova@etu.sorbonne-universite.fr,Finished,"8 novembre 2021  12:30 ","8 novembre 2021  2:00 ","1 hour 30 mins",10.04,3.30,1.67,5.08
Said,Sayafdine,28607006,sayafdine.said.1@etu.sorbonne-universite.fr,Finished,"8 novembre 2021  12:31 ","8 novembre 2021  2:01 ","1 hour 30 mins",8.70,2.94,1.67,4.10
Samar,Anissa,21120079,Anissa.Samar@etu.sorbonne-universite.fr,Finished,"8 novembre 2021  12:31 ","8 novembre 2021  2:01 ","1 hour 30 mins",7.69,2.54,1.11,4.04
Sane,Kemo,28617513,kemo.sane@etu.sorbonne-universite.fr,Finished,"8 novembre 2021  12:30 ","8 novembre 2021  2:00 ","1 hour 29 mins",6.68,2.82,1.67,2.19
Sfez,Alexandre,3804652,alexandre.sfez@etu.sorbonne-universite.fr,-,-,-,-,-,-,-,-
Shi,Yulin,21112391,Yulin.Shi@etu.sorbonne-universite.fr,Finished,"8 novembre 2021  12:30 ","8 novembre 2021  2:00 ","1 hour 30 mins",11.34,3.67,1.11,6.56
Sima,Daniel-Ioan,3800992,daniel.sima@etu.sorbonne-universite.fr,Finished,"8 novembre 2021  12:30 ","8 novembre 2021  2:00 ","1 hour 30 mins",8.83,4.07,0.00,4.75
Simion,Mathys,28705217,Mathys.Simion@etu.sorbonne-universite.fr,Finished,"8 novembre 2021  12:30 ","8 novembre 2021  1:59 ","1 hour 29 mins",6.04,2.52,1.67,1.86
Singh,Nawelle,28600503,nawelle.singh.1@etu.sorbonne-universite.fr,Finished,"8 novembre 2021  12:30 ","8 novembre 2021  2:00 ","1 hour 30 mins",9.29,2.41,3.33,3.55
"Sitang Ewande",Ninine,3801541,ninine.sitang_ewande@etu.sorbonne-universite.fr,Finished,"8 novembre 2021  12:30 ","8 novembre 2021  2:00 ","1 hour 30 mins",6.25,4.00,0.56,1.69
Snaoui,Adam,21119283,Adam.Snaoui@etu.sorbonne-universite.fr,Finished,"8 novembre 2021  12:30 ","8 novembre 2021  2:00 ","1 hour 30 mins",1.69,0.97,0.56,0.16
Sobot,Allen,28600456,allen.sobot.1@etu.sorbonne-universite.fr,Finished,"8 novembre 2021  12:33 ","8 novembre 2021  2:30 ","1 hour 56 mins",3.77,3.66,-,0.11
Sun,Amélie,28606343,amelie.sun.1@etu.sorbonne-universite.fr,Finished,"8 novembre 2021  10:45 ","8 novembre 2021  12:15 ","1 hour 30 mins",5.67,3.87,0.00,1.80
Sylla,Amy,28618173,amy.sylla@etu.sorbonne-universite.fr,Finished,"8 novembre 2021  10:45 ","8 novembre 2021  12:15 ","1 hour 30 mins",12.41,4.32,3.33,4.75
Tang,Remi,28624752,remi.tang@etu.sorbonne-universite.fr,-,-,-,-,-,-,-,-
Tchen,Clement,3703339,clement.tchen@etu.sorbonne-universite.fr,Finished,"8 novembre 2021  12:30 ","8 novembre 2021  1:59 ","1 hour 29 mins",12.18,3.50,2.78,5.90
Terkmani,Kamelia,21116094,Kamelia.Terkmani@etu.sorbonne-universite.fr,Finished,"8 novembre 2021  12:32 ","8 novembre 2021  2:00 ","1 hour 28 mins",9.77,3.48,0.00,6.28
Thirion,Lou,28614980,lou.thirion@etu.sorbonne-universite.fr,Finished,"8 novembre 2021  12:30 ","8 novembre 2021  2:00 ","1 hour 30 mins",9.90,2.75,2.78,4.37
"Toguem Fotso","John Kevyn",3970693,john.toguem_fotso@etu.sorbonne-universite.fr,-,-,-,-,-,-,-,-
Tragha,Marwan,28615820,marwan.tragha@etu.sorbonne-universite.fr,Finished,"8 novembre 2021  12:30 ","8 novembre 2021  2:00 ","1 hour 30 mins",12.33,3.82,2.22,6.28
Tran,"Le My",28603688,le.tran@etu.sorbonne-universite.fr,Finished,"8 novembre 2021  12:33 ","8 novembre 2021  2:01 ","1 hour 28 mins",5.79,3.48,1.11,1.20
Traore,Mamadou,2203537,mamadou.traore@etu.sorbonne-universite.fr,-,-,-,-,-,-,-,-
Trumic,Mihajlo,28606345,mihajlo.trumic@etu.sorbonne-universite.fr,Finished,"8 novembre 2021  10:45 ","8 novembre 2021  12:15 ","1 hour 30 mins",13.68,4.16,4.44,5.08
Vanrycke,Loann,3811248,loann.vanrycke@etu.sorbonne-universite.fr,Finished,"8 novembre 2021  12:32 ","8 novembre 2021  2:01 ","1 hour 28 mins",10.42,4.33,1.11,4.97
Vedanayagame,Souveda,28600150,souveda.vedanayagame.1@etu.sorbonne-universite.fr,Finished,"8 novembre 2021  10:45 ","8 novembre 2021  12:15 ","1 hour 29 mins",10.48,3.44,2.22,4.81
Vigano,Alice,3804657,alice.vigano@etu.sorbonne-universite.fr,Finished,"8 novembre 2021  12:32 ","8 novembre 2021  2:02 ","1 hour 30 mins",9.52,3.26,1.67,4.59
Villard,Lorenzo,3801327,lorenzo.villard@etu.sorbonne-universite.fr,Finished,"8 novembre 2021  12:30 ","8 novembre 2021  1:56 ","1 hour 25 mins",15.74,4.59,6.67,4.48
Wang,Zhe,21116827,Zhe.Wang@etu.sorbonne-universite.fr,Finished,"8 novembre 2021  12:30 ","8 novembre 2021  2:00 ","1 hour 30 mins",13.66,5.86,2.22,5.57
Warmé-Janville,Auguste,3800191,auguste.warme-janville@etu.sorbonne-universite.fr,Finished,"8 novembre 2021  12:30 ","8 novembre 2021  1:49 ","1 hour 19 mins",11.17,4.74,2.22,4.21
Wu,Isabelle,28606994,isabelle.wu.2@etu.sorbonne-universite.fr,Finished,"8 novembre 2021  10:45 ","8 novembre 2021  12:15 ","1 hour 30 mins",12.48,4.02,2.78,5.68
Wu,Julie,28600741,julie.wu.1@etu.sorbonne-universite.fr,Finished,"8 novembre 2021  12:30 ","8 novembre 2021  2:00 ","1 hour 30 mins",8.98,4.87,0.56,3.55
Xia,Alexandre,28604113,alexandre.xia.1@etu.sorbonne-universite.fr,Finished,"8 novembre 2021  12:30 ","8 novembre 2021  2:00 ","1 hour 30 mins",7.81,3.53,1.11,3.17
Xu,Jin,3700044,jin.xu@etu.sorbonne-universite.fr,-,-,-,-,-,-,-,-
Yang,Kai,21107392,Kai.Yang@etu.sorbonne-universite.fr,Finished,"8 novembre 2021  12:31 ","8 novembre 2021  2:00 ","1 hour 28 mins",13.60,3.81,3.33,6.45
Yehya,Jad,28609954,jad.yehya.1@etu.sorbonne-universite.fr,Finished,"8 novembre 2021  12:30 ","8 novembre 2021  1:58 ","1 hour 28 mins",10.31,5.11,0.56,4.64
"Youcef Khodja",Amine,21113585,Amine.Youcef_Khodja@etu.sorbonne-universite.fr,Finished,"8 novembre 2021  12:30 ","8 novembre 2021  1:59 ","1 hour 29 mins",9.50,3.98,0.00,5.52
Zanan,Nour,28607755,nour.zanan.1@etu.sorbonne-universite.fr,Finished,"8 novembre 2021  12:30 ","8 novembre 2021  2:27 ","1 hour 57 mins",10.67,3.76,1.67,5.25
Zeng,Fanxiang,28600693,fanxiang.zeng@etu.sorbonne-universite.fr,Finished,"8 novembre 2021  12:30 ","8 novembre 2021  2:00 ","1 hour 30 mins",11.71,4.41,2.22,5.08
Zerbib,Raphael,28601765,raphael.zerbib.1@etu.sorbonne-universite.fr,Finished,"8 novembre 2021  12:30 ","8 novembre 2021  2:00 ","1 hour 29 mins",8.17,4.00,1.11,3.06
Zhang,Yilu,28601009,yilu.zhang.1@etu.sorbonne-universite.fr,Finished,"8 novembre 2021  10:45 ","8 novembre 2021  12:14 ","1 hour 28 mins",5.56,1.29,0.56,3.72
Zhang,Han,3970759,han.zhang@etu.sorbonne-universite.fr,Finished,"8 novembre 2021  12:30 ","8 novembre 2021  1:59 ","1 hour 29 mins",8.24,3.03,1.11,4.10
Zhang,Xu,3803083,xu.zhang@etu.sorbonne-universite.fr,Finished,"8 novembre 2021  12:30 ","8 novembre 2021  2:00 ","1 hour 29 mins",7.46,3.46,0.56,3.44
Zhang,Jacques,28607704,jacques.zhang.1@etu.sorbonne-universite.fr,Finished,"8 novembre 2021  12:30 ","8 novembre 2021  1:59 ","1 hour 28 mins",9.59,4.04,2.22,3.33
Zhuang,Christian,28601285,christian.zhuang.1@etu.sorbonne-universite.fr,Finished,"8 novembre 2021  12:30 ","8 novembre 2021  1:59 ","1 hour 29 mins",7.33,2.38,2.22,2.73
"Zou Al Guyna",Louai,3680880,louai.zou_al_guyna@etu.sorbonne-universite.fr,Finished,"8 novembre 2021  12:31 ","8 novembre 2021  2:01 ","1 hour 29 mins",13.41,2.41,4.44,6.56
Zouba,Thomas,21101133,Thomas.Zouba@etu.sorbonne-universite.fr,Finished,"8 novembre 2021  12:31 ","8 novembre 2021  2:00 ","1 hour 29 mins",14.13,4.43,5.56,4.15
Zouhri,Bilal,3703980,bilal.zouhri@etu.sorbonne-universite.fr,Finished,"8 novembre 2021  12:30 ","8 novembre 2021  1:59 ","1 hour 29 mins",9.39,3.75,0.56,5.08
"Overall average",,,,,,,,9.64,3.49,2.08,4.07
