﻿Surname,"First name","ID number","Email address",State,"Started on",Completed,"Time taken",Grade/20.00,"Q. 1 /6.67","Q. 2 /6.67","Q. 3 /6.67"
Aallam,Mohamed,3802135,mohamed.aallam@etu.sorbonne-universite.fr,Finished,"16 November 2020  10:45 AM","16 November 2020  12:30 PM","1 hour 44 mins",10.24,5.70,4.54,0.00
Abdalaziz,"Youssef Alaa Elsayye",3803619,youssef.abdalaziz@etu.sorbonne-universite.fr,Finished,"16 November 2020  10:45 AM","16 November 2020  12:30 PM","1 hour 45 mins",7.72,2.09,3.96,1.67
Abderrahmen,"Mohamed Aziz",3802009,mohamed.abderrahmen@etu.sorbonne-universite.fr,Finished,"16 November 2020  10:45 AM","16 November 2020  12:30 PM","1 hour 45 mins",10.20,4.74,4.35,1.11
Abitbol,Yossef,3804139,yossef.abitbol@etu.sorbonne-universite.fr,Finished,"16 November 2020  10:45 AM","16 November 2020  12:30 PM","1 hour 44 mins",12.50,6.02,4.25,2.22
Ajuelos,Emmanuel,3800432,emmanuel.ajuelos@etu.sorbonne-universite.fr,Finished,"16 November 2020  10:45 AM","16 November 2020  12:30 PM","1 hour 44 mins",14.17,5.62,5.22,3.33
"Al- Jawhi",Abdullah,28625228,abdullah.al_jawhi@etu.sorbonne-universite.fr,Finished,"16 November 2020  10:46 AM","16 November 2020  12:10 PM","1 hour 24 mins",0.00,-,-,-
Ammour,Amine,3876256,amine.ammour@etu.sorbonne-universite.fr,Finished,"16 November 2020  10:45 AM","16 November 2020  12:30 PM","1 hour 44 mins",12.00,6.59,3.19,2.22
Anki-Zuccarello,Kenza,3800473,kenza.anki-zuccarello@etu.sorbonne-universite.fr,-,-,-,-,-,-,-,-
Anki-Zuccarello,Kenza,28502318,kenza.anki.1@etu.sorbonne-universite.fr,Finished,"16 November 2020  10:45 AM","16 November 2020  12:30 PM","1 hour 44 mins",10.89,4.90,3.77,2.22
Aral,Arda,3702388,arda.aral@etu.sorbonne-universite.fr,Finished,"16 November 2020  10:45 AM","16 November 2020  12:30 PM","1 hour 45 mins",8.13,5.54,2.03,0.56
Arichandra,Santhos,3802651,santhos.arichandra@etu.sorbonne-universite.fr,Finished,"16 November 2020  10:45 AM","16 November 2020  12:30 PM","1 hour 44 mins",11.71,5.38,5.22,1.11
Armenoult,Ludovic,3416871,ludovic.armenoult@etu.sorbonne-universite.fr,Finished,"16 November 2020  10:45 AM","16 November 2020  12:27 PM","1 hour 42 mins",5.87,4.90,0.97,0.00
Arrous,Clement,3671634,clement.arrous@etu.sorbonne-universite.fr,Finished,"16 November 2020  10:45 AM","16 November 2020  12:30 PM","1 hour 45 mins",10.35,4.82,3.86,1.67
Audoux,Marion,3700108,marion.audoux@etu.sorbonne-universite.fr,Finished,"16 November 2020  10:45 AM","16 November 2020  12:29 PM","1 hour 44 mins",9.35,4.98,2.71,1.67
Audras,Antoine,3410283,antoine.audras@etu.sorbonne-universite.fr,Finished,"16 November 2020  10:45 AM","16 November 2020  12:30 PM","1 hour 45 mins",12.31,4.58,5.51,2.22
Ayadi,Anis,3802501,anis.ayadi@etu.sorbonne-universite.fr,Finished,"16 November 2020  10:45 AM","16 November 2020  12:30 PM","1 hour 45 mins",14.31,6.51,5.02,2.78
Azar,Jane,3803112,jane.azar@etu.sorbonne-universite.fr,Finished,"16 November 2020  10:45 AM","16 November 2020  12:30 PM","1 hour 45 mins",13.18,6.59,4.93,1.67
Azoui,Rayane,28710978,Rayane.Azoui@etu.sorbonne-universite.fr,Finished,"16 November 2020  10:45 AM","16 November 2020  12:29 PM","1 hour 44 mins",16.32,6.35,6.09,3.89
Badriouiche,Mohamed,3701404,mohamed.badriouiche@etu.sorbonne-universite.fr,Finished,"16 November 2020  10:45 AM","16 November 2020  12:30 PM","1 hour 44 mins",11.58,4.34,5.02,2.22
Baker,Thomas,3700144,thomas.baker@etu.sorbonne-universite.fr,Finished,"16 November 2020  10:45 AM","16 November 2020  12:29 PM","1 hour 44 mins",15.57,5.86,4.15,5.56
Baraket,Msalem,3804929,msalem.baraket@etu.sorbonne-universite.fr,Finished,"16 November 2020  10:46 AM","16 November 2020  12:31 PM","1 hour 45 mins",7.37,5.70,0.00,1.67
Barbier,Marie,3802734,marie.barbier.1@etu.sorbonne-universite.fr,Finished,"16 November 2020  10:45 AM","16 November 2020  12:28 PM","1 hour 42 mins",13.46,5.94,4.73,2.78
Belazouz,Bourhan-Eddine,3208353,bourhan-eddine.belazouz@etu.sorbonne-universite.fr,Finished,"16 November 2020  10:45 AM","16 November 2020  12:30 PM","1 hour 44 mins",11.76,6.67,2.32,2.78
Bellut,Quentin,3710439,quentin.bellut@etu.sorbonne-universite.fr,Finished,"16 November 2020  10:45 AM","16 November 2020  12:29 PM","1 hour 44 mins",10.43,3.45,5.31,1.67
"Ben Attar",Ethan,3670543,ethan.ben_attar@etu.sorbonne-universite.fr,Finished,"16 November 2020  10:45 AM","16 November 2020  12:24 PM","1 hour 39 mins",13.45,6.35,3.77,3.33
Benabdallah,Ali,3806311,ali.benabdallah@etu.sorbonne-universite.fr,Finished,"16 November 2020  10:45 AM","16 November 2020  12:29 PM","1 hour 44 mins",14.38,6.02,5.02,3.33
Bencherif,Nabil,3710493,nabil.bencherif@etu.sorbonne-universite.fr,Finished,"16 November 2020  10:45 AM","16 November 2020  12:30 PM","1 hour 45 mins",8.44,5.06,3.38,-
Benjamin-Jeyaseelan,"Benjamin Julius",3671340,benjamin.benjamin-jeyaseelan@etu.sorbonne-universite.fr,Finished,"16 November 2020  10:45 AM","16 November 2020  12:28 PM","1 hour 43 mins",10.15,4.98,4.06,1.11
Bensafia,"Chems Eddine",28717430,Chems_Eddine.Bensafia@etu.sorbonne-universite.fr,Finished,"16 November 2020  10:45 AM","16 November 2020  12:30 PM","1 hour 45 mins",10.94,5.62,5.31,0.00
Benyahia,Sami,3677177,sami.benyahia@etu.sorbonne-universite.fr,Finished,"16 November 2020  10:45 AM","16 November 2020  12:29 PM","1 hour 44 mins",10.68,4.98,3.48,2.22
Bernier,Téo,3670574,teo.bernier@etu.sorbonne-universite.fr,Finished,"16 November 2020  10:45 AM","16 November 2020  12:06 PM","1 hour 20 mins",13.16,6.67,4.83,1.67
Bettahar,"Mohamed El Amine",28616068,mohamed.bettahar@etu.sorbonne-universite.fr,Finished,"16 November 2020  10:45 AM","16 November 2020  12:29 PM","1 hour 44 mins",13.04,6.35,5.02,1.67
Boubrik,Ihsane,3670795,ihsane.boubrik@etu.sorbonne-universite.fr,Finished,"16 November 2020  10:45 AM","16 November 2020  12:29 PM","1 hour 44 mins",10.87,5.94,2.71,2.22
Boudarene,Samy,3801935,samy.boudarene@etu.sorbonne-universite.fr,Finished,"16 November 2020  10:45 AM","16 November 2020  12:30 PM","1 hour 45 mins",6.95,3.86,0.87,2.22
Bougherara,Adan,3680559,adan.bougherara@etu.sorbonne-universite.fr,Finished,"16 November 2020  10:45 AM","16 November 2020  12:27 PM","1 hour 42 mins",12.87,6.67,4.54,1.67
Bourekh,Zidane,3677063,zidane.bourekh@etu.sorbonne-universite.fr,Finished,"16 November 2020  10:45 AM","16 November 2020  12:29 PM","1 hour 44 mins",11.95,6.59,4.25,1.11
Bourlette,Lucas,3672216,lucas.bourlette@etu.sorbonne-universite.fr,Finished,"16 November 2020  10:45 AM","16 November 2020  12:29 PM","1 hour 44 mins",14.26,6.27,5.22,2.78
Bourmault,Adrien,3677850,adrien.bourmault@etu.sorbonne-universite.fr,Finished,"16 November 2020  10:50 AM","16 November 2020  12:35 PM","1 hour 45 mins",14.24,6.02,5.99,2.22
Bouyoucef,Assirem,3971113,assirem.bouyoucef@etu.sorbonne-universite.fr,Finished,"16 November 2020  10:45 AM","16 November 2020  12:30 PM","1 hour 45 mins",10.25,5.06,2.42,2.78
Bouzouaoui,Anes,28616582,anes.bouzouaoui@etu.sorbonne-universite.fr,Finished,"16 November 2020  10:45 AM","16 November 2020  12:27 PM","1 hour 42 mins",13.40,6.35,4.83,2.22
Boyadjiev,Todor,28507548,todor.boyadjiev.2@etu.sorbonne-universite.fr,Finished,"16 November 2020  10:45 AM","16 November 2020  12:30 PM","1 hour 45 mins",9.21,5.06,4.15,0.00
Brasseur,Gaëtan,3802696,gaetan.brasseur@etu.sorbonne-universite.fr,Finished,"16 November 2020  10:45 AM","16 November 2020  12:20 PM","1 hour 34 mins",10.70,4.66,4.93,1.11
Brihmouche,Yacine,28717951,Yacine.Brihmouche@etu.sorbonne-universite.fr,Finished,"16 November 2020  10:45 AM","16 November 2020  12:30 PM","1 hour 45 mins",13.67,6.67,3.67,3.33
Buisson,Marc,28614429,marc.buisson@etu.sorbonne-universite.fr,Finished,"16 November 2020  10:45 AM","16 November 2020  12:30 PM","1 hour 45 mins",10.96,4.90,3.29,2.78
Canitrot,Julien,3803521,julien.canitrot@etu.sorbonne-universite.fr,Finished,"16 November 2020  10:45 AM","16 November 2020  12:30 PM","1 hour 45 mins",13.06,6.59,4.25,2.22
Carton,Lorris,3521310,lorris.carton@etu.sorbonne-universite.fr,Finished,"16 November 2020  10:45 AM","16 November 2020  12:11 PM","1 hour 25 mins",11.53,6.27,4.15,1.11
Carvalho,Lorenzo,3700288,lorenzo.carvalho@etu.sorbonne-universite.fr,Finished,"16 November 2020  10:46 AM","16 November 2020  12:31 PM","1 hour 44 mins",12.41,6.59,4.15,1.67
Cassan,Jules,3810883,jules.cassan@etu.sorbonne-universite.fr,Finished,"16 November 2020  10:45 AM","16 November 2020  12:30 PM","1 hour 45 mins",11.65,6.02,3.96,1.67
Chafai,Tinhinane,3802927,tinhinane.chafai@etu.sorbonne-universite.fr,Finished,"16 November 2020  10:45 AM","16 November 2020  12:30 PM","1 hour 45 mins",11.08,6.35,2.51,2.22
"Chan Yip Hon",Boris,3706553,boris.chan_yip_hon@etu.sorbonne-universite.fr,Finished,"16 November 2020  10:45 AM","16 November 2020  12:29 PM","1 hour 44 mins",10.07,5.62,2.22,2.22
Chea,Sophie,3708951,sophie.chea@etu.sorbonne-universite.fr,Finished,"16 November 2020  10:45 AM","16 November 2020  12:30 PM","1 hour 44 mins",11.47,4.42,4.83,2.22
Chen,Jinhe,3802503,jinhe.chen@etu.sorbonne-universite.fr,Finished,"16 November 2020  10:45 AM","16 November 2020  12:29 PM","1 hour 44 mins",1.66,0.40,1.26,-
Cherfaoui,Sarah,3874223,sarah.cherfaoui@etu.sorbonne-universite.fr,-,-,-,-,-,-,-,-
Cherfaoui,Melissa,28720090,Melissa.Cherfaoui@etu.sorbonne-universite.fr,Finished,"16 November 2020  10:45 AM","16 November 2020  12:30 PM","1 hour 45 mins",8.92,6.02,2.90,0.00
Chitu,Alex,3701943,alex.chitu@etu.sorbonne-universite.fr,Finished,"16 November 2020  10:45 AM","16 November 2020  12:26 PM","1 hour 41 mins",14.21,6.02,5.41,2.78
Cineus,Dylan,3302425,dylan.cineus@etu.sorbonne-universite.fr,Finished,"16 November 2020  10:45 AM","16 November 2020  12:30 PM","1 hour 45 mins",7.51,6.18,0.77,0.56
Ciocan,Clara,3801875,clara.ciocan@etu.sorbonne-universite.fr,Finished,"16 November 2020  10:45 AM","16 November 2020  12:30 PM","1 hour 44 mins",8.95,4.82,1.35,2.78
Cleuziou,Karl,3800455,karl.cleuziou@etu.sorbonne-universite.fr,Finished,"16 November 2020  10:45 AM","16 November 2020  12:30 PM","1 hour 45 mins",14.01,6.67,5.12,2.22
Colin,Jacques,3700584,jacques.colin@etu.sorbonne-universite.fr,Finished,"16 November 2020  10:45 AM","16 November 2020  12:30 PM","1 hour 44 mins",13.75,6.51,5.02,2.22
Coudert,Louis,3800333,louis.coudert@etu.sorbonne-universite.fr,Finished,"16 November 2020  10:45 AM","16 November 2020  12:30 PM","1 hour 45 mins",13.33,6.67,4.44,2.22
Dauvet,Haron,3700463,haron.dauvet@etu.sorbonne-universite.fr,Finished,"16 November 2020  10:45 AM","16 November 2020  12:30 PM","1 hour 45 mins",11.05,5.30,2.42,3.33
"De Castelbajac",Matthieu,3800411,matthieu.de_castelbajac@etu.sorbonne-universite.fr,Finished,"16 November 2020  10:45 AM","16 November 2020  12:30 PM","1 hour 44 mins",9.29,2.89,4.73,1.67
Delgado,Thomas,3407716,thomas.delgado@etu.sorbonne-universite.fr,Finished,"16 November 2020  10:52 AM","16 November 2020  12:12 PM","1 hour 19 mins",11.31,6.18,5.12,-
Demeulenaere,Vivien,3706539,vivien.demeulenaere@etu.sorbonne-universite.fr,Finished,"16 November 2020  10:45 AM","16 November 2020  12:30 PM","1 hour 45 mins",11.46,5.06,4.73,1.67
Djouahra,"Mohamed Akram",28718098,Mohamed_Akram.Djouahra@etu.sorbonne-universite.fr,Finished,"16 November 2020  10:45 AM","16 November 2020  12:30 PM","1 hour 45 mins",13.62,6.59,4.25,2.78
Djouder,Sarah,3970876,sarah.djouder@etu.sorbonne-universite.fr,Finished,"16 November 2020  10:45 AM","16 November 2020  12:30 PM","1 hour 45 mins",11.72,5.94,3.00,2.78
Doucouré,Dramane,3520680,dramane.doucoure@etu.sorbonne-universite.fr,Finished,"16 November 2020  10:45 AM","16 November 2020  12:29 PM","1 hour 43 mins",12.19,5.62,4.35,2.22
Drouin,Reza,3800042,reza.drouin@etu.sorbonne-universite.fr,Finished,"16 November 2020  10:45 AM","16 November 2020  12:28 PM","1 hour 43 mins",10.53,5.94,3.48,1.11
Du,Qian,3520431,qian.du@etu.sorbonne-universite.fr,Finished,"16 November 2020  10:45 AM","16 November 2020  12:28 PM","1 hour 43 mins",11.04,5.22,4.15,1.67
Dubreuil,Jules,3800417,jules.dubreuil@etu.sorbonne-universite.fr,Finished,"16 November 2020  10:45 AM","16 November 2020  12:30 PM","1 hour 44 mins",11.89,4.74,4.93,2.22
Dufeutrelle,Hugo,3520375,hugo.dufeutrelle@etu.sorbonne-universite.fr,Finished,"16 November 2020  10:45 AM","16 November 2020  12:25 PM","1 hour 40 mins",12.52,6.02,4.83,1.67
Dumoulin,Zoé,3702742,zoe.dumoulin@etu.sorbonne-universite.fr,Finished,"16 November 2020  10:45 AM","16 November 2020  12:30 PM","1 hour 45 mins",12.17,6.35,4.15,1.67
Duval,Aurelien,3872455,aurelien.duval@etu.sorbonne-universite.fr,Finished,"16 November 2020  10:46 AM","16 November 2020  12:31 PM","1 hour 45 mins",11.09,5.70,4.83,0.56
Dziri,Hakim,3800075,hakim.dziri@etu.sorbonne-universite.fr,Finished,"16 November 2020  10:45 AM","16 November 2020  12:30 PM","1 hour 45 mins",2.40,1.04,1.35,-
"El Fahdi",Ismaël,3802719,ismael.el_fahdi@etu.sorbonne-universite.fr,Finished,"16 November 2020  10:45 AM","16 November 2020  12:30 PM","1 hour 44 mins",11.15,5.78,4.25,1.11
"El Ghali",Yosr,3802466,yosr.elghali@etu.sorbonne-universite.fr,Finished,"16 November 2020  10:45 AM","16 November 2020  12:30 PM","1 hour 44 mins",10.30,5.06,3.57,1.67
"El Ghazzi",Sarah,3671094,sarah.el_ghazzi@etu.sorbonne-universite.fr,Finished,"16 November 2020  10:45 AM","16 November 2020  12:30 PM","1 hour 45 mins",9.36,6.35,1.35,1.67
"El Ghoul",Elio,3803565,elio.el_ghoul@etu.sorbonne-universite.fr,Finished,"16 November 2020  10:45 AM","16 November 2020  12:30 PM","1 hour 45 mins",9.10,5.62,3.48,0.00
Elatri,Sami,3801805,sami.elatri@etu.sorbonne-universite.fr,-,-,-,-,-,-,-,-
Ergun,Yavuz,3670777,yavuz.ergun@etu.sorbonne-universite.fr,Finished,"16 November 2020  10:45 AM","16 November 2020  12:29 PM","1 hour 44 mins",14.50,6.51,5.22,2.78
Felix,Wycherley-Kassel,3702385,wycherley-kassel.felix@etu.sorbonne-universite.fr,Finished,"16 November 2020  10:45 AM","16 November 2020  12:30 PM","1 hour 44 mins",9.31,5.54,3.77,-
Ferdaoui,Sheïmâa,3802999,sheimaa.ferdaoui@etu.sorbonne-universite.fr,Finished,"16 November 2020  10:45 AM","16 November 2020  12:30 PM","1 hour 45 mins",11.43,4.74,5.02,1.67
Gabour,Smail,3700149,smail.gabour@etu.sorbonne-universite.fr,Finished,"16 November 2020  10:45 AM","16 November 2020  12:30 PM","1 hour 44 mins",11.51,6.59,4.93,0.00
Gaillon,Gregoire,3670241,gregoire.gaillon@etu.sorbonne-universite.fr,Finished,"16 November 2020  10:45 AM","16 November 2020  12:30 PM","1 hour 44 mins",11.30,6.10,2.42,2.78
Galliot,Jules,3802342,jules.galliot@etu.sorbonne-universite.fr,Finished,"16 November 2020  10:45 AM","16 November 2020  12:30 PM","1 hour 44 mins",7.25,4.74,2.51,0.00
Gigacz,"Kiara Ting Yung Chin",3803025,kiara.gigacz@etu.sorbonne-universite.fr,Finished,"16 November 2020  10:46 AM","16 November 2020  12:31 PM","1 hour 45 mins",12.38,4.58,5.02,2.78
Goulmot,Cedric,3971371,cedric.goulmot@etu.sorbonne-universite.fr,Finished,"16 November 2020  10:45 AM","16 November 2020  12:50 PM","2 hours 5 mins",12.92,6.35,4.35,2.22
Grech,Anna,3800494,anna.grech@etu.sorbonne-universite.fr,Finished,"16 November 2020  10:45 AM","16 November 2020  12:30 PM","1 hour 45 mins",10.95,6.27,3.57,1.11
Gruman,Pierre-Alexandre,28507556,pierre-alexandre.gruman.2@etu.sorbonne-universite.fr,Finished,"16 November 2020  10:45 AM","16 November 2020  12:29 PM","1 hour 44 mins",9.62,5.46,4.15,0.00
Guio,Clément,3413360,clement.guio@etu.sorbonne-universite.fr,Finished,"16 November 2020  10:45 AM","16 November 2020  12:29 PM","1 hour 43 mins",12.39,5.22,5.51,1.67
Hadj-Arab,Ludmila,3971280,ludmila.hadj-arab@etu.sorbonne-universite.fr,Finished,"16 November 2020  10:45 AM","16 November 2020  12:30 PM","1 hour 44 mins",12.85,6.18,4.44,2.22
Hadji,Mohamed,3702996,mohamed.hadji@etu.sorbonne-universite.fr,Finished,"16 November 2020  10:45 AM","16 November 2020  12:30 PM","1 hour 44 mins",5.69,3.86,1.84,0.00
Hamdad,Khellaf,3802811,khellaf.hamdad@etu.sorbonne-universite.fr,Finished,"16 November 2020  10:45 AM","16 November 2020  12:30 PM","1 hour 45 mins",5.70,5.70,-,0.00
Hannachi,Dina,3801528,dina.hannachi@etu.sorbonne-universite.fr,Finished,"16 November 2020  10:45 AM","16 November 2020  12:29 PM","1 hour 43 mins",10.20,5.22,3.86,1.11
Herman,Margot,28716768,Margot.Herman@etu.sorbonne-universite.fr,Finished,"16 November 2020  10:45 AM","16 November 2020  12:30 PM","1 hour 45 mins",12.21,6.02,3.96,2.22
"Hernandez Adan","Oriana Rafaela",3802881,oriana.hernandez_adan@etu.sorbonne-universite.fr,Finished,"16 November 2020  10:45 AM","16 November 2020  12:29 PM","1 hour 44 mins",10.87,4.66,4.54,1.67
Huang,Xinyu,3803966,xinyiu.huang@etu.sorbonne-universite.fr,Finished,"16 November 2020  10:45 AM","16 November 2020  12:30 PM","1 hour 45 mins",10.47,6.02,4.44,0.00
Huang,Junyang,2302854,junyang.huang@etu.sorbonne-universite.fr,-,-,-,-,-,-,-,-
Huant,Raphael,3709095,raphael.huant@etu.sorbonne-universite.fr,Finished,"16 November 2020  10:46 AM","16 November 2020  12:29 PM","1 hour 43 mins",11.88,5.38,4.83,1.67
"Ibobi Sambila",Osee,3704090,osee.ibobi_sambila@etu.sorbonne-universite.fr,Finished,"16 November 2020  10:45 AM","16 November 2020  12:30 PM","1 hour 45 mins",7.63,6.10,0.97,0.56
Ikhlef,Nadjia,28718372,Nadjia.Ikhlef@etu.sorbonne-universite.fr,Finished,"16 November 2020  10:45 AM","16 November 2020  12:30 PM","1 hour 45 mins",11.86,5.94,4.25,1.67
Ith,Marc,3302184,marc.ith@etu.sorbonne-universite.fr,Finished,"16 November 2020  10:45 AM","16 November 2020  12:30 PM","1 hour 45 mins",8.04,4.90,2.03,1.11
Jday,Achraf,3802410,achraf.jday@etu.sorbonne-universite.fr,Finished,"16 November 2020  10:45 AM","16 November 2020  12:26 PM","1 hour 40 mins",11.73,5.06,4.44,2.22
Jebari,Firas,3802713,firas.jebari@etu.sorbonne-universite.fr,Finished,"16 November 2020  10:45 AM","16 November 2020  12:30 PM","1 hour 45 mins",12.11,5.06,4.83,2.22
Kaci-Chaouche,Omar,3521322,omar.kaci-chaouche@etu.sorbonne-universite.fr,Finished,"16 November 2020  10:45 AM","16 November 2020  12:29 PM","1 hour 44 mins",8.89,3.94,3.29,1.67
Kahil,Amine,28616887,amine.kahil@etu.sorbonne-universite.fr,Finished,"16 November 2020  10:45 AM","16 November 2020  12:30 PM","1 hour 45 mins",14.62,5.78,5.51,3.33
Kaïdouchi,Amira,3700530,amira.kaidouchi@etu.sorbonne-universite.fr,Finished,"16 November 2020  10:46 AM","16 November 2020  12:30 PM","1 hour 44 mins",11.59,5.86,4.06,1.67
Kandeepan,Mathuran,3800103,mathuran.kandeepan@etu.sorbonne-universite.fr,Finished,"16 November 2020  10:45 AM","16 November 2020  12:29 PM","1 hour 44 mins",11.40,4.42,5.31,1.67
Kassab,Mouad,3700640,mouad.kassab@etu.sorbonne-universite.fr,Finished,"16 November 2020  10:45 AM","16 November 2020  12:30 PM","1 hour 44 mins",6.86,4.74,2.13,-
Kasten,Harold,3805644,harold.kasten@etu.sorbonne-universite.fr,Finished,"16 November 2020  10:45 AM","16 November 2020  12:30 PM","1 hour 44 mins",12.08,4.74,5.12,2.22
Kaya,Delphine,3800099,delphine.kaya@etu.sorbonne-universite.fr,Finished,"16 November 2020  10:45 AM","16 November 2020  12:29 PM","1 hour 44 mins",12.07,6.35,4.06,1.67
Kerdouche,Nabil,3802336,nabil.kerdouche@etu.sorbonne-universite.fr,Finished,"16 November 2020  10:45 AM","16 November 2020  12:30 PM","1 hour 45 mins",13.74,6.59,4.93,2.22
Kettouche,Tinhinane,3803639,tinhinane.kettouche@etu.sorbonne-universite.fr,Finished,"16 November 2020  10:45 AM","16 November 2020  12:30 PM","1 hour 45 mins",7.77,5.62,0.48,1.67
Khalid,Ruhma,3710442,ruhma.khalid@etu.sorbonne-universite.fr,Finished,"16 November 2020  10:46 AM","16 November 2020  12:30 PM","1 hour 44 mins",5.95,3.29,1.55,1.11
Kharbouche,Ibrahim,3671035,ibrahim.kharbouche@etu.sorbonne-universite.fr,Finished,"16 November 2020  10:45 AM","16 November 2020  12:30 PM","1 hour 44 mins",14.28,6.67,4.83,2.78
Kireche,Koceila,28717834,Koceila.Kireche@etu.sorbonne-universite.fr,Finished,"16 November 2020  10:45 AM","16 November 2020  12:30 PM","1 hour 45 mins",13.91,6.67,5.02,2.22
Kling,Paul,3670056,paul.kling@etu.sorbonne-universite.fr,Finished,"16 November 2020  10:45 AM","16 November 2020  12:30 PM","1 hour 44 mins",8.61,3.61,4.44,0.56
Komen,Dimitri,3603619,dimitri.komen@etu.sorbonne-universite.fr,Finished,"16 November 2020  10:45 AM","16 November 2020  12:45 PM","1 hour 59 mins",13.26,6.67,4.93,1.67
Kordon,Djeser,3772433,djeser.kordon@etu.sorbonne-universite.fr,Finished,"16 November 2020  10:45 AM","16 November 2020  12:30 PM","1 hour 44 mins",10.51,5.22,4.73,0.56
Koroglu,Mathis,3711799,mathis.koroglu@etu.sorbonne-universite.fr,Finished,"16 November 2020  10:45 AM","16 November 2020  12:30 PM","1 hour 44 mins",12.56,6.18,4.15,2.22
Kostadinovic,Nikola,3801695,nikola.kostadinovic@etu.sorbonne-universite.fr,Finished,"16 November 2020  10:45 AM","16 November 2020  12:29 PM","1 hour 44 mins",13.35,5.38,4.64,3.33
Krisni,Almehdi,3800519,almehdi.krisni@etu.sorbonne-universite.fr,Finished,"16 November 2020  10:45 AM","16 November 2020  12:30 PM","1 hour 45 mins",14.03,6.67,5.70,1.67
Kwonn,Simon,3709743,simon.kwonn@etu.sorbonne-universite.fr,Finished,"16 November 2020  10:45 AM","16 November 2020  12:30 PM","1 hour 44 mins",11.78,5.38,4.73,1.67
Lachemot,Cédric,3705179,cedric.lachemot@etu.sorbonne-universite.fr,Finished,"16 November 2020  10:46 AM","16 November 2020  12:31 PM","1 hour 44 mins",9.73,4.66,3.96,1.11
Lachgar,Amine,3802257,amine.lachgar@etu.sorbonne-universite.fr,Finished,"16 November 2020  10:45 AM","16 November 2020  12:30 PM","1 hour 44 mins",3.18,2.89,0.29,-
Lahfa,Samy,3706599,samy.lahfa@etu.sorbonne-universite.fr,Finished,"16 November 2020  10:45 AM","16 November 2020  1:05 PM","2 hours 19 mins",9.06,4.42,4.64,0.00
"Lam A",Leo,28712991,Leo.Lam_A@etu.sorbonne-universite.fr,Finished,"16 November 2020  10:45 AM","16 November 2020  12:30 PM","1 hour 44 mins",16.06,6.35,6.38,3.33
Lange,Mathilde,28504995,mathilde.lange.2@etu.sorbonne-universite.fr,Finished,"16 November 2020  10:45 AM","16 November 2020  12:30 PM","1 hour 45 mins",12.05,5.86,3.96,2.22
Langlais,Rafaël,3520624,rafael.langlais@etu.sorbonne-universite.fr,Finished,"16 November 2020  10:45 AM","16 November 2020  1:05 PM","2 hours 20 mins",10.24,5.62,4.06,0.56
Larbi,Melissa,3971141,melissa.larbi@etu.sorbonne-universite.fr,Finished,"16 November 2020  10:45 AM","16 November 2020  12:30 PM","1 hour 45 mins",11.79,5.70,3.86,2.22
Lassadi,Nassim,3707173,nassim.lassadi@etu.sorbonne-universite.fr,Finished,"16 November 2020  10:45 AM","16 November 2020  12:30 PM","1 hour 45 mins",10.80,5.22,5.02,0.56
Lay,Kenny,3801173,kenny.lay@etu.sorbonne-universite.fr,Finished,"16 November 2020  10:45 AM","16 November 2020  12:30 PM","1 hour 45 mins",15.56,6.27,5.41,3.89
Le,"Hai Nam",28613397,hai.le@etu.sorbonne-universite.fr,Finished,"16 November 2020  10:45 AM","16 November 2020  12:30 PM","1 hour 44 mins",14.76,6.67,5.31,2.78
Le,Doan,3875020,doan.le@etu.sorbonne-universite.fr,Finished,"16 November 2020  10:45 AM","16 November 2020  12:30 PM","1 hour 44 mins",13.46,6.18,5.60,1.67
Lebazda--Gauthier,Benoît,3702867,benoit.lebazda--gauthier@etu.sorbonne-universite.fr,Finished,"16 November 2020  10:45 AM","16 November 2020  12:30 PM","1 hour 44 mins",9.35,4.42,4.93,0.00
Lecocq,Yoann,3708077,yoann.lecocq@etu.sorbonne-universite.fr,Finished,"16 November 2020  10:46 AM","16 November 2020  12:30 PM","1 hour 44 mins",7.60,6.10,0.39,1.11
Lefebure,Pierre,3674815,pierre.lefebure@etu.sorbonne-universite.fr,Finished,"16 November 2020  10:45 AM","16 November 2020  11:48 AM","1 hour 3 mins",9.05,4.58,2.80,1.67
Lefevre,Manon,3800422,manon.lefevre@etu.sorbonne-universite.fr,Finished,"16 November 2020  10:45 AM","16 November 2020  12:26 PM","1 hour 41 mins",7.14,6.02,0.00,1.11
Lemaitre,Alexandre,3876023,alexandre.lemaitre@etu.sorbonne-universite.fr,Finished,"16 November 2020  10:45 AM","16 November 2020  12:30 PM","1 hour 45 mins",10.41,4.90,5.51,-
Li,Ziyou,3802432,ziyou.li@etu.sorbonne-universite.fr,Finished,"16 November 2020  10:45 AM","16 November 2020  12:29 PM","1 hour 44 mins",14.42,6.67,3.86,3.89
Lifsal,Loubna,3309154,loubna.lifsal@etu.sorbonne-universite.fr,-,-,-,-,-,-,-,-
Lin,Daniel,3700421,daniel.lin@etu.sorbonne-universite.fr,Finished,"16 November 2020  10:45 AM","16 November 2020  12:30 PM","1 hour 45 mins",9.18,5.22,3.96,0.00
Loi,Alessia,3971668,alessia.loi@etu.sorbonne-universite.fr,Finished,"16 November 2020  10:46 AM","16 November 2020  12:31 PM","1 hour 45 mins",12.03,6.67,2.03,3.33
Lu,Raymond,3700479,raymond.lu@etu.sorbonne-universite.fr,Finished,"16 November 2020  10:45 AM","16 November 2020  12:30 PM","1 hour 45 mins",13.21,6.35,4.64,2.22
Lu,Alexandra,3700615,alexandra.lu@etu.sorbonne-universite.fr,Finished,"16 November 2020  10:45 AM","16 November 2020  12:30 PM","1 hour 44 mins",12.67,6.59,3.86,2.22
Ly,Sylvie,3522190,sylvie.ly@etu.sorbonne-universite.fr,Finished,"16 November 2020  10:45 AM","16 November 2020  12:29 PM","1 hour 44 mins",3.51,1.77,1.74,0.00
M'Barek,Heikel,3201218,heikel.mbarek@etu.sorbonne-universite.fr,Finished,"16 November 2020  10:48 AM","16 November 2020  12:32 PM","1 hour 44 mins",9.82,6.35,3.48,-
Maafa,Zin,3803950,zin.maafa@etu.sorbonne-universite.fr,Finished,"16 November 2020  10:45 AM","16 November 2020  12:30 PM","1 hour 45 mins",8.34,6.02,2.32,0.00
"Mahad Ismail",Roukia,3874897,roukia.mahad-ismail@etu.sorbonne-universite.fr,Finished,"16 November 2020  10:45 AM","16 November 2020  12:30 PM","1 hour 44 mins",9.44,4.90,4.54,-
Manimtim,Alexandre,3407834,alexandre.manimtim@etu.sorbonne-universite.fr,-,-,-,-,-,-,-,-
Mariller,Vincent,3700041,vincent.mariller@etu.sorbonne-universite.fr,-,-,-,-,-,-,-,-
Marzougui,Syrine,3803611,syrine.marzougui@etu.sorbonne-universite.fr,Finished,"16 November 2020  10:45 AM","16 November 2020  12:30 PM","1 hour 45 mins",13.02,6.67,3.57,2.78
Maurel,Perrine,28502791,perrine.maurel.2@etu.sorbonne-universite.fr,Finished,"16 November 2020  10:45 AM","16 November 2020  12:29 PM","1 hour 44 mins",10.49,5.22,4.15,1.11
Mehdi,Sarah,3971165,sarah.mehdi.1@etu.sorbonne-universite.fr,Finished,"16 November 2020  10:45 AM","16 November 2020  12:30 PM","1 hour 45 mins",8.10,4.82,3.29,0.00
Mellul,Yona,3800646,yona.mellul@etu.sorbonne-universite.fr,Finished,"16 November 2020  10:45 AM","16 November 2020  12:30 PM","1 hour 45 mins",0.00,0.00,-,-
Mendas,Rosa,3802558,rosa.mendas@etu.sorbonne-universite.fr,Finished,"16 November 2020  10:46 AM","16 November 2020  12:31 PM","1 hour 45 mins",12.87,6.67,4.54,1.67
Mendes,Hugo,3670527,hugo.mendes@etu.sorbonne-universite.fr,Finished,"16 November 2020  10:45 AM","16 November 2020  12:29 PM","1 hour 44 mins",5.72,3.86,0.19,1.67
Merle-Remond,Julian,3700191,julian.merle-remond@etu.sorbonne-universite.fr,Finished,"16 November 2020  10:45 AM","16 November 2020  12:30 PM","1 hour 45 mins",9.93,4.74,4.64,0.56
Merzouk,Kenza,3803468,kenza.merzouk@etu.sorbonne-universite.fr,Finished,"16 November 2020  10:45 AM","16 November 2020  12:30 PM","1 hour 45 mins",9.70,6.02,3.67,-
Meziane,Mohamed,3802500,mohamed.meziane@etu.sorbonne-universite.fr,Finished,"16 November 2020  10:45 AM","16 November 2020  12:29 PM","1 hour 44 mins",12.98,6.02,4.73,2.22
Mistry,Manishkumar,3671086,manishkumar.mistry@etu.sorbonne-universite.fr,Finished,"16 November 2020  10:45 AM","16 November 2020  12:30 PM","1 hour 44 mins",12.70,5.62,5.41,1.67
Mistry,Darshan,3670280,darshan.mistry@etu.sorbonne-universite.fr,Finished,"16 November 2020  10:45 AM","16 November 2020  12:30 PM","1 hour 44 mins",4.61,2.17,0.77,1.67
Mohammedi,Vanessa,3671439,vanessa.mohammedi@etu.sorbonne-universite.fr,Finished,"16 November 2020  10:45 AM","16 November 2020  12:30 PM","1 hour 45 mins",5.90,2.33,3.57,-
Mohellebi,Melissa,3971070,melissa.mohellebi@etu.sorbonne-universite.fr,Finished,"16 November 2020  10:45 AM","16 November 2020  12:30 PM","1 hour 45 mins",10.53,6.67,3.86,-
Monnereau,Irena,3670050,irena.monnereau@etu.sorbonne-universite.fr,Finished,"16 November 2020  10:45 AM","16 November 2020  12:30 PM","1 hour 45 mins",13.78,6.51,5.60,1.67
Moreau,Léonard,3800364,leonard.moreau@etu.sorbonne-universite.fr,Finished,"16 November 2020  10:45 AM","16 November 2020  12:30 PM","1 hour 44 mins",12.78,6.67,4.44,1.67
Mosgoreanu,"Alexandru Zaharia",28717021,Alexandru_Zaharia.Mosgoreanu@etu.sorbonne-universite.fr,Finished,"16 November 2020  10:45 AM","16 November 2020  12:25 PM","1 hour 40 mins",13.03,6.27,4.54,2.22
Moulouel,Myriem,3802291,myriem.moulouel@etu.sorbonne-universite.fr,Finished,"16 November 2020  10:45 AM","16 November 2020  12:28 PM","1 hour 43 mins",11.75,6.02,4.06,1.67
Moyet,Candice,3801474,candice.moyet@etu.sorbonne-universite.fr,Finished,"16 November 2020  10:45 AM","16 November 2020  12:30 PM","1 hour 44 mins",13.95,6.35,4.83,2.78
Nam,Maxime,3301246,maxime.nam@etu.sorbonne-universite.fr,Finished,"16 November 2020  10:45 AM","16 November 2020  12:30 PM","1 hour 45 mins",10.25,6.27,2.32,1.67
Naumenko,Polina,3521154,polina.naumenko@etu.sorbonne-universite.fr,Finished,"16 November 2020  11:17 AM","16 November 2020  12:43 PM","1 hour 26 mins",1.67,0.80,0.87,-
Ngamy,Gianni-Alessandro,3703993,gianni-alessandro.ngamy@etu.sorbonne-universite.fr,Finished,"16 November 2020  10:45 AM","16 November 2020  12:29 PM","1 hour 44 mins",8.72,4.18,4.54,0.00
Nguyen,"Minh Anh",3802621,minh.nguyen.6@etu.sorbonne-universite.fr,Finished,"16 November 2020  10:45 AM","16 November 2020  12:30 PM","1 hour 44 mins",12.55,6.35,4.54,1.67
Niang,Fallou,3803961,fallou.niang@etu.sorbonne-universite.fr,Finished,"16 November 2020  10:45 AM","16 November 2020  12:30 PM","1 hour 45 mins",10.18,6.02,4.15,-
"Normand De La Tranchade",François,3671913,francois.normand_de_la_tranchade@etu.sorbonne-universite.fr,Finished,"16 November 2020  10:45 AM","16 November 2020  12:21 PM","1 hour 36 mins",5.82,2.25,3.57,-
Oses,Jean-Baptiste,3700565,jean-baptiste.oses@etu.sorbonne-universite.fr,Finished,"16 November 2020  10:45 AM","16 November 2020  12:30 PM","1 hour 44 mins",10.95,5.78,4.06,1.11
Oudjani,Yasmine,3803009,yasmine.oudjani@etu.sorbonne-universite.fr,Finished,"16 November 2020  10:45 AM","16 November 2020  12:30 PM","1 hour 44 mins",10.52,6.10,3.86,0.56
Pareau,Mathilde,3800446,mathilde.pareau@etu.sorbonne-universite.fr,Finished,"16 November 2020  10:45 AM","16 November 2020  12:30 PM","1 hour 45 mins",10.53,5.70,4.83,0.00
Parichault,Antoine,3803454,antoine.parichault@etu.sorbonne-universite.fr,Finished,"16 November 2020  10:45 AM","16 November 2020  12:28 PM","1 hour 43 mins",14.84,5.30,4.54,5.00
Pironin,Julie,3802614,julie.pironin@etu.sorbonne-universite.fr,Finished,"16 November 2020  10:45 AM","16 November 2020  12:29 PM","1 hour 44 mins",10.05,6.18,3.86,0.00
Polit,Titouan,3800511,titouan.polit@etu.sorbonne-universite.fr,Finished,"16 November 2020  10:45 AM","16 November 2020  12:28 PM","1 hour 42 mins",12.48,6.35,5.02,1.11
Popescu,"Diana Elena",28717024,Diana_Elena.Popescu@etu.sorbonne-universite.fr,Finished,"16 November 2020  10:45 AM","16 November 2020  12:29 PM","1 hour 44 mins",12.26,6.02,2.90,3.33
Poulain,Claire,3679357,claire.poulain@etu.sorbonne-universite.fr,Finished,"16 November 2020  10:46 AM","16 November 2020  12:30 PM","1 hour 44 mins",11.23,5.14,3.86,2.22
Prostakov,Andrey,3802515,andrey.prostakov@etu.sorbonne-universite.fr,Finished,"16 November 2020  10:45 AM","16 November 2020  12:30 PM","1 hour 45 mins",11.55,6.67,3.77,1.11
Quest,Alexis,3703346,alexis.quest@etu.sorbonne-universite.fr,Finished,"16 November 2020  10:45 AM","16 November 2020  12:26 PM","1 hour 40 mins",9.98,5.46,3.96,0.56
Queuvin,Thomas,3700185,thomas.queuvin@etu.sorbonne-universite.fr,-,-,-,-,-,-,-,-
Rapaport,Solal,3711387,solal.rapaport@etu.sorbonne-universite.fr,Finished,"16 November 2020  10:45 AM","16 November 2020  12:29 PM","1 hour 43 mins",11.85,6.35,3.29,2.22
Rayon-Richter,Malou,3708307,malou.rayon-richter@etu.sorbonne-universite.fr,Finished,"16 November 2020  10:46 AM","16 November 2020  12:15 PM","1 hour 28 mins",13.36,5.94,4.64,2.78
Rebai,Sofiane,3674205,sofiane.rebai@etu.sorbonne-universite.fr,-,-,-,-,-,-,-,-
"Riffaud De Turckheim",Hugo,3800256,hugo.riffaud_de_turckheim@etu.sorbonne-universite.fr,Finished,"16 November 2020  10:47 AM","16 November 2020  12:32 PM","1 hour 44 mins",12.18,6.18,3.77,2.22
Roch,Stuart,3309168,stuart.roch@etu.sorbonne-universite.fr,Finished,"16 November 2020  10:45 AM","16 November 2020  12:30 PM","1 hour 44 mins",7.85,2.25,5.60,0.00
Roqui,David,3873784,david.roqui@etu.sorbonne-universite.fr,Finished,"16 November 2020  10:45 AM","16 November 2020  12:29 PM","1 hour 44 mins",7.91,3.29,4.06,0.56
Rossi,Johan-Luca,3872354,johan-luca.rossi@etu.sorbonne-universite.fr,Finished,"16 November 2020  10:45 AM","16 November 2020  12:30 PM","1 hour 44 mins",13.76,5.06,4.25,4.44
Rouba,Islam,3802420,islam.rouba@etu.sorbonne-universite.fr,Finished,"16 November 2020  10:45 AM","16 November 2020  12:30 PM","1 hour 45 mins",8.08,6.35,1.74,0.00
Rzeszutko,Kamil,2800282,kamil.rzeszutko@etu.sorbonne-universite.fr,Finished,"16 November 2020  10:45 AM","16 November 2020  12:30 PM","1 hour 45 mins",0.50,0.40,0.10,-
Sabatino,Francesco,3811132,francesco.sabatino@etu.sorbonne-universite.fr,Finished,"16 November 2020  10:45 AM","16 November 2020  12:30 PM","1 hour 44 mins",12.37,5.70,4.44,2.22
Saber,Hakim,3415762,hakim.saber@etu.sorbonne-universite.fr,Finished,"16 November 2020  10:45 AM","16 November 2020  12:27 PM","1 hour 41 mins",13.79,5.86,5.70,2.22
Saichi,Lina,3803151,lina.saichi@etu.sorbonne-universite.fr,Finished,"16 November 2020  10:45 AM","16 November 2020  12:30 PM","1 hour 45 mins",12.30,5.70,4.93,1.67
Salfati,Elisa,3800104,elisa.salfati@etu.sorbonne-universite.fr,Finished,"16 November 2020  10:45 AM","16 November 2020  12:30 PM","1 hour 45 mins",10.35,4.58,5.22,0.56
Sameur,Samir,3872902,samir.sameur@etu.sorbonne-universite.fr,Finished,"16 November 2020  10:45 AM","16 November 2020  12:29 PM","1 hour 43 mins",8.89,3.45,3.77,1.67
Seang,Chea-Jimmy,3703893,chea-jimmy.seang@etu.sorbonne-universite.fr,Finished,"16 November 2020  10:45 AM","16 November 2020  12:29 PM","1 hour 44 mins",13.92,6.02,5.12,2.78
Selliah,Sarujen,3701184,sarujen.selliah@etu.sorbonne-universite.fr,Finished,"16 November 2020  10:45 AM","16 November 2020  12:29 PM","1 hour 44 mins",8.68,4.58,3.00,1.11
Sennour,"Mohammed Wail",28616082,mohammed.sennour@etu.sorbonne-universite.fr,Finished,"16 November 2020  10:46 AM","16 November 2020  12:31 PM","1 hour 44 mins",8.88,6.35,0.87,1.67
Senyuz,"Miray Suzan",3802805,miray.senyuz@etu.sorbonne-universite.fr,Finished,"16 November 2020  10:45 AM","16 November 2020  12:31 PM","1 hour 46 mins",12.84,6.10,3.96,2.78
Serraf,Dan,3971120,dan.serraf@etu.sorbonne-universite.fr,Finished,"16 November 2020  10:46 AM","16 November 2020  12:31 PM","1 hour 44 mins",12.48,6.10,4.15,2.22
Sidia,Amir,3670888,amir.sidia@etu.sorbonne-universite.fr,Finished,"16 November 2020  10:45 AM","16 November 2020  12:30 PM","1 hour 44 mins",11.97,6.02,4.83,1.11
Simion,Mathys,28705217,Mathys.Simion@etu.sorbonne-universite.fr,Finished,"16 November 2020  10:45 AM","16 November 2020  12:20 PM","1 hour 35 mins",10.63,3.45,5.51,1.67
Slimani,Hiba,3703036,hiba.slimani@etu.sorbonne-universite.fr,Finished,"16 November 2020  10:45 AM","16 November 2020  12:28 PM","1 hour 43 mins",2.60,1.37,0.68,0.56
Song,Yifei,3970712,yifei.song@etu.sorbonne-universite.fr,Finished,"16 November 2020  10:45 AM","16 November 2020  12:30 PM","1 hour 44 mins",11.32,6.35,3.86,1.11
Soulignadeth,Willy,3800002,willy.soulignadeth@etu.sorbonne-universite.fr,Finished,"16 November 2020  10:45 AM","16 November 2020  12:30 PM","1 hour 45 mins",12.97,6.67,4.64,1.67
Soutil,Aurélien,3700451,aurelien.soutil@etu.sorbonne-universite.fr,Finished,"16 November 2020  10:45 AM","16 November 2020  12:30 PM","1 hour 44 mins",10.58,4.66,4.25,1.67
Sow,Fatou,28503374,fatou.sow.2@etu.sorbonne-universite.fr,Finished,"16 November 2020  10:45 AM","16 November 2020  12:30 PM","1 hour 44 mins",7.85,2.97,3.77,1.11
Suhana,Satria,3800274,satria.suhana@etu.sorbonne-universite.fr,Finished,"16 November 2020  10:45 AM","16 November 2020  12:28 PM","1 hour 43 mins",8.42,4.82,1.93,1.67
Sy,"Virak Bot Baramy",3407325,virak.sy@etu.sorbonne-universite.fr,Finished,"16 November 2020  10:45 AM","16 November 2020  12:30 PM","1 hour 45 mins",11.15,5.06,3.86,2.22
Szczerba,Kamil,28614283,kamil.szczerba@etu.sorbonne-universite.fr,Finished,"16 November 2020  10:45 AM","16 November 2020  12:30 PM","1 hour 44 mins",15.97,6.51,5.02,4.44
Taleb,Rida,3804264,rida.taleb@etu.sorbonne-universite.fr,Finished,"16 November 2020  10:45 AM","16 November 2020  12:30 PM","1 hour 45 mins",14.38,6.02,5.02,3.33
Tang,Christophe,3802892,christophe.tang@etu.sorbonne-universite.fr,Finished,"16 November 2020  10:45 AM","16 November 2020  12:30 PM","1 hour 44 mins",9.28,6.67,2.61,-
Tat,Jonathan,3874133,jonathan.tat@etu.sorbonne-universite.fr,Finished,"16 November 2020  10:56 AM","16 November 2020  12:32 PM","1 hour 36 mins",13.29,5.94,5.12,2.22
Tchen,Clement,3703339,clement.tchen@etu.sorbonne-universite.fr,Finished,"16 November 2020  10:46 AM","16 November 2020  12:30 PM","1 hour 44 mins",12.60,6.59,4.35,1.67
Thelineau,Jeremy,3200147,jeremy.thelineau@etu.sorbonne-universite.fr,-,-,-,-,-,-,-,-
Theodosiou,Michalis,3151223,michalis.theodosiou@etu.sorbonne-universite.fr,-,-,-,-,-,-,-,-
Theret,Ingrid,3201608,ingrid.theret@etu.sorbonne-universite.fr,Finished,"16 November 2020  10:45 AM","16 November 2020  12:29 PM","1 hour 43 mins",14.55,6.27,5.51,2.78
Thiam,Mohamed,3672502,mohamed.thiam@etu.sorbonne-universite.fr,Finished,"16 November 2020  10:45 AM","16 November 2020  12:30 PM","1 hour 44 mins",10.99,6.18,4.25,0.56
Thurairajah,Shaithan,3802984,shaithan.thurairajah@etu.sorbonne-universite.fr,Finished,"16 November 2020  10:45 AM","16 November 2020  12:30 PM","1 hour 45 mins",11.30,6.43,3.77,1.11
Tibi,Gad,3801996,gad.tibi@etu.sorbonne-universite.fr,Finished,"16 November 2020  10:45 AM","16 November 2020  12:30 PM","1 hour 45 mins",9.15,5.86,1.06,2.22
Toullalan,Antoine,3706648,antoine.toullalan@etu.sorbonne-universite.fr,Finished,"16 November 2020  10:45 AM","16 November 2020  12:28 PM","1 hour 43 mins",14.28,5.94,4.44,3.89
Tran,Kevin,3700914,kevin.tran@etu.sorbonne-universite.fr,Finished,"16 November 2020  10:45 AM","16 November 2020  12:30 PM","1 hour 45 mins",14.03,6.43,4.83,2.78
Traore,Khadidja,3800559,khadidja.traore@etu.sorbonne-universite.fr,Finished,"16 November 2020  10:46 AM","16 November 2020  12:31 PM","1 hour 44 mins",11.32,4.58,3.96,2.78
Trouve,Alex,3700052,alex.trouve@etu.sorbonne-universite.fr,Finished,"16 November 2020  10:45 AM","16 November 2020  12:30 PM","1 hour 44 mins",12.82,5.38,5.22,2.22
Ung,Thierry,3804472,thierry.ung@etu.sorbonne-universite.fr,Finished,"16 November 2020  10:46 AM","16 November 2020  12:31 PM","1 hour 45 mins",10.95,5.54,5.41,0.00
"Van Remoortere",Pierre,28007865,pierre.van_remoortere.1@etu.sorbonne-universite.fr,Finished,"16 November 2020  10:45 AM","16 November 2020  12:29 PM","1 hour 44 mins",12.26,4.82,5.22,2.22
Vang,Danny,3670334,danny.vang@etu.sorbonne-universite.fr,Finished,"16 November 2020  10:45 AM","16 November 2020  12:29 PM","1 hour 44 mins",10.51,6.18,3.77,0.56
Vanrycke,Loann,3811248,loann.vanrycke@etu.sorbonne-universite.fr,Finished,"16 November 2020  10:45 AM","16 November 2020  12:30 PM","1 hour 45 mins",8.52,4.58,3.38,0.56
Villard,Lorenzo,3801327,lorenzo.villard@etu.sorbonne-universite.fr,-,-,-,-,-,-,-,-
Xu,Jin,3700044,jin.xu@etu.sorbonne-universite.fr,Finished,"16 November 2020  10:45 AM","16 November 2020  12:30 PM","1 hour 45 mins",9.33,3.53,3.57,2.22
Yalcin,Mehmet,3702332,mehmet.yalcin@etu.sorbonne-universite.fr,Finished,"16 November 2020  10:45 AM","16 November 2020  1:05 PM","2 hours 19 mins",6.94,1.29,4.54,1.11
Yang,Qing,3872484,qing.yang@etu.sorbonne-universite.fr,Finished,"16 November 2020  10:45 AM","16 November 2020  12:30 PM","1 hour 45 mins",11.68,5.78,3.67,2.22
Yao,Qingyuan,3970770,qingyuan.yao@etu.sorbonne-universite.fr,Finished,"16 November 2020  10:45 AM","16 November 2020  12:30 PM","1 hour 45 mins",10.78,6.02,3.09,1.67
Ye,William,3413637,william.ye@etu.sorbonne-universite.fr,Finished,"16 November 2020  10:45 AM","16 November 2020  12:30 PM","1 hour 45 mins",9.20,6.67,0.87,1.67
Zerrouki,Elies,3802658,elies.zerrouki@etu.sorbonne-universite.fr,Finished,"16 November 2020  10:45 AM","16 November 2020  12:30 PM","1 hour 45 mins",9.47,6.67,2.80,0.00
Zhang,Kevin,3520893,kevin.zhang@etu.sorbonne-universite.fr,Finished,"16 November 2020  10:45 AM","16 November 2020  12:30 PM","1 hour 44 mins",8.84,6.43,2.42,-
Zhang,Kate,3800131,kate.zhang@etu.sorbonne-universite.fr,Finished,"16 November 2020  10:45 AM","16 November 2020  12:29 PM","1 hour 44 mins",13.70,6.67,4.25,2.78
Zhang,Eric,3800297,eric.zhang@etu.sorbonne-universite.fr,Finished,"16 November 2020  10:45 AM","16 November 2020  12:30 PM","1 hour 44 mins",12.46,5.86,4.93,1.67
Zhao,Cong,2351624,cong.zhao@etu.sorbonne-universite.fr,Finished,"16 November 2020  10:45 AM","16 November 2020  12:30 PM","1 hour 45 mins",5.91,1.93,2.32,1.67
Zheng,Luc,3710230,luc.zheng@etu.sorbonne-universite.fr,Finished,"16 November 2020  10:45 AM","16 November 2020  12:30 PM","1 hour 44 mins",12.83,6.18,3.86,2.78
Zhou,Jean-Marc,28008879,jean-marc.zhou@etu.sorbonne-universite.fr,Finished,"16 November 2020  10:45 AM","16 November 2020  12:30 PM","1 hour 45 mins",10.72,4.90,4.15,1.67
Ziegler,Clara,3709947,clara.ziegler@etu.sorbonne-universite.fr,Finished,"16 November 2020  10:45 AM","16 November 2020  12:30 PM","1 hour 44 mins",12.66,6.67,3.77,2.22
Zinopoulos-Yannopoulos,Florian,3708962,florian.zinopoulos-yannopoulos@etu.sorbonne-universite.fr,Finished,"16 November 2020  10:45 AM","16 November 2020  12:28 PM","1 hour 43 mins",15.73,6.51,5.89,3.33
"Zou Al Guyna",Louai,3680880,louai.zou_al_guyna@etu.sorbonne-universite.fr,Finished,"16 November 2020  10:45 AM","16 November 2020  12:27 PM","1 hour 42 mins",14.85,6.59,4.93,3.33
"Overall average",,,,,,,,10.83,5.38,3.84,1.62
