﻿Surname,"First name","ID number","Email address",State,"Started on",Completed,"Time taken",Grade/20.00,"Q. 1 /0.00","Q. 2 /0.35","Q. 3 /2.11","Q. 4 /0.35","Q. 5 /4.21","Q. 6 /0.35","Q. 7 /4.91","Q. 8 /1.05","Q. 9 /3.16","Q. 10 /3.51"
Aallam,Mohamed,3802135,mohamed.aallam@etu.sorbonne-universite.fr,Finished,"2 October 2020  3:59 PM","2 October 2020  4:43 PM","43 mins 53 secs",20.00,-,0.35,2.11,0.35,4.21,0.35,4.91,1.05,3.16,3.51
Abdalaziz,"Youssef Alaa Elsayye",3803619,youssef.abdalaziz@etu.sorbonne-universite.fr,Finished,"28 September 2020  4:46 PM","28 September 2020  5:34 PM","47 mins 18 secs",20.00,-,0.35,2.11,0.35,4.21,0.35,4.91,1.05,3.16,3.51
Abderrahmen,"Mohamed Aziz",3802009,mohamed.abderrahmen@etu.sorbonne-universite.fr,Finished,"28 September 2020  4:40 PM","28 September 2020  5:48 PM","1 hour 8 mins",19.33,-,0.35,2.11,0.35,4.21,0.35,4.91,1.05,2.84,3.16
Abitbol,Yossef,3804139,yossef.abitbol@etu.sorbonne-universite.fr,-,-,-,-,-,-,-,-,-,-,-,-,-,-,-
Ajuelos,Emmanuel,3800432,emmanuel.ajuelos@etu.sorbonne-universite.fr,-,-,-,-,-,-,-,-,-,-,-,-,-,-,-
"Al- Jawhi",Abdullah,28625228,abdullah.al_jawhi@etu.sorbonne-universite.fr,-,-,-,-,-,-,-,-,-,-,-,-,-,-,-
Ammour,Amine,3876256,amine.ammour@etu.sorbonne-universite.fr,Finished,"2 October 2020  2:03 PM","2 October 2020  2:30 PM","27 mins 1 sec",20.00,-,0.35,2.11,0.35,4.21,0.35,4.91,1.05,3.16,3.51
Anki-Zuccarello,Kenza,3800473,kenza.anki-zuccarello@etu.sorbonne-universite.fr,-,-,-,-,-,-,-,-,-,-,-,-,-,-,-
Anki-Zuccarello,Kenza,28502318,kenza.anki.1@etu.sorbonne-universite.fr,Finished,"30 September 2020  10:54 AM","30 September 2020  12:29 PM","1 hour 34 mins",19.30,-,0.35,2.11,0.35,4.21,0.35,4.91,0.35,3.16,3.51
Aral,Arda,3702388,arda.aral@etu.sorbonne-universite.fr,-,-,-,-,-,-,-,-,-,-,-,-,-,-,-
Arichandra,Santhos,3802651,santhos.arichandra@etu.sorbonne-universite.fr,Finished,"2 October 2020  10:14 AM","2 October 2020  10:30 AM","15 mins 18 secs",19.30,-,0.35,2.11,0.35,4.21,0.35,4.91,1.05,3.16,2.81
Armenoult,Ludovic,3416871,ludovic.armenoult@etu.sorbonne-universite.fr,Finished,"30 September 2020  10:51 AM","30 September 2020  11:51 AM","1 hour",20.00,-,0.35,2.11,0.35,4.21,0.35,4.91,1.05,3.16,3.51
Arrous,Clement,3671634,clement.arrous@etu.sorbonne-universite.fr,Finished,"28 September 2020  4:52 PM","28 September 2020  5:32 PM","39 mins 49 secs",19.65,-,0.35,2.11,0.35,4.21,0.35,4.91,0.70,3.16,3.51
Audoux,Marion,3700108,marion.audoux@etu.sorbonne-universite.fr,Finished,"28 September 2020  4:23 PM","28 September 2020  5:24 PM","1 hour 1 min",20.00,-,0.35,2.11,0.35,4.21,0.35,4.91,1.05,3.16,3.51
Audras,Antoine,3410283,antoine.audras@etu.sorbonne-universite.fr,-,-,-,-,-,-,-,-,-,-,-,-,-,-,-
Ayadi,Anis,3802501,anis.ayadi@etu.sorbonne-universite.fr,Finished,"1 October 2020  11:09 AM","1 October 2020  12:13 PM","1 hour 3 mins",19.30,-,0.35,2.11,0.35,4.21,0.35,4.21,1.05,3.16,3.51
Azar,Jane,3803112,jane.azar@etu.sorbonne-universite.fr,Finished,"2 October 2020  3:58 PM","2 October 2020  4:43 PM","44 mins 54 secs",20.00,-,0.35,2.11,0.35,4.21,0.35,4.91,1.05,3.16,3.51
Azoui,Rayane,28710978,Rayane.Azoui@etu.sorbonne-universite.fr,Finished,"28 September 2020  4:30 PM","28 September 2020  5:28 PM","58 mins 4 secs",18.26,-,0.26,2.11,0.35,4.21,0.35,4.91,1.05,2.21,2.81
Badriouiche,Mohamed,3701404,mohamed.badriouiche@etu.sorbonne-universite.fr,Finished,"28 September 2020  4:37 PM","28 September 2020  5:29 PM","51 mins 45 secs",16.53,-,0.35,0.70,0.35,2.81,0.35,4.91,1.05,2.84,3.16
Baker,Thomas,3700144,thomas.baker@etu.sorbonne-universite.fr,Finished,"28 September 2020  4:35 PM","28 September 2020  5:35 PM","59 mins 53 secs",19.65,-,0.35,2.11,0.35,4.21,0.35,4.91,1.05,3.16,3.16
Baraket,Msalem,3804929,msalem.baraket@etu.sorbonne-universite.fr,-,-,-,-,-,-,-,-,-,-,-,-,-,-,-
Barbier,Marie,3802734,marie.barbier.1@etu.sorbonne-universite.fr,Finished,"30 September 2020  10:55 AM","30 September 2020  11:59 AM","1 hour 3 mins",19.30,-,0.35,2.11,0.35,4.21,0.35,4.91,0.70,3.16,3.16
Belazouz,Bourhan-Eddine,3208353,bourhan-eddine.belazouz@etu.sorbonne-universite.fr,Finished,"28 September 2020  4:17 PM","28 September 2020  5:25 PM","1 hour 8 mins",19.74,-,0.35,2.11,0.26,4.21,0.18,4.91,1.05,3.16,3.51
Bellut,Quentin,3710439,quentin.bellut@etu.sorbonne-universite.fr,Finished,"30 September 2020  11:00 AM","30 September 2020  11:54 AM","54 mins 9 secs",20.00,-,0.35,2.11,0.35,4.21,0.35,4.91,1.05,3.16,3.51
"Ben Attar",Ethan,3670543,ethan.ben_attar@etu.sorbonne-universite.fr,Finished,"30 September 2020  10:57 AM","30 September 2020  11:54 AM","56 mins 46 secs",19.30,-,0.35,2.11,0.35,4.21,0.35,4.21,1.05,3.16,3.51
Benabdallah,Ali,3806311,ali.benabdallah@etu.sorbonne-universite.fr,Finished,"2 October 2020  4:00 PM","2 October 2020  4:42 PM","42 mins 23 secs",19.65,-,0.35,2.11,0.35,4.21,0.35,4.91,0.70,3.16,3.51
Bencherif,Nabil,3710493,nabil.bencherif@etu.sorbonne-universite.fr,-,-,-,-,-,-,-,-,-,-,-,-,-,-,-
Benjamin-Jeyaseelan,"Benjamin Julius",3671340,benjamin.benjamin-jeyaseelan@etu.sorbonne-universite.fr,Finished,"2 October 2020  11:02 AM","2 October 2020  12:15 PM","1 hour 13 mins",19.65,-,0.35,1.75,0.35,4.21,0.35,4.91,1.05,3.16,3.51
Bensafia,"Chems Eddine",28717430,Chems_Eddine.Bensafia@etu.sorbonne-universite.fr,Finished,"1 October 2020  11:15 AM","1 October 2020  12:14 PM","58 mins 39 secs",20.00,-,0.35,2.11,0.35,4.21,0.35,4.91,1.05,3.16,3.51
Benyahia,Sami,3677177,sami.benyahia@etu.sorbonne-universite.fr,Finished,"2 October 2020  3:31 PM","2 October 2020  5:02 PM","1 hour 31 mins",19.30,-,0.35,2.11,0.35,4.21,0.35,4.91,0.35,3.16,3.51
Bernier,Téo,3670574,teo.bernier@etu.sorbonne-universite.fr,Finished,"28 September 2020  1:55 PM","28 September 2020  2:26 PM","30 mins 58 secs",18.95,-,0.35,2.11,0.35,4.21,0.35,3.86,1.05,3.16,3.51
Bettahar,"Mohamed El Amine",28616068,mohamed.bettahar@etu.sorbonne-universite.fr,Finished,"1 October 2020  8:11 PM","1 October 2020  9:14 PM","1 hour 2 mins",20.00,-,0.35,2.11,0.35,4.21,0.35,4.91,1.05,3.16,3.51
Boubrik,Ihsane,3670795,ihsane.boubrik@etu.sorbonne-universite.fr,Finished,"2 October 2020  12:16 PM","2 October 2020  12:28 PM","11 mins 55 secs",19.47,-,0.26,2.11,0.26,4.21,0.35,4.91,0.70,3.16,3.51
Boudarene,Samy,3801935,samy.boudarene@etu.sorbonne-universite.fr,Finished,"30 September 2020  11:08 AM","30 September 2020  12:06 PM","58 mins 12 secs",19.68,-,0.35,2.11,0.35,4.21,0.35,4.91,1.05,2.84,3.51
Bougherara,Adan,3680559,adan.bougherara@etu.sorbonne-universite.fr,Finished,"2 October 2020  4:01 PM","2 October 2020  4:50 PM","48 mins 58 secs",20.00,-,0.35,2.11,0.35,4.21,0.35,4.91,1.05,3.16,3.51
Bourekh,Zidane,3677063,zidane.bourekh@etu.sorbonne-universite.fr,"Never submitted","2 October 2020  4:12 PM",-,-,-,-,-,-,-,-,-,-,-,-,-
Bourlette,Lucas,3672216,lucas.bourlette@etu.sorbonne-universite.fr,Finished,"2 October 2020  4:29 PM","2 October 2020  4:59 PM","29 mins 39 secs",19.30,-,0.35,2.11,0.35,4.21,0.35,4.91,0.35,3.16,3.51
Bourmault,Adrien,3677850,adrien.bourmault@etu.sorbonne-universite.fr,Finished,"28 September 2020  4:31 PM","28 September 2020  5:23 PM","52 mins 3 secs",17.54,-,0.35,2.11,0.35,4.21,0.35,3.86,1.05,3.16,2.11
Bouyoucef,Assirem,3971113,assirem.bouyoucef@etu.sorbonne-universite.fr,Finished,"2 October 2020  11:20 AM","2 October 2020  12:22 PM","1 hour 1 min",19.65,-,0.35,2.11,0.35,4.21,0.35,4.91,1.05,3.16,3.16
Bouzouaoui,Anes,28616582,anes.bouzouaoui@etu.sorbonne-universite.fr,Finished,"29 September 2020  11:22 PM","30 September 2020  12:16 AM","53 mins 23 secs",19.33,-,0.35,2.11,0.35,4.21,0.35,4.91,1.05,2.84,3.16
Boyadjiev,Todor,28507548,todor.boyadjiev.2@etu.sorbonne-universite.fr,Finished,"2 October 2020  3:45 PM","2 October 2020  5:13 PM","1 hour 28 mins",14.74,-,0.35,1.05,0.35,2.11,0.35,2.81,1.05,3.16,3.51
Brasseur,Gaëtan,3802696,gaetan.brasseur@etu.sorbonne-universite.fr,Finished,"30 September 2020  10:56 AM","30 September 2020  12:02 PM","1 hour 5 mins",16.53,-,0.35,2.11,0.35,4.21,0.35,4.21,0.35,2.84,1.75
Brihmouche,Yacine,28717951,Yacine.Brihmouche@etu.sorbonne-universite.fr,-,-,-,-,-,-,-,-,-,-,-,-,-,-,-
Buisson,Marc,28614429,marc.buisson@etu.sorbonne-universite.fr,"Never submitted","28 September 2020  4:23 PM",-,-,-,-,-,-,-,-,-,-,-,-,-
Canitrot,Julien,3803521,julien.canitrot@etu.sorbonne-universite.fr,-,-,-,-,-,-,-,-,-,-,-,-,-,-,-
Carton,Lorris,3521310,lorris.carton@etu.sorbonne-universite.fr,Finished,"1 October 2020  11:03 AM","1 October 2020  11:57 AM","53 mins 37 secs",18.60,-,0.35,2.11,0.35,4.21,0.35,4.91,1.05,3.16,2.11
Carvalho,Lorenzo,3700288,lorenzo.carvalho@etu.sorbonne-universite.fr,Finished,"2 October 2020  3:59 PM","2 October 2020  4:46 PM","46 mins 33 secs",18.98,-,0.35,2.11,0.35,4.21,0.35,4.91,0.70,2.84,3.16
Cassan,Jules,3810883,jules.cassan@etu.sorbonne-universite.fr,-,-,-,-,-,-,-,-,-,-,-,-,-,-,-
Chafai,Tinhinane,3802927,tinhinane.chafai@etu.sorbonne-universite.fr,-,-,-,-,-,-,-,-,-,-,-,-,-,-,-
"Chan Yip Hon",Boris,3706553,boris.chan_yip_hon@etu.sorbonne-universite.fr,Finished,"2 October 2020  11:12 AM","2 October 2020  12:22 PM","1 hour 9 mins",18.25,-,0.35,2.11,0.35,2.81,0.35,4.91,1.05,3.16,3.16
Chea,Sophie,3708951,sophie.chea@etu.sorbonne-universite.fr,Finished,"30 September 2020  10:54 AM","30 September 2020  12:12 PM","1 hour 17 mins",19.30,-,0.35,2.11,0.35,4.21,0.35,4.91,0.35,3.16,3.51
Chen,Jinhe,3802503,jinhe.chen@etu.sorbonne-universite.fr,-,-,-,-,-,-,-,-,-,-,-,-,-,-,-
Cherfaoui,Sarah,3874223,sarah.cherfaoui@etu.sorbonne-universite.fr,-,-,-,-,-,-,-,-,-,-,-,-,-,-,-
Cherfaoui,Melissa,28720090,Melissa.Cherfaoui@etu.sorbonne-universite.fr,-,-,-,-,-,-,-,-,-,-,-,-,-,-,-
Chitu,Alex,3701943,alex.chitu@etu.sorbonne-universite.fr,Finished,"2 October 2020  11:03 AM","2 October 2020  12:06 PM","1 hour 3 mins",20.00,-,0.35,2.11,0.35,4.21,0.35,4.91,1.05,3.16,3.51
Cineus,Dylan,3302425,dylan.cineus@etu.sorbonne-universite.fr,Finished,"28 September 2020  4:42 PM","28 September 2020  5:35 PM","52 mins 47 secs",19.33,-,0.35,2.11,0.35,4.21,0.35,4.91,1.05,2.84,3.16
Ciocan,Clara,3801875,clara.ciocan@etu.sorbonne-universite.fr,-,-,-,-,-,-,-,-,-,-,-,-,-,-,-
Cleuziou,Karl,3800455,karl.cleuziou@etu.sorbonne-universite.fr,Finished,"30 September 2020  10:57 AM","30 September 2020  12:20 PM","1 hour 23 mins",20.00,-,0.35,2.11,0.35,4.21,0.35,4.91,1.05,3.16,3.51
Colin,Jacques,3700584,jacques.colin@etu.sorbonne-universite.fr,Finished,"30 September 2020  10:54 AM","30 September 2020  12:03 PM","1 hour 9 mins",19.65,-,0.35,2.11,0.35,4.21,0.35,4.91,0.70,3.16,3.51
Coudert,Louis,3800333,louis.coudert@etu.sorbonne-universite.fr,Finished,"30 September 2020  10:56 AM","30 September 2020  11:48 AM","52 mins 16 secs",20.00,-,0.35,2.11,0.35,4.21,0.35,4.91,1.05,3.16,3.51
Dauvet,Haron,3700463,haron.dauvet@etu.sorbonne-universite.fr,-,-,-,-,-,-,-,-,-,-,-,-,-,-,-
"De Castelbajac",Matthieu,3800411,matthieu.de_castelbajac@etu.sorbonne-universite.fr,Finished,"30 September 2020  10:54 AM","30 September 2020  11:53 AM","58 mins 54 secs",18.95,-,0.35,2.11,0.35,3.16,0.35,4.91,1.05,3.16,3.51
Delgado,Thomas,3407716,thomas.delgado@etu.sorbonne-universite.fr,Finished,"28 September 2020  4:39 PM","28 September 2020  5:45 PM","1 hour 6 mins",18.25,-,0.35,2.11,0.35,4.21,0.35,4.91,0.70,3.16,2.11
Demeulenaere,Vivien,3706539,vivien.demeulenaere@etu.sorbonne-universite.fr,Finished,"2 October 2020  4:01 PM","2 October 2020  4:45 PM","43 mins 44 secs",19.30,-,0.35,2.11,0.35,4.21,0.35,4.91,0.35,3.16,3.51
Djouahra,"Mohamed Akram",28718098,Mohamed_Akram.Djouahra@etu.sorbonne-universite.fr,-,-,-,-,-,-,-,-,-,-,-,-,-,-,-
Djouder,Sarah,3970876,sarah.djouder@etu.sorbonne-universite.fr,-,-,-,-,-,-,-,-,-,-,-,-,-,-,-
Doucouré,Dramane,3520680,dramane.doucoure@etu.sorbonne-universite.fr,Finished,"2 October 2020  3:35 PM","2 October 2020  3:56 PM","20 mins 22 secs",19.65,-,0.35,2.11,0.35,4.21,0.35,4.91,0.70,3.16,3.51
Drouin,Reza,3800042,reza.drouin@etu.sorbonne-universite.fr,Finished,"28 September 2020  4:44 PM","28 September 2020  5:40 PM","55 mins 40 secs",18.60,-,0.35,2.11,0.35,4.21,0.35,4.91,1.05,3.16,2.11
Du,Qian,3520431,qian.du@etu.sorbonne-universite.fr,Finished,"30 September 2020  10:55 AM","30 September 2020  12:12 PM","1 hour 17 mins",16.04,-,0.35,2.11,0.35,4.21,0.35,4.91,1.05,0.95,1.75
Dubreuil,Jules,3800417,jules.dubreuil@etu.sorbonne-universite.fr,Finished,"1 October 2020  11:04 AM","1 October 2020  11:49 AM","45 mins 31 secs",19.65,-,0.35,2.11,0.35,4.21,0.35,4.56,1.05,3.16,3.51
Dufeutrelle,Hugo,3520375,hugo.dufeutrelle@etu.sorbonne-universite.fr,Finished,"28 September 2020  4:34 PM","28 September 2020  5:30 PM","56 mins 9 secs",19.30,-,0.35,2.11,0.35,3.86,0.35,4.91,1.05,3.16,3.16
Dumoulin,Zoé,3702742,zoe.dumoulin@etu.sorbonne-universite.fr,Finished,"1 October 2020  11:02 AM","1 October 2020  11:52 AM","49 mins 22 secs",18.60,-,0.35,2.11,0.35,4.21,0.35,4.91,1.05,3.16,2.11
Duval,Aurelien,3872455,aurelien.duval@etu.sorbonne-universite.fr,Finished,"2 October 2020  4:02 PM","2 October 2020  4:39 PM","37 mins 20 secs",18.60,-,0.35,2.11,0.35,4.21,0.35,4.91,1.05,3.16,2.11
Dziri,Hakim,3800075,hakim.dziri@etu.sorbonne-universite.fr,Finished,"2 October 2020  11:16 AM","2 October 2020  11:56 AM","40 mins 32 secs",20.00,-,0.35,2.11,0.35,4.21,0.35,4.91,1.05,3.16,3.51
"El Fahdi",Ismaël,3802719,ismael.el_fahdi@etu.sorbonne-universite.fr,Finished,"2 October 2020  4:09 PM","2 October 2020  4:49 PM","39 mins 45 secs",18.95,-,0.00,2.11,0.00,4.21,0.00,4.91,1.05,3.16,3.51
"El Ghali",Yosr,3802466,yosr.elghali@etu.sorbonne-universite.fr,Finished,"28 September 2020  4:27 PM","28 September 2020  5:35 PM","1 hour 7 mins",19.30,-,0.35,2.11,0.35,4.21,0.35,4.91,0.35,3.16,3.51
"El Ghazzi",Sarah,3671094,sarah.el_ghazzi@etu.sorbonne-universite.fr,Finished,"28 September 2020  4:40 PM","28 September 2020  5:47 PM","1 hour 6 mins",19.33,-,0.35,2.11,0.35,4.21,0.35,4.91,1.05,2.84,3.16
"El Ghoul",Elio,3803565,elio.el_ghoul@etu.sorbonne-universite.fr,Finished,"30 September 2020  10:58 AM","30 September 2020  12:16 PM","1 hour 18 mins",19.30,-,0.35,2.11,0.35,4.21,0.35,4.21,1.05,3.16,3.51
Elatri,Sami,3801805,sami.elatri@etu.sorbonne-universite.fr,-,-,-,-,-,-,-,-,-,-,-,-,-,-,-
Ergun,Yavuz,3670777,yavuz.ergun@etu.sorbonne-universite.fr,Finished,"1 October 2020  11:03 AM","1 October 2020  12:03 PM","1 hour",18.60,-,0.35,2.11,0.35,4.21,0.35,4.91,1.05,3.16,2.11
Felix,Wycherley-Kassel,3702385,wycherley-kassel.felix@etu.sorbonne-universite.fr,Finished,"2 October 2020  4:20 PM","2 October 2020  5:07 PM","47 mins 30 secs",19.68,-,0.35,2.11,0.35,4.21,0.35,4.91,1.05,2.84,3.51
Ferdaoui,Sheïmâa,3802999,sheimaa.ferdaoui@etu.sorbonne-universite.fr,Finished,"30 September 2020  11:00 AM","30 September 2020  12:22 PM","1 hour 22 mins",16.49,-,0.35,2.11,0.35,4.21,0.18,4.21,0.35,1.58,3.16
Gabour,Smail,3700149,smail.gabour@etu.sorbonne-universite.fr,-,-,-,-,-,-,-,-,-,-,-,-,-,-,-
Gaillon,Gregoire,3670241,gregoire.gaillon@etu.sorbonne-universite.fr,Finished,"2 October 2020  3:15 PM","2 October 2020  4:56 PM","1 hour 40 mins",18.28,-,0.35,2.11,0.35,4.21,0.35,4.91,0.00,2.84,3.16
Galliot,Jules,3802342,jules.galliot@etu.sorbonne-universite.fr,-,-,-,-,-,-,-,-,-,-,-,-,-,-,-
Gigacz,"Kiara Ting Yung Chin",3803025,kiara.gigacz@etu.sorbonne-universite.fr,Finished,"2 October 2020  4:02 PM","2 October 2020  4:52 PM","50 mins 26 secs",19.30,-,0.35,2.11,0.35,4.21,0.35,4.21,1.05,3.16,3.51
Goulmot,Cedric,3971371,cedric.goulmot@etu.sorbonne-universite.fr,-,-,-,-,-,-,-,-,-,-,-,-,-,-,-
Grech,Anna,3800494,anna.grech@etu.sorbonne-universite.fr,Finished,"30 September 2020  10:54 AM","30 September 2020  11:52 AM","57 mins 37 secs",20.00,-,0.35,2.11,0.35,4.21,0.35,4.91,1.05,3.16,3.51
Gruman,Pierre-Alexandre,28507556,pierre-alexandre.gruman.2@etu.sorbonne-universite.fr,Finished,"30 September 2020  10:55 AM","30 September 2020  12:05 PM","1 hour 10 mins",19.65,-,0.35,2.11,0.35,4.21,0.35,4.91,0.70,3.16,3.51
Guio,Clément,3413360,clement.guio@etu.sorbonne-universite.fr,Finished,"2 October 2020  3:49 PM","2 October 2020  4:58 PM","1 hour 8 mins",7.75,-,0.35,0.00,0.35,0.00,0.35,0.00,0.70,2.84,3.16
Hadj-Arab,Ludmila,3971280,ludmila.hadj-arab@etu.sorbonne-universite.fr,Finished,"2 October 2020  11:01 AM","2 October 2020  12:01 PM","59 mins 34 secs",19.68,-,0.35,2.11,0.35,4.21,0.35,4.91,1.05,2.84,3.51
Hadji,Mohamed,3702996,mohamed.hadji@etu.sorbonne-universite.fr,Finished,"30 September 2020  10:55 AM","30 September 2020  11:42 AM","46 mins 42 secs",19.33,-,0.35,2.11,0.35,4.21,0.35,4.91,1.05,2.84,3.16
Hamdad,Khellaf,3802811,khellaf.hamdad@etu.sorbonne-universite.fr,Finished,"28 September 2020  4:48 PM","28 September 2020  5:41 PM","53 mins 15 secs",19.02,-,0.35,2.11,0.35,4.21,0.35,4.91,1.05,2.53,3.16
Hannachi,Dina,3801528,dina.hannachi@etu.sorbonne-universite.fr,Finished,"28 September 2020  4:36 PM","28 September 2020  5:35 PM","59 mins 32 secs",20.00,-,0.35,2.11,0.35,4.21,0.35,4.91,1.05,3.16,3.51
Herman,Margot,28716768,Margot.Herman@etu.sorbonne-universite.fr,Finished,"30 September 2020  10:55 AM","30 September 2020  12:16 PM","1 hour 21 mins",20.00,-,0.35,2.11,0.35,4.21,0.35,4.91,1.05,3.16,3.51
"Hernandez Adan","Oriana Rafaela",3802881,oriana.hernandez_adan@etu.sorbonne-universite.fr,Finished,"1 October 2020  10:58 AM","1 October 2020  12:13 PM","1 hour 14 mins",20.00,-,0.35,2.11,0.35,4.21,0.35,4.91,1.05,3.16,3.51
Huang,Xinyu,3803966,xinyiu.huang@etu.sorbonne-universite.fr,-,-,-,-,-,-,-,-,-,-,-,-,-,-,-
Huang,Junyang,2302854,junyang.huang@etu.sorbonne-universite.fr,-,-,-,-,-,-,-,-,-,-,-,-,-,-,-
Huant,Raphael,3709095,raphael.huant@etu.sorbonne-universite.fr,Finished,"30 September 2020  10:54 AM","30 September 2020  11:53 AM","58 mins 57 secs",20.00,-,0.35,2.11,0.35,4.21,0.35,4.91,1.05,3.16,3.51
"Ibobi Sambila",Osee,3704090,osee.ibobi_sambila@etu.sorbonne-universite.fr,Finished,"28 September 2020  4:33 PM","28 September 2020  5:38 PM","1 hour 5 mins",19.30,-,0.35,2.11,0.35,4.21,0.35,4.91,0.35,3.16,3.51
Ikhlef,Nadjia,28718372,Nadjia.Ikhlef@etu.sorbonne-universite.fr,-,-,-,-,-,-,-,-,-,-,-,-,-,-,-
Ith,Marc,3302184,marc.ith@etu.sorbonne-universite.fr,Finished,"2 October 2020  4:31 PM","2 October 2020  5:40 PM","1 hour 9 mins",18.98,-,0.35,2.11,0.35,4.21,0.35,4.91,0.70,2.84,3.16
Jday,Achraf,3802410,achraf.jday@etu.sorbonne-universite.fr,Finished,"2 October 2020  4:01 PM","2 October 2020  4:51 PM","49 mins 26 secs",20.00,-,0.35,2.11,0.35,4.21,0.35,4.91,1.05,3.16,3.51
Jebari,Firas,3802713,firas.jebari@etu.sorbonne-universite.fr,-,-,-,-,-,-,-,-,-,-,-,-,-,-,-
Kaci-Chaouche,Omar,3521322,omar.kaci-chaouche@etu.sorbonne-universite.fr,Finished,"2 October 2020  11:03 AM","2 October 2020  12:10 PM","1 hour 6 mins",18.63,-,0.35,2.11,0.35,4.21,0.35,4.91,0.35,2.84,3.16
Kahil,Amine,28616887,amine.kahil@etu.sorbonne-universite.fr,Finished,"28 September 2020  4:27 PM","28 September 2020  5:29 PM","1 hour 1 min",20.00,-,0.35,2.11,0.35,4.21,0.35,4.91,1.05,3.16,3.51
Kaïdouchi,Amira,3700530,amira.kaidouchi@etu.sorbonne-universite.fr,Finished,"30 September 2020  10:54 AM","30 September 2020  12:12 PM","1 hour 17 mins",20.00,-,0.35,2.11,0.35,4.21,0.35,4.91,1.05,3.16,3.51
Kandeepan,Mathuran,3800103,mathuran.kandeepan@etu.sorbonne-universite.fr,Finished,"2 October 2020  4:03 PM","2 October 2020  4:44 PM","41 mins 14 secs",19.33,-,0.35,2.11,0.35,4.21,0.35,4.91,1.05,2.84,3.16
Kassab,Mouad,3700640,mouad.kassab@etu.sorbonne-universite.fr,Finished,"1 October 2020  10:02 PM","1 October 2020  11:44 PM","1 hour 42 mins",20.00,-,0.35,2.11,0.35,4.21,0.35,4.91,1.05,3.16,3.51
Kasten,Harold,3805644,harold.kasten@etu.sorbonne-universite.fr,Finished,"1 October 2020  11:11 AM","1 October 2020  11:43 AM","32 mins 3 secs",19.65,-,0.35,2.11,0.35,4.21,0.35,4.91,1.05,3.16,3.16
Kaya,Delphine,3800099,delphine.kaya@etu.sorbonne-universite.fr,Finished,"2 October 2020  4:02 PM","2 October 2020  4:57 PM","55 mins 3 secs",20.00,-,0.35,2.11,0.35,4.21,0.35,4.91,1.05,3.16,3.51
Kerdouche,Nabil,3802336,nabil.kerdouche@etu.sorbonne-universite.fr,Finished,"2 October 2020  11:20 AM","2 October 2020  12:23 PM","1 hour 2 mins",18.25,-,0.35,2.11,0.35,4.21,0.35,4.91,1.05,3.16,1.75
Kettouche,Tinhinane,3803639,tinhinane.kettouche@etu.sorbonne-universite.fr,-,-,-,-,-,-,-,-,-,-,-,-,-,-,-
Khalid,Ruhma,3710442,ruhma.khalid@etu.sorbonne-universite.fr,-,-,-,-,-,-,-,-,-,-,-,-,-,-,-
Kharbouche,Ibrahim,3671035,ibrahim.kharbouche@etu.sorbonne-universite.fr,Finished,"28 September 2020  4:22 PM","28 September 2020  5:27 PM","1 hour 5 mins",20.00,-,0.35,2.11,0.35,4.21,0.35,4.91,1.05,3.16,3.51
Kireche,Koceila,28717834,Koceila.Kireche@etu.sorbonne-universite.fr,Finished,"1 October 2020  11:15 AM","1 October 2020  12:14 PM","58 mins 33 secs",20.00,-,0.35,2.11,0.35,4.21,0.35,4.91,1.05,3.16,3.51
Kling,Paul,3670056,paul.kling@etu.sorbonne-universite.fr,Finished,"28 September 2020  4:59 PM","28 September 2020  5:47 PM","48 mins 1 sec",20.00,-,0.35,2.11,0.35,4.21,0.35,4.91,1.05,3.16,3.51
Komen,Dimitri,3603619,dimitri.komen@etu.sorbonne-universite.fr,Finished,"28 September 2020  4:58 PM","28 September 2020  5:46 PM","47 mins 52 secs",20.00,-,0.35,2.11,0.35,4.21,0.35,4.91,1.05,3.16,3.51
Kordon,Djeser,3772433,djeser.kordon@etu.sorbonne-universite.fr,-,-,-,-,-,-,-,-,-,-,-,-,-,-,-
Koroglu,Mathis,3711799,mathis.koroglu@etu.sorbonne-universite.fr,Finished,"2 October 2020  4:01 PM","2 October 2020  4:52 PM","50 mins 42 secs",20.00,-,0.35,2.11,0.35,4.21,0.35,4.91,1.05,3.16,3.51
Kostadinovic,Nikola,3801695,nikola.kostadinovic@etu.sorbonne-universite.fr,-,-,-,-,-,-,-,-,-,-,-,-,-,-,-
Krisni,Almehdi,3800519,almehdi.krisni@etu.sorbonne-universite.fr,Finished,"28 September 2020  4:54 PM","28 September 2020  5:44 PM","50 mins 24 secs",17.26,-,0.35,2.11,0.35,4.21,0.35,4.91,0.35,2.53,2.11
Kwonn,Simon,3709743,simon.kwonn@etu.sorbonne-universite.fr,Finished,"30 September 2020  11:02 AM","30 September 2020  11:55 AM","52 mins 52 secs",20.00,-,0.35,2.11,0.35,4.21,0.35,4.91,1.05,3.16,3.51
Lachemot,Cédric,3705179,cedric.lachemot@etu.sorbonne-universite.fr,Finished,"2 October 2020  4:04 PM","2 October 2020  5:01 PM","56 mins 9 secs",20.00,-,0.35,2.11,0.35,4.21,0.35,4.91,1.05,3.16,3.51
Lachgar,Amine,3802257,amine.lachgar@etu.sorbonne-universite.fr,Finished,"2 October 2020  11:03 AM","2 October 2020  12:09 PM","1 hour 6 mins",15.65,-,0.35,2.11,0.35,4.21,0.35,4.91,0.35,1.26,1.75
Lahfa,Samy,3706599,samy.lahfa@etu.sorbonne-universite.fr,-,-,-,-,-,-,-,-,-,-,-,-,-,-,-
"Lam A",Leo,28712991,Leo.Lam_A@etu.sorbonne-universite.fr,-,-,-,-,-,-,-,-,-,-,-,-,-,-,-
Lange,Mathilde,28504995,mathilde.lange.2@etu.sorbonne-universite.fr,Finished,"30 September 2020  10:55 AM","30 September 2020  12:15 PM","1 hour 20 mins",19.65,-,0.35,2.11,0.35,4.21,0.35,4.91,0.70,3.16,3.51
Langlais,Rafaël,3520624,rafael.langlais@etu.sorbonne-universite.fr,-,-,-,-,-,-,-,-,-,-,-,-,-,-,-
Larbi,Melissa,3971141,melissa.larbi@etu.sorbonne-universite.fr,Finished,"2 October 2020  4:00 PM","2 October 2020  4:38 PM","37 mins 23 secs",20.00,-,0.35,2.11,0.35,4.21,0.35,4.91,1.05,3.16,3.51
Lassadi,Nassim,3707173,nassim.lassadi@etu.sorbonne-universite.fr,Finished,"2 October 2020  4:04 PM","2 October 2020  5:03 PM","58 mins 12 secs",19.33,-,0.35,2.11,0.35,4.21,0.35,4.91,1.05,2.84,3.16
Lay,Kenny,3801173,kenny.lay@etu.sorbonne-universite.fr,Finished,"2 October 2020  11:02 AM","2 October 2020  12:03 PM","1 hour",20.00,-,0.35,2.11,0.35,4.21,0.35,4.91,1.05,3.16,3.51
Le,"Hai Nam",28613397,hai.le@etu.sorbonne-universite.fr,Finished,"30 September 2020  3:26 PM","30 September 2020  4:04 PM","38 mins 32 secs",20.00,-,0.35,2.11,0.35,4.21,0.35,4.91,1.05,3.16,3.51
Le,Doan,3875020,doan.le@etu.sorbonne-universite.fr,Finished,"2 October 2020  4:05 PM","2 October 2020  4:48 PM","43 mins 10 secs",18.25,-,0.35,2.11,0.35,4.21,0.35,4.56,1.05,3.16,2.11
Lebazda--Gauthier,Benoît,3702867,benoit.lebazda--gauthier@etu.sorbonne-universite.fr,Finished,"30 September 2020  10:55 AM","30 September 2020  12:10 PM","1 hour 15 mins",20.00,-,0.35,2.11,0.35,4.21,0.35,4.91,1.05,3.16,3.51
Lecocq,Yoann,3708077,yoann.lecocq@etu.sorbonne-universite.fr,Finished,"30 September 2020  11:01 AM","30 September 2020  11:54 AM","52 mins 13 secs",19.30,-,0.35,2.11,0.35,3.86,0.35,4.91,0.70,3.16,3.51
Lefebure,Pierre,3674815,pierre.lefebure@etu.sorbonne-universite.fr,-,-,-,-,-,-,-,-,-,-,-,-,-,-,-
Lefevre,Manon,3800422,manon.lefevre@etu.sorbonne-universite.fr,Finished,"30 September 2020  10:51 AM","30 September 2020  12:12 PM","1 hour 20 mins",17.89,-,0.35,2.11,0.35,4.21,0.35,4.91,0.35,3.16,2.11
Lemaitre,Alexandre,3876023,alexandre.lemaitre@etu.sorbonne-universite.fr,-,-,-,-,-,-,-,-,-,-,-,-,-,-,-
Li,Ziyou,3802432,ziyou.li@etu.sorbonne-universite.fr,Finished,"2 October 2020  9:11 AM","2 October 2020  10:13 AM","1 hour 1 min",14.77,-,0.35,1.05,0.35,2.11,0.35,3.16,1.05,2.84,3.51
Lifsal,Loubna,3309154,loubna.lifsal@etu.sorbonne-universite.fr,Finished,"2 October 2020  2:37 PM","2 October 2020  3:51 PM","1 hour 13 mins",18.98,-,0.35,2.11,0.35,4.21,0.35,4.91,0.35,2.84,3.51
Lin,Daniel,3700421,daniel.lin@etu.sorbonne-universite.fr,Finished,"1 October 2020  11:00 AM","1 October 2020  12:15 PM","1 hour 14 mins",18.98,-,0.35,2.11,0.35,4.21,0.35,4.91,0.70,2.84,3.16
Loi,Alessia,3971668,alessia.loi@etu.sorbonne-universite.fr,-,-,-,-,-,-,-,-,-,-,-,-,-,-,-
Lu,Raymond,3700479,raymond.lu@etu.sorbonne-universite.fr,-,-,-,-,-,-,-,-,-,-,-,-,-,-,-
Lu,Alexandra,3700615,alexandra.lu@etu.sorbonne-universite.fr,-,-,-,-,-,-,-,-,-,-,-,-,-,-,-
Ly,Sylvie,3522190,sylvie.ly@etu.sorbonne-universite.fr,Finished,"2 October 2020  11:03 AM","2 October 2020  12:04 PM","1 hour 1 min",17.26,-,0.35,2.11,0.35,3.86,0.35,3.86,1.05,2.53,2.81
M'Barek,Heikel,3201218,heikel.mbarek@etu.sorbonne-universite.fr,-,-,-,-,-,-,-,-,-,-,-,-,-,-,-
Maafa,Zin,3803950,zin.maafa@etu.sorbonne-universite.fr,-,-,-,-,-,-,-,-,-,-,-,-,-,-,-
"Mahad Ismail",Roukia,3874897,roukia.mahad-ismail@etu.sorbonne-universite.fr,Finished,"28 September 2020  5:47 PM","28 September 2020  6:03 PM","16 mins 4 secs",19.30,-,0.35,2.11,0.35,4.21,0.35,4.91,0.35,3.16,3.51
Manimtim,Alexandre,3407834,alexandre.manimtim@etu.sorbonne-universite.fr,-,-,-,-,-,-,-,-,-,-,-,-,-,-,-
Mariller,Vincent,3700041,vincent.mariller@etu.sorbonne-universite.fr,Finished,"2 October 2020  12:33 PM","2 October 2020  12:56 PM","22 mins 47 secs",16.53,-,0.35,0.70,0.35,2.81,0.35,4.91,1.05,2.84,3.16
Marzougui,Syrine,3803611,syrine.marzougui@etu.sorbonne-universite.fr,Finished,"2 October 2020  3:58 PM","2 October 2020  4:59 PM","1 hour",19.65,-,0.35,2.11,0.35,4.21,0.35,4.91,0.70,3.16,3.51
Maurel,Perrine,28502791,perrine.maurel.2@etu.sorbonne-universite.fr,Finished,"30 September 2020  10:55 AM","30 September 2020  12:07 PM","1 hour 12 mins",20.00,-,0.35,2.11,0.35,4.21,0.35,4.91,1.05,3.16,3.51
Mehdi,Sarah,3971165,sarah.mehdi.1@etu.sorbonne-universite.fr,Finished,"2 October 2020  11:13 AM","2 October 2020  12:01 PM","48 mins 18 secs",19.65,-,0.35,2.11,0.35,3.86,0.35,4.91,1.05,3.16,3.51
Mellul,Yona,3800646,yona.mellul@etu.sorbonne-universite.fr,-,-,-,-,-,-,-,-,-,-,-,-,-,-,-
Mendas,Rosa,3802558,rosa.mendas@etu.sorbonne-universite.fr,Finished,"28 September 2020  4:46 PM","28 September 2020  5:54 PM","1 hour 7 mins",20.00,-,0.35,2.11,0.35,4.21,0.35,4.91,1.05,3.16,3.51
Mendes,Hugo,3670527,hugo.mendes@etu.sorbonne-universite.fr,Finished,"2 October 2020  11:03 AM","2 October 2020  12:01 PM","57 mins 58 secs",19.65,-,0.35,2.11,0.35,4.21,0.35,4.91,1.05,3.16,3.16
Merle-Remond,Julian,3700191,julian.merle-remond@etu.sorbonne-universite.fr,Finished,"2 October 2020  4:02 PM","2 October 2020  4:53 PM","51 mins 29 secs",20.00,-,0.35,2.11,0.35,4.21,0.35,4.91,1.05,3.16,3.51
Merzouk,Kenza,3803468,kenza.merzouk@etu.sorbonne-universite.fr,Finished,"2 October 2020  11:10 AM","2 October 2020  12:15 PM","1 hour 5 mins",19.30,-,0.35,2.11,0.35,4.21,0.35,4.21,1.05,3.16,3.51
Meziane,Mohamed,3802500,mohamed.meziane@etu.sorbonne-universite.fr,Finished,"1 October 2020  11:13 AM","1 October 2020  12:15 PM","1 hour 2 mins",19.65,-,0.35,2.11,0.35,4.21,0.35,4.91,0.70,3.16,3.51
Mistry,Manishkumar,3671086,manishkumar.mistry@etu.sorbonne-universite.fr,Finished,"2 October 2020  11:16 AM","2 October 2020  12:03 PM","47 mins 24 secs",19.65,-,0.35,2.11,0.35,4.21,0.35,4.91,1.05,3.16,3.16
Mistry,Darshan,3670280,darshan.mistry@etu.sorbonne-universite.fr,Finished,"2 October 2020  12:12 AM","2 October 2020  1:16 AM","1 hour 4 mins",19.33,-,0.35,2.11,0.35,4.21,0.35,4.91,1.05,2.84,3.16
Mohammedi,Vanessa,3671439,vanessa.mohammedi@etu.sorbonne-universite.fr,Finished,"2 October 2020  10:25 AM","2 October 2020  10:39 AM","13 mins 11 secs",19.30,-,0.35,2.11,0.35,4.21,0.35,4.91,0.35,3.16,3.51
Mohellebi,Melissa,3971070,melissa.mohellebi@etu.sorbonne-universite.fr,-,-,-,-,-,-,-,-,-,-,-,-,-,-,-
Monnereau,Irena,3670050,irena.monnereau@etu.sorbonne-universite.fr,-,-,-,-,-,-,-,-,-,-,-,-,-,-,-
Moreau,Léonard,3800364,leonard.moreau@etu.sorbonne-universite.fr,-,-,-,-,-,-,-,-,-,-,-,-,-,-,-
Mosgoreanu,"Alexandru Zaharia",28717021,Alexandru_Zaharia.Mosgoreanu@etu.sorbonne-universite.fr,Finished,"1 October 2020  11:06 AM","1 October 2020  11:42 AM","36 mins 11 secs",18.60,-,0.35,2.11,0.35,4.21,0.35,4.91,1.05,3.16,2.11
Moulouel,Myriem,3802291,myriem.moulouel@etu.sorbonne-universite.fr,Finished,"2 October 2020  12:54 PM","2 October 2020  1:42 PM","48 mins 19 secs",20.00,-,0.35,2.11,0.35,4.21,0.35,4.91,1.05,3.16,3.51
Moyet,Candice,3801474,candice.moyet@etu.sorbonne-universite.fr,Finished,"30 September 2020  10:54 AM","30 September 2020  11:52 AM","57 mins 37 secs",20.00,-,0.35,2.11,0.35,4.21,0.35,4.91,1.05,3.16,3.51
Nam,Maxime,3301246,maxime.nam@etu.sorbonne-universite.fr,-,-,-,-,-,-,-,-,-,-,-,-,-,-,-
Naumenko,Polina,3521154,polina.naumenko@etu.sorbonne-universite.fr,Finished,"2 October 2020  4:32 PM","2 October 2020  4:50 PM","17 mins 13 secs",18.63,-,0.35,2.11,0.35,4.21,0.35,4.91,0.35,2.84,3.16
Ngamy,Gianni-Alessandro,3703993,gianni-alessandro.ngamy@etu.sorbonne-universite.fr,Finished,"28 September 2020  4:24 PM","28 September 2020  5:27 PM","1 hour 3 mins",16.32,-,0.35,1.75,0.35,4.21,0.35,3.86,0.70,1.58,3.16
Nguyen,"Minh Anh",3802621,minh.nguyen.6@etu.sorbonne-universite.fr,Finished,"30 September 2020  10:54 AM","30 September 2020  12:07 PM","1 hour 13 mins",17.89,-,0.35,1.75,0.35,4.21,0.35,3.16,1.05,3.16,3.51
Niang,Fallou,3803961,fallou.niang@etu.sorbonne-universite.fr,-,-,-,-,-,-,-,-,-,-,-,-,-,-,-
"Normand De La Tranchade",François,3671913,francois.normand_de_la_tranchade@etu.sorbonne-universite.fr,Finished,"28 September 2020  4:41 PM","28 September 2020  5:36 PM","55 mins 7 secs",19.65,-,0.35,2.11,0.35,4.21,-,4.91,1.05,3.16,3.51
Oses,Jean-Baptiste,3700565,jean-baptiste.oses@etu.sorbonne-universite.fr,-,-,-,-,-,-,-,-,-,-,-,-,-,-,-
Oudjani,Yasmine,3803009,yasmine.oudjani@etu.sorbonne-universite.fr,"Never submitted","1 October 2020  11:31 AM",-,-,-,-,-,-,-,-,-,-,-,-,-
Pareau,Mathilde,3800446,mathilde.pareau@etu.sorbonne-universite.fr,Finished,"28 September 2020  4:36 PM","28 September 2020  5:47 PM","1 hour 11 mins",17.93,-,0.35,2.11,0.35,4.21,0.35,4.91,1.05,2.84,1.75
Parichault,Antoine,3803454,antoine.parichault@etu.sorbonne-universite.fr,-,-,-,-,-,-,-,-,-,-,-,-,-,-,-
Pironin,Julie,3802614,julie.pironin@etu.sorbonne-universite.fr,Finished,"30 September 2020  10:55 AM","30 September 2020  12:18 PM","1 hour 22 mins",18.00,-,0.35,1.75,0.35,4.21,0.35,4.91,1.05,2.21,2.81
Polit,Titouan,3800511,titouan.polit@etu.sorbonne-universite.fr,Finished,"30 September 2020  10:54 AM","30 September 2020  11:57 AM","1 hour 2 mins",13.02,-,0.35,1.05,0.35,2.11,0.35,2.11,0.70,2.84,3.16
Popescu,"Diana Elena",28717024,Diana_Elena.Popescu@etu.sorbonne-universite.fr,Finished,"28 September 2020  4:22 PM","28 September 2020  5:34 PM","1 hour 11 mins",19.30,-,0.35,1.40,0.35,4.21,0.35,4.91,1.05,3.16,3.51
Poulain,Claire,3679357,claire.poulain@etu.sorbonne-universite.fr,Finished,"2 October 2020  11:10 AM","2 October 2020  12:09 PM","59 mins 30 secs",17.58,-,0.35,1.40,0.35,4.21,0.35,3.86,1.05,2.84,3.16
Prostakov,Andrey,3802515,andrey.prostakov@etu.sorbonne-universite.fr,Finished,"2 October 2020  3:53 PM","2 October 2020  5:08 PM","1 hour 14 mins",20.00,-,0.35,2.11,0.35,4.21,0.35,4.91,1.05,3.16,3.51
Quest,Alexis,3703346,alexis.quest@etu.sorbonne-universite.fr,Finished,"2 October 2020  11:10 AM","2 October 2020  12:01 PM","51 mins 51 secs",20.00,-,0.35,2.11,0.35,4.21,0.35,4.91,1.05,3.16,3.51
Queuvin,Thomas,3700185,thomas.queuvin@etu.sorbonne-universite.fr,-,-,-,-,-,-,-,-,-,-,-,-,-,-,-
Rapaport,Solal,3711387,solal.rapaport@etu.sorbonne-universite.fr,Finished,"2 October 2020  4:01 PM","2 October 2020  4:47 PM","45 mins 7 secs",19.33,-,0.35,2.11,0.35,4.21,0.35,4.91,1.05,2.84,3.16
Rayon-Richter,Malou,3708307,malou.rayon-richter@etu.sorbonne-universite.fr,-,-,-,-,-,-,-,-,-,-,-,-,-,-,-
Rebai,Sofiane,3674205,sofiane.rebai@etu.sorbonne-universite.fr,-,-,-,-,-,-,-,-,-,-,-,-,-,-,-
"Riffaud De Turckheim",Hugo,3800256,hugo.riffaud_de_turckheim@etu.sorbonne-universite.fr,Finished,"30 September 2020  10:55 AM","30 September 2020  11:53 AM","58 mins 36 secs",18.60,-,0.35,2.11,0.35,3.16,0.35,4.91,0.70,3.16,3.51
Roch,Stuart,3309168,stuart.roch@etu.sorbonne-universite.fr,Finished,"1 October 2020  10:56 AM","1 October 2020  12:09 PM","1 hour 12 mins",19.65,-,0.35,2.11,0.35,4.21,0.35,4.91,0.70,3.16,3.51
Roqui,David,3873784,david.roqui@etu.sorbonne-universite.fr,Finished,"2 October 2020  4:03 PM","2 October 2020  4:53 PM","50 mins 41 secs",19.65,-,0.35,2.11,0.35,4.21,0.35,4.91,1.05,3.16,3.16
Rossi,Johan-Luca,3872354,johan-luca.rossi@etu.sorbonne-universite.fr,Finished,"28 September 2020  4:37 PM","28 September 2020  5:26 PM","49 mins 14 secs",14.39,-,0.35,1.05,0.35,2.11,0.35,2.46,1.05,3.16,3.51
Rouba,Islam,3802420,islam.rouba@etu.sorbonne-universite.fr,-,-,-,-,-,-,-,-,-,-,-,-,-,-,-
Rzeszutko,Kamil,2800282,kamil.rzeszutko@etu.sorbonne-universite.fr,Finished,"1 October 2020  11:04 AM","1 October 2020  12:32 PM","1 hour 28 mins",18.19,-,0.35,2.11,0.26,4.21,0.35,3.86,0.70,2.84,3.51
Sabatino,Francesco,3811132,francesco.sabatino@etu.sorbonne-universite.fr,"Never submitted","28 September 2020  4:37 PM",-,-,-,-,-,-,-,-,-,-,-,-,-
Saber,Hakim,3415762,hakim.saber@etu.sorbonne-universite.fr,-,-,-,-,-,-,-,-,-,-,-,-,-,-,-
Saichi,Lina,3803151,lina.saichi@etu.sorbonne-universite.fr,Finished,"2 October 2020  4:00 PM","2 October 2020  5:04 PM","1 hour 3 mins",20.00,-,0.35,2.11,0.35,4.21,0.35,4.91,1.05,3.16,3.51
Salfati,Elisa,3800104,elisa.salfati@etu.sorbonne-universite.fr,Finished,"30 September 2020  10:54 AM","30 September 2020  11:53 AM","59 mins 29 secs",20.00,-,0.35,2.11,0.35,4.21,0.35,4.91,1.05,3.16,3.51
Sameur,Samir,3872902,samir.sameur@etu.sorbonne-universite.fr,-,-,-,-,-,-,-,-,-,-,-,-,-,-,-
Seang,Chea-Jimmy,3703893,chea-jimmy.seang@etu.sorbonne-universite.fr,Finished,"2 October 2020  11:12 AM","2 October 2020  11:54 AM","42 mins 3 secs",19.65,-,0.35,2.11,0.35,3.86,0.35,4.91,1.05,3.16,3.51
Selliah,Sarujen,3701184,sarujen.selliah@etu.sorbonne-universite.fr,Finished,"30 September 2020  10:54 AM","30 September 2020  12:12 PM","1 hour 18 mins",19.30,-,0.35,2.11,0.35,4.21,0.35,4.91,0.35,3.16,3.51
Sennour,"Mohammed Wail",28616082,mohammed.sennour@etu.sorbonne-universite.fr,Finished,"2 October 2020  1:22 PM","2 October 2020  2:06 PM","43 mins 12 secs",20.00,-,0.35,2.11,0.35,4.21,0.35,4.91,1.05,3.16,3.51
Senyuz,"Miray Suzan",3802805,miray.senyuz@etu.sorbonne-universite.fr,-,-,-,-,-,-,-,-,-,-,-,-,-,-,-
Serraf,Dan,3971120,dan.serraf@etu.sorbonne-universite.fr,Finished,"2 October 2020  4:13 PM","2 October 2020  5:02 PM","49 mins 21 secs",19.68,-,0.35,2.11,0.35,4.21,0.35,4.91,1.05,2.84,3.51
Sidia,Amir,3670888,amir.sidia@etu.sorbonne-universite.fr,Finished,"2 October 2020  3:52 PM","2 October 2020  4:52 PM","59 mins 58 secs",19.65,-,0.35,2.11,0.35,3.86,0.35,4.91,1.05,3.16,3.51
Simion,Mathys,28705217,Mathys.Simion@etu.sorbonne-universite.fr,-,-,-,-,-,-,-,-,-,-,-,-,-,-,-
Slimani,Hiba,3703036,hiba.slimani@etu.sorbonne-universite.fr,-,-,-,-,-,-,-,-,-,-,-,-,-,-,-
Song,Yifei,3970712,yifei.song@etu.sorbonne-universite.fr,Finished,"28 September 2020  4:35 PM","28 September 2020  5:49 PM","1 hour 14 mins",20.00,-,0.35,2.11,0.35,4.21,0.35,4.91,1.05,3.16,3.51
Soulignadeth,Willy,3800002,willy.soulignadeth@etu.sorbonne-universite.fr,Finished,"28 September 2020  4:27 PM","28 September 2020  5:25 PM","58 mins",19.30,-,0.35,2.11,0.35,4.21,0.35,4.91,0.35,3.16,3.51
Soutil,Aurélien,3700451,aurelien.soutil@etu.sorbonne-universite.fr,-,-,-,-,-,-,-,-,-,-,-,-,-,-,-
Sow,Fatou,28503374,fatou.sow.2@etu.sorbonne-universite.fr,Finished,"30 September 2020  10:54 AM","30 September 2020  12:28 PM","1 hour 33 mins",18.25,-,0.35,1.40,0.35,4.21,0.35,4.56,0.35,3.16,3.51
Suhana,Satria,3800274,satria.suhana@etu.sorbonne-universite.fr,Finished,"2 October 2020  11:11 AM","2 October 2020  12:04 PM","53 mins 22 secs",20.00,-,0.35,2.11,0.35,4.21,0.35,4.91,1.05,3.16,3.51
Sy,"Virak Bot Baramy",3407325,virak.sy@etu.sorbonne-universite.fr,"Never submitted","2 October 2020  11:04 AM",-,-,-,-,-,-,-,-,-,-,-,-,-
Szczerba,Kamil,28614283,kamil.szczerba@etu.sorbonne-universite.fr,-,-,-,-,-,-,-,-,-,-,-,-,-,-,-
Taleb,Rida,3804264,rida.taleb@etu.sorbonne-universite.fr,-,-,-,-,-,-,-,-,-,-,-,-,-,-,-
Tang,Christophe,3802892,christophe.tang@etu.sorbonne-universite.fr,-,-,-,-,-,-,-,-,-,-,-,-,-,-,-
Tat,Jonathan,3874133,jonathan.tat@etu.sorbonne-universite.fr,Finished,"2 October 2020  4:53 PM","2 October 2020  4:59 PM","5 mins 14 secs",19.65,-,0.35,2.11,0.35,4.21,0.35,4.91,0.70,3.16,3.51
Tchen,Clement,3703339,clement.tchen@etu.sorbonne-universite.fr,-,-,-,-,-,-,-,-,-,-,-,-,-,-,-
Thelineau,Jeremy,3200147,jeremy.thelineau@etu.sorbonne-universite.fr,-,-,-,-,-,-,-,-,-,-,-,-,-,-,-
Theodosiou,Michalis,3151223,michalis.theodosiou@etu.sorbonne-universite.fr,-,-,-,-,-,-,-,-,-,-,-,-,-,-,-
Theret,Ingrid,3201608,ingrid.theret@etu.sorbonne-universite.fr,Finished,"2 October 2020  11:13 AM","2 October 2020  12:04 PM","50 mins 59 secs",18.60,-,0.35,2.11,0.35,4.21,0.35,4.91,1.05,3.16,2.11
Thiam,Mohamed,3672502,mohamed.thiam@etu.sorbonne-universite.fr,Finished,"2 October 2020  4:04 PM","2 October 2020  4:52 PM","48 mins 11 secs",20.00,-,0.35,2.11,0.35,4.21,0.35,4.91,1.05,3.16,3.51
Thurairajah,Shaithan,3802984,shaithan.thurairajah@etu.sorbonne-universite.fr,Finished,"2 October 2020  4:01 PM","2 October 2020  4:57 PM","55 mins 51 secs",20.00,-,0.35,2.11,0.35,4.21,0.35,4.91,1.05,3.16,3.51
Tibi,Gad,3801996,gad.tibi@etu.sorbonne-universite.fr,Finished,"30 September 2020  10:58 AM","30 September 2020  12:09 PM","1 hour 10 mins",14.74,-,0.35,2.11,0.35,2.11,0.35,2.46,0.70,3.16,3.16
Toullalan,Antoine,3706648,antoine.toullalan@etu.sorbonne-universite.fr,Finished,"28 September 2020  4:20 PM","28 September 2020  5:17 PM","57 mins 28 secs",8.33,-,0.26,0.00,0.35,0.00,0.35,0.00,1.05,3.16,3.16
Tran,Kevin,3700914,kevin.tran@etu.sorbonne-universite.fr,-,-,-,-,-,-,-,-,-,-,-,-,-,-,-
Traore,Khadidja,3800559,khadidja.traore@etu.sorbonne-universite.fr,Finished,"28 September 2020  4:34 PM","28 September 2020  5:42 PM","1 hour 8 mins",19.37,-,0.35,2.11,0.35,4.21,0.35,4.91,1.05,2.53,3.51
Trouve,Alex,3700052,alex.trouve@etu.sorbonne-universite.fr,Finished,"30 September 2020  8:09 PM","30 September 2020  8:35 PM","26 mins 4 secs",17.93,-,0.35,1.75,0.35,3.51,0.35,4.91,0.70,2.84,3.16
Ung,Thierry,3804472,thierry.ung@etu.sorbonne-universite.fr,Finished,"28 September 2020  4:36 PM","28 September 2020  5:41 PM","1 hour 4 mins",20.00,-,0.35,2.11,0.35,4.21,0.35,4.91,1.05,3.16,3.51
"Van Remoortere",Pierre,28007865,pierre.van_remoortere.1@etu.sorbonne-universite.fr,-,-,-,-,-,-,-,-,-,-,-,-,-,-,-
Vang,Danny,3670334,danny.vang@etu.sorbonne-universite.fr,Finished,"28 September 2020  5:08 PM","28 September 2020  5:25 PM","17 mins 6 secs",20.00,-,0.35,2.11,0.35,4.21,0.35,4.91,1.05,3.16,3.51
Vanrycke,Loann,3811248,loann.vanrycke@etu.sorbonne-universite.fr,-,-,-,-,-,-,-,-,-,-,-,-,-,-,-
Villard,Lorenzo,3801327,lorenzo.villard@etu.sorbonne-universite.fr,-,-,-,-,-,-,-,-,-,-,-,-,-,-,-
Xu,Jin,3700044,jin.xu@etu.sorbonne-universite.fr,Finished,"28 September 2020  4:58 PM","28 September 2020  5:46 PM","47 mins 37 secs",20.00,-,0.35,2.11,0.35,4.21,0.35,4.91,1.05,3.16,3.51
Yalcin,Mehmet,3702332,mehmet.yalcin@etu.sorbonne-universite.fr,Finished,"1 October 2020  9:23 PM","1 October 2020  11:04 PM","1 hour 41 mins",18.28,-,0.35,1.75,0.35,3.51,0.35,4.91,1.05,2.84,3.16
Yang,Qing,3872484,qing.yang@etu.sorbonne-universite.fr,-,-,-,-,-,-,-,-,-,-,-,-,-,-,-
Yao,Qingyuan,3970770,qingyuan.yao@etu.sorbonne-universite.fr,Finished,"1 October 2020  10:59 AM","1 October 2020  12:07 PM","1 hour 7 mins",19.33,-,0.35,2.11,0.35,4.21,0.35,4.91,1.05,2.84,3.16
Ye,William,3413637,william.ye@etu.sorbonne-universite.fr,-,-,-,-,-,-,-,-,-,-,-,-,-,-,-
Zerrouki,Elies,3802658,elies.zerrouki@etu.sorbonne-universite.fr,Finished,"2 October 2020  3:53 PM","2 October 2020  5:03 PM","1 hour 10 mins",20.00,-,0.35,2.11,0.35,4.21,0.35,4.91,1.05,3.16,3.51
Zhang,Kevin,3520893,kevin.zhang@etu.sorbonne-universite.fr,-,-,-,-,-,-,-,-,-,-,-,-,-,-,-
Zhang,Kate,3800131,kate.zhang@etu.sorbonne-universite.fr,Finished,"1 October 2020  10:56 AM","1 October 2020  11:44 AM","47 mins 46 secs",18.60,-,0.35,2.11,0.35,4.21,0.35,4.91,1.05,3.16,2.11
Zhang,Eric,3800297,eric.zhang@etu.sorbonne-universite.fr,Finished,"2 October 2020  11:03 AM","2 October 2020  11:56 AM","53 mins 26 secs",20.00,-,0.35,2.11,0.35,4.21,0.35,4.91,1.05,3.16,3.51
Zhao,Cong,2351624,cong.zhao@etu.sorbonne-universite.fr,-,-,-,-,-,-,-,-,-,-,-,-,-,-,-
Zheng,Luc,3710230,luc.zheng@etu.sorbonne-universite.fr,Finished,"2 October 2020  4:05 PM","2 October 2020  5:00 PM","55 mins 50 secs",19.30,-,0.35,2.11,0.35,4.21,0.35,4.91,0.35,3.16,3.51
Zhou,Jean-Marc,28008879,jean-marc.zhou@etu.sorbonne-universite.fr,-,-,-,-,-,-,-,-,-,-,-,-,-,-,-
Ziegler,Clara,3709947,clara.ziegler@etu.sorbonne-universite.fr,Finished,"2 October 2020  3:57 PM","2 October 2020  5:00 PM","1 hour 3 mins",13.68,-,0.35,1.05,0.35,2.11,0.35,2.46,0.35,3.16,3.51
Zinopoulos-Yannopoulos,Florian,3708962,florian.zinopoulos-yannopoulos@etu.sorbonne-universite.fr,Finished,"28 September 2020  4:22 PM","28 September 2020  5:28 PM","1 hour 6 mins",20.00,-,0.35,2.11,0.35,4.21,0.35,4.91,1.05,3.16,3.51
"Zou Al Guyna",Louai,3680880,louai.zou_al_guyna@etu.sorbonne-universite.fr,Finished,"28 September 2020  4:23 PM","28 September 2020  5:15 PM","52 mins 18 secs",17.93,-,0.35,2.11,0.35,4.21,0.35,4.91,1.05,2.84,1.75
"Overall average",,,,,,,,18.94,-,0.35,2.01,0.35,4.03,0.34,4.69,0.91,3.03,3.25
