﻿Surname,"First name","ID number","Email address",State,"Started on",Completed,"Time taken",Grade/20.00,"Q. 1 /1.94","Q. 2 /2.91","Q. 3 /2.91","Q. 4 /2.14","Q. 5 /0.19","Q. 6 /3.11","Q. 7 /1.55","Q. 8 /0.58","Q. 9 /1.17","Q. 10 /3.50"
Aallam,Mohamed,3802135,mohamed.aallam@etu.sorbonne-universite.fr,Finished,"30 October 2020  3:03 PM","30 October 2020  3:57 PM","54 mins 22 secs",18.67,1.40,2.79,2.83,2.14,0.19,3.11,1.36,0.39,1.17,3.30
Abdalaziz,"Youssef Alaa Elsayye",3803619,youssef.abdalaziz@etu.sorbonne-universite.fr,Finished,"26 October 2020  5:31 PM","26 October 2020  7:11 PM","1 hour 39 mins",18.13,1.83,2.79,2.83,2.14,0.19,1.94,1.55,0.58,0.97,3.30
Abderrahmen,"Mohamed Aziz",3802009,mohamed.abderrahmen@etu.sorbonne-universite.fr,Finished,"30 October 2020  3:55 PM","30 October 2020  5:02 PM","1 hour 6 mins",17.75,1.73,2.79,2.74,1.96,0.19,3.11,1.36,0.39,0.39,3.11
Abitbol,Yossef,3804139,yossef.abitbol@etu.sorbonne-universite.fr,Finished,"29 October 2020  2:31 PM","29 October 2020  3:44 PM","1 hour 13 mins",19.49,1.83,2.79,2.83,2.14,0.19,3.11,1.55,0.58,1.17,3.30
Ajuelos,Emmanuel,3800432,emmanuel.ajuelos@etu.sorbonne-universite.fr,Finished,"26 October 2020  4:18 PM","26 October 2020  6:00 PM","1 hour 42 mins",18.69,1.51,2.79,2.74,2.14,0.19,3.11,1.55,0.58,1.17,2.91
"Al- Jawhi",Abdullah,28625228,abdullah.al_jawhi@etu.sorbonne-universite.fr,-,-,-,-,-,-,-,-,-,-,-,-,-,-,-
Ammour,Amine,3876256,amine.ammour@etu.sorbonne-universite.fr,Finished,"30 October 2020  4:06 PM","30 October 2020  5:23 PM","1 hour 16 mins",19.18,1.73,2.79,2.83,2.14,0.19,3.11,1.36,0.58,1.17,3.30
Anki-Zuccarello,Kenza,3800473,kenza.anki-zuccarello@etu.sorbonne-universite.fr,-,-,-,-,-,-,-,-,-,-,-,-,-,-,-
Anki-Zuccarello,Kenza,28502318,kenza.anki.1@etu.sorbonne-universite.fr,Finished,"28 October 2020  11:00 AM","28 October 2020  12:44 PM","1 hour 43 mins",19.29,1.83,2.79,2.83,2.14,0.19,3.11,1.36,0.58,1.17,3.30
Aral,Arda,3702388,arda.aral@etu.sorbonne-universite.fr,"Never submitted","30 October 2020  1:13 PM",-,-,-,-,-,-,-,-,-,-,-,-,-
Arichandra,Santhos,3802651,santhos.arichandra@etu.sorbonne-universite.fr,Finished,"30 October 2020  12:20 PM","30 October 2020  12:40 PM","20 mins",17.86,1.51,2.79,2.48,1.96,0.19,2.52,1.36,0.58,1.17,3.30
Armenoult,Ludovic,3416871,ludovic.armenoult@etu.sorbonne-universite.fr,Finished,"28 October 2020  10:59 AM","28 October 2020  12:40 PM","1 hour 40 mins",18.49,1.40,2.79,2.66,2.14,0.19,3.11,1.55,0.58,1.17,2.91
Arrous,Clement,3671634,clement.arrous@etu.sorbonne-universite.fr,Finished,"30 October 2020  2:07 PM","30 October 2020  3:53 PM","1 hour 45 mins",10.81,1.51,2.79,2.83,2.14,0.19,0.19,1.17,-,-,-
Audoux,Marion,3700108,marion.audoux@etu.sorbonne-universite.fr,Finished,"26 October 2020  4:30 PM","26 October 2020  5:44 PM","1 hour 13 mins",15.34,1.19,2.79,2.83,2.14,0.19,1.17,1.55,0.39,0.00,3.11
Audras,Antoine,3410283,antoine.audras@etu.sorbonne-universite.fr,Finished,"30 October 2020  4:18 PM","30 October 2020  5:23 PM","1 hour 5 mins",18.86,1.51,2.66,2.66,2.14,0.19,3.11,1.55,0.58,1.17,3.30
Ayadi,Anis,3802501,anis.ayadi@etu.sorbonne-universite.fr,Finished,"29 October 2020  11:12 AM","29 October 2020  12:57 PM","1 hour 44 mins",18.99,1.73,2.79,2.83,2.14,0.19,3.11,1.36,0.58,1.17,3.11
Azar,Jane,3803112,jane.azar@etu.sorbonne-universite.fr,Finished,"29 October 2020  3:06 PM","29 October 2020  4:19 PM","1 hour 13 mins",18.99,1.73,2.79,2.83,2.14,0.19,3.11,1.36,0.39,1.17,3.30
Azoui,Rayane,28710978,Rayane.Azoui@etu.sorbonne-universite.fr,Finished,"26 October 2020  4:39 PM","26 October 2020  6:05 PM","1 hour 25 mins",16.55,1.62,2.79,2.83,2.14,0.19,3.11,1.55,0.58,0.58,1.17
Badriouiche,Mohamed,3701404,mohamed.badriouiche@etu.sorbonne-universite.fr,Finished,"26 October 2020  4:36 PM","26 October 2020  6:02 PM","1 hour 26 mins",15.46,1.51,2.53,2.48,2.14,0.19,1.36,1.55,0.39,0.00,3.30
Baker,Thomas,3700144,thomas.baker@etu.sorbonne-universite.fr,Finished,"30 October 2020  1:44 PM","30 October 2020  2:37 PM","52 mins 26 secs",19.29,1.83,2.79,2.83,2.14,0.19,3.11,1.55,0.58,1.17,3.11
Baraket,Msalem,3804929,msalem.baraket@etu.sorbonne-universite.fr,"Never submitted","29 October 2020  7:15 PM",-,-,-,-,-,-,-,-,-,-,-,-,-
Barbier,Marie,3802734,marie.barbier.1@etu.sorbonne-universite.fr,"Never submitted","28 October 2020  11:26 AM",-,-,-,-,-,-,-,-,-,-,-,-,-
Belazouz,Bourhan-Eddine,3208353,bourhan-eddine.belazouz@etu.sorbonne-universite.fr,Finished,"30 October 2020  3:55 PM","30 October 2020  4:56 PM","1 hour 1 min",18.47,1.40,2.79,2.83,2.14,0.19,2.72,1.55,0.58,1.17,3.11
Bellut,Quentin,3710439,quentin.bellut@etu.sorbonne-universite.fr,Finished,"30 October 2020  2:54 PM","30 October 2020  4:14 PM","1 hour 19 mins",18.97,1.51,2.79,2.83,2.14,0.19,3.11,1.36,0.58,1.17,3.30
"Ben Attar",Ethan,3670543,ethan.ben_attar@etu.sorbonne-universite.fr,Finished,"28 October 2020  2:21 PM","28 October 2020  3:26 PM","1 hour 5 mins",18.52,1.40,2.53,2.74,2.14,0.19,3.11,1.55,0.58,1.17,3.11
Benabdallah,Ali,3806311,ali.benabdallah@etu.sorbonne-universite.fr,Finished,"30 October 2020  4:04 PM","30 October 2020  5:07 PM","1 hour 2 mins",19.16,1.51,2.79,2.83,2.14,0.19,3.11,1.55,0.58,1.17,3.30
Bencherif,Nabil,3710493,nabil.bencherif@etu.sorbonne-universite.fr,"Never submitted","29 October 2020  5:10 PM",-,-,-,-,-,-,-,-,-,-,-,-,-
Bencherif,Nabil,3710493,nabil.bencherif@etu.sorbonne-universite.fr,Finished,"29 October 2020  9:40 PM","29 October 2020  10:33 PM","53 mins 46 secs",18.77,1.51,2.79,2.83,2.14,0.19,2.91,1.55,0.58,1.17,3.11
Benjamin-Jeyaseelan,"Benjamin Julius",3671340,benjamin.benjamin-jeyaseelan@etu.sorbonne-universite.fr,Finished,"30 October 2020  11:13 AM","30 October 2020  12:44 PM","1 hour 30 mins",18.63,1.51,2.79,2.48,2.14,0.19,3.11,1.36,0.58,1.17,3.30
Bensafia,"Chems Eddine",28717430,Chems_Eddine.Bensafia@etu.sorbonne-universite.fr,Finished,"29 October 2020  11:16 AM","29 October 2020  12:59 PM","1 hour 42 mins",14.70,1.73,2.66,2.74,2.14,0.19,1.17,1.36,0.58,0.39,1.75
Benyahia,Sami,3677177,sami.benyahia@etu.sorbonne-universite.fr,Finished,"30 October 2020  3:41 PM","30 October 2020  4:33 PM","51 mins 17 secs",18.62,1.73,2.79,2.83,1.96,0.19,3.11,1.55,0.58,1.17,2.72
Bernier,Téo,3670574,teo.bernier@etu.sorbonne-universite.fr,Finished,"30 October 2020  3:55 PM","30 October 2020  4:55 PM","59 mins 49 secs",16.25,1.83,2.79,2.31,2.14,0.19,1.17,1.55,0.58,0.39,3.30
Bettahar,"Mohamed El Amine",28616068,mohamed.bettahar@etu.sorbonne-universite.fr,Finished,"30 October 2020  11:24 AM","30 October 2020  1:04 PM","1 hour 39 mins",18.99,1.73,2.79,2.83,2.14,0.19,3.11,1.36,0.39,1.17,3.30
Boubrik,Ihsane,3670795,ihsane.boubrik@etu.sorbonne-universite.fr,Finished,"30 October 2020  4:59 PM","30 October 2020  5:18 PM","18 mins 30 secs",16.48,1.51,2.03,2.66,2.14,0.19,2.72,1.36,0.39,0.97,2.52
Boudarene,Samy,3801935,samy.boudarene@etu.sorbonne-universite.fr,-,-,-,-,-,-,-,-,-,-,-,-,-,-,-
Bougherara,Adan,3680559,adan.bougherara@etu.sorbonne-universite.fr,Finished,"30 October 2020  4:02 PM","30 October 2020  5:04 PM","1 hour 1 min",16.44,1.51,2.79,2.83,2.14,0.19,1.17,1.55,0.58,0.39,3.30
Bourekh,Zidane,3677063,zidane.bourekh@etu.sorbonne-universite.fr,Finished,"29 October 2020  10:38 AM","29 October 2020  11:19 AM","41 mins 1 sec",17.93,1.73,2.79,2.74,2.14,0.19,3.11,1.36,0.39,1.17,2.33
Bourlette,Lucas,3672216,lucas.bourlette@etu.sorbonne-universite.fr,Finished,"28 October 2020  2:43 PM","28 October 2020  3:10 PM","27 mins 3 secs",17.29,1.51,2.66,2.83,2.14,0.19,3.11,1.36,0.19,1.17,2.14
Bourmault,Adrien,3677850,adrien.bourmault@etu.sorbonne-universite.fr,-,-,-,-,-,-,-,-,-,-,-,-,-,-,-
Bouyoucef,Assirem,3971113,assirem.bouyoucef@etu.sorbonne-universite.fr,Finished,"30 October 2020  10:59 AM","30 October 2020  12:34 PM","1 hour 34 mins",18.13,1.40,2.79,2.48,2.14,0.19,3.11,1.36,0.39,1.17,3.11
Bouzouaoui,Anes,28616582,anes.bouzouaoui@etu.sorbonne-universite.fr,Finished,"30 October 2020  1:39 PM","30 October 2020  1:56 PM","16 mins 52 secs",15.52,1.51,2.79,2.48,2.14,0.19,1.17,1.36,0.58,0.00,3.30
Boyadjiev,Todor,28507548,todor.boyadjiev.2@etu.sorbonne-universite.fr,Finished,"26 October 2020  4:14 PM","26 October 2020  5:35 PM","1 hour 20 mins",18.19,1.51,2.79,2.83,2.14,0.19,2.72,1.55,0.39,1.17,2.91
Brasseur,Gaëtan,3802696,gaetan.brasseur@etu.sorbonne-universite.fr,Finished,"28 October 2020  10:59 AM","28 October 2020  12:35 PM","1 hour 36 mins",13.64,0.76,2.03,2.31,2.14,0.19,1.17,1.55,0.39,0.39,2.72
Brihmouche,Yacine,28717951,Yacine.Brihmouche@etu.sorbonne-universite.fr,Finished,"28 October 2020  2:01 PM","28 October 2020  3:44 PM","1 hour 42 mins",18.51,1.83,2.79,2.83,2.14,0.19,2.72,1.36,0.58,0.78,3.30
Buisson,Marc,28614429,marc.buisson@etu.sorbonne-universite.fr,"Never submitted","29 October 2020  12:42 PM",-,-,-,-,-,-,-,-,-,-,-,-,-
Canitrot,Julien,3803521,julien.canitrot@etu.sorbonne-universite.fr,Finished,"29 October 2020  2:27 PM","29 October 2020  3:47 PM","1 hour 19 mins",18.90,1.83,2.79,2.83,2.14,0.19,3.11,1.55,0.39,0.78,3.30
Carton,Lorris,3521310,lorris.carton@etu.sorbonne-universite.fr,Finished,"29 October 2020  9:43 PM","29 October 2020  10:53 PM","1 hour 10 mins",17.46,0.97,2.79,2.83,2.14,0.19,2.52,1.55,0.58,0.97,2.91
Carvalho,Lorenzo,3700288,lorenzo.carvalho@etu.sorbonne-universite.fr,Finished,"30 October 2020  4:02 PM","30 October 2020  5:44 PM","1 hour 41 mins",15.82,1.83,2.66,2.40,2.14,0.19,2.72,1.55,0.39,0.97,0.97
Cassan,Jules,3810883,jules.cassan@etu.sorbonne-universite.fr,Finished,"29 October 2020  12:39 PM","29 October 2020  1:48 PM","1 hour 9 mins",13.49,1.40,2.66,2.83,2.14,0.19,1.17,1.55,0.58,0.39,0.58
Chafai,Tinhinane,3802927,tinhinane.chafai@etu.sorbonne-universite.fr,Finished,"29 October 2020  2:11 PM","29 October 2020  3:38 PM","1 hour 27 mins",18.99,1.73,2.79,2.83,2.14,0.19,3.11,1.36,0.39,1.17,3.30
"Chan Yip Hon",Boris,3706553,boris.chan_yip_hon@etu.sorbonne-universite.fr,Finished,"30 October 2020  10:55 AM","30 October 2020  12:36 PM","1 hour 40 mins",18.51,1.83,2.79,2.83,2.14,0.19,3.11,1.36,0.58,1.17,2.52
Chea,Sophie,3708951,sophie.chea@etu.sorbonne-universite.fr,Finished,"28 October 2020  11:09 AM","28 October 2020  12:41 PM","1 hour 32 mins",4.90,0.86,2.15,1.88,-,-,-,-,-,-,-
Chea,Sophie,3708951,sophie.chea@etu.sorbonne-universite.fr,Finished,"30 October 2020  3:08 PM","30 October 2020  4:05 PM","56 mins 30 secs",18.73,1.08,2.79,2.83,2.14,0.19,3.11,1.55,0.58,1.17,3.30
Chen,Jinhe,3802503,jinhe.chen@etu.sorbonne-universite.fr,-,-,-,-,-,-,-,-,-,-,-,-,-,-,-
Cherfaoui,Sarah,3874223,sarah.cherfaoui@etu.sorbonne-universite.fr,-,-,-,-,-,-,-,-,-,-,-,-,-,-,-
Cherfaoui,Melissa,28720090,Melissa.Cherfaoui@etu.sorbonne-universite.fr,Finished,"30 October 2020  4:12 PM","30 October 2020  5:42 PM","1 hour 30 mins",6.51,1.40,2.53,2.57,-,-,-,-,-,-,-
Chitu,Alex,3701943,alex.chitu@etu.sorbonne-universite.fr,Finished,"30 October 2020  11:00 AM","30 October 2020  12:27 PM","1 hour 26 mins",18.56,1.29,2.79,2.83,2.14,0.19,3.11,1.36,0.39,1.17,3.30
Cineus,Dylan,3302425,dylan.cineus@etu.sorbonne-universite.fr,Finished,"26 October 2020  4:11 PM","26 October 2020  5:56 PM","1 hour 45 mins",15.21,1.83,2.79,2.83,2.14,0.19,3.11,1.36,0.39,0.19,0.39
Ciocan,Clara,3801875,clara.ciocan@etu.sorbonne-universite.fr,Finished,"29 October 2020  2:22 PM","29 October 2020  3:45 PM","1 hour 23 mins",18.84,1.83,2.53,2.83,2.14,0.19,3.11,1.55,0.58,0.78,3.30
Cleuziou,Karl,3800455,karl.cleuziou@etu.sorbonne-universite.fr,Finished,"28 October 2020  11:07 AM","28 October 2020  12:52 PM","1 hour 45 mins",18.02,1.73,2.79,2.83,2.14,0.19,2.91,1.55,0.39,1.17,2.33
Colin,Jacques,3700584,jacques.colin@etu.sorbonne-universite.fr,Finished,"29 October 2020  1:19 PM","29 October 2020  1:43 PM","24 mins",18.00,1.51,2.79,2.83,2.14,0.19,3.11,1.36,0.39,1.17,2.52
Coudert,Louis,3800333,louis.coudert@etu.sorbonne-universite.fr,Finished,"26 October 2020  5:29 PM","26 October 2020  8:00 PM","2 hours 30 mins",18.77,1.51,2.79,2.83,2.14,0.19,2.91,1.36,0.58,1.17,3.30
Dauvet,Haron,3700463,haron.dauvet@etu.sorbonne-universite.fr,Finished,"29 October 2020  2:43 PM","29 October 2020  4:12 PM","1 hour 29 mins",17.18,1.62,2.53,2.74,2.14,0.19,2.33,1.55,0.58,0.97,2.52
"De Castelbajac",Matthieu,3800411,matthieu.de_castelbajac@etu.sorbonne-universite.fr,Finished,"28 October 2020  11:02 AM","28 October 2020  12:47 PM","1 hour 45 mins",18.00,1.51,2.79,2.83,2.14,0.19,2.72,1.55,0.58,0.39,3.30
Delgado,Thomas,3407716,thomas.delgado@etu.sorbonne-universite.fr,Finished,"26 October 2020  4:25 PM","26 October 2020  5:54 PM","1 hour 28 mins",16.10,1.51,2.91,2.74,2.14,0.19,1.36,1.55,0.19,0.97,2.52
Demeulenaere,Vivien,3706539,vivien.demeulenaere@etu.sorbonne-universite.fr,Finished,"30 October 2020  4:04 PM","30 October 2020  5:09 PM","1 hour 4 mins",16.00,1.40,2.53,2.74,2.14,0.19,1.17,1.55,0.58,0.39,3.30
Djouahra,"Mohamed Akram",28718098,Mohamed_Akram.Djouahra@etu.sorbonne-universite.fr,Finished,"29 October 2020  10:55 AM","29 October 2020  12:34 PM","1 hour 38 mins",16.68,1.83,2.79,2.74,2.14,0.19,1.17,1.55,0.58,0.39,3.30
Djouder,Sarah,3970876,sarah.djouder@etu.sorbonne-universite.fr,-,-,-,-,-,-,-,-,-,-,-,-,-,-,-
Doucouré,Dramane,3520680,dramane.doucoure@etu.sorbonne-universite.fr,Finished,"30 October 2020  12:53 PM","30 October 2020  1:10 PM","16 mins 44 secs",14.25,-,2.79,2.83,1.07,0.19,2.33,1.36,0.39,0.78,2.52
Drouin,Reza,3800042,reza.drouin@etu.sorbonne-universite.fr,Finished,"26 October 2020  4:08 PM","26 October 2020  5:39 PM","1 hour 30 mins",15.72,1.83,2.53,2.23,2.14,0.19,2.72,1.36,0.58,-,2.14
Du,Qian,3520431,qian.du@etu.sorbonne-universite.fr,Finished,"28 October 2020  10:51 AM","28 October 2020  12:11 PM","1 hour 19 mins",19.10,1.83,2.79,2.83,2.14,0.19,3.11,1.36,0.58,0.97,3.30
Dubreuil,Jules,3800417,jules.dubreuil@etu.sorbonne-universite.fr,Finished,"29 October 2020  10:52 AM","29 October 2020  12:23 PM","1 hour 30 mins",18.86,1.83,2.53,2.83,1.96,0.19,3.11,1.55,0.58,0.97,3.30
Dufeutrelle,Hugo,3520375,hugo.dufeutrelle@etu.sorbonne-universite.fr,Finished,"26 October 2020  3:59 PM","26 October 2020  5:05 PM","1 hour 6 mins",1.19,1.19,-,-,-,-,-,-,-,-,-
Dumoulin,Zoé,3702742,zoe.dumoulin@etu.sorbonne-universite.fr,Finished,"29 October 2020  2:23 PM","29 October 2020  4:03 PM","1 hour 40 mins",17.72,1.62,2.79,2.83,2.14,0.19,3.11,1.36,0.39,1.17,2.14
Duval,Aurelien,3872455,aurelien.duval@etu.sorbonne-universite.fr,Finished,"30 October 2020  4:00 PM","30 October 2020  5:29 PM","1 hour 28 mins",18.63,1.51,2.79,2.83,1.60,0.19,3.11,1.55,0.58,1.17,3.30
Dziri,Hakim,3800075,hakim.dziri@etu.sorbonne-universite.fr,-,-,-,-,-,-,-,-,-,-,-,-,-,-,-
"El Fahdi",Ismaël,3802719,ismael.el_fahdi@etu.sorbonne-universite.fr,Finished,"30 October 2020  1:51 PM","30 October 2020  3:36 PM","1 hour 45 mins",11.49,1.51,2.79,2.48,1.60,0.19,1.17,1.17,0.58,0.00,-
"El Ghali",Yosr,3802466,yosr.elghali@etu.sorbonne-universite.fr,Finished,"30 October 2020  11:06 AM","30 October 2020  12:36 PM","1 hour 30 mins",18.69,1.51,2.79,2.74,2.14,0.19,3.11,1.36,0.39,1.17,3.30
"El Ghazzi",Sarah,3671094,sarah.el_ghazzi@etu.sorbonne-universite.fr,Finished,"26 October 2020  4:28 PM","26 October 2020  5:41 PM","1 hour 12 mins",0.76,0.76,-,-,-,-,-,-,-,-,-
"El Ghazzi",Sarah,3671094,sarah.el_ghazzi@etu.sorbonne-universite.fr,Finished,"30 October 2020  2:22 PM","30 October 2020  3:18 PM","55 mins 42 secs",16.57,1.83,2.79,2.83,2.14,0.19,1.17,1.36,0.58,1.17,2.52
"El Ghoul",Elio,3803565,elio.el_ghoul@etu.sorbonne-universite.fr,Finished,"30 October 2020  10:36 AM","30 October 2020  11:55 AM","1 hour 18 mins",18.99,1.73,2.79,2.83,2.14,0.19,3.11,1.36,0.39,1.17,3.30
Elatri,Sami,3801805,sami.elatri@etu.sorbonne-universite.fr,-,-,-,-,-,-,-,-,-,-,-,-,-,-,-
Ergun,Yavuz,3670777,yavuz.ergun@etu.sorbonne-universite.fr,Finished,"29 October 2020  6:25 PM","29 October 2020  7:12 PM","47 mins 7 secs",17.59,1.51,2.66,2.74,2.14,0.19,3.11,1.36,0.39,1.17,2.33
Felix,Wycherley-Kassel,3702385,wycherley-kassel.felix@etu.sorbonne-universite.fr,Finished,"30 October 2020  10:56 AM","30 October 2020  12:27 PM","1 hour 30 mins",17.41,1.51,2.79,2.83,2.14,0.19,2.91,1.17,0.39,1.17,2.33
Ferdaoui,Sheïmâa,3802999,sheimaa.ferdaoui@etu.sorbonne-universite.fr,Finished,"29 October 2020  12:49 PM","29 October 2020  1:39 PM","50 mins 37 secs",19.16,1.51,2.79,2.83,2.14,0.19,3.11,1.55,0.58,1.17,3.30
Gabour,Smail,3700149,smail.gabour@etu.sorbonne-universite.fr,Finished,"30 October 2020  3:19 AM","30 October 2020  3:30 AM","11 mins 3 secs",16.62,1.83,2.79,2.83,1.60,0.19,1.94,1.55,0.39,0.19,3.30
Gaillon,Gregoire,3670241,gregoire.gaillon@etu.sorbonne-universite.fr,-,-,-,-,-,-,-,-,-,-,-,-,-,-,-
Galliot,Jules,3802342,jules.galliot@etu.sorbonne-universite.fr,Finished,"30 October 2020  12:40 PM","30 October 2020  1:33 PM","52 mins 42 secs",18.67,1.83,2.53,2.83,1.96,0.19,3.11,1.55,0.58,0.78,3.30
Gigacz,"Kiara Ting Yung Chin",3803025,kiara.gigacz@etu.sorbonne-universite.fr,Finished,"29 October 2020  2:12 PM","29 October 2020  3:51 PM","1 hour 39 mins",18.19,1.51,2.79,2.83,2.14,0.19,2.52,1.36,0.58,0.97,3.30
Goulmot,Cedric,3971371,cedric.goulmot@etu.sorbonne-universite.fr,Finished,"29 October 2020  11:22 AM","29 October 2020  12:57 PM","1 hour 34 mins",17.19,1.83,2.79,2.83,1.78,0.19,2.72,0.78,0.58,0.97,2.72
Grech,Anna,3800494,anna.grech@etu.sorbonne-universite.fr,Finished,"30 October 2020  12:24 PM","30 October 2020  1:55 PM","1 hour 31 mins",18.60,1.40,2.91,2.83,2.14,0.19,2.72,1.55,0.58,0.97,3.30
Gruman,Pierre-Alexandre,28507556,pierre-alexandre.gruman.2@etu.sorbonne-universite.fr,Finished,"28 October 2020  11:03 AM","28 October 2020  12:46 PM","1 hour 43 mins",15.88,1.73,2.79,2.83,2.14,0.19,1.17,1.36,0.39,0.00,3.30
Guio,Clément,3413360,clement.guio@etu.sorbonne-universite.fr,Finished,"30 October 2020  3:19 PM","30 October 2020  4:20 PM","1 hour 1 min",18.91,1.51,2.79,2.57,2.14,0.19,3.11,1.55,0.58,1.17,3.30
Hadj-Arab,Ludmila,3971280,ludmila.hadj-arab@etu.sorbonne-universite.fr,Finished,"30 October 2020  12:02 PM","30 October 2020  12:37 PM","34 mins 49 secs",18.01,1.51,2.03,2.83,2.14,0.19,3.11,1.36,0.39,1.17,3.30
Hadji,Mohamed,3702996,mohamed.hadji@etu.sorbonne-universite.fr,Finished,"30 October 2020  12:03 PM","30 October 2020  1:06 PM","1 hour 2 mins",14.93,1.51,2.66,2.40,1.96,0.19,1.17,1.36,0.58,0.00,3.11
Hamdad,Khellaf,3802811,khellaf.hamdad@etu.sorbonne-universite.fr,-,-,-,-,-,-,-,-,-,-,-,-,-,-,-
Hannachi,Dina,3801528,dina.hannachi@etu.sorbonne-universite.fr,Finished,"28 October 2020  10:47 AM","28 October 2020  11:34 AM","46 mins 41 secs",17.99,1.51,2.41,2.23,2.14,0.19,3.11,1.55,0.58,1.17,3.11
Herman,Margot,28716768,Margot.Herman@etu.sorbonne-universite.fr,Finished,"28 October 2020  11:34 AM","28 October 2020  1:19 PM","1 hour 44 mins",16.90,1.51,2.66,2.83,2.14,0.19,2.14,1.55,0.39,0.58,2.91
"Hernandez Adan","Oriana Rafaela",3802881,oriana.hernandez_adan@etu.sorbonne-universite.fr,Finished,"29 October 2020  9:54 PM","29 October 2020  11:21 PM","1 hour 27 mins",17.74,1.83,2.79,2.83,2.14,0.19,1.94,1.55,0.58,0.97,2.91
Huang,Xinyu,3803966,xinyiu.huang@etu.sorbonne-universite.fr,Finished,"26 October 2020  4:38 PM","26 October 2020  6:13 PM","1 hour 35 mins",18.28,1.19,2.79,2.66,2.14,0.19,3.11,1.36,0.39,1.17,3.30
Huang,Junyang,2302854,junyang.huang@etu.sorbonne-universite.fr,-,-,-,-,-,-,-,-,-,-,-,-,-,-,-
Huant,Raphael,3709095,raphael.huant@etu.sorbonne-universite.fr,Finished,"28 October 2020  11:12 AM","28 October 2020  12:24 PM","1 hour 12 mins",16.47,1.73,2.79,2.83,2.14,0.19,1.17,1.55,0.39,0.39,3.30
"Ibobi Sambila",Osee,3704090,osee.ibobi_sambila@etu.sorbonne-universite.fr,Finished,"30 October 2020  2:17 PM","30 October 2020  2:51 PM","33 mins 50 secs",18.17,0.65,2.66,2.83,2.14,0.19,3.11,1.55,0.58,1.17,3.30
Ikhlef,Nadjia,28718372,Nadjia.Ikhlef@etu.sorbonne-universite.fr,Finished,"26 October 2020  4:44 PM","26 October 2020  6:15 PM","1 hour 31 mins",18.03,1.62,2.41,2.74,2.14,0.19,2.72,1.55,0.58,0.97,3.11
Ith,Marc,3302184,marc.ith@etu.sorbonne-universite.fr,Finished,"29 October 2020  6:17 PM","29 October 2020  7:32 PM","1 hour 14 mins",18.80,1.73,2.79,2.83,2.14,0.19,3.11,1.36,0.19,1.17,3.30
Jday,Achraf,3802410,achraf.jday@etu.sorbonne-universite.fr,Finished,"30 October 2020  4:10 PM","30 October 2020  5:19 PM","1 hour 9 mins",19.16,1.51,2.79,2.83,2.14,0.19,3.11,1.55,0.58,1.17,3.30
Jebari,Firas,3802713,firas.jebari@etu.sorbonne-universite.fr,Finished,"30 October 2020  4:06 PM","30 October 2020  5:05 PM","59 mins 42 secs",18.18,1.51,2.53,2.48,2.14,0.19,3.11,1.55,0.58,1.17,2.91
Kaci-Chaouche,Omar,3521322,omar.kaci-chaouche@etu.sorbonne-universite.fr,Finished,"30 October 2020  10:54 AM","30 October 2020  12:37 PM","1 hour 43 mins",10.88,1.08,2.03,2.48,1.60,0.19,0.78,0.78,0.19,0.19,1.55
Kahil,Amine,28616887,amine.kahil@etu.sorbonne-universite.fr,Finished,"26 October 2020  4:20 PM","26 October 2020  6:44 PM","2 hours 24 mins",18.00,1.51,2.79,2.83,2.14,0.19,1.94,1.55,0.58,1.17,3.30
Kaïdouchi,Amira,3700530,amira.kaidouchi@etu.sorbonne-universite.fr,Finished,"28 October 2020  11:09 AM","28 October 2020  12:42 PM","1 hour 32 mins",2.07,1.19,0.89,-,-,-,-,-,-,-,-
Kaïdouchi,Amira,3700530,amira.kaidouchi@etu.sorbonne-universite.fr,Finished,"30 October 2020  12:24 PM","30 October 2020  1:37 PM","1 hour 13 mins",18.73,1.08,2.79,2.83,2.14,0.19,3.11,1.55,0.58,1.17,3.30
Kandeepan,Mathuran,3800103,mathuran.kandeepan@etu.sorbonne-universite.fr,Finished,"29 October 2020  2:22 PM","29 October 2020  3:44 PM","1 hour 22 mins",19.08,1.83,2.66,2.74,2.14,0.19,3.11,1.55,0.58,0.97,3.30
Kassab,Mouad,3700640,mouad.kassab@etu.sorbonne-universite.fr,Finished,"29 October 2020  6:16 PM","29 October 2020  7:41 PM","1 hour 24 mins",18.99,1.73,2.79,2.83,2.14,0.19,3.11,1.36,0.39,1.17,3.30
Kasten,Harold,3805644,harold.kasten@etu.sorbonne-universite.fr,Finished,"29 October 2020  11:53 AM","29 October 2020  12:24 PM","30 mins 53 secs",18.65,1.83,2.41,2.74,1.96,0.19,3.11,1.55,0.58,0.97,3.30
Kaya,Delphine,3800099,delphine.kaya@etu.sorbonne-universite.fr,Finished,"30 October 2020  4:00 PM","30 October 2020  5:44 PM","1 hour 44 mins",11.58,0.32,2.79,2.83,1.96,0.19,1.17,0.78,0.58,0.97,-
Kerdouche,Nabil,3802336,nabil.kerdouche@etu.sorbonne-universite.fr,Finished,"30 October 2020  10:59 AM","30 October 2020  12:34 PM","1 hour 34 mins",18.43,1.51,2.79,2.48,2.14,0.19,3.11,1.36,0.39,1.17,3.30
Kettouche,Tinhinane,3803639,tinhinane.kettouche@etu.sorbonne-universite.fr,-,-,-,-,-,-,-,-,-,-,-,-,-,-,-
Khalid,Ruhma,3710442,ruhma.khalid@etu.sorbonne-universite.fr,-,-,-,-,-,-,-,-,-,-,-,-,-,-,-
Kharbouche,Ibrahim,3671035,ibrahim.kharbouche@etu.sorbonne-universite.fr,Finished,"26 October 2020  5:16 PM","26 October 2020  6:49 PM","1 hour 33 mins",19.27,1.62,2.79,2.83,2.14,0.19,3.11,1.55,0.58,1.17,3.30
Kireche,Koceila,28717834,Koceila.Kireche@etu.sorbonne-universite.fr,Finished,"29 October 2020  11:18 AM","29 October 2020  12:59 PM","1 hour 40 mins",18.14,1.73,2.41,2.74,2.14,0.19,2.72,1.36,0.58,1.17,3.11
Kling,Paul,3670056,paul.kling@etu.sorbonne-universite.fr,Finished,"30 October 2020  12:04 PM","30 October 2020  1:30 PM","1 hour 25 mins",18.58,1.51,2.79,2.83,2.14,0.19,2.72,1.55,0.58,0.97,3.30
Komen,Dimitri,3603619,dimitri.komen@etu.sorbonne-universite.fr,Finished,"28 October 2020  10:29 AM","28 October 2020  10:41 AM","12 mins 16 secs",0.00,-,-,-,-,-,-,-,-,-,-
Komen,Dimitri,3603619,dimitri.komen@etu.sorbonne-universite.fr,Finished,"28 October 2020  1:12 PM","28 October 2020  1:59 PM","46 mins 53 secs",18.28,1.40,2.79,2.83,2.14,0.19,2.72,1.55,0.58,0.97,3.11
Kordon,Djeser,3772433,djeser.kordon@etu.sorbonne-universite.fr,Finished,"29 October 2020  2:35 PM","29 October 2020  3:53 PM","1 hour 18 mins",13.29,1.83,2.79,2.83,1.96,0.19,1.17,1.17,0.39,0.97,-
Koroglu,Mathis,3711799,mathis.koroglu@etu.sorbonne-universite.fr,Finished,"30 October 2020  4:00 PM","30 October 2020  5:25 PM","1 hour 25 mins",19.16,1.51,2.79,2.83,2.14,0.19,3.11,1.55,0.58,1.17,3.30
Kostadinovic,Nikola,3801695,nikola.kostadinovic@etu.sorbonne-universite.fr,Finished,"30 October 2020  10:54 AM","30 October 2020  12:29 PM","1 hour 34 mins",16.25,1.51,2.79,2.48,0.53,0.19,3.11,1.36,0.58,1.17,2.52
Krisni,Almehdi,3800519,almehdi.krisni@etu.sorbonne-universite.fr,Finished,"26 October 2020  4:08 PM","26 October 2020  5:48 PM","1 hour 39 mins",16.34,1.83,2.79,2.74,1.60,0.19,1.75,1.55,0.39,0.19,3.30
Kwonn,Simon,3709743,simon.kwonn@etu.sorbonne-universite.fr,Finished,"29 October 2020  11:59 AM","29 October 2020  1:35 PM","1 hour 36 mins",16.68,-,2.79,2.83,2.14,0.19,2.72,1.17,0.58,0.97,3.30
Lachemot,Cédric,3705179,cedric.lachemot@etu.sorbonne-universite.fr,Finished,"30 October 2020  4:16 PM","30 October 2020  5:15 PM","58 mins 19 secs",18.97,1.51,2.79,2.83,2.14,0.19,3.11,1.55,0.58,1.17,3.11
Lachgar,Amine,3802257,amine.lachgar@etu.sorbonne-universite.fr,-,-,-,-,-,-,-,-,-,-,-,-,-,-,-
Lahfa,Samy,3706599,samy.lahfa@etu.sorbonne-universite.fr,Finished,"26 October 2020  4:19 PM","26 October 2020  6:43 PM","2 hours 24 mins",17.80,1.51,2.79,2.83,2.14,0.19,2.14,1.55,0.58,1.17,2.91
"Lam A",Leo,28712991,Leo.Lam_A@etu.sorbonne-universite.fr,Finished,"26 October 2020  4:32 PM","26 October 2020  6:14 PM","1 hour 42 mins",19.27,1.62,2.79,2.83,2.14,0.19,3.11,1.55,0.58,1.17,3.30
Lange,Mathilde,28504995,mathilde.lange.2@etu.sorbonne-universite.fr,Finished,"28 October 2020  11:00 AM","28 October 2020  12:41 PM","1 hour 40 mins",19.21,1.83,2.79,2.74,2.14,0.19,3.11,1.36,0.58,1.17,3.30
Langlais,Rafaël,3520624,rafael.langlais@etu.sorbonne-universite.fr,Finished,"30 October 2020  3:55 PM","30 October 2020  5:14 PM","1 hour 18 mins",18.48,1.51,2.66,2.66,2.14,0.19,2.72,1.55,0.58,1.17,3.30
Larbi,Melissa,3971141,melissa.larbi@etu.sorbonne-universite.fr,Finished,"29 October 2020  4:24 PM","29 October 2020  5:23 PM","58 mins 44 secs",18.99,1.73,2.79,2.83,2.14,0.19,3.11,1.36,0.39,1.17,3.30
Lassadi,Nassim,3707173,nassim.lassadi@etu.sorbonne-universite.fr,Finished,"30 October 2020  3:59 PM","30 October 2020  4:59 PM","59 mins 52 secs",17.28,1.51,2.79,2.40,1.07,0.19,3.11,1.36,0.58,1.17,3.11
Lay,Kenny,3801173,kenny.lay@etu.sorbonne-universite.fr,Finished,"30 October 2020  10:54 AM","30 October 2020  12:29 PM","1 hour 34 mins",17.85,1.51,2.79,2.48,2.14,0.19,2.72,1.36,0.58,0.97,3.11
Le,"Hai Nam",28613397,hai.le@etu.sorbonne-universite.fr,Finished,"26 October 2020  1:47 PM","26 October 2020  2:49 PM","1 hour 1 min",18.73,1.83,2.79,2.83,1.96,0.19,2.72,1.55,0.58,0.97,3.30
Le,Doan,3875020,doan.le@etu.sorbonne-universite.fr,Finished,"30 October 2020  3:54 PM","30 October 2020  5:07 PM","1 hour 12 mins",19.16,1.51,2.79,2.83,2.14,0.19,3.11,1.55,0.58,1.17,3.30
Lebazda--Gauthier,Benoît,3702867,benoit.lebazda--gauthier@etu.sorbonne-universite.fr,"Never submitted","28 October 2020  11:01 AM",-,-,-,-,-,-,-,-,-,-,-,-,-
Lebazda--Gauthier,Benoît,3702867,benoit.lebazda--gauthier@etu.sorbonne-universite.fr,Finished,"30 October 2020  7:11 PM","30 October 2020  7:43 PM","32 mins 10 secs",18.47,1.40,2.79,2.83,2.14,0.19,2.72,1.55,0.58,0.97,3.30
Lecocq,Yoann,3708077,yoann.lecocq@etu.sorbonne-universite.fr,-,-,-,-,-,-,-,-,-,-,-,-,-,-,-
Lefebure,Pierre,3674815,pierre.lefebure@etu.sorbonne-universite.fr,-,-,-,-,-,-,-,-,-,-,-,-,-,-,-
Lefevre,Manon,3800422,manon.lefevre@etu.sorbonne-universite.fr,Finished,"28 October 2020  11:00 AM","28 October 2020  12:45 PM","1 hour 45 mins",15.20,1.40,2.79,2.23,1.60,0.19,1.75,0.78,0.58,0.58,3.30
Lemaitre,Alexandre,3876023,alexandre.lemaitre@etu.sorbonne-universite.fr,"Never submitted","30 October 2020  4:27 PM",-,-,-,-,-,-,-,-,-,-,-,-,-
Lemaitre,Alexandre,3876023,alexandre.lemaitre@etu.sorbonne-universite.fr,Finished,"30 October 2020  6:51 PM","30 October 2020  8:03 PM","1 hour 11 mins",17.69,1.40,2.79,2.83,2.14,0.19,2.52,1.55,0.39,0.97,2.91
Li,Ziyou,3802432,ziyou.li@etu.sorbonne-universite.fr,Finished,"30 October 2020  4:01 PM","30 October 2020  5:46 PM","1 hour 45 mins",10.75,1.83,2.79,2.83,-,-,-,-,-,0.00,3.30
Lifsal,Loubna,3309154,loubna.lifsal@etu.sorbonne-universite.fr,Finished,"30 October 2020  5:01 PM","30 October 2020  5:26 PM","24 mins 59 secs",9.56,1.51,2.79,0.60,-,0.00,-,0.19,0.19,0.97,3.30
Lin,Daniel,3700421,daniel.lin@etu.sorbonne-universite.fr,Finished,"29 October 2020  10:49 AM","29 October 2020  12:17 PM","1 hour 27 mins",16.04,1.40,2.79,2.83,1.07,0.19,2.33,1.36,0.39,0.97,2.72
Loi,Alessia,3971668,alessia.loi@etu.sorbonne-universite.fr,Finished,"26 October 2020  4:28 PM","26 October 2020  6:14 PM","1 hour 46 mins",12.11,1.83,2.79,2.83,2.14,0.19,1.17,1.17,-,-,-
Lu,Raymond,3700479,raymond.lu@etu.sorbonne-universite.fr,Finished,"30 October 2020  1:45 PM","30 October 2020  2:22 PM","36 mins 57 secs",19.21,1.83,2.79,2.74,2.14,0.19,3.11,1.55,0.58,1.17,3.11
Lu,Alexandra,3700615,alexandra.lu@etu.sorbonne-universite.fr,Finished,"29 October 2020  2:14 PM","29 October 2020  3:53 PM","1 hour 38 mins",17.85,1.51,2.79,2.83,1.60,0.19,2.91,1.36,0.39,0.97,3.30
Ly,Sylvie,3522190,sylvie.ly@etu.sorbonne-universite.fr,Finished,"30 October 2020  12:30 PM","30 October 2020  1:31 PM","1 hour 1 min",16.84,1.40,1.90,2.83,1.78,0.19,3.11,1.17,0.19,1.17,3.11
M'Barek,Heikel,3201218,heikel.mbarek@etu.sorbonne-universite.fr,Finished,"30 October 2020  3:23 PM","30 October 2020  4:40 PM","1 hour 16 mins",15.86,1.51,2.79,2.83,2.14,0.19,1.17,1.36,0.58,0.00,3.30
Maafa,Zin,3803950,zin.maafa@etu.sorbonne-universite.fr,"Never submitted","1 November 2020  4:23 PM",-,-,-,-,-,-,-,-,-,-,-,-,-
Maafa,Zin,3803950,zin.maafa@etu.sorbonne-universite.fr,Finished,"1 November 2020  10:44 PM","1 November 2020  11:02 PM","17 mins 39 secs",18.86,1.73,2.66,2.83,2.14,0.19,3.11,1.36,0.39,1.17,3.30
"Mahad Ismail",Roukia,3874897,roukia.mahad-ismail@etu.sorbonne-universite.fr,Finished,"26 October 2020  4:06 PM","26 October 2020  5:48 PM","1 hour 41 mins",18.64,1.73,2.91,2.74,2.14,0.19,3.11,1.55,0.39,1.17,2.72
Manimtim,Alexandre,3407834,alexandre.manimtim@etu.sorbonne-universite.fr,-,-,-,-,-,-,-,-,-,-,-,-,-,-,-
Mariller,Vincent,3700041,vincent.mariller@etu.sorbonne-universite.fr,Finished,"30 October 2020  10:22 AM","30 October 2020  10:36 AM","14 mins 37 secs",15.52,1.51,2.79,2.48,2.14,0.19,1.17,1.36,0.58,0.00,3.30
Marzougui,Syrine,3803611,syrine.marzougui@etu.sorbonne-universite.fr,Finished,"30 October 2020  4:40 PM","30 October 2020  5:36 PM","56 mins 28 secs",17.92,1.40,2.66,2.74,1.60,0.19,3.11,1.36,0.39,1.17,3.30
Maurel,Perrine,28502791,perrine.maurel.2@etu.sorbonne-universite.fr,Finished,"30 October 2020  12:42 PM","30 October 2020  12:58 PM","15 mins 33 secs",7.67,-,0.00,0.00,1.07,0.19,-,1.36,0.58,1.17,3.30
Mehdi,Sarah,3971165,sarah.mehdi.1@etu.sorbonne-universite.fr,Finished,"30 October 2020  10:57 AM","30 October 2020  12:31 PM","1 hour 34 mins",18.56,1.29,2.79,2.83,2.14,0.19,3.11,1.36,0.39,1.17,3.30
Mellul,Yona,3800646,yona.mellul@etu.sorbonne-universite.fr,Finished,"26 October 2020  4:36 PM","26 October 2020  5:12 PM","35 mins 58 secs",0.97,0.97,-,-,-,-,-,-,-,-,-
Mendas,Rosa,3802558,rosa.mendas@etu.sorbonne-universite.fr,Finished,"26 October 2020  4:33 PM","26 October 2020  6:12 PM","1 hour 38 mins",19.16,1.51,2.79,2.83,2.14,0.19,3.11,1.55,0.58,1.17,3.30
Mendes,Hugo,3670527,hugo.mendes@etu.sorbonne-universite.fr,Finished,"30 October 2020  11:02 AM","30 October 2020  11:21 AM","19 mins",18.90,1.73,2.79,2.74,2.14,0.19,3.11,1.36,0.39,1.17,3.30
Merle-Remond,Julian,3700191,julian.merle-remond@etu.sorbonne-universite.fr,Finished,"30 October 2020  4:10 PM","30 October 2020  5:56 PM","1 hour 45 mins",15.28,1.51,2.79,2.83,2.14,0.19,2.72,1.55,0.58,0.97,0.00
Merzouk,Kenza,3803468,kenza.merzouk@etu.sorbonne-universite.fr,Finished,"30 October 2020  11:54 AM","30 October 2020  12:48 PM","54 mins 5 secs",18.60,1.51,2.79,2.66,2.14,0.19,3.11,1.36,0.39,1.17,3.30
Meziane,Mohamed,3802500,mohamed.meziane@etu.sorbonne-universite.fr,Finished,"29 October 2020  6:27 PM","29 October 2020  7:31 PM","1 hour 4 mins",18.67,1.40,2.79,2.83,2.14,0.19,3.11,1.36,0.39,1.17,3.30
Mistry,Manishkumar,3671086,manishkumar.mistry@etu.sorbonne-universite.fr,Finished,"30 October 2020  11:02 AM","30 October 2020  12:31 PM","1 hour 29 mins",18.43,1.29,2.66,2.83,2.14,0.19,3.11,1.36,0.39,1.17,3.30
Mistry,Darshan,3670280,darshan.mistry@etu.sorbonne-universite.fr,Finished,"30 October 2020  10:55 AM","30 October 2020  12:24 PM","1 hour 29 mins",18.56,1.29,2.79,2.83,2.14,0.19,3.11,1.36,0.39,1.17,3.30
Mohammedi,Vanessa,3671439,vanessa.mohammedi@etu.sorbonne-universite.fr,Finished,"30 October 2020  1:23 PM","30 October 2020  3:38 PM","2 hours 14 mins",18.97,1.51,2.79,2.83,2.14,0.19,3.11,1.36,0.58,1.17,3.30
Mohellebi,Melissa,3971070,melissa.mohellebi@etu.sorbonne-universite.fr,Finished,"29 October 2020  6:23 PM","29 October 2020  7:32 PM","1 hour 8 mins",18.99,1.73,2.79,2.83,2.14,0.19,3.11,1.36,0.39,1.17,3.30
Monnereau,Irena,3670050,irena.monnereau@etu.sorbonne-universite.fr,Finished,"30 October 2020  10:52 AM","30 October 2020  12:11 PM","1 hour 19 mins",18.21,1.51,2.79,2.83,1.96,0.19,2.72,1.55,0.39,0.97,3.30
Moreau,Léonard,3800364,leonard.moreau@etu.sorbonne-universite.fr,Finished,"30 October 2020  4:56 PM","30 October 2020  5:37 PM","41 mins 38 secs",18.39,1.51,2.79,2.83,2.14,0.19,3.11,1.36,0.39,0.78,3.30
Mosgoreanu,"Alexandru Zaharia",28717021,Alexandru_Zaharia.Mosgoreanu@etu.sorbonne-universite.fr,Finished,"29 October 2020  10:55 AM","29 October 2020  12:33 PM","1 hour 37 mins",19.38,1.73,2.79,2.83,2.14,0.19,3.11,1.55,0.58,1.17,3.30
Moulouel,Myriem,3802291,myriem.moulouel@etu.sorbonne-universite.fr,Finished,"26 October 2020  4:04 PM","26 October 2020  5:49 PM","1 hour 44 mins",18.42,1.83,2.53,2.74,1.60,0.19,3.11,1.55,0.39,1.17,3.30
Moyet,Candice,3801474,candice.moyet@etu.sorbonne-universite.fr,Finished,"28 October 2020  11:02 AM","28 October 2020  12:46 PM","1 hour 44 mins",18.47,1.40,2.79,2.83,2.14,0.19,2.72,1.55,0.58,0.97,3.30
Nam,Maxime,3301246,maxime.nam@etu.sorbonne-universite.fr,Finished,"29 October 2020  9:47 PM","29 October 2020  11:29 PM","1 hour 41 mins",18.69,1.62,2.79,2.83,2.14,0.19,2.72,1.55,0.58,0.97,3.30
Naumenko,Polina,3521154,polina.naumenko@etu.sorbonne-universite.fr,Finished,"30 October 2020  11:13 AM","30 October 2020  12:38 PM","1 hour 25 mins",11.33,1.83,2.79,2.83,2.14,0.19,1.17,0.19,0.19,0.00,0.00
Ngamy,Gianni-Alessandro,3703993,gianni-alessandro.ngamy@etu.sorbonne-universite.fr,Finished,"30 October 2020  3:25 PM","30 October 2020  4:13 PM","47 mins 59 secs",17.98,0.32,2.79,2.83,2.14,0.19,3.11,1.55,0.58,1.17,3.30
Nguyen,"Minh Anh",3802621,minh.nguyen.6@etu.sorbonne-universite.fr,Finished,"28 October 2020  11:00 AM","28 October 2020  12:40 PM","1 hour 39 mins",19.16,1.51,2.79,2.83,2.14,0.19,3.11,1.55,0.58,1.17,3.30
Niang,Fallou,3803961,fallou.niang@etu.sorbonne-universite.fr,Finished,"30 October 2020  4:28 PM","30 October 2020  5:45 PM","1 hour 16 mins",7.00,1.73,2.79,2.48,-,-,-,-,-,-,-
"Normand De La Tranchade",François,3671913,francois.normand_de_la_tranchade@etu.sorbonne-universite.fr,Finished,"30 October 2020  4:08 PM","30 October 2020  5:19 PM","1 hour 11 mins",15.02,1.83,2.79,2.83,2.14,0.19,2.14,1.55,0.58,0.97,-
Oses,Jean-Baptiste,3700565,jean-baptiste.oses@etu.sorbonne-universite.fr,Finished,"30 October 2020  4:09 PM","30 October 2020  5:50 PM","1 hour 40 mins",6.24,0.76,2.66,2.83,-,-,-,-,-,-,-
Oudjani,Yasmine,3803009,yasmine.oudjani@etu.sorbonne-universite.fr,Finished,"29 October 2020  11:16 AM","29 October 2020  12:58 PM","1 hour 42 mins",18.58,1.73,2.66,2.74,2.14,0.19,3.11,1.36,0.58,0.97,3.11
Pareau,Mathilde,3800446,mathilde.pareau@etu.sorbonne-universite.fr,Finished,"26 October 2020  4:21 PM","26 October 2020  6:03 PM","1 hour 41 mins",9.89,1.83,2.66,2.83,1.60,0.19,0.78,-,-,-,-
Pareau,Mathilde,3800446,mathilde.pareau@etu.sorbonne-universite.fr,Finished,"27 October 2020  3:57 PM","27 October 2020  5:00 PM","1 hour 2 mins",18.39,1.73,2.66,2.74,2.14,0.19,2.72,1.17,0.58,1.17,3.30
Parichault,Antoine,3803454,antoine.parichault@etu.sorbonne-universite.fr,Finished,"28 October 2020  11:06 AM","28 October 2020  12:30 PM","1 hour 24 mins",16.10,1.29,2.66,2.83,2.14,0.19,1.17,1.55,0.58,0.39,3.30
Pironin,Julie,3802614,julie.pironin@etu.sorbonne-universite.fr,Finished,"30 October 2020  10:57 AM","30 October 2020  12:28 PM","1 hour 31 mins",18.00,1.51,2.79,2.83,2.14,0.19,3.11,1.36,0.39,1.17,2.52
Polit,Titouan,3800511,titouan.polit@etu.sorbonne-universite.fr,Finished,"28 October 2020  10:59 AM","28 October 2020  12:35 PM","1 hour 35 mins",17.74,1.83,2.79,2.83,2.14,0.19,2.72,0.78,0.39,0.78,3.30
Popescu,"Diana Elena",28717024,Diana_Elena.Popescu@etu.sorbonne-universite.fr,Finished,"29 October 2020  12:03 PM","29 October 2020  12:50 PM","46 mins 43 secs",18.02,1.51,2.66,2.40,2.14,0.19,3.11,1.55,0.58,0.58,3.30
Poulain,Claire,3679357,claire.poulain@etu.sorbonne-universite.fr,Finished,"30 October 2020  10:57 AM","30 October 2020  12:24 PM","1 hour 26 mins",18.36,1.29,2.79,2.83,2.14,0.19,3.11,1.36,0.39,1.17,3.11
Prostakov,Andrey,3802515,andrey.prostakov@etu.sorbonne-universite.fr,Finished,"30 October 2020  1:41 PM","30 October 2020  2:14 PM","32 mins 14 secs",18.34,1.08,2.79,2.83,2.14,0.19,3.11,1.36,0.39,1.17,3.30
Quest,Alexis,3703346,alexis.quest@etu.sorbonne-universite.fr,Finished,"30 October 2020  10:52 AM","30 October 2020  12:13 PM","1 hour 20 mins",15.52,0.97,2.79,2.83,2.14,0.19,1.17,1.55,0.58,0.00,3.30
Queuvin,Thomas,3700185,thomas.queuvin@etu.sorbonne-universite.fr,-,-,-,-,-,-,-,-,-,-,-,-,-,-,-
Rapaport,Solal,3711387,solal.rapaport@etu.sorbonne-universite.fr,Finished,"30 October 2020  3:55 PM","30 October 2020  5:34 PM","1 hour 38 mins",18.75,1.29,2.79,2.83,2.14,0.19,3.11,1.55,0.58,1.17,3.11
Rayon-Richter,Malou,3708307,malou.rayon-richter@etu.sorbonne-universite.fr,-,-,-,-,-,-,-,-,-,-,-,-,-,-,-
Rebai,Sofiane,3674205,sofiane.rebai@etu.sorbonne-universite.fr,-,-,-,-,-,-,-,-,-,-,-,-,-,-,-
"Riffaud De Turckheim",Hugo,3800256,hugo.riffaud_de_turckheim@etu.sorbonne-universite.fr,Finished,"28 October 2020  11:02 AM","28 October 2020  12:47 PM","1 hour 45 mins",17.68,1.51,2.66,2.83,2.14,0.19,2.72,1.55,0.58,0.39,3.11
Roch,Stuart,3309168,stuart.roch@etu.sorbonne-universite.fr,"Never submitted","30 October 2020  3:48 PM",-,-,-,-,-,-,-,-,-,-,-,-,-
Roch,Stuart,3309168,stuart.roch@etu.sorbonne-universite.fr,Finished,"30 October 2020  8:26 PM","30 October 2020  8:37 PM","10 mins 30 secs",19.08,1.62,2.79,2.83,2.14,0.19,3.11,1.55,0.58,0.97,3.30
Roqui,David,3873784,david.roqui@etu.sorbonne-universite.fr,Finished,"30 October 2020  3:58 PM","30 October 2020  5:34 PM","1 hour 36 mins",15.56,1.40,2.79,2.83,2.14,0.19,1.17,1.55,0.39,0.39,2.72
Rossi,Johan-Luca,3872354,johan-luca.rossi@etu.sorbonne-universite.fr,Finished,"29 October 2020  2:35 PM","29 October 2020  4:13 PM","1 hour 37 mins",17.63,1.73,2.79,2.83,2.14,0.19,2.72,1.36,0.58,0.97,2.33
Rouba,Islam,3802420,islam.rouba@etu.sorbonne-universite.fr,Finished,"29 October 2020  7:06 PM","29 October 2020  7:38 PM","31 mins 49 secs",18.99,1.73,2.79,2.83,2.14,0.19,3.11,1.36,0.39,1.17,3.30
Rzeszutko,Kamil,2800282,kamil.rzeszutko@etu.sorbonne-universite.fr,Finished,"29 October 2020  10:55 AM","29 October 2020  12:34 PM","1 hour 38 mins",16.47,1.73,2.79,2.83,2.14,0.19,1.17,1.55,0.58,0.39,3.11
Sabatino,Francesco,3811132,francesco.sabatino@etu.sorbonne-universite.fr,Finished,"26 October 2020  4:44 PM","26 October 2020  6:16 PM","1 hour 31 mins",18.15,1.62,2.53,2.74,2.14,0.19,2.72,1.55,0.58,0.97,3.11
Saber,Hakim,3415762,hakim.saber@etu.sorbonne-universite.fr,Finished,"29 October 2020  11:06 AM","29 October 2020  12:16 PM","1 hour 9 mins",18.32,1.83,2.79,2.83,2.14,0.19,2.33,1.36,0.58,0.97,3.30
Saichi,Lina,3803151,lina.saichi@etu.sorbonne-universite.fr,Finished,"29 October 2020  6:23 PM","29 October 2020  7:35 PM","1 hour 11 mins",18.99,1.73,2.79,2.83,2.14,0.19,3.11,1.36,0.39,1.17,3.30
Salfati,Elisa,3800104,elisa.salfati@etu.sorbonne-universite.fr,Finished,"28 October 2020  11:04 AM","28 October 2020  12:38 PM","1 hour 34 mins",18.00,1.08,2.53,2.74,2.14,0.19,3.11,1.36,0.58,1.17,3.11
Sameur,Samir,3872902,samir.sameur@etu.sorbonne-universite.fr,-,-,-,-,-,-,-,-,-,-,-,-,-,-,-
Seang,Chea-Jimmy,3703893,chea-jimmy.seang@etu.sorbonne-universite.fr,Finished,"30 October 2020  10:56 AM","30 October 2020  12:25 PM","1 hour 28 mins",18.56,1.29,2.79,2.83,2.14,0.19,3.11,1.36,0.39,1.17,3.30
Selliah,Sarujen,3701184,sarujen.selliah@etu.sorbonne-universite.fr,Finished,"30 October 2020  10:55 AM","30 October 2020  11:18 AM","22 mins 55 secs",17.31,1.40,2.79,2.83,2.14,0.19,2.72,1.36,0.39,0.97,2.52
Sennour,"Mohammed Wail",28616082,mohammed.sennour@etu.sorbonne-universite.fr,Finished,"30 October 2020  1:43 PM","30 October 2020  2:45 PM","1 hour 2 mins",18.99,1.73,2.79,2.83,2.14,0.19,3.11,1.36,0.39,1.17,3.30
Senyuz,"Miray Suzan",3802805,miray.senyuz@etu.sorbonne-universite.fr,Finished,"29 October 2020  3:06 PM","29 October 2020  4:19 PM","1 hour 13 mins",19.01,1.73,2.79,2.83,1.96,0.19,3.11,1.55,0.39,1.17,3.30
Serraf,Dan,3971120,dan.serraf@etu.sorbonne-universite.fr,Finished,"26 October 2020  4:15 PM","26 October 2020  6:00 PM","1 hour 45 mins",15.80,1.83,2.79,2.83,2.14,0.19,2.52,1.17,0.39,0.97,0.97
Serraf,Dan,3971120,dan.serraf@etu.sorbonne-universite.fr,Finished,"29 October 2020  4:07 PM","29 October 2020  5:40 PM","1 hour 33 mins",19.49,1.83,2.79,2.83,2.14,0.19,3.11,1.55,0.58,1.17,3.30
Sidia,Amir,3670888,amir.sidia@etu.sorbonne-universite.fr,Finished,"30 October 2020  4:37 PM","30 October 2020  5:42 PM","1 hour 5 mins",15.92,1.19,2.79,2.48,0.53,0.19,3.11,1.36,0.58,0.97,2.72
Simion,Mathys,28705217,Mathys.Simion@etu.sorbonne-universite.fr,Finished,"30 October 2020  10:11 AM","30 October 2020  11:10 AM","59 mins 1 sec",18.36,1.29,2.79,2.83,2.14,0.19,2.72,1.55,0.58,0.97,3.30
Slimani,Hiba,3703036,hiba.slimani@etu.sorbonne-universite.fr,Finished,"29 October 2020  3:58 PM","29 October 2020  5:37 PM","1 hour 39 mins",15.07,1.51,2.66,2.74,2.14,0.19,1.17,1.17,0.58,0.00,2.91
Song,Yifei,3970712,yifei.song@etu.sorbonne-universite.fr,Finished,"26 October 2020  4:31 PM","26 October 2020  6:13 PM","1 hour 41 mins",18.69,1.62,2.79,2.83,2.14,0.19,3.11,1.36,0.39,1.17,3.11
Soulignadeth,Willy,3800002,willy.soulignadeth@etu.sorbonne-universite.fr,Finished,"26 October 2020  4:34 PM","26 October 2020  5:45 PM","1 hour 10 mins",16.71,1.40,2.66,2.74,2.14,0.19,2.72,1.55,0.58,0.00,2.72
Soutil,Aurélien,3700451,aurelien.soutil@etu.sorbonne-universite.fr,Finished,"26 October 2020  3:01 PM","26 October 2020  3:14 PM","13 mins 41 secs",0.00,-,-,-,-,-,-,-,-,-,-
Soutil,Aurélien,3700451,aurelien.soutil@etu.sorbonne-universite.fr,Finished,"30 October 2020  4:08 PM","30 October 2020  5:09 PM","1 hour",15.28,1.51,2.79,2.83,2.14,0.19,1.17,1.55,0.58,0.39,2.14
Sow,Fatou,28503374,fatou.sow.2@etu.sorbonne-universite.fr,Finished,"28 October 2020  11:00 AM","28 October 2020  12:42 PM","1 hour 41 mins",19.29,1.83,2.79,2.83,2.14,0.19,3.11,1.36,0.58,1.17,3.30
Suhana,Satria,3800274,satria.suhana@etu.sorbonne-universite.fr,Finished,"30 October 2020  11:07 AM","30 October 2020  12:36 PM","1 hour 29 mins",13.30,1.51,2.79,2.40,2.14,0.00,1.55,1.55,0.58,0.78,-
Sy,"Virak Bot Baramy",3407325,virak.sy@etu.sorbonne-universite.fr,Finished,"30 October 2020  2:03 PM","30 October 2020  3:27 PM","1 hour 23 mins",19.29,1.83,2.79,2.83,2.14,0.19,3.11,1.55,0.39,1.17,3.30
Szczerba,Kamil,28614283,kamil.szczerba@etu.sorbonne-universite.fr,Finished,"28 October 2020  10:08 AM","28 October 2020  11:18 AM","1 hour 10 mins",18.71,1.83,2.79,2.83,2.14,0.19,2.72,1.55,0.39,0.97,3.30
Taleb,Rida,3804264,rida.taleb@etu.sorbonne-universite.fr,Finished,"30 October 2020  4:04 PM","30 October 2020  5:08 PM","1 hour 3 mins",19.16,1.51,2.79,2.83,2.14,0.19,3.11,1.55,0.58,1.17,3.30
Tang,Christophe,3802892,christophe.tang@etu.sorbonne-universite.fr,-,-,-,-,-,-,-,-,-,-,-,-,-,-,-
Tat,Jonathan,3874133,jonathan.tat@etu.sorbonne-universite.fr,Finished,"29 October 2020  11:19 AM","29 October 2020  11:50 AM","30 mins 6 secs",17.37,1.73,2.79,2.57,2.14,0.19,2.72,1.36,0.39,1.17,2.33
Tchen,Clement,3703339,clement.tchen@etu.sorbonne-universite.fr,Finished,"30 October 2020  4:07 PM","30 October 2020  5:44 PM","1 hour 37 mins",6.52,1.19,1.01,1.20,1.96,0.00,-,0.19,0.39,0.19,0.39
Thelineau,Jeremy,3200147,jeremy.thelineau@etu.sorbonne-universite.fr,-,-,-,-,-,-,-,-,-,-,-,-,-,-,-
Theodosiou,Michalis,3151223,michalis.theodosiou@etu.sorbonne-universite.fr,-,-,-,-,-,-,-,-,-,-,-,-,-,-,-
Theret,Ingrid,3201608,ingrid.theret@etu.sorbonne-universite.fr,Finished,"30 October 2020  10:54 AM","30 October 2020  12:23 PM","1 hour 29 mins",18.56,1.29,2.79,2.83,2.14,0.19,3.11,1.36,0.39,1.17,3.30
Thiam,Mohamed,3672502,mohamed.thiam@etu.sorbonne-universite.fr,Finished,"30 October 2020  4:19 PM","30 October 2020  6:04 PM","1 hour 45 mins",12.04,1.51,2.15,2.74,2.14,0.19,1.17,1.55,0.58,0.00,-
Thurairajah,Shaithan,3802984,shaithan.thurairajah@etu.sorbonne-universite.fr,Finished,"29 October 2020  2:32 PM","29 October 2020  3:45 PM","1 hour 13 mins",19.49,1.83,2.79,2.83,2.14,0.19,3.11,1.55,0.58,1.17,3.30
Tibi,Gad,3801996,gad.tibi@etu.sorbonne-universite.fr,Finished,"30 October 2020  11:30 AM","30 October 2020  12:22 PM","52 mins 23 secs",19.49,1.83,2.79,2.83,2.14,0.19,3.11,1.55,0.58,1.17,3.30
Toullalan,Antoine,3706648,antoine.toullalan@etu.sorbonne-universite.fr,Finished,"26 October 2020  4:25 PM","26 October 2020  6:02 PM","1 hour 37 mins",18.39,1.51,2.79,2.83,2.14,0.19,2.72,1.55,0.58,0.97,3.11
Tran,Kevin,3700914,kevin.tran@etu.sorbonne-universite.fr,-,-,-,-,-,-,-,-,-,-,-,-,-,-,-
Traore,Khadidja,3800559,khadidja.traore@etu.sorbonne-universite.fr,Finished,"30 October 2020  9:49 AM","30 October 2020  12:31 PM","2 hours 41 mins",13.55,1.73,2.79,2.83,2.14,0.19,1.36,1.55,0.58,0.39,-
Trouve,Alex,3700052,alex.trouve@etu.sorbonne-universite.fr,Finished,"30 October 2020  10:58 AM","30 October 2020  12:29 PM","1 hour 30 mins",18.41,1.29,2.79,2.48,2.14,0.19,3.11,1.36,0.58,1.17,3.30
Ung,Thierry,3804472,thierry.ung@etu.sorbonne-universite.fr,Finished,"28 October 2020  1:51 PM","28 October 2020  3:02 PM","1 hour 10 mins",15.52,1.51,2.79,2.48,2.14,0.19,1.17,1.36,0.58,0.00,3.30
"Van Remoortere",Pierre,28007865,pierre.van_remoortere.1@etu.sorbonne-universite.fr,Finished,"29 October 2020  6:07 PM","29 October 2020  7:21 PM","1 hour 14 mins",6.91,1.51,2.66,2.74,0.00,-,-,-,-,-,-
Vang,Danny,3670334,danny.vang@etu.sorbonne-universite.fr,Finished,"28 October 2020  10:47 AM","28 October 2020  12:14 PM","1 hour 26 mins",17.31,1.40,2.79,2.83,2.14,0.19,2.72,1.36,0.39,0.97,2.52
Vanrycke,Loann,3811248,loann.vanrycke@etu.sorbonne-universite.fr,Finished,"26 October 2020  4:29 PM","26 October 2020  6:01 PM","1 hour 31 mins",15.80,1.51,2.79,2.57,2.14,0.19,1.36,1.55,0.39,0.00,3.30
Villard,Lorenzo,3801327,lorenzo.villard@etu.sorbonne-universite.fr,-,-,-,-,-,-,-,-,-,-,-,-,-,-,-
Xu,Jin,3700044,jin.xu@etu.sorbonne-universite.fr,Finished,"26 October 2020  4:26 PM","26 October 2020  6:02 PM","1 hour 36 mins",16.94,1.83,2.66,2.74,2.14,0.19,3.11,0.19,0.39,1.17,2.52
Yalcin,Mehmet,3702332,mehmet.yalcin@etu.sorbonne-universite.fr,Finished,"30 October 2020  4:23 PM","30 October 2020  6:08 PM","1 hour 44 mins",14.74,1.51,2.79,2.48,2.14,0.19,1.17,1.36,0.58,0.00,2.52
Yang,Qing,3872484,qing.yang@etu.sorbonne-universite.fr,Finished,"26 October 2020  4:06 PM","26 October 2020  5:51 PM","1 hour 45 mins",14.03,1.83,2.66,2.74,2.14,0.19,3.11,0.19,0.39,0.78,-
Yao,Qingyuan,3970770,qingyuan.yao@etu.sorbonne-universite.fr,Finished,"30 October 2020  1:44 PM","30 October 2020  2:44 PM","59 mins 48 secs",18.02,1.73,2.79,2.83,2.14,0.19,2.72,0.97,0.39,0.97,3.30
Ye,William,3413637,william.ye@etu.sorbonne-universite.fr,Finished,"26 October 2020  4:28 PM","26 October 2020  6:13 PM","1 hour 45 mins",12.11,1.83,2.79,2.83,2.14,0.19,1.17,1.17,-,-,-
Zerrouki,Elies,3802658,elies.zerrouki@etu.sorbonne-universite.fr,Finished,"30 October 2020  4:05 PM","30 October 2020  5:24 PM","1 hour 19 mins",18.99,1.73,2.79,2.83,2.14,0.19,3.11,1.36,0.39,1.17,3.30
Zhang,Kevin,3520893,kevin.zhang@etu.sorbonne-universite.fr,"Never submitted","30 October 2020  3:46 PM",-,-,-,-,-,-,-,-,-,-,-,-,-
Zhang,Kate,3800131,kate.zhang@etu.sorbonne-universite.fr,Finished,"29 October 2020  10:51 AM","29 October 2020  11:52 AM","1 hour",18.71,1.83,2.79,2.83,2.14,0.19,2.72,1.55,0.58,1.17,2.91
Zhang,Eric,3800297,eric.zhang@etu.sorbonne-universite.fr,Finished,"30 October 2020  11:01 AM","30 October 2020  12:09 PM","1 hour 7 mins",18.97,1.51,2.79,2.83,2.14,0.19,3.11,1.55,0.39,1.17,3.30
Zhao,Cong,2351624,cong.zhao@etu.sorbonne-universite.fr,Finished,"29 October 2020  9:17 PM","29 October 2020  10:59 PM","1 hour 41 mins",12.36,0.76,2.41,2.74,1.60,0.19,1.17,0.19,0.39,0.00,2.91
Zheng,Luc,3710230,luc.zheng@etu.sorbonne-universite.fr,Finished,"30 October 2020  4:14 PM","30 October 2020  5:02 PM","48 mins 37 secs",15.96,1.51,2.79,2.83,1.07,0.19,2.33,1.36,0.39,0.78,2.72
Zhou,Jean-Marc,28008879,jean-marc.zhou@etu.sorbonne-universite.fr,Finished,"30 October 2020  3:53 PM","30 October 2020  4:25 PM","32 mins 26 secs",18.99,1.73,2.79,2.83,2.14,0.19,3.11,1.36,0.39,1.17,3.30
Ziegler,Clara,3709947,clara.ziegler@etu.sorbonne-universite.fr,Finished,"30 October 2020  3:59 PM","30 October 2020  5:34 PM","1 hour 34 mins",15.67,1.51,2.79,2.83,2.14,0.19,1.17,1.36,0.58,0.39,2.72
Zinopoulos-Yannopoulos,Florian,3708962,florian.zinopoulos-yannopoulos@etu.sorbonne-universite.fr,Finished,"26 October 2020  4:39 PM","26 October 2020  6:00 PM","1 hour 21 mins",17.13,1.62,2.79,2.83,2.14,0.19,3.11,1.55,0.58,1.17,1.17
"Zou Al Guyna",Louai,3680880,louai.zou_al_guyna@etu.sorbonne-universite.fr,Finished,"26 October 2020  4:30 PM","26 October 2020  5:46 PM","1 hour 16 mins",17.52,1.62,2.79,2.83,2.14,0.19,2.72,1.55,0.58,0.39,2.72
"Overall average",,,,,,,,16.59,1.51,2.64,2.65,1.93,0.18,2.40,1.31,0.46,0.84,2.68
