﻿Surname,"First name","ID number","Email address",State,"Started on",Completed,"Time taken",Grade/20.00,"Q. 1 /2.50","Q. 2 /5.00","Q. 3 /1.00","Q. 4 /0.50","Q. 5 /3.00","Q. 6 /0.50","Q. 7 /0.75","Q. 8 /2.00","Q. 9 /1.00","Q. 10 /1.00","Q. 11 /0.25","Q. 12 /1.25","Q. 13 /1.25"
Aallam,Mohamed,3802135,mohamed.aallam@etu.sorbonne-universite.fr,Finished,"6 November 2020  3:58 PM","6 November 2020  5:08 PM","1 hour 9 mins",20.00,2.50,5.00,1.00,0.50,3.00,0.50,0.75,2.00,1.00,1.00,0.25,1.25,1.25
Abdalaziz,"Youssef Alaa Elsayye",3803619,youssef.abdalaziz@etu.sorbonne-universite.fr,Finished,"2 November 2020  3:59 PM","2 November 2020  5:45 PM","1 hour 45 mins",14.75,2.50,5.00,0.25,0.25,3.00,0.00,0.25,1.25,0.75,0.00,0.25,0.75,0.50
Abderrahmen,"Mohamed Aziz",3802009,mohamed.abderrahmen@etu.sorbonne-universite.fr,Finished,"6 November 2020  4:21 PM","6 November 2020  5:15 PM","54 mins 49 secs",20.00,2.50,5.00,1.00,0.50,3.00,0.50,0.75,2.00,1.00,1.00,0.25,1.25,1.25
Abitbol,Yossef,3804139,yossef.abitbol@etu.sorbonne-universite.fr,Finished,"6 November 2020  4:37 PM","6 November 2020  6:19 PM","1 hour 42 mins",19.17,2.50,5.00,1.00,0.50,3.00,0.50,0.75,1.67,1.00,1.00,0.00,1.25,1.00
Ajuelos,Emmanuel,3800432,emmanuel.ajuelos@etu.sorbonne-universite.fr,Finished,"2 November 2020  5:24 PM","2 November 2020  7:09 PM","1 hour 44 mins",15.62,2.35,5.00,0.50,0.50,2.77,0.50,0.25,1.50,0.75,0.00,0.25,0.75,0.50
"Al- Jawhi",Abdullah,28625228,abdullah.al_jawhi@etu.sorbonne-universite.fr,-,-,-,-,-,-,-,-,-,-,-,-,-,-,-,-,-,-
Ammour,Amine,3876256,amine.ammour@etu.sorbonne-universite.fr,Finished,"6 November 2020  3:59 PM","6 November 2020  4:12 PM","13 mins 16 secs",19.42,2.50,5.00,0.75,0.50,3.00,0.50,0.75,1.67,1.00,1.00,0.25,1.25,1.25
Anki-Zuccarello,Kenza,3800473,kenza.anki-zuccarello@etu.sorbonne-universite.fr,-,-,-,-,-,-,-,-,-,-,-,-,-,-,-,-,-,-
Anki-Zuccarello,Kenza,28502318,kenza.anki.1@etu.sorbonne-universite.fr,Finished,"4 November 2020  11:01 AM","4 November 2020  12:46 PM","1 hour 44 mins",18.67,2.50,5.00,1.00,0.50,3.00,0.25,-,1.67,1.00,1.00,0.25,1.25,1.25
Aral,Arda,3702388,arda.aral@etu.sorbonne-universite.fr,Finished,"4 November 2020  11:02 AM","4 November 2020  12:43 PM","1 hour 40 mins",15.53,2.06,4.76,1.00,0.50,2.54,0.50,0.25,1.67,0.75,0.00,0.00,0.75,0.75
Arichandra,Santhos,3802651,santhos.arichandra@etu.sorbonne-universite.fr,Finished,"6 November 2020  11:01 AM","6 November 2020  12:25 PM","1 hour 23 mins",20.00,2.50,5.00,1.00,0.50,3.00,0.50,0.75,2.00,1.00,1.00,0.25,1.25,1.25
Armenoult,Ludovic,3416871,ludovic.armenoult@etu.sorbonne-universite.fr,Finished,"4 November 2020  11:02 AM","4 November 2020  12:26 PM","1 hour 24 mins",16.69,2.50,5.00,0.75,0.50,2.77,0.00,0.25,1.67,0.75,0.50,0.25,1.00,0.75
Arrous,Clement,3671634,clement.arrous@etu.sorbonne-universite.fr,Finished,"6 November 2020  4:31 PM","6 November 2020  5:10 PM","38 mins 34 secs",19.77,2.50,5.00,1.00,0.50,2.77,0.50,0.75,2.00,1.00,1.00,0.25,1.25,1.25
Audoux,Marion,3700108,marion.audoux@etu.sorbonne-universite.fr,Finished,"6 November 2020  4:14 PM","6 November 2020  5:17 PM","1 hour 2 mins",12.60,2.06,4.05,0.75,0.00,2.08,0.50,0.00,1.67,0.75,0.00,0.25,0.00,0.50
Audras,Antoine,3410283,antoine.audras@etu.sorbonne-universite.fr,Finished,"6 November 2020  3:39 PM","6 November 2020  4:48 PM","1 hour 8 mins",18.81,2.06,5.00,0.75,0.50,3.00,0.50,0.75,2.00,0.75,1.00,0.25,1.25,1.00
Ayadi,Anis,3802501,anis.ayadi@etu.sorbonne-universite.fr,Finished,"5 November 2020  7:36 PM","5 November 2020  9:10 PM","1 hour 33 mins",19.08,2.50,5.00,1.00,0.50,3.00,0.50,0.75,1.33,1.00,1.00,0.25,1.25,1.00
Azar,Jane,3803112,jane.azar@etu.sorbonne-universite.fr,Finished,"6 November 2020  4:10 PM","6 November 2020  5:43 PM","1 hour 33 mins",19.67,2.50,5.00,1.00,0.50,3.00,0.50,0.75,1.67,1.00,1.00,0.25,1.25,1.25
Azoui,Rayane,28710978,Rayane.Azoui@etu.sorbonne-universite.fr,Finished,"2 November 2020  4:03 PM","2 November 2020  5:48 PM","1 hour 44 mins",18.10,2.35,5.00,0.75,0.25,3.00,0.50,0.75,1.75,0.75,0.50,0.25,1.25,1.00
Badriouiche,Mohamed,3701404,mohamed.badriouiche@etu.sorbonne-universite.fr,Finished,"5 November 2020  11:44 PM","6 November 2020  12:30 AM","46 mins 17 secs",18.27,2.35,5.00,0.75,0.50,3.00,0.50,0.50,1.67,1.00,1.00,0.25,1.00,0.75
Baker,Thomas,3700144,thomas.baker@etu.sorbonne-universite.fr,Finished,"2 November 2020  4:17 PM","2 November 2020  6:01 PM","1 hour 44 mins",16.50,2.50,5.00,0.50,0.50,3.00,0.50,0.75,0.75,0.75,0.50,0.00,1.00,0.75
Baraket,Msalem,3804929,msalem.baraket@etu.sorbonne-universite.fr,Finished,"6 November 2020  4:05 PM","6 November 2020  5:40 PM","1 hour 35 mins",18.52,2.35,5.00,0.50,0.50,3.00,0.50,0.75,1.67,1.00,1.00,0.00,1.25,1.00
Barbier,Marie,3802734,marie.barbier.1@etu.sorbonne-universite.fr,Finished,"4 November 2020  11:01 AM","4 November 2020  12:22 PM","1 hour 20 mins",17.52,2.35,5.00,1.00,0.50,3.00,0.50,0.25,1.67,0.75,0.50,0.00,1.25,0.75
Belazouz,Bourhan-Eddine,3208353,bourhan-eddine.belazouz@etu.sorbonne-universite.fr,Finished,"6 November 2020  4:15 PM","6 November 2020  5:13 PM","57 mins 17 secs",19.75,2.50,5.00,1.00,0.50,3.00,0.50,0.75,2.00,0.75,1.00,0.25,1.25,1.25
Bellut,Quentin,3710439,quentin.bellut@etu.sorbonne-universite.fr,Finished,"4 November 2020  11:01 AM","4 November 2020  12:43 PM","1 hour 41 mins",18.37,2.50,5.00,0.75,0.50,2.54,0.50,0.75,1.33,0.75,1.00,0.25,1.25,1.25
"Ben Attar",Ethan,3670543,ethan.ben_attar@etu.sorbonne-universite.fr,Finished,"5 November 2020  4:26 PM","5 November 2020  5:46 PM","1 hour 20 mins",11.97,1.91,4.29,0.75,0.50,2.77,0.25,0.25,-,-,-,0.00,0.50,0.75
Benabdallah,Ali,3806311,ali.benabdallah@etu.sorbonne-universite.fr,Finished,"6 November 2020  3:56 PM","6 November 2020  5:21 PM","1 hour 25 mins",19.67,2.50,5.00,1.00,0.50,3.00,0.50,0.75,1.67,1.00,1.00,0.25,1.25,1.25
Bencherif,Nabil,3710493,nabil.bencherif@etu.sorbonne-universite.fr,Finished,"6 November 2020  3:20 PM","6 November 2020  4:47 PM","1 hour 27 mins",15.62,2.21,5.00,0.75,0.00,3.00,0.50,0.50,1.67,0.50,1.00,0.00,0.25,0.25
Benjamin-Jeyaseelan,"Benjamin Julius",3671340,benjamin.benjamin-jeyaseelan@etu.sorbonne-universite.fr,Finished,"6 November 2020  11:05 AM","6 November 2020  12:28 PM","1 hour 22 mins",20.00,2.50,5.00,1.00,0.50,3.00,0.50,0.75,2.00,1.00,1.00,0.25,1.25,1.25
Bensafia,"Chems Eddine",28717430,Chems_Eddine.Bensafia@etu.sorbonne-universite.fr,Finished,"5 November 2020  11:50 AM","5 November 2020  1:20 PM","1 hour 30 mins",17.83,2.50,5.00,0.50,0.50,3.00,0.50,0.75,1.33,1.00,1.00,0.00,0.75,1.00
Benyahia,Sami,3677177,sami.benyahia@etu.sorbonne-universite.fr,Finished,"6 November 2020  2:56 PM","6 November 2020  3:55 PM","58 mins 57 secs",14.48,2.06,3.57,0.50,0.50,2.77,0.25,0.25,1.33,1.00,1.00,0.00,0.50,0.75
Bernier,Téo,3670574,teo.bernier@etu.sorbonne-universite.fr,Finished,"5 November 2020  9:37 PM","5 November 2020  10:57 PM","1 hour 20 mins",16.88,1.91,4.76,0.75,0.50,2.54,0.25,0.75,1.67,0.75,0.50,0.25,1.25,1.00
Bettahar,"Mohamed El Amine",28616068,mohamed.bettahar@etu.sorbonne-universite.fr,Finished,"6 November 2020  2:30 PM","6 November 2020  3:54 PM","1 hour 24 mins",19.75,2.50,5.00,1.00,0.50,3.00,0.50,0.75,2.00,1.00,1.00,0.00,1.25,1.25
Boubrik,Ihsane,3670795,ihsane.boubrik@etu.sorbonne-universite.fr,Finished,"6 November 2020  10:25 AM","6 November 2020  10:45 AM","19 mins 41 secs",19.18,2.50,4.76,1.00,0.50,3.00,0.50,0.75,1.67,0.75,1.00,0.25,1.25,1.25
Boudarene,Samy,3801935,samy.boudarene@etu.sorbonne-universite.fr,Finished,"6 November 2020  4:07 PM","6 November 2020  5:23 PM","1 hour 15 mins",19.02,2.35,5.00,0.50,0.50,3.00,0.50,0.75,1.67,1.00,1.00,0.25,1.25,1.25
Bougherara,Adan,3680559,adan.bougherara@etu.sorbonne-universite.fr,Finished,"6 November 2020  4:01 PM","6 November 2020  5:21 PM","1 hour 20 mins",18.27,2.35,5.00,1.00,0.25,3.00,0.50,0.75,1.67,0.75,0.50,0.25,1.25,1.00
Bourekh,Zidane,3677063,zidane.bourekh@etu.sorbonne-universite.fr,Finished,"6 November 2020  3:31 PM","6 November 2020  3:40 PM","8 mins 43 secs",19.03,2.35,4.76,1.00,0.50,3.00,0.50,0.75,1.67,0.75,1.00,0.25,1.25,1.25
Bourlette,Lucas,3672216,lucas.bourlette@etu.sorbonne-universite.fr,Finished,"6 November 2020  3:46 PM","6 November 2020  3:55 PM","9 mins 13 secs",19.42,2.50,5.00,1.00,0.50,3.00,0.50,0.75,1.67,0.75,1.00,0.25,1.25,1.25
Bourmault,Adrien,3677850,adrien.bourmault@etu.sorbonne-universite.fr,-,-,-,-,-,-,-,-,-,-,-,-,-,-,-,-,-,-
Bouyoucef,Assirem,3971113,assirem.bouyoucef@etu.sorbonne-universite.fr,Finished,"6 November 2020  11:14 AM","6 November 2020  12:40 PM","1 hour 26 mins",19.42,2.50,5.00,1.00,0.50,3.00,0.50,0.75,1.67,1.00,1.00,0.00,1.25,1.25
Bouzouaoui,Anes,28616582,anes.bouzouaoui@etu.sorbonne-universite.fr,Finished,"6 November 2020  2:14 AM","6 November 2020  3:51 AM","1 hour 37 mins",18.58,2.50,5.00,1.00,0.50,3.00,0.50,0.75,1.33,1.00,1.00,0.25,1.00,0.75
Boyadjiev,Todor,28507548,todor.boyadjiev.2@etu.sorbonne-universite.fr,Finished,"6 November 2020  3:11 PM","6 November 2020  4:34 PM","1 hour 22 mins",14.72,2.21,4.52,1.00,0.00,2.08,0.50,0.00,1.67,1.00,1.00,0.25,0.00,0.50
Brasseur,Gaëtan,3802696,gaetan.brasseur@etu.sorbonne-universite.fr,Finished,"5 November 2020  6:38 PM","5 November 2020  7:13 PM","35 mins 10 secs",12.41,1.76,4.05,0.50,0.00,2.77,0.25,0.50,0.33,0.25,1.00,0.00,0.75,0.25
Brihmouche,Yacine,28717951,Yacine.Brihmouche@etu.sorbonne-universite.fr,Finished,"2 November 2020  5:40 PM","2 November 2020  7:17 PM","1 hour 36 mins",18.50,2.50,5.00,0.75,0.50,3.00,0.50,0.75,1.50,0.75,1.00,0.00,1.25,1.00
Buisson,Marc,28614429,marc.buisson@etu.sorbonne-universite.fr,-,-,-,-,-,-,-,-,-,-,-,-,-,-,-,-,-,-
Canitrot,Julien,3803521,julien.canitrot@etu.sorbonne-universite.fr,Finished,"6 November 2020  4:34 PM","6 November 2020  6:11 PM","1 hour 37 mins",18.25,2.50,5.00,0.50,0.50,3.00,0.50,0.25,2.00,1.00,0.50,0.25,1.25,1.00
Carton,Lorris,3521310,lorris.carton@etu.sorbonne-universite.fr,Finished,"3 November 2020  12:14 PM","3 November 2020  1:03 PM","49 mins 10 secs",12.15,2.21,4.29,0.75,0.00,2.08,0.50,0.75,0.33,0.75,0.00,0.00,0.25,0.25
Carvalho,Lorenzo,3700288,lorenzo.carvalho@etu.sorbonne-universite.fr,Finished,"6 November 2020  4:00 PM","6 November 2020  5:44 PM","1 hour 43 mins",17.26,2.50,4.29,0.50,0.50,2.31,0.25,0.75,1.67,1.00,1.00,-,1.25,1.25
Cassan,Jules,3810883,jules.cassan@etu.sorbonne-universite.fr,Finished,"6 November 2020  4:01 PM","6 November 2020  5:21 PM","1 hour 20 mins",18.27,2.35,5.00,1.00,0.25,3.00,0.50,0.25,1.67,0.75,1.00,0.25,1.25,1.00
Chafai,Tinhinane,3802927,tinhinane.chafai@etu.sorbonne-universite.fr,Finished,"6 November 2020  4:10 PM","6 November 2020  5:42 PM","1 hour 32 mins",19.43,2.50,4.76,1.00,0.50,3.00,0.50,0.75,1.67,1.00,1.00,0.25,1.25,1.25
"Chan Yip Hon",Boris,3706553,boris.chan_yip_hon@etu.sorbonne-universite.fr,Finished,"6 November 2020  11:00 AM","6 November 2020  12:42 PM","1 hour 41 mins",14.89,2.21,2.38,1.00,0.50,2.31,0.50,0.75,2.00,1.00,1.00,0.00,0.25,1.00
Chea,Sophie,3708951,sophie.chea@etu.sorbonne-universite.fr,Finished,"4 November 2020  11:09 AM","4 November 2020  12:53 PM","1 hour 44 mins",18.42,2.50,5.00,0.75,0.50,3.00,0.25,0.25,1.67,1.00,1.00,0.25,1.00,1.25
Chen,Jinhe,3802503,jinhe.chen@etu.sorbonne-universite.fr,-,-,-,-,-,-,-,-,-,-,-,-,-,-,-,-,-,-
Cherfaoui,Sarah,3874223,sarah.cherfaoui@etu.sorbonne-universite.fr,-,-,-,-,-,-,-,-,-,-,-,-,-,-,-,-,-,-
Cherfaoui,Melissa,28720090,Melissa.Cherfaoui@etu.sorbonne-universite.fr,Finished,"6 November 2020  4:37 PM","6 November 2020  5:39 PM","1 hour 2 mins",0.90,0.15,-,0.75,-,-,-,-,-,-,-,-,-,-
Cherfaoui,Melissa,28720090,Melissa.Cherfaoui@etu.sorbonne-universite.fr,Finished,"9 November 2020  9:55 PM","9 November 2020  11:36 PM","1 hour 41 mins",15.70,2.50,4.76,0.50,0.50,2.77,0.25,0.50,1.67,1.00,0.00,0.25,0.50,0.50
Chitu,Alex,3701943,alex.chitu@etu.sorbonne-universite.fr,Finished,"6 November 2020  11:00 AM","6 November 2020  12:25 PM","1 hour 25 mins",19.37,2.35,5.00,0.75,0.50,2.77,0.50,0.75,2.00,1.00,1.00,0.25,1.25,1.25
Cineus,Dylan,3302425,dylan.cineus@etu.sorbonne-universite.fr,-,-,-,-,-,-,-,-,-,-,-,-,-,-,-,-,-,-
Ciocan,Clara,3801875,clara.ciocan@etu.sorbonne-universite.fr,Finished,"6 November 2020  3:56 PM","6 November 2020  5:39 PM","1 hour 43 mins",16.95,2.50,4.76,0.75,0.50,2.77,0.25,0.75,1.67,1.00,0.50,0.25,0.25,1.00
Cleuziou,Karl,3800455,karl.cleuziou@etu.sorbonne-universite.fr,Finished,"4 November 2020  11:04 AM","4 November 2020  12:50 PM","1 hour 45 mins",16.33,2.50,5.00,1.00,0.50,3.00,0.50,0.75,1.33,0.75,1.00,0.00,0.00,-
Colin,Jacques,3700584,jacques.colin@etu.sorbonne-universite.fr,Finished,"6 November 2020  11:08 AM","6 November 2020  11:45 AM","37 mins 26 secs",19.42,2.50,5.00,1.00,0.50,3.00,0.50,0.75,1.67,0.75,1.00,0.25,1.25,1.25
Coudert,Louis,3800333,louis.coudert@etu.sorbonne-universite.fr,Finished,"2 November 2020  4:05 PM","2 November 2020  5:50 PM","1 hour 44 mins",19.75,2.50,5.00,1.00,0.50,3.00,0.50,0.75,1.75,1.00,1.00,0.25,1.25,1.25
Dauvet,Haron,3700463,haron.dauvet@etu.sorbonne-universite.fr,Finished,"5 November 2020  2:00 PM","5 November 2020  3:14 PM","1 hour 14 mins",19.42,2.50,5.00,1.00,0.50,3.00,0.50,0.75,1.67,1.00,1.00,0.25,1.25,1.00
"De Castelbajac",Matthieu,3800411,matthieu.de_castelbajac@etu.sorbonne-universite.fr,Finished,"4 November 2020  11:09 AM","4 November 2020  12:47 PM","1 hour 38 mins",16.11,2.50,4.52,0.50,0.50,3.00,0.25,0.25,1.33,0.75,0.50,0.00,0.75,1.25
Delgado,Thomas,3407716,thomas.delgado@etu.sorbonne-universite.fr,-,-,-,-,-,-,-,-,-,-,-,-,-,-,-,-,-,-
Demeulenaere,Vivien,3706539,vivien.demeulenaere@etu.sorbonne-universite.fr,Finished,"6 November 2020  4:01 PM","6 November 2020  5:21 PM","1 hour 20 mins",18.27,2.35,5.00,1.00,0.25,3.00,0.50,0.75,1.67,0.75,0.50,0.25,1.25,1.00
Djouahra,"Mohamed Akram",28718098,Mohamed_Akram.Djouahra@etu.sorbonne-universite.fr,Finished,"5 November 2020  11:56 AM","5 November 2020  1:38 PM","1 hour 41 mins",18.52,2.35,5.00,1.00,0.50,3.00,0.25,0.75,1.67,0.75,0.50,0.25,1.25,1.25
Djouder,Sarah,3970876,sarah.djouder@etu.sorbonne-universite.fr,Finished,"6 November 2020  1:17 PM","6 November 2020  2:00 PM","43 mins 19 secs",19.33,2.50,5.00,1.00,0.50,3.00,0.50,0.75,1.33,1.00,1.00,0.25,1.25,1.25
Doucouré,Dramane,3520680,dramane.doucoure@etu.sorbonne-universite.fr,Finished,"6 November 2020  3:48 PM","6 November 2020  4:09 PM","20 mins 35 secs",19.67,2.50,5.00,1.00,0.50,3.00,0.50,0.75,1.67,1.00,1.00,0.25,1.25,1.25
Drouin,Reza,3800042,reza.drouin@etu.sorbonne-universite.fr,Finished,"6 November 2020  12:58 PM","6 November 2020  1:55 PM","56 mins 13 secs",15.77,2.35,5.00,0.75,0.50,3.00,0.50,0.75,0.67,0.50,1.00,0.00,0.50,0.25
Du,Qian,3520431,qian.du@etu.sorbonne-universite.fr,Finished,"4 November 2020  10:52 AM","4 November 2020  12:16 PM","1 hour 23 mins",17.05,2.35,4.76,1.00,0.50,2.77,0.25,0.25,1.67,1.00,1.00,0.00,1.00,0.50
Dubreuil,Jules,3800417,jules.dubreuil@etu.sorbonne-universite.fr,Finished,"5 November 2020  11:13 AM","5 November 2020  12:41 PM","1 hour 27 mins",18.86,2.35,4.76,1.00,0.25,3.00,0.50,0.75,2.00,0.75,1.00,0.25,1.25,1.00
Dufeutrelle,Hugo,3520375,hugo.dufeutrelle@etu.sorbonne-universite.fr,Finished,"2 November 2020  5:20 PM","2 November 2020  6:39 PM","1 hour 18 mins",14.01,2.50,4.76,0.50,0.25,3.00,0.50,0.75,1.25,0.50,0.00,-,-,-
Dumoulin,Zoé,3702742,zoe.dumoulin@etu.sorbonne-universite.fr,Finished,"5 November 2020  3:55 PM","5 November 2020  4:51 PM","55 mins 52 secs",19.17,2.50,5.00,1.00,0.50,3.00,0.50,0.25,1.67,1.00,1.00,0.25,1.25,1.25
Duval,Aurelien,3872455,aurelien.duval@etu.sorbonne-universite.fr,Finished,"6 November 2020  4:00 PM","6 November 2020  5:45 PM","1 hour 45 mins",18.33,2.50,5.00,0.75,0.50,3.00,0.50,0.25,1.33,1.00,1.00,0.25,1.25,1.00
Dziri,Hakim,3800075,hakim.dziri@etu.sorbonne-universite.fr,-,-,-,-,-,-,-,-,-,-,-,-,-,-,-,-,-,-
"El Fahdi",Ismaël,3802719,ismael.el_fahdi@etu.sorbonne-universite.fr,Finished,"6 November 2020  2:03 PM","6 November 2020  3:22 PM","1 hour 18 mins",18.92,2.50,5.00,0.75,0.50,3.00,0.50,0.75,1.67,0.75,1.00,0.00,1.25,1.25
"El Ghali",Yosr,3802466,yosr.elghali@etu.sorbonne-universite.fr,Finished,"2 November 2020  4:05 PM","2 November 2020  5:50 PM","1 hour 44 mins",13.66,2.06,3.81,0.50,0.25,2.54,0.50,0.25,1.50,0.75,1.00,0.00,0.50,0.00
"El Ghazzi",Sarah,3671094,sarah.el_ghazzi@etu.sorbonne-universite.fr,Finished,"6 November 2020  3:25 PM","6 November 2020  5:10 PM","1 hour 44 mins",18.94,2.50,5.00,1.00,0.50,2.77,0.50,0.75,1.67,1.00,1.00,0.25,1.00,1.00
"El Ghoul",Elio,3803565,elio.el_ghoul@etu.sorbonne-universite.fr,Finished,"6 November 2020  11:09 AM","6 November 2020  12:21 PM","1 hour 11 mins",18.58,2.50,5.00,1.00,0.50,3.00,0.50,0.75,1.33,1.00,1.00,0.25,1.00,0.75
Elatri,Sami,3801805,sami.elatri@etu.sorbonne-universite.fr,-,-,-,-,-,-,-,-,-,-,-,-,-,-,-,-,-,-
Ergun,Yavuz,3670777,yavuz.ergun@etu.sorbonne-universite.fr,Finished,"6 November 2020  12:05 PM","6 November 2020  1:00 PM","55 mins 14 secs",19.42,2.50,5.00,1.00,0.50,3.00,0.50,0.75,1.67,0.75,1.00,0.25,1.25,1.25
Felix,Wycherley-Kassel,3702385,wycherley-kassel.felix@etu.sorbonne-universite.fr,Finished,"6 November 2020  11:32 AM","6 November 2020  1:00 PM","1 hour 27 mins",18.21,2.50,4.05,1.00,0.50,3.00,0.50,0.75,1.67,0.75,1.00,0.00,1.25,1.25
Ferdaoui,Sheïmâa,3802999,sheimaa.ferdaoui@etu.sorbonne-universite.fr,Finished,"5 November 2020  2:05 PM","5 November 2020  3:22 PM","1 hour 17 mins",18.03,2.35,4.76,1.00,0.25,3.00,0.50,0.75,1.67,0.75,0.50,0.25,1.25,1.00
Gabour,Smail,3700149,smail.gabour@etu.sorbonne-universite.fr,Finished,"6 November 2020  5:09 PM","6 November 2020  5:28 PM","18 mins 4 secs",18.33,2.50,5.00,0.50,0.50,3.00,0.50,0.75,1.33,0.75,1.00,0.25,1.25,1.00
Gaillon,Gregoire,3670241,gregoire.gaillon@etu.sorbonne-universite.fr,"Never submitted","2 November 2020  9:22 PM",-,-,-,-,-,-,-,-,-,-,-,-,-,-,-,-
Galliot,Jules,3802342,jules.galliot@etu.sorbonne-universite.fr,Finished,"5 November 2020  11:14 AM","5 November 2020  12:42 PM","1 hour 28 mins",18.11,2.35,4.76,1.00,0.25,3.00,0.50,0.50,2.00,0.75,0.50,0.25,1.25,1.00
Gigacz,"Kiara Ting Yung Chin",3803025,kiara.gigacz@etu.sorbonne-universite.fr,Finished,"6 November 2020  4:34 PM","6 November 2020  6:19 PM","1 hour 45 mins",18.42,2.50,5.00,1.00,0.50,3.00,0.50,0.25,1.67,1.00,1.00,0.00,1.25,0.75
Goulmot,Cedric,3971371,cedric.goulmot@etu.sorbonne-universite.fr,Finished,"5 November 2020  12:28 PM","5 November 2020  2:13 PM","1 hour 44 mins",14.52,2.50,4.05,0.75,0.50,2.31,0.50,0.25,1.67,1.00,0.00,0.00,0.50,0.50
Grech,Anna,3800494,anna.grech@etu.sorbonne-universite.fr,Finished,"4 November 2020  11:05 AM","4 November 2020  12:43 PM","1 hour 37 mins",18.19,2.50,5.00,0.75,0.50,2.77,0.25,0.25,1.67,0.75,1.00,0.25,1.25,1.25
Gruman,Pierre-Alexandre,28507556,pierre-alexandre.gruman.2@etu.sorbonne-universite.fr,Finished,"4 November 2020  11:02 AM","4 November 2020  12:40 PM","1 hour 37 mins",16.96,2.50,4.52,1.00,0.50,2.77,0.25,0.25,1.67,1.00,0.50,0.25,0.75,1.00
Guio,Clément,3413360,clement.guio@etu.sorbonne-universite.fr,"Never submitted","6 November 2020  2:47 PM",-,-,-,-,-,-,-,-,-,-,-,-,-,-,-,-
Hadj-Arab,Ludmila,3971280,ludmila.hadj-arab@etu.sorbonne-universite.fr,Finished,"6 November 2020  11:38 AM","6 November 2020  12:19 PM","40 mins 52 secs",19.42,2.50,5.00,0.75,0.50,3.00,0.50,0.75,1.67,1.00,1.00,0.25,1.25,1.25
Hadji,Mohamed,3702996,mohamed.hadji@etu.sorbonne-universite.fr,Finished,"4 November 2020  11:02 AM","4 November 2020  12:26 PM","1 hour 24 mins",18.35,2.50,4.76,1.00,0.50,3.00,0.50,0.75,1.33,1.00,1.00,0.25,1.00,0.75
Hamdad,Khellaf,3802811,khellaf.hamdad@etu.sorbonne-universite.fr,-,-,-,-,-,-,-,-,-,-,-,-,-,-,-,-,-,-
Hannachi,Dina,3801528,dina.hannachi@etu.sorbonne-universite.fr,Finished,"2 November 2020  8:08 PM","2 November 2020  8:58 PM","50 mins 13 secs",17.17,2.50,5.00,0.75,0.50,3.00,0.50,0.75,0.67,0.75,1.00,0.00,1.00,0.75
Herman,Margot,28716768,Margot.Herman@etu.sorbonne-universite.fr,Finished,"4 November 2020  11:02 AM","4 November 2020  12:45 PM","1 hour 43 mins",17.69,2.50,5.00,1.00,0.50,2.77,0.50,0.25,1.67,0.75,0.00,0.25,1.25,1.25
"Hernandez Adan","Oriana Rafaela",3802881,oriana.hernandez_adan@etu.sorbonne-universite.fr,Finished,"5 November 2020  12:03 PM","5 November 2020  1:47 PM","1 hour 44 mins",18.67,2.50,5.00,1.00,0.50,3.00,0.25,0.75,1.67,0.50,1.00,0.25,1.25,1.00
Huang,Xinyu,3803966,xinyiu.huang@etu.sorbonne-universite.fr,Finished,"2 November 2020  5:36 PM","2 November 2020  7:16 PM","1 hour 40 mins",18.02,2.50,5.00,0.75,0.50,2.77,0.25,0.25,2.00,0.75,1.00,0.00,1.25,1.00
Huang,Junyang,2302854,junyang.huang@etu.sorbonne-universite.fr,-,-,-,-,-,-,-,-,-,-,-,-,-,-,-,-,-,-
Huant,Raphael,3709095,raphael.huant@etu.sorbonne-universite.fr,Finished,"4 November 2020  11:14 AM","4 November 2020  12:34 PM","1 hour 20 mins",15.67,2.50,5.00,0.50,0.50,3.00,0.50,0.25,0.67,0.25,0.50,0.25,1.00,0.75
"Ibobi Sambila",Osee,3704090,osee.ibobi_sambila@etu.sorbonne-universite.fr,Finished,"6 November 2020  2:31 PM","6 November 2020  4:16 PM","1 hour 45 mins",16.20,2.50,4.76,0.75,0.50,2.77,0.50,0.25,1.67,0.75,1.00,0.25,0.25,0.25
Ikhlef,Nadjia,28718372,Nadjia.Ikhlef@etu.sorbonne-universite.fr,Finished,"4 November 2020  9:21 PM","4 November 2020  11:07 PM","1 hour 45 mins",16.93,2.50,4.76,0.50,0.50,3.00,0.50,0.75,1.67,0.75,1.00,0.00,0.25,0.75
Ith,Marc,3302184,marc.ith@etu.sorbonne-universite.fr,Finished,"6 November 2020  4:00 PM","6 November 2020  5:15 PM","1 hour 15 mins",19.67,2.50,5.00,1.00,0.50,3.00,0.50,0.75,1.67,1.00,1.00,0.25,1.25,1.25
Jday,Achraf,3802410,achraf.jday@etu.sorbonne-universite.fr,Finished,"6 November 2020  4:27 PM","6 November 2020  5:02 PM","34 mins 54 secs",19.67,2.50,5.00,1.00,0.50,3.00,0.50,0.75,1.67,1.00,1.00,0.25,1.25,1.25
Jebari,Firas,3802713,firas.jebari@etu.sorbonne-universite.fr,Finished,"6 November 2020  4:30 PM","6 November 2020  5:01 PM","31 mins 27 secs",19.42,2.50,5.00,1.00,0.50,3.00,0.50,0.75,1.67,1.00,1.00,0.00,1.25,1.25
Kaci-Chaouche,Omar,3521322,omar.kaci-chaouche@etu.sorbonne-universite.fr,Finished,"6 November 2020  10:59 AM","6 November 2020  12:21 PM","1 hour 22 mins",15.24,2.21,4.29,0.75,0.00,2.08,0.50,0.75,1.67,1.00,0.00,0.00,1.25,0.75
Kahil,Amine,28616887,amine.kahil@etu.sorbonne-universite.fr,Finished,"2 November 2020  5:27 PM","2 November 2020  7:06 PM","1 hour 39 mins",18.75,2.50,5.00,0.50,0.50,3.00,0.50,0.75,1.50,1.00,1.00,0.25,1.25,1.00
Kaïdouchi,Amira,3700530,amira.kaidouchi@etu.sorbonne-universite.fr,Finished,"4 November 2020  11:10 AM","4 November 2020  12:51 PM","1 hour 40 mins",18.42,2.50,5.00,0.75,0.50,3.00,0.25,0.25,1.67,1.00,1.00,0.25,1.00,1.25
Kandeepan,Mathuran,3800103,mathuran.kandeepan@etu.sorbonne-universite.fr,Finished,"6 November 2020  3:56 PM","6 November 2020  5:39 PM","1 hour 43 mins",16.95,2.50,4.76,0.75,0.50,2.77,0.25,0.75,1.67,1.00,0.50,0.25,0.25,1.00
Kassab,Mouad,3700640,mouad.kassab@etu.sorbonne-universite.fr,Finished,"6 November 2020  4:21 PM","6 November 2020  5:31 PM","1 hour 9 mins",20.00,2.50,5.00,1.00,0.50,3.00,0.50,0.75,2.00,1.00,1.00,0.25,1.25,1.25
Kasten,Harold,3805644,harold.kasten@etu.sorbonne-universite.fr,"Never submitted","5 November 2020  11:13 AM",-,-,-,-,-,-,-,-,-,-,-,-,-,-,-,-
Kaya,Delphine,3800099,delphine.kaya@etu.sorbonne-universite.fr,Finished,"6 November 2020  4:37 PM","6 November 2020  6:18 PM","1 hour 41 mins",15.03,2.06,4.29,0.50,0.50,2.77,0.25,0.25,1.67,0.75,0.50,0.25,0.25,1.00
Kerdouche,Nabil,3802336,nabil.kerdouche@etu.sorbonne-universite.fr,Finished,"6 November 2020  11:14 AM","6 November 2020  12:40 PM","1 hour 26 mins",19.18,2.50,4.76,1.00,0.50,3.00,0.50,0.75,1.67,1.00,1.00,0.00,1.25,1.25
Kettouche,Tinhinane,3803639,tinhinane.kettouche@etu.sorbonne-universite.fr,-,-,-,-,-,-,-,-,-,-,-,-,-,-,-,-,-,-
Khalid,Ruhma,3710442,ruhma.khalid@etu.sorbonne-universite.fr,Finished,"5 November 2020  9:03 PM","5 November 2020  9:33 PM","29 mins 10 secs",18.92,2.50,5.00,1.00,0.50,3.00,0.25,0.75,1.67,1.00,1.00,0.25,1.00,1.00
Kharbouche,Ibrahim,3671035,ibrahim.kharbouche@etu.sorbonne-universite.fr,"Never submitted","2 November 2020  5:27 PM",-,-,-,-,-,-,-,-,-,-,-,-,-,-,-,-
Kharbouche,Ibrahim,3671035,ibrahim.kharbouche@etu.sorbonne-universite.fr,Finished,"11 November 2020  2:59 PM","11 November 2020  4:09 PM","1 hour 10 mins",17.55,2.35,4.76,1.00,0.50,2.77,0.25,0.50,1.67,0.75,0.50,0.25,1.25,1.00
Kireche,Koceila,28717834,Koceila.Kireche@etu.sorbonne-universite.fr,Finished,"5 November 2020  7:36 PM","5 November 2020  9:05 PM","1 hour 29 mins",19.08,2.50,5.00,1.00,0.50,3.00,0.50,0.75,1.33,1.00,1.00,0.25,1.25,1.00
Kling,Paul,3670056,paul.kling@etu.sorbonne-universite.fr,Finished,"2 November 2020  5:25 PM","2 November 2020  6:44 PM","1 hour 19 mins",15.75,2.50,5.00,1.00,0.50,3.00,0.50,0.75,0.75,0.75,1.00,0.00,0.00,-
Komen,Dimitri,3603619,dimitri.komen@etu.sorbonne-universite.fr,Finished,"2 November 2020  4:23 PM","2 November 2020  5:28 PM","1 hour 5 mins",15.63,2.35,4.52,0.25,0.50,3.00,0.50,0.75,1.25,0.75,0.00,0.00,0.75,1.00
Kordon,Djeser,3772433,djeser.kordon@etu.sorbonne-universite.fr,"Never submitted","6 November 2020  11:55 AM",-,-,-,-,-,-,-,-,-,-,-,-,-,-,-,-
Koroglu,Mathis,3711799,mathis.koroglu@etu.sorbonne-universite.fr,Finished,"6 November 2020  4:27 PM","6 November 2020  6:12 PM","1 hour 45 mins",18.60,2.50,4.76,1.00,0.50,3.00,0.50,0.75,1.33,0.75,1.00,0.25,1.25,1.00
Kostadinovic,Nikola,3801695,nikola.kostadinovic@etu.sorbonne-universite.fr,Finished,"6 November 2020  10:56 AM","6 November 2020  12:25 PM","1 hour 29 mins",20.00,2.50,5.00,1.00,0.50,3.00,0.50,0.75,2.00,1.00,1.00,0.25,1.25,1.25
Krisni,Almehdi,3800519,almehdi.krisni@etu.sorbonne-universite.fr,Finished,"6 November 2020  3:52 PM","6 November 2020  4:56 PM","1 hour 4 mins",18.58,2.50,5.00,0.50,0.50,3.00,0.50,0.75,1.33,1.00,1.00,0.25,1.25,1.00
Kwonn,Simon,3709743,simon.kwonn@etu.sorbonne-universite.fr,Finished,"4 November 2020  11:07 AM","4 November 2020  12:34 PM","1 hour 27 mins",15.14,2.21,5.00,0.75,0.50,2.77,0.25,0.25,0.67,0.25,0.50,0.25,1.00,0.75
Lachemot,Cédric,3705179,cedric.lachemot@etu.sorbonne-universite.fr,Finished,"6 November 2020  4:37 PM","6 November 2020  5:44 PM","1 hour 7 mins",19.76,2.50,4.76,1.00,0.50,3.00,0.50,0.75,2.00,1.00,1.00,0.25,1.25,1.25
Lachgar,Amine,3802257,amine.lachgar@etu.sorbonne-universite.fr,-,-,-,-,-,-,-,-,-,-,-,-,-,-,-,-,-,-
Lahfa,Samy,3706599,samy.lahfa@etu.sorbonne-universite.fr,Finished,"2 November 2020  5:20 PM","2 November 2020  7:05 PM","1 hour 45 mins",18.51,2.50,4.76,0.75,0.50,3.00,0.50,0.75,1.50,0.75,1.00,0.25,1.25,1.00
"Lam A",Leo,28712991,Leo.Lam_A@etu.sorbonne-universite.fr,Finished,"2 November 2020  5:19 PM","2 November 2020  7:04 PM","1 hour 44 mins",18.50,2.50,5.00,0.75,0.50,3.00,0.50,0.75,1.25,0.75,1.00,0.25,1.25,1.00
Lange,Mathilde,28504995,mathilde.lange.2@etu.sorbonne-universite.fr,Finished,"4 November 2020  11:01 AM","4 November 2020  12:46 PM","1 hour 45 mins",18.58,2.50,5.00,1.00,0.50,3.00,0.50,0.25,1.33,1.00,1.00,0.00,1.25,1.25
Langlais,Rafaël,3520624,rafael.langlais@etu.sorbonne-universite.fr,Finished,"6 November 2020  3:51 PM","6 November 2020  5:34 PM","1 hour 43 mins",13.86,2.35,4.05,0.25,0.50,2.54,0.25,0.75,1.67,1.00,0.00,0.25,0.25,-
Larbi,Melissa,3971141,melissa.larbi@etu.sorbonne-universite.fr,Finished,"5 November 2020  9:31 PM","5 November 2020  10:12 PM","40 mins 14 secs",17.17,2.50,5.00,0.75,0.50,3.00,0.50,0.75,0.67,0.75,1.00,0.00,1.00,0.75
Lassadi,Nassim,3707173,nassim.lassadi@etu.sorbonne-universite.fr,Finished,"6 November 2020  4:15 PM","6 November 2020  5:13 PM","58 mins 10 secs",19.42,2.50,5.00,1.00,0.50,3.00,0.50,0.75,1.67,1.00,1.00,0.00,1.25,1.25
Lay,Kenny,3801173,kenny.lay@etu.sorbonne-universite.fr,Finished,"6 November 2020  10:56 AM","6 November 2020  12:26 PM","1 hour 30 mins",20.00,2.50,5.00,1.00,0.50,3.00,0.50,0.75,2.00,1.00,1.00,0.25,1.25,1.25
Le,"Hai Nam",28613397,hai.le@etu.sorbonne-universite.fr,Finished,"2 November 2020  3:55 PM","2 November 2020  5:01 PM","1 hour 6 mins",17.79,2.50,4.52,0.50,0.50,2.77,0.25,0.75,1.50,1.00,1.00,0.25,1.25,1.00
Le,Doan,3875020,doan.le@etu.sorbonne-universite.fr,Finished,"6 November 2020  4:09 PM","6 November 2020  5:23 PM","1 hour 14 mins",19.67,2.50,5.00,1.00,0.50,3.00,0.50,0.75,1.67,1.00,1.00,0.25,1.25,1.25
Lebazda--Gauthier,Benoît,3702867,benoit.lebazda--gauthier@etu.sorbonne-universite.fr,Finished,"4 November 2020  11:02 AM","4 November 2020  12:38 PM","1 hour 36 mins",17.92,2.50,5.00,0.75,0.50,3.00,0.25,0.25,1.67,0.75,1.00,0.00,1.25,1.00
Lecocq,Yoann,3708077,yoann.lecocq@etu.sorbonne-universite.fr,-,-,-,-,-,-,-,-,-,-,-,-,-,-,-,-,-,-
Lefebure,Pierre,3674815,pierre.lefebure@etu.sorbonne-universite.fr,-,-,-,-,-,-,-,-,-,-,-,-,-,-,-,-,-,-
Lefevre,Manon,3800422,manon.lefevre@etu.sorbonne-universite.fr,Finished,"4 November 2020  11:02 AM","4 November 2020  12:45 PM","1 hour 42 mins",17.87,2.21,5.00,0.75,0.50,3.00,0.25,0.25,1.67,0.75,1.00,0.00,1.25,1.25
Lemaitre,Alexandre,3876023,alexandre.lemaitre@etu.sorbonne-universite.fr,Finished,"6 November 2020  4:36 PM","6 November 2020  6:19 PM","1 hour 42 mins",13.46,2.21,4.05,0.75,0.00,2.54,0.25,0.25,1.67,0.75,0.00,0.00,0.75,0.25
Li,Ziyou,3802432,ziyou.li@etu.sorbonne-universite.fr,Finished,"6 November 2020  4:48 PM","6 November 2020  5:54 PM","1 hour 6 mins",17.90,2.21,4.76,0.50,0.50,2.77,0.50,0.75,1.67,1.00,1.00,0.25,1.25,0.75
Lifsal,Loubna,3309154,loubna.lifsal@etu.sorbonne-universite.fr,-,-,-,-,-,-,-,-,-,-,-,-,-,-,-,-,-,-
Lin,Daniel,3700421,daniel.lin@etu.sorbonne-universite.fr,Finished,"5 November 2020  11:19 AM","5 November 2020  12:52 PM","1 hour 33 mins",13.33,2.35,4.52,0.50,0.50,2.54,0.25,0.25,0.67,0.50,0.00,0.25,0.50,0.50
Loi,Alessia,3971668,alessia.loi@etu.sorbonne-universite.fr,Finished,"6 November 2020  3:25 PM","6 November 2020  5:10 PM","1 hour 44 mins",18.92,2.50,5.00,0.75,0.50,3.00,0.50,0.75,1.67,1.00,1.00,0.25,1.00,1.00
Lu,Raymond,3700479,raymond.lu@etu.sorbonne-universite.fr,Finished,"4 November 2020  4:19 PM","4 November 2020  5:56 PM","1 hour 36 mins",19.67,2.50,5.00,1.00,0.50,3.00,0.50,0.75,1.67,1.00,1.00,0.25,1.25,1.25
Lu,Alexandra,3700615,alexandra.lu@etu.sorbonne-universite.fr,Finished,"5 November 2020  3:08 PM","5 November 2020  3:56 PM","48 mins 34 secs",19.42,2.50,5.00,1.00,0.50,3.00,0.50,0.75,1.67,1.00,1.00,0.25,1.00,1.25
Ly,Sylvie,3522190,sylvie.ly@etu.sorbonne-universite.fr,Finished,"6 November 2020  10:58 AM","6 November 2020  12:38 PM","1 hour 40 mins",16.61,2.35,4.05,0.75,0.00,2.54,0.25,0.25,1.67,1.00,1.00,0.25,1.25,1.25
M'Barek,Heikel,3201218,heikel.mbarek@etu.sorbonne-universite.fr,Finished,"6 November 2020  2:16 PM","6 November 2020  2:39 PM","23 mins 42 secs",17.60,2.50,4.76,0.50,0.50,3.00,0.50,0.75,1.33,1.00,1.00,0.00,1.00,0.75
Maafa,Zin,3803950,zin.maafa@etu.sorbonne-universite.fr,Finished,"6 November 2020  4:44 PM","6 November 2020  5:15 PM","30 mins 53 secs",18.67,2.50,5.00,0.50,0.50,3.00,0.50,0.75,1.67,1.00,0.50,0.25,1.25,1.25
"Mahad Ismail",Roukia,3874897,roukia.mahad-ismail@etu.sorbonne-universite.fr,Finished,"2 November 2020  4:26 PM","2 November 2020  6:12 PM","1 hour 45 mins",11.54,1.76,4.52,0.50,0.50,3.00,0.00,0.50,0.50,0.25,0.00,-,-,-
Manimtim,Alexandre,3407834,alexandre.manimtim@etu.sorbonne-universite.fr,-,-,-,-,-,-,-,-,-,-,-,-,-,-,-,-,-,-
Mariller,Vincent,3700041,vincent.mariller@etu.sorbonne-universite.fr,Finished,"2 November 2020  6:24 PM","2 November 2020  7:10 PM","45 mins 33 secs",18.75,2.50,5.00,1.00,0.50,3.00,0.50,0.75,1.50,1.00,1.00,0.25,1.00,0.75
Marzougui,Syrine,3803611,syrine.marzougui@etu.sorbonne-universite.fr,Finished,"6 November 2020  4:05 PM","6 November 2020  5:44 PM","1 hour 38 mins",19.67,2.50,5.00,1.00,0.50,3.00,0.50,0.75,1.67,1.00,1.00,0.25,1.25,1.25
Maurel,Perrine,28502791,perrine.maurel.2@etu.sorbonne-universite.fr,Finished,"4 November 2020  11:01 AM","4 November 2020  12:37 PM","1 hour 36 mins",17.76,2.50,4.76,0.75,0.50,3.00,0.50,0.75,1.00,1.00,1.00,0.25,1.00,0.75
Mehdi,Sarah,3971165,sarah.mehdi.1@etu.sorbonne-universite.fr,Finished,"6 November 2020  10:57 AM","6 November 2020  12:18 PM","1 hour 21 mins",19.27,2.35,5.00,0.75,0.50,3.00,0.50,0.75,1.67,1.00,1.00,0.25,1.25,1.25
Mellul,Yona,3800646,yona.mellul@etu.sorbonne-universite.fr,-,-,-,-,-,-,-,-,-,-,-,-,-,-,-,-,-,-
Mendas,Rosa,3802558,rosa.mendas@etu.sorbonne-universite.fr,Finished,"4 November 2020  9:22 PM","4 November 2020  11:08 PM","1 hour 46 mins",18.42,2.50,5.00,0.75,0.50,3.00,0.50,0.75,1.67,1.00,1.00,0.00,1.00,0.75
Mendes,Hugo,3670527,hugo.mendes@etu.sorbonne-universite.fr,Finished,"6 November 2020  1:28 PM","6 November 2020  1:40 PM","11 mins 32 secs",17.42,2.50,5.00,0.50,0.50,3.00,0.50,0.75,0.67,0.75,1.00,0.00,1.00,1.25
Merle-Remond,Julian,3700191,julian.merle-remond@etu.sorbonne-universite.fr,Finished,"6 November 2020  4:37 PM","6 November 2020  6:19 PM","1 hour 41 mins",17.10,2.50,4.76,0.75,0.50,3.00,0.50,0.75,1.33,0.75,1.00,0.00,0.25,1.00
Merzouk,Kenza,3803468,kenza.merzouk@etu.sorbonne-universite.fr,Finished,"6 November 2020  11:03 AM","6 November 2020  12:33 PM","1 hour 29 mins",19.43,2.50,4.76,1.00,0.50,3.00,0.50,0.75,1.67,1.00,1.00,0.25,1.25,1.25
Meziane,Mohamed,3802500,mohamed.meziane@etu.sorbonne-universite.fr,Finished,"6 November 2020  4:00 PM","6 November 2020  5:24 PM","1 hour 23 mins",19.50,2.50,5.00,1.00,0.50,3.00,0.50,0.75,2.00,1.00,0.50,0.25,1.25,1.25
Mistry,Manishkumar,3671086,manishkumar.mistry@etu.sorbonne-universite.fr,Finished,"6 November 2020  10:59 AM","6 November 2020  12:28 PM","1 hour 28 mins",19.52,2.50,4.52,1.00,0.50,3.00,0.50,0.75,2.00,1.00,1.00,0.25,1.25,1.25
Mistry,Darshan,3670280,darshan.mistry@etu.sorbonne-universite.fr,Finished,"6 November 2020  10:59 AM","6 November 2020  12:32 PM","1 hour 32 mins",19.48,2.21,5.00,1.00,0.50,2.77,0.50,0.75,2.00,1.00,1.00,0.25,1.25,1.25
Mohammedi,Vanessa,3671439,vanessa.mohammedi@etu.sorbonne-universite.fr,Finished,"6 November 2020  2:41 PM","6 November 2020  3:36 PM","54 mins 44 secs",18.92,2.50,5.00,1.00,0.50,3.00,0.50,0.75,1.67,1.00,1.00,0.00,1.25,0.75
Mohellebi,Melissa,3971070,melissa.mohellebi@etu.sorbonne-universite.fr,Finished,"6 November 2020  4:00 PM","6 November 2020  5:32 PM","1 hour 32 mins",18.85,2.50,5.00,1.00,0.50,2.77,0.50,0.75,1.33,1.00,1.00,0.25,1.25,1.00
Monnereau,Irena,3670050,irena.monnereau@etu.sorbonne-universite.fr,Finished,"5 November 2020  9:01 PM","5 November 2020  10:13 PM","1 hour 12 mins",19.67,2.50,5.00,1.00,0.50,3.00,0.50,0.75,1.67,1.00,1.00,0.25,1.25,1.25
Moreau,Léonard,3800364,leonard.moreau@etu.sorbonne-universite.fr,Finished,"6 November 2020  4:33 PM","6 November 2020  6:12 PM","1 hour 38 mins",18.42,2.50,5.00,0.50,0.50,3.00,0.50,0.25,1.67,1.00,1.00,0.25,1.25,1.00
Mosgoreanu,"Alexandru Zaharia",28717021,Alexandru_Zaharia.Mosgoreanu@etu.sorbonne-universite.fr,Finished,"5 November 2020  1:24 PM","5 November 2020  1:29 PM","5 mins 11 secs",18.67,2.50,5.00,0.75,0.50,3.00,0.25,0.25,1.67,1.00,1.00,0.25,1.25,1.25
Moulouel,Myriem,3802291,myriem.moulouel@etu.sorbonne-universite.fr,Finished,"2 November 2020  4:02 PM","2 November 2020  5:47 PM","1 hour 44 mins",14.51,2.21,4.29,0.50,0.25,2.77,0.50,0.25,1.50,0.75,1.00,0.00,0.50,0.00
Moyet,Candice,3801474,candice.moyet@etu.sorbonne-universite.fr,Finished,"4 November 2020  11:03 AM","4 November 2020  12:34 PM","1 hour 31 mins",18.03,2.50,4.76,0.75,0.50,2.77,0.25,0.25,2.00,0.75,1.00,0.25,1.25,1.00
Nam,Maxime,3301246,maxime.nam@etu.sorbonne-universite.fr,Finished,"6 November 2020  4:06 PM","6 November 2020  5:16 PM","1 hour 9 mins",18.67,2.50,5.00,0.75,0.50,3.00,0.50,0.75,1.67,1.00,1.00,0.00,1.00,1.00
Naumenko,Polina,3521154,polina.naumenko@etu.sorbonne-universite.fr,Finished,"6 November 2020  4:59 PM","6 November 2020  5:44 PM","44 mins 20 secs",16.93,2.50,4.76,0.75,0.50,3.00,0.50,0.75,0.67,0.75,1.00,0.00,1.00,0.75
Ngamy,Gianni-Alessandro,3703993,gianni-alessandro.ngamy@etu.sorbonne-universite.fr,Finished,"6 November 2020  3:54 PM","6 November 2020  4:32 PM","38 mins 1 sec",18.67,2.50,5.00,0.75,0.50,3.00,0.50,0.75,1.67,1.00,1.00,0.25,1.00,0.75
Nguyen,"Minh Anh",3802621,minh.nguyen.6@etu.sorbonne-universite.fr,Finished,"4 November 2020  11:02 AM","4 November 2020  12:40 PM","1 hour 38 mins",19.03,2.50,4.76,0.75,0.50,2.77,0.50,0.75,2.00,1.00,1.00,0.00,1.25,1.25
Niang,Fallou,3803961,fallou.niang@etu.sorbonne-universite.fr,Finished,"6 November 2020  4:05 PM","6 November 2020  5:48 PM","1 hour 42 mins",7.46,2.06,1.67,0.50,0.25,0.23,-,-,1.00,0.75,0.50,-,0.25,0.25
"Normand De La Tranchade",François,3671913,francois.normand_de_la_tranchade@etu.sorbonne-universite.fr,Finished,"6 November 2020  4:32 PM","6 November 2020  5:41 PM","1 hour 8 mins",14.92,2.50,5.00,0.75,0.00,3.00,0.25,0.25,1.67,1.00,0.00,0.25,0.25,-
Oses,Jean-Baptiste,3700565,jean-baptiste.oses@etu.sorbonne-universite.fr,Finished,"6 November 2020  4:33 PM","6 November 2020  6:12 PM","1 hour 38 mins",18.60,2.35,5.00,0.50,0.50,3.00,0.50,0.25,2.00,1.00,1.00,0.25,1.25,1.00
Oudjani,Yasmine,3803009,yasmine.oudjani@etu.sorbonne-universite.fr,Finished,"5 November 2020  12:50 PM","5 November 2020  1:57 PM","1 hour 7 mins",16.92,2.50,5.00,0.75,0.50,3.00,0.50,0.50,0.67,0.75,1.00,0.00,1.00,0.75
Pareau,Mathilde,3800446,mathilde.pareau@etu.sorbonne-universite.fr,Finished,"2 November 2020  4:05 PM","2 November 2020  5:48 PM","1 hour 42 mins",18.25,2.50,5.00,0.75,0.50,3.00,0.50,0.75,1.75,0.75,1.00,0.25,0.75,0.75
Parichault,Antoine,3803454,antoine.parichault@etu.sorbonne-universite.fr,Finished,"4 November 2020  11:05 AM","4 November 2020  12:26 PM","1 hour 21 mins",13.03,2.35,3.57,0.50,0.00,2.77,0.25,0.25,1.33,0.75,1.00,0.00,0.00,0.25
Pironin,Julie,3802614,julie.pironin@etu.sorbonne-universite.fr,Finished,"8 November 2020  10:07 PM","8 November 2020  11:44 PM","1 hour 36 mins",16.56,2.35,4.52,0.50,0.00,2.77,0.50,0.50,1.67,1.00,1.00,0.00,1.00,0.75
Polit,Titouan,3800511,titouan.polit@etu.sorbonne-universite.fr,Finished,"4 November 2020  11:01 AM","4 November 2020  12:28 PM","1 hour 26 mins",17.69,2.35,5.00,0.75,0.50,3.00,0.50,0.75,1.33,1.00,1.00,0.00,0.50,1.00
Popescu,"Diana Elena",28717024,Diana_Elena.Popescu@etu.sorbonne-universite.fr,Finished,"5 November 2020  11:53 AM","5 November 2020  1:01 PM","1 hour 7 mins",18.67,2.50,5.00,0.75,0.50,3.00,0.25,0.25,1.67,1.00,1.00,0.25,1.25,1.25
Poulain,Claire,3679357,claire.poulain@etu.sorbonne-universite.fr,Finished,"6 November 2020  3:59 PM","6 November 2020  4:10 PM","10 mins 52 secs",18.58,2.50,5.00,0.50,0.50,3.00,0.50,0.75,1.33,0.75,1.00,0.25,1.25,1.25
Prostakov,Andrey,3802515,andrey.prostakov@etu.sorbonne-universite.fr,Finished,"6 November 2020  3:17 PM","6 November 2020  4:56 PM","1 hour 38 mins",18.92,2.50,5.00,0.50,0.50,3.00,0.50,0.75,1.67,1.00,1.00,0.25,1.25,1.00
Quest,Alexis,3703346,alexis.quest@etu.sorbonne-universite.fr,Finished,"6 November 2020  10:56 AM","6 November 2020  11:55 AM","59 mins 5 secs",17.62,2.21,5.00,1.00,0.25,3.00,0.50,0.75,1.67,1.00,0.00,0.00,1.25,1.00
Queuvin,Thomas,3700185,thomas.queuvin@etu.sorbonne-universite.fr,-,-,-,-,-,-,-,-,-,-,-,-,-,-,-,-,-,-
Rapaport,Solal,3711387,solal.rapaport@etu.sorbonne-universite.fr,Finished,"6 November 2020  4:29 PM","6 November 2020  5:25 PM","56 mins 32 secs",20.00,2.50,5.00,1.00,0.50,3.00,0.50,0.75,2.00,1.00,1.00,0.25,1.25,1.25
Rayon-Richter,Malou,3708307,malou.rayon-richter@etu.sorbonne-universite.fr,-,-,-,-,-,-,-,-,-,-,-,-,-,-,-,-,-,-
Rebai,Sofiane,3674205,sofiane.rebai@etu.sorbonne-universite.fr,-,-,-,-,-,-,-,-,-,-,-,-,-,-,-,-,-,-
"Riffaud De Turckheim",Hugo,3800256,hugo.riffaud_de_turckheim@etu.sorbonne-universite.fr,Finished,"4 November 2020  11:09 AM","4 November 2020  12:47 PM","1 hour 38 mins",16.20,2.35,4.76,0.50,0.50,3.00,0.25,0.25,1.33,0.75,0.50,0.00,0.75,1.25
Roch,Stuart,3309168,stuart.roch@etu.sorbonne-universite.fr,Finished,"6 November 2020  3:27 PM","6 November 2020  4:46 PM","1 hour 19 mins",19.42,2.50,5.00,1.00,0.50,3.00,0.50,0.75,1.67,1.00,1.00,0.00,1.25,1.25
Roqui,David,3873784,david.roqui@etu.sorbonne-universite.fr,Finished,"6 November 2020  4:01 PM","6 November 2020  5:40 PM","1 hour 38 mins",14.69,1.76,4.76,0.50,0.25,3.00,0.25,0.25,1.67,0.75,0.50,0.00,0.50,0.50
Rossi,Johan-Luca,3872354,johan-luca.rossi@etu.sorbonne-universite.fr,Finished,"5 November 2020  2:00 PM","5 November 2020  3:14 PM","1 hour 13 mins",19.42,2.50,5.00,1.00,0.50,3.00,0.50,0.75,1.67,1.00,1.00,0.25,1.25,1.00
Rouba,Islam,3802420,islam.rouba@etu.sorbonne-universite.fr,Finished,"6 November 2020  4:20 PM","6 November 2020  5:13 PM","52 mins 22 secs",19.17,2.50,5.00,0.50,0.50,3.00,0.50,0.75,1.67,1.00,1.00,0.25,1.25,1.25
Rzeszutko,Kamil,2800282,kamil.rzeszutko@etu.sorbonne-universite.fr,Finished,"5 November 2020  12:15 PM","5 November 2020  1:42 PM","1 hour 26 mins",18.52,2.35,5.00,1.00,0.50,3.00,0.25,0.75,1.67,0.75,0.50,0.25,1.25,1.25
Sabatino,Francesco,3811132,francesco.sabatino@etu.sorbonne-universite.fr,"Never submitted","6 November 2020  10:16 AM",-,-,-,-,-,-,-,-,-,-,-,-,-,-,-,-
Sabatino,Francesco,3811132,francesco.sabatino@etu.sorbonne-universite.fr,Finished,"6 November 2020  1:32 PM","6 November 2020  1:52 PM","19 mins 51 secs",18.33,2.50,5.00,0.75,0.50,3.00,0.50,0.75,1.33,1.00,1.00,0.25,1.00,0.75
Saber,Hakim,3415762,hakim.saber@etu.sorbonne-universite.fr,"Never submitted","5 November 2020  11:22 AM",-,-,-,-,-,-,-,-,-,-,-,-,-,-,-,-
Saichi,Lina,3803151,lina.saichi@etu.sorbonne-universite.fr,Finished,"6 November 2020  4:03 PM","6 November 2020  5:44 PM","1 hour 40 mins",19.17,2.50,5.00,0.75,0.50,3.00,0.50,0.75,1.67,1.00,1.00,0.00,1.25,1.25
Salfati,Elisa,3800104,elisa.salfati@etu.sorbonne-universite.fr,Finished,"4 November 2020  11:02 AM","4 November 2020  12:44 PM","1 hour 41 mins",18.53,2.50,4.76,1.00,0.50,2.77,0.50,0.75,2.00,0.75,0.50,0.25,1.25,1.00
Sameur,Samir,3872902,samir.sameur@etu.sorbonne-universite.fr,-,-,-,-,-,-,-,-,-,-,-,-,-,-,-,-,-,-
Seang,Chea-Jimmy,3703893,chea-jimmy.seang@etu.sorbonne-universite.fr,Finished,"6 November 2020  10:56 AM","6 November 2020  12:26 PM","1 hour 29 mins",19.62,2.35,5.00,1.00,0.50,2.77,0.50,0.75,2.00,1.00,1.00,0.25,1.25,1.25
Selliah,Sarujen,3701184,sarujen.selliah@etu.sorbonne-universite.fr,Finished,"5 November 2020  10:52 PM","6 November 2020  12:33 AM","1 hour 41 mins",15.16,2.50,4.52,1.00,0.25,2.31,0.50,0.25,1.33,0.75,0.00,0.25,0.75,0.75
Sennour,"Mohammed Wail",28616082,mohammed.sennour@etu.sorbonne-universite.fr,Finished,"6 November 2020  4:06 PM","6 November 2020  5:35 PM","1 hour 28 mins",20.00,2.50,5.00,1.00,0.50,3.00,0.50,0.75,2.00,1.00,1.00,0.25,1.25,1.25
Senyuz,"Miray Suzan",3802805,miray.senyuz@etu.sorbonne-universite.fr,Finished,"6 November 2020  3:57 PM","6 November 2020  5:42 PM","1 hour 45 mins",19.42,2.50,5.00,0.75,0.50,3.00,0.50,0.75,1.67,1.00,1.00,0.25,1.25,1.25
Serraf,Dan,3971120,dan.serraf@etu.sorbonne-universite.fr,Finished,"6 November 2020  3:02 PM","6 November 2020  4:46 PM","1 hour 43 mins",20.00,2.50,5.00,1.00,0.50,3.00,0.50,0.75,2.00,1.00,1.00,0.25,1.25,1.25
Sidia,Amir,3670888,amir.sidia@etu.sorbonne-universite.fr,Finished,"6 November 2020  4:18 PM","6 November 2020  5:38 PM","1 hour 20 mins",19.42,2.50,5.00,1.00,0.50,3.00,0.50,0.50,1.67,1.00,1.00,0.25,1.25,1.25
Simion,Mathys,28705217,Mathys.Simion@etu.sorbonne-universite.fr,Finished,"4 November 2020  12:47 PM","4 November 2020  2:00 PM","1 hour 12 mins",16.40,2.21,4.76,0.75,0.25,2.77,0.25,0.25,1.67,1.00,1.00,0.25,0.25,1.00
Slimani,Hiba,3703036,hiba.slimani@etu.sorbonne-universite.fr,-,-,-,-,-,-,-,-,-,-,-,-,-,-,-,-,-,-
Song,Yifei,3970712,yifei.song@etu.sorbonne-universite.fr,Finished,"2 November 2020  5:36 PM","2 November 2020  7:16 PM","1 hour 40 mins",17.51,2.50,4.76,0.75,0.50,3.00,0.25,0.25,1.50,0.75,1.00,0.00,1.25,1.00
Soulignadeth,Willy,3800002,willy.soulignadeth@etu.sorbonne-universite.fr,Finished,"5 November 2020  9:00 PM","5 November 2020  10:12 PM","1 hour 12 mins",19.42,2.50,5.00,0.75,0.50,3.00,0.50,0.75,1.67,1.00,1.00,0.25,1.25,1.25
Soutil,Aurélien,3700451,aurelien.soutil@etu.sorbonne-universite.fr,Finished,"6 November 2020  4:03 PM","6 November 2020  5:21 PM","1 hour 17 mins",18.27,2.35,5.00,1.00,0.25,3.00,0.50,0.75,1.67,0.75,0.50,0.25,1.25,1.00
Sow,Fatou,28503374,fatou.sow.2@etu.sorbonne-universite.fr,Finished,"4 November 2020  11:02 AM","4 November 2020  12:47 PM","1 hour 45 mins",17.12,2.50,5.00,1.00,0.50,2.54,0.50,-,1.33,0.75,1.00,0.00,1.00,1.00
Suhana,Satria,3800274,satria.suhana@etu.sorbonne-universite.fr,Finished,"6 November 2020  10:55 AM","6 November 2020  12:16 PM","1 hour 21 mins",16.69,2.50,4.52,0.25,0.50,3.00,0.50,0.25,1.67,1.00,1.00,0.25,0.25,1.00
Sy,"Virak Bot Baramy",3407325,virak.sy@etu.sorbonne-universite.fr,Finished,"6 November 2020  3:24 PM","6 November 2020  5:08 PM","1 hour 44 mins",18.67,2.50,5.00,0.75,0.50,3.00,0.50,0.75,1.67,1.00,1.00,0.00,1.00,1.00
Szczerba,Kamil,28614283,kamil.szczerba@etu.sorbonne-universite.fr,Finished,"2 November 2020  5:09 PM","2 November 2020  5:56 PM","47 mins 24 secs",18.50,2.50,5.00,0.75,0.50,3.00,0.50,0.75,1.25,0.75,1.00,0.25,1.25,1.00
Taleb,Rida,3804264,rida.taleb@etu.sorbonne-universite.fr,Finished,"6 November 2020  3:56 PM","6 November 2020  5:24 PM","1 hour 27 mins",20.00,2.50,5.00,1.00,0.50,3.00,0.50,0.75,2.00,1.00,1.00,0.25,1.25,1.25
Tang,Christophe,3802892,christophe.tang@etu.sorbonne-universite.fr,Finished,"6 November 2020  5:12 PM","6 November 2020  5:43 PM","31 mins 17 secs",18.92,2.50,5.00,0.50,0.50,3.00,0.50,0.75,1.67,1.00,1.00,0.25,1.25,1.00
Tat,Jonathan,3874133,jonathan.tat@etu.sorbonne-universite.fr,Finished,"6 November 2020  4:15 PM","6 November 2020  4:24 PM","9 mins 20 secs",19.18,2.50,4.76,1.00,0.50,3.00,0.50,0.75,1.67,0.75,1.00,0.25,1.25,1.25
Tchen,Clement,3703339,clement.tchen@etu.sorbonne-universite.fr,Finished,"6 November 2020  4:38 PM","6 November 2020  5:44 PM","1 hour 6 mins",11.77,1.47,3.10,0.00,0.00,2.54,0.25,0.50,1.67,1.00,1.00,-,0.00,0.25
Thelineau,Jeremy,3200147,jeremy.thelineau@etu.sorbonne-universite.fr,-,-,-,-,-,-,-,-,-,-,-,-,-,-,-,-,-,-
Theodosiou,Michalis,3151223,michalis.theodosiou@etu.sorbonne-universite.fr,-,-,-,-,-,-,-,-,-,-,-,-,-,-,-,-,-,-
Theret,Ingrid,3201608,ingrid.theret@etu.sorbonne-universite.fr,Finished,"6 November 2020  10:55 AM","6 November 2020  12:25 PM","1 hour 30 mins",19.62,2.35,5.00,1.00,0.50,2.77,0.50,0.75,2.00,1.00,1.00,0.25,1.25,1.25
Thiam,Mohamed,3672502,mohamed.thiam@etu.sorbonne-universite.fr,Finished,"6 November 2020  4:26 PM","6 November 2020  6:11 PM","1 hour 45 mins",17.67,2.50,5.00,1.00,0.50,3.00,0.50,0.75,1.67,0.75,0.50,0.00,0.75,0.75
Thurairajah,Shaithan,3802984,shaithan.thurairajah@etu.sorbonne-universite.fr,Finished,"6 November 2020  4:37 PM","6 November 2020  6:19 PM","1 hour 42 mins",19.50,2.50,5.00,1.00,0.50,3.00,0.50,0.75,2.00,1.00,1.00,0.00,1.25,1.00
Tibi,Gad,3801996,gad.tibi@etu.sorbonne-universite.fr,Finished,"6 November 2020  3:25 PM","6 November 2020  5:01 PM","1 hour 35 mins",18.44,2.50,5.00,1.00,0.50,2.77,0.50,0.75,1.67,1.00,1.00,0.00,1.00,0.75
Toullalan,Antoine,3706648,antoine.toullalan@etu.sorbonne-universite.fr,Finished,"2 November 2020  5:33 PM","2 November 2020  7:03 PM","1 hour 29 mins",15.36,2.06,4.76,1.00,0.50,2.54,0.25,0.25,1.75,0.75,0.50,0.00,0.25,0.75
Tran,Kevin,3700914,kevin.tran@etu.sorbonne-universite.fr,Finished,"6 November 2020  4:02 PM","6 November 2020  4:57 PM","55 mins 37 secs",16.92,2.50,5.00,0.50,0.50,3.00,0.25,0.75,0.67,0.75,1.00,0.25,1.00,0.75
Traore,Khadidja,3800559,khadidja.traore@etu.sorbonne-universite.fr,Finished,"2 November 2020  5:59 PM","2 November 2020  7:13 PM","1 hour 13 mins",16.76,2.50,4.76,0.75,0.50,3.00,0.50,0.75,1.25,0.75,0.00,0.00,1.00,1.00
Trouve,Alex,3700052,alex.trouve@etu.sorbonne-universite.fr,Finished,"6 November 2020  10:56 AM","6 November 2020  12:25 PM","1 hour 29 mins",20.00,2.50,5.00,1.00,0.50,3.00,0.50,0.75,2.00,1.00,1.00,0.25,1.25,1.25
Ung,Thierry,3804472,thierry.ung@etu.sorbonne-universite.fr,Finished,"5 November 2020  5:57 PM","5 November 2020  7:17 PM","1 hour 20 mins",18.33,2.50,5.00,0.75,0.50,3.00,0.50,0.75,1.33,1.00,1.00,0.25,1.00,0.75
"Van Remoortere",Pierre,28007865,pierre.van_remoortere.1@etu.sorbonne-universite.fr,Finished,"2 November 2020  4:13 PM","2 November 2020  5:35 PM","1 hour 21 mins",16.85,2.35,5.00,0.75,0.50,3.00,0.50,0.25,1.75,0.75,0.50,0.25,0.50,0.75
Vang,Danny,3670334,danny.vang@etu.sorbonne-universite.fr,Finished,"5 November 2020  3:55 PM","5 November 2020  4:54 PM","59 mins 38 secs",19.18,2.50,4.76,1.00,0.50,3.00,0.50,0.75,1.67,0.75,1.00,0.25,1.25,1.25
Vanrycke,Loann,3811248,loann.vanrycke@etu.sorbonne-universite.fr,Finished,"5 November 2020  6:10 PM","5 November 2020  7:00 PM","50 mins 54 secs",17.33,2.50,5.00,0.50,0.50,3.00,0.50,0.75,1.33,1.00,0.50,-,1.00,0.75
Villard,Lorenzo,3801327,lorenzo.villard@etu.sorbonne-universite.fr,-,-,-,-,-,-,-,-,-,-,-,-,-,-,-,-,-,-
Xu,Jin,3700044,jin.xu@etu.sorbonne-universite.fr,Finished,"2 November 2020  4:28 PM","2 November 2020  6:13 PM","1 hour 45 mins",12.43,2.06,4.05,0.25,0.50,2.08,0.25,0.50,0.50,0.75,0.50,0.00,0.75,0.25
Yalcin,Mehmet,3702332,mehmet.yalcin@etu.sorbonne-universite.fr,Finished,"6 November 2020  4:37 PM","6 November 2020  6:17 PM","1 hour 39 mins",19.50,2.50,5.00,0.75,0.50,3.00,0.50,0.75,2.00,1.00,1.00,0.00,1.25,1.25
Yang,Qing,3872484,qing.yang@etu.sorbonne-universite.fr,Finished,"2 November 2020  4:29 PM","2 November 2020  6:13 PM","1 hour 44 mins",14.04,2.21,4.05,0.25,0.50,2.54,0.25,0.25,1.50,1.00,0.50,0.00,0.75,0.25
Yao,Qingyuan,3970770,qingyuan.yao@etu.sorbonne-universite.fr,Finished,"5 November 2020  11:56 AM","5 November 2020  1:30 PM","1 hour 33 mins",16.87,2.21,5.00,0.50,0.25,3.00,0.25,0.75,1.67,0.75,0.50,0.25,1.00,0.75
Ye,William,3413637,william.ye@etu.sorbonne-universite.fr,Finished,"6 November 2020  3:25 PM","6 November 2020  5:10 PM","1 hour 44 mins",19.17,2.50,5.00,1.00,0.50,3.00,0.50,0.75,1.67,1.00,1.00,0.25,1.00,1.00
Zerrouki,Elies,3802658,elies.zerrouki@etu.sorbonne-universite.fr,Finished,"6 November 2020  4:02 PM","6 November 2020  5:16 PM","1 hour 14 mins",19.27,2.50,5.00,0.50,0.50,2.77,0.50,0.75,2.00,1.00,1.00,0.25,1.25,1.25
Zhang,Kevin,3520893,kevin.zhang@etu.sorbonne-universite.fr,Finished,"6 November 2020  4:02 PM","6 November 2020  4:46 PM","43 mins 50 secs",17.44,2.50,5.00,1.00,0.50,2.77,0.50,0.75,0.67,0.75,1.00,0.25,1.00,0.75
Zhang,Kate,3800131,kate.zhang@etu.sorbonne-universite.fr,Finished,"5 November 2020  11:58 AM","5 November 2020  1:30 PM","1 hour 32 mins",17.38,2.21,4.76,0.50,0.25,3.00,0.50,0.75,1.67,0.75,1.00,0.25,1.00,0.75
Zhang,Eric,3800297,eric.zhang@etu.sorbonne-universite.fr,Finished,"6 November 2020  10:56 AM","6 November 2020  12:08 PM","1 hour 12 mins",19.03,2.50,4.76,1.00,0.50,2.77,0.50,0.75,2.00,0.75,1.00,0.25,1.25,1.00
Zhao,Cong,2351624,cong.zhao@etu.sorbonne-universite.fr,Finished,"6 November 2020  9:49 AM","6 November 2020  11:33 AM","1 hour 43 mins",11.06,2.06,4.29,0.75,0.00,0.46,0.25,0.00,1.00,0.50,0.00,0.00,1.00,0.75
Zheng,Luc,3710230,luc.zheng@etu.sorbonne-universite.fr,Finished,"6 November 2020  4:06 PM","6 November 2020  5:14 PM","1 hour 8 mins",19.75,2.50,5.00,0.75,0.50,3.00,0.50,0.75,2.00,1.00,1.00,0.25,1.25,1.25
Zhou,Jean-Marc,28008879,jean-marc.zhou@etu.sorbonne-universite.fr,Finished,"6 November 2020  4:00 PM","6 November 2020  5:38 PM","1 hour 38 mins",18.00,2.50,5.00,1.00,0.50,3.00,0.50,0.50,1.00,1.00,1.00,0.25,1.00,0.75
Ziegler,Clara,3709947,clara.ziegler@etu.sorbonne-universite.fr,Finished,"6 November 2020  4:01 PM","6 November 2020  5:45 PM","1 hour 43 mins",16.17,2.50,5.00,1.00,0.50,3.00,0.50,0.75,0.67,0.75,0.50,0.25,0.25,0.50
Zinopoulos-Yannopoulos,Florian,3708962,florian.zinopoulos-yannopoulos@etu.sorbonne-universite.fr,Finished,"2 November 2020  4:09 PM","2 November 2020  5:43 PM","1 hour 34 mins",18.50,2.50,5.00,0.75,0.50,3.00,0.50,0.25,1.75,0.75,1.00,0.25,1.25,1.00
"Zou Al Guyna",Louai,3680880,louai.zou_al_guyna@etu.sorbonne-universite.fr,-,-,-,-,-,-,-,-,-,-,-,-,-,-,-,-,-,-
"Overall average",,,,,,,,17.68,2.40,4.79,0.80,0.45,2.86,0.44,0.60,1.55,0.87,0.82,0.16,1.00,0.94
