﻿Surname,"First name","ID number","Email address",State,"Started on",Completed,"Time taken",Grade/20.00,"Q. 1 /1.43","Q. 2 /2.14","Q. 3 /5.36","Q. 4 /1.43","Q. 5 /1.07","Q. 6 /1.07","Q. 7 /3.21","Q. 8 /3.21","Q. 9 /1.07"
Aallam,Mohamed,3802135,mohamed.aallam@etu.sorbonne-universite.fr,Finished,"27 November 2020  3:54 PM","27 November 2020  4:07 PM","13 mins 8 secs",19.29,1.07,2.14,5.36,1.43,1.07,0.71,3.21,3.21,1.07
Abdalaziz,"Youssef Alaa Elsayye",3803619,youssef.abdalaziz@etu.sorbonne-universite.fr,Finished,"23 November 2020  4:07 PM","23 November 2020  4:59 PM","52 mins 6 secs",19.78,1.43,2.14,5.13,1.43,1.07,1.07,3.21,3.21,1.07
Abderrahmen,"Mohamed Aziz",3802009,mohamed.abderrahmen@etu.sorbonne-universite.fr,-,-,-,-,-,-,-,-,-,-,-,-,-,-
Abitbol,Yossef,3804139,yossef.abitbol@etu.sorbonne-universite.fr,Finished,"27 November 2020  3:59 PM","27 November 2020  4:53 PM","54 mins 25 secs",19.29,1.07,2.14,5.36,1.43,0.71,1.07,3.21,3.21,1.07
Ajuelos,Emmanuel,3800432,emmanuel.ajuelos@etu.sorbonne-universite.fr,Finished,"23 November 2020  4:55 PM","23 November 2020  5:30 PM","35 mins 15 secs",18.57,1.07,2.14,5.36,1.43,1.07,0.71,2.86,3.21,0.71
"Al- Jawhi",Abdullah,28625228,abdullah.al_jawhi@etu.sorbonne-universite.fr,-,-,-,-,-,-,-,-,-,-,-,-,-,-
Ammour,Amine,3876256,amine.ammour@etu.sorbonne-universite.fr,Finished,"27 November 2020  3:35 PM","27 November 2020  3:57 PM","21 mins 56 secs",19.64,1.07,2.14,5.36,1.43,1.07,1.07,3.21,3.21,1.07
Anki-Zuccarello,Kenza,3800473,kenza.anki-zuccarello@etu.sorbonne-universite.fr,-,-,-,-,-,-,-,-,-,-,-,-,-,-
Anki-Zuccarello,Kenza,28502318,kenza.anki.1@etu.sorbonne-universite.fr,Finished,"25 November 2020  10:43 AM","25 November 2020  12:17 PM","1 hour 34 mins",18.71,1.43,2.14,5.13,1.43,1.07,0.71,2.86,2.86,1.07
Aral,Arda,3702388,arda.aral@etu.sorbonne-universite.fr,Finished,"25 November 2020  10:53 AM","25 November 2020  12:22 PM","1 hour 29 mins",15.98,0.36,2.14,4.91,0.71,0.00,0.71,3.21,3.21,0.71
Arichandra,Santhos,3802651,santhos.arichandra@etu.sorbonne-universite.fr,Finished,"27 November 2020  10:48 AM","27 November 2020  12:08 PM","1 hour 20 mins",18.82,1.43,1.32,5.36,1.43,1.07,1.07,3.21,3.21,0.71
Armenoult,Ludovic,3416871,ludovic.armenoult@etu.sorbonne-universite.fr,Finished,"25 November 2020  10:21 AM","25 November 2020  11:04 AM","42 mins 21 secs",19.42,1.07,2.14,5.13,1.43,1.07,1.07,3.21,3.21,1.07
Arrous,Clement,3671634,clement.arrous@etu.sorbonne-universite.fr,-,-,-,-,-,-,-,-,-,-,-,-,-,-
Audoux,Marion,3700108,marion.audoux@etu.sorbonne-universite.fr,Finished,"23 November 2020  4:08 PM","23 November 2020  5:10 PM","1 hour 1 min",17.41,1.07,2.14,4.91,1.07,1.07,0.00,3.21,2.86,1.07
Audras,Antoine,3410283,antoine.audras@etu.sorbonne-universite.fr,"Never submitted","27 November 2020  5:26 PM",-,-,-,-,-,-,-,-,-,-,-,-
Ayadi,Anis,3802501,anis.ayadi@etu.sorbonne-universite.fr,Finished,"26 November 2020  12:09 PM","26 November 2020  1:23 PM","1 hour 13 mins",19.64,1.43,2.14,5.36,1.43,1.07,0.71,3.21,3.21,1.07
Azar,Jane,3803112,jane.azar@etu.sorbonne-universite.fr,Finished,"27 November 2020  4:00 PM","27 November 2020  5:34 PM","1 hour 33 mins",19.64,1.07,2.14,5.36,1.43,1.07,1.07,3.21,3.21,1.07
Azoui,Rayane,28710978,Rayane.Azoui@etu.sorbonne-universite.fr,Finished,"23 November 2020  4:08 PM","23 November 2020  5:25 PM","1 hour 16 mins",15.23,1.43,1.48,4.46,0.00,0.36,0.71,3.21,3.21,0.36
Badriouiche,Mohamed,3701404,mohamed.badriouiche@etu.sorbonne-universite.fr,Finished,"27 November 2020  2:31 PM","27 November 2020  3:07 PM","36 mins 14 secs",18.24,1.07,1.32,5.13,1.43,1.07,1.07,3.21,3.21,0.71
Baker,Thomas,3700144,thomas.baker@etu.sorbonne-universite.fr,Finished,"23 November 2020  4:07 PM","23 November 2020  5:20 PM","1 hour 13 mins",20.00,1.43,2.14,5.36,1.43,1.07,1.07,3.21,3.21,1.07
Baraket,Msalem,3804929,msalem.baraket@etu.sorbonne-universite.fr,"Never submitted","27 November 2020  4:00 PM",-,-,-,-,-,-,-,-,-,-,-,-
Barbier,Marie,3802734,marie.barbier.1@etu.sorbonne-universite.fr,Finished,"25 November 2020  10:36 AM","25 November 2020  11:41 AM","1 hour 5 mins",19.64,1.07,2.14,5.36,1.43,1.07,1.07,3.21,3.21,1.07
Belazouz,Bourhan-Eddine,3208353,bourhan-eddine.belazouz@etu.sorbonne-universite.fr,"Never submitted","28 November 2020  4:44 PM",-,-,-,-,-,-,-,-,-,-,-,-
Belazouz,Bourhan-Eddine,3208353,bourhan-eddine.belazouz@etu.sorbonne-universite.fr,Finished,"29 November 2020  6:07 PM","29 November 2020  7:42 PM","1 hour 34 mins",19.42,1.43,2.14,5.13,1.43,1.07,0.71,3.21,3.21,1.07
Bellut,Quentin,3710439,quentin.bellut@etu.sorbonne-universite.fr,-,-,-,-,-,-,-,-,-,-,-,-,-,-
"Ben Attar",Ethan,3670543,ethan.ben_attar@etu.sorbonne-universite.fr,Finished,"25 November 2020  10:21 AM","25 November 2020  11:27 AM","1 hour 5 mins",19.20,1.07,2.14,4.91,1.43,1.07,1.07,3.21,3.21,1.07
Benabdallah,Ali,3806311,ali.benabdallah@etu.sorbonne-universite.fr,Finished,"27 November 2020  3:57 PM","27 November 2020  4:33 PM","36 mins 11 secs",20.00,1.43,2.14,5.36,1.43,1.07,1.07,3.21,3.21,1.07
Bencherif,Nabil,3710493,nabil.bencherif@etu.sorbonne-universite.fr,Finished,"23 November 2020  4:37 PM","23 November 2020  5:52 PM","1 hour 15 mins",15.68,0.36,1.98,5.13,1.07,0.36,0.36,2.50,2.86,1.07
Benjamin-Jeyaseelan,"Benjamin Julius",3671340,benjamin.benjamin-jeyaseelan@etu.sorbonne-universite.fr,Finished,"27 November 2020  10:52 AM","27 November 2020  12:09 PM","1 hour 16 mins",18.60,1.07,1.32,5.13,1.43,1.07,1.07,3.21,3.21,1.07
Bensafia,"Chems Eddine",28717430,Chems_Eddine.Bensafia@etu.sorbonne-universite.fr,Finished,"26 November 2020  11:24 AM","26 November 2020  12:43 PM","1 hour 18 mins",19.29,1.07,2.14,5.36,1.43,1.07,0.71,3.21,3.21,1.07
Benyahia,Sami,3677177,sami.benyahia@etu.sorbonne-universite.fr,-,-,-,-,-,-,-,-,-,-,-,-,-,-
Bernier,Téo,3670574,teo.bernier@etu.sorbonne-universite.fr,-,-,-,-,-,-,-,-,-,-,-,-,-,-
Bettahar,"Mohamed El Amine",28616068,mohamed.bettahar@etu.sorbonne-universite.fr,Finished,"27 November 2020  3:58 PM","27 November 2020  5:29 PM","1 hour 30 mins",19.64,1.07,2.14,5.36,1.43,1.07,1.07,3.21,3.21,1.07
Boubrik,Ihsane,3670795,ihsane.boubrik@etu.sorbonne-universite.fr,Finished,"27 November 2020  3:46 PM","27 November 2020  3:54 PM","7 mins 36 secs",20.00,1.43,2.14,5.36,1.43,1.07,1.07,3.21,3.21,1.07
Boudarene,Samy,3801935,samy.boudarene@etu.sorbonne-universite.fr,Finished,"25 November 2020  10:43 AM","25 November 2020  11:41 AM","58 mins 26 secs",19.42,1.43,2.14,5.13,1.43,1.07,0.71,3.21,3.21,1.07
Bougherara,Adan,3680559,adan.bougherara@etu.sorbonne-universite.fr,Finished,"27 November 2020  4:01 PM","27 November 2020  4:59 PM","57 mins 58 secs",18.71,1.07,2.14,5.13,1.43,1.07,0.36,3.21,3.21,1.07
Bourekh,Zidane,3677063,zidane.bourekh@etu.sorbonne-universite.fr,Finished,"25 November 2020  12:36 PM","25 November 2020  12:45 PM","9 mins 25 secs",19.64,1.07,2.14,5.36,1.43,1.07,1.07,3.21,3.21,1.07
Bourlette,Lucas,3672216,lucas.bourlette@etu.sorbonne-universite.fr,-,-,-,-,-,-,-,-,-,-,-,-,-,-
Bourmault,Adrien,3677850,adrien.bourmault@etu.sorbonne-universite.fr,-,-,-,-,-,-,-,-,-,-,-,-,-,-
Bouyoucef,Assirem,3971113,assirem.bouyoucef@etu.sorbonne-universite.fr,Finished,"27 November 2020  11:00 AM","27 November 2020  12:13 PM","1 hour 12 mins",20.00,1.43,2.14,5.36,1.43,1.07,1.07,3.21,3.21,1.07
Bouzouaoui,Anes,28616582,anes.bouzouaoui@etu.sorbonne-universite.fr,Finished,"27 November 2020  3:04 PM","27 November 2020  4:08 PM","1 hour 4 mins",20.00,1.43,2.14,5.36,1.43,1.07,1.07,3.21,3.21,1.07
Boyadjiev,Todor,28507548,todor.boyadjiev.2@etu.sorbonne-universite.fr,Finished,"23 November 2020  4:30 PM","23 November 2020  5:18 PM","48 mins",17.86,1.07,2.14,5.36,1.07,0.71,0.36,3.21,3.21,0.71
Brasseur,Gaëtan,3802696,gaetan.brasseur@etu.sorbonne-universite.fr,-,-,-,-,-,-,-,-,-,-,-,-,-,-
Brihmouche,Yacine,28717951,Yacine.Brihmouche@etu.sorbonne-universite.fr,Finished,"27 November 2020  7:06 PM","27 November 2020  8:07 PM","1 hour",19.29,1.07,2.14,5.36,1.43,1.07,0.71,3.21,3.21,1.07
Buisson,Marc,28614429,marc.buisson@etu.sorbonne-universite.fr,Finished,"23 November 2020  5:37 PM","23 November 2020  5:54 PM","16 mins 10 secs",19.29,1.43,2.14,5.36,1.07,1.07,0.71,3.21,3.21,1.07
Canitrot,Julien,3803521,julien.canitrot@etu.sorbonne-universite.fr,Finished,"27 November 2020  4:05 PM","27 November 2020  5:04 PM","58 mins 55 secs",18.93,1.07,2.14,5.36,1.43,1.07,0.36,3.21,3.21,1.07
Carton,Lorris,3521310,lorris.carton@etu.sorbonne-universite.fr,"Never submitted","26 November 2020  2:44 PM",-,-,-,-,-,-,-,-,-,-,-,-
Carvalho,Lorenzo,3700288,lorenzo.carvalho@etu.sorbonne-universite.fr,-,-,-,-,-,-,-,-,-,-,-,-,-,-
Cassan,Jules,3810883,jules.cassan@etu.sorbonne-universite.fr,Finished,"27 November 2020  4:00 PM","27 November 2020  4:58 PM","58 mins 7 secs",18.71,1.07,2.14,5.13,1.43,1.07,0.36,3.21,3.21,1.07
Chafai,Tinhinane,3802927,tinhinane.chafai@etu.sorbonne-universite.fr,"Never submitted","27 November 2020  4:00 PM",-,-,-,-,-,-,-,-,-,-,-,-
"Chan Yip Hon",Boris,3706553,boris.chan_yip_hon@etu.sorbonne-universite.fr,Finished,"27 November 2020  10:54 AM","27 November 2020  12:27 PM","1 hour 32 mins",19.42,1.43,2.14,5.13,1.43,1.07,1.07,2.86,3.21,1.07
Chea,Sophie,3708951,sophie.chea@etu.sorbonne-universite.fr,Finished,"25 November 2020  10:37 AM","25 November 2020  11:46 AM","1 hour 8 mins",16.92,1.07,2.14,5.13,0.71,0.71,0.36,3.21,2.86,0.71
Chen,Jinhe,3802503,jinhe.chen@etu.sorbonne-universite.fr,-,-,-,-,-,-,-,-,-,-,-,-,-,-
Cherfaoui,Sarah,3874223,sarah.cherfaoui@etu.sorbonne-universite.fr,-,-,-,-,-,-,-,-,-,-,-,-,-,-
Cherfaoui,Melissa,28720090,Melissa.Cherfaoui@etu.sorbonne-universite.fr,Finished,"27 November 2020  4:18 PM","27 November 2020  5:59 PM","1 hour 40 mins",16.21,1.43,2.14,5.13,0.00,0.71,0.36,2.86,3.21,0.36
Chitu,Alex,3701943,alex.chitu@etu.sorbonne-universite.fr,Finished,"27 November 2020  10:45 AM","27 November 2020  11:57 AM","1 hour 12 mins",20.00,1.43,2.14,5.36,1.43,1.07,1.07,3.21,3.21,1.07
Cineus,Dylan,3302425,dylan.cineus@etu.sorbonne-universite.fr,-,-,-,-,-,-,-,-,-,-,-,-,-,-
Ciocan,Clara,3801875,clara.ciocan@etu.sorbonne-universite.fr,"Never submitted","27 November 2020  4:00 PM",-,-,-,-,-,-,-,-,-,-,-,-
Cleuziou,Karl,3800455,karl.cleuziou@etu.sorbonne-universite.fr,Finished,"25 November 2020  10:37 AM","25 November 2020  11:58 AM","1 hour 21 mins",19.55,1.43,2.14,4.91,1.43,1.07,1.07,3.21,3.21,1.07
Colin,Jacques,3700584,jacques.colin@etu.sorbonne-universite.fr,Finished,"25 November 2020  10:32 AM","25 November 2020  11:06 AM","33 mins 43 secs",20.00,1.43,2.14,5.36,1.43,1.07,1.07,3.21,3.21,1.07
Coudert,Louis,3800333,louis.coudert@etu.sorbonne-universite.fr,Finished,"25 November 2020  10:47 AM","25 November 2020  11:32 AM","44 mins 49 secs",19.64,1.43,2.14,5.36,1.43,1.07,0.71,3.21,3.21,1.07
Dauvet,Haron,3700463,haron.dauvet@etu.sorbonne-universite.fr,-,-,-,-,-,-,-,-,-,-,-,-,-,-
"De Castelbajac",Matthieu,3800411,matthieu.de_castelbajac@etu.sorbonne-universite.fr,Finished,"25 November 2020  10:58 AM","25 November 2020  11:54 AM","55 mins 45 secs",19.03,1.43,1.98,4.91,1.43,1.07,0.71,3.21,3.21,1.07
Delgado,Thomas,3407716,thomas.delgado@etu.sorbonne-universite.fr,-,-,-,-,-,-,-,-,-,-,-,-,-,-
Demeulenaere,Vivien,3706539,vivien.demeulenaere@etu.sorbonne-universite.fr,Finished,"27 November 2020  4:01 PM","27 November 2020  4:58 PM","57 mins 45 secs",18.54,1.07,1.98,5.13,1.43,1.07,0.36,3.21,3.21,1.07
Djouahra,"Mohamed Akram",28718098,Mohamed_Akram.Djouahra@etu.sorbonne-universite.fr,Finished,"26 November 2020  11:17 AM","26 November 2020  12:29 PM","1 hour 12 mins",17.19,1.07,2.14,4.69,1.07,1.07,0.00,2.86,3.21,1.07
Djouder,Sarah,3970876,sarah.djouder@etu.sorbonne-universite.fr,Finished,"26 November 2020  12:31 PM","26 November 2020  2:15 PM","1 hour 44 mins",20.00,1.43,2.14,5.36,1.43,1.07,1.07,3.21,3.21,1.07
Doucouré,Dramane,3520680,dramane.doucoure@etu.sorbonne-universite.fr,Finished,"27 November 2020  3:38 PM","27 November 2020  4:11 PM","32 mins 52 secs",19.29,1.07,2.14,5.36,1.43,1.07,0.71,3.21,3.21,1.07
Drouin,Reza,3800042,reza.drouin@etu.sorbonne-universite.fr,Finished,"23 November 2020  4:07 PM","23 November 2020  5:26 PM","1 hour 18 mins",18.57,1.43,2.14,5.36,1.07,1.07,0.36,2.86,3.21,1.07
Du,Qian,3520431,qian.du@etu.sorbonne-universite.fr,Finished,"25 November 2020  10:21 AM","25 November 2020  11:26 AM","1 hour 4 mins",15.90,0.71,0.99,4.91,1.43,0.71,0.36,2.86,3.21,0.71
Dubreuil,Jules,3800417,jules.dubreuil@etu.sorbonne-universite.fr,Finished,"26 November 2020  11:27 AM","26 November 2020  12:21 PM","54 mins 43 secs",19.06,1.07,2.14,5.13,1.43,1.07,1.07,2.86,3.21,1.07
Dufeutrelle,Hugo,3520375,hugo.dufeutrelle@etu.sorbonne-universite.fr,Finished,"28 November 2020  4:50 PM","28 November 2020  5:27 PM","37 mins 12 secs",18.57,1.07,2.14,5.36,1.43,1.07,0.71,2.50,3.21,1.07
Dumoulin,Zoé,3702742,zoe.dumoulin@etu.sorbonne-universite.fr,Finished,"26 November 2020  9:18 PM","26 November 2020  10:15 PM","57 mins 57 secs",17.50,1.43,2.14,5.36,0.71,0.71,0.36,3.21,2.86,0.71
Duval,Aurelien,3872455,aurelien.duval@etu.sorbonne-universite.fr,-,-,-,-,-,-,-,-,-,-,-,-,-,-
Dziri,Hakim,3800075,hakim.dziri@etu.sorbonne-universite.fr,-,-,-,-,-,-,-,-,-,-,-,-,-,-
"El Fahdi",Ismaël,3802719,ismael.el_fahdi@etu.sorbonne-universite.fr,Finished,"27 November 2020  3:59 PM","27 November 2020  4:59 PM","59 mins 55 secs",20.00,1.43,2.14,5.36,1.43,1.07,1.07,3.21,3.21,1.07
"El Ghali",Yosr,3802466,yosr.elghali@etu.sorbonne-universite.fr,Finished,"23 November 2020  4:09 PM","23 November 2020  5:52 PM","1 hour 42 mins",16.56,1.07,2.14,5.13,0.71,0.36,0.00,3.21,3.21,0.71
"El Ghazzi",Sarah,3671094,sarah.el_ghazzi@etu.sorbonne-universite.fr,Finished,"23 November 2020  5:01 PM","23 November 2020  6:45 PM","1 hour 43 mins",18.93,1.07,2.14,5.36,1.43,1.07,0.71,3.21,2.86,1.07
"El Ghoul",Elio,3803565,elio.el_ghoul@etu.sorbonne-universite.fr,Finished,"25 November 2020  10:39 AM","25 November 2020  11:42 AM","1 hour 2 mins",19.29,1.43,2.14,5.36,1.43,1.07,0.71,3.21,2.86,1.07
Elatri,Sami,3801805,sami.elatri@etu.sorbonne-universite.fr,-,-,-,-,-,-,-,-,-,-,-,-,-,-
Ergun,Yavuz,3670777,yavuz.ergun@etu.sorbonne-universite.fr,Finished,"26 November 2020  11:23 AM","26 November 2020  11:41 AM","18 mins 12 secs",20.00,1.43,2.14,5.36,1.43,1.07,1.07,3.21,3.21,1.07
Felix,Wycherley-Kassel,3702385,wycherley-kassel.felix@etu.sorbonne-universite.fr,Finished,"27 November 2020  4:19 PM","27 November 2020  5:25 PM","1 hour 6 mins",19.64,1.07,2.14,5.36,1.43,1.07,1.07,3.21,3.21,1.07
Ferdaoui,Sheïmâa,3802999,sheimaa.ferdaoui@etu.sorbonne-universite.fr,Finished,"25 November 2020  10:44 AM","25 November 2020  11:50 AM","1 hour 5 mins",18.21,1.07,2.14,5.36,1.43,0.36,0.71,2.86,3.21,1.07
Gabour,Smail,3700149,smail.gabour@etu.sorbonne-universite.fr,Finished,"23 November 2020  4:39 PM","23 November 2020  5:08 PM","29 mins 16 secs",19.64,1.07,2.14,5.36,1.43,1.07,1.07,3.21,3.21,1.07
Gaillon,Gregoire,3670241,gregoire.gaillon@etu.sorbonne-universite.fr,-,-,-,-,-,-,-,-,-,-,-,-,-,-
Galliot,Jules,3802342,jules.galliot@etu.sorbonne-universite.fr,Finished,"26 November 2020  11:31 AM","26 November 2020  12:21 PM","50 mins 34 secs",18.32,1.07,1.98,4.91,1.43,1.07,1.07,2.86,2.86,1.07
Gigacz,"Kiara Ting Yung Chin",3803025,kiara.gigacz@etu.sorbonne-universite.fr,Finished,"27 November 2020  4:06 PM","27 November 2020  5:33 PM","1 hour 26 mins",20.00,1.43,2.14,5.36,1.43,1.07,1.07,3.21,3.21,1.07
Goulmot,Cedric,3971371,cedric.goulmot@etu.sorbonne-universite.fr,-,-,-,-,-,-,-,-,-,-,-,-,-,-
Grech,Anna,3800494,anna.grech@etu.sorbonne-universite.fr,Finished,"25 November 2020  10:44 AM","25 November 2020  11:28 AM","44 mins 10 secs",19.64,1.07,2.14,5.36,1.43,1.07,1.07,3.21,3.21,1.07
Gruman,Pierre-Alexandre,28507556,pierre-alexandre.gruman.2@etu.sorbonne-universite.fr,Finished,"25 November 2020  10:23 AM","25 November 2020  11:20 AM","56 mins 16 secs",18.93,1.43,2.14,5.36,1.43,1.07,0.71,2.50,3.21,1.07
Guio,Clément,3413360,clement.guio@etu.sorbonne-universite.fr,-,-,-,-,-,-,-,-,-,-,-,-,-,-
Hadj-Arab,Ludmila,3971280,ludmila.hadj-arab@etu.sorbonne-universite.fr,-,-,-,-,-,-,-,-,-,-,-,-,-,-
Hadji,Mohamed,3702996,mohamed.hadji@etu.sorbonne-universite.fr,-,-,-,-,-,-,-,-,-,-,-,-,-,-
Hamdad,Khellaf,3802811,khellaf.hamdad@etu.sorbonne-universite.fr,-,-,-,-,-,-,-,-,-,-,-,-,-,-
Hannachi,Dina,3801528,dina.hannachi@etu.sorbonne-universite.fr,Finished,"23 November 2020  4:08 PM","23 November 2020  5:36 PM","1 hour 28 mins",19.29,1.43,2.14,5.36,1.07,1.07,0.71,3.21,3.21,1.07
Herman,Margot,28716768,Margot.Herman@etu.sorbonne-universite.fr,Finished,"25 November 2020  10:39 AM","25 November 2020  11:39 AM","1 hour",19.29,1.07,2.14,5.36,1.43,0.71,1.07,3.21,3.21,1.07
"Hernandez Adan","Oriana Rafaela",3802881,oriana.hernandez_adan@etu.sorbonne-universite.fr,Finished,"26 November 2020  11:17 AM","26 November 2020  12:19 PM","1 hour 1 min",20.00,1.43,2.14,5.36,1.43,1.07,1.07,3.21,3.21,1.07
Huang,Xinyu,3803966,xinyiu.huang@etu.sorbonne-universite.fr,Finished,"27 November 2020  6:01 PM","27 November 2020  7:07 PM","1 hour 5 mins",18.57,1.07,2.14,5.36,1.43,1.07,0.36,2.86,3.21,1.07
Huang,Junyang,2302854,junyang.huang@etu.sorbonne-universite.fr,-,-,-,-,-,-,-,-,-,-,-,-,-,-
Huant,Raphael,3709095,raphael.huant@etu.sorbonne-universite.fr,Finished,"25 November 2020  10:21 AM","25 November 2020  11:04 AM","42 mins 27 secs",19.29,1.07,2.14,5.36,1.43,0.71,1.07,3.21,3.21,1.07
"Ibobi Sambila",Osee,3704090,osee.ibobi_sambila@etu.sorbonne-universite.fr,Finished,"23 November 2020  4:24 PM","23 November 2020  5:52 PM","1 hour 28 mins",15.68,0.36,1.98,5.13,1.07,0.36,0.36,2.50,2.86,1.07
Ikhlef,Nadjia,28718372,Nadjia.Ikhlef@etu.sorbonne-universite.fr,-,-,-,-,-,-,-,-,-,-,-,-,-,-
Ith,Marc,3302184,marc.ith@etu.sorbonne-universite.fr,Finished,"27 November 2020  3:55 PM","27 November 2020  5:12 PM","1 hour 16 mins",19.64,1.07,2.14,5.36,1.43,1.07,1.07,3.21,3.21,1.07
Jday,Achraf,3802410,achraf.jday@etu.sorbonne-universite.fr,Finished,"27 November 2020  4:03 PM","27 November 2020  4:33 PM","30 mins 32 secs",20.00,1.43,2.14,5.36,1.43,1.07,1.07,3.21,3.21,1.07
Jebari,Firas,3802713,firas.jebari@etu.sorbonne-universite.fr,Finished,"27 November 2020  4:57 PM","27 November 2020  5:04 PM","6 mins 52 secs",19.29,1.07,2.14,5.36,1.43,1.07,0.71,3.21,3.21,1.07
Kaci-Chaouche,Omar,3521322,omar.kaci-chaouche@etu.sorbonne-universite.fr,-,-,-,-,-,-,-,-,-,-,-,-,-,-
Kahil,Amine,28616887,amine.kahil@etu.sorbonne-universite.fr,Finished,"23 November 2020  5:02 PM","23 November 2020  6:02 PM","1 hour",19.84,1.43,1.98,5.36,1.43,1.07,1.07,3.21,3.21,1.07
Kaïdouchi,Amira,3700530,amira.kaidouchi@etu.sorbonne-universite.fr,Finished,"25 November 2020  10:41 AM","25 November 2020  11:47 AM","1 hour 6 mins",16.21,0.36,2.14,5.13,0.71,0.71,0.36,3.21,2.86,0.71
Kandeepan,Mathuran,3800103,mathuran.kandeepan@etu.sorbonne-universite.fr,Finished,"27 November 2020  4:00 PM","27 November 2020  4:44 PM","44 mins 15 secs",16.56,1.07,2.14,5.13,1.43,1.07,0.36,3.21,1.07,1.07
Kassab,Mouad,3700640,mouad.kassab@etu.sorbonne-universite.fr,Finished,"27 November 2020  4:09 PM","27 November 2020  5:43 PM","1 hour 34 mins",20.00,1.43,2.14,5.36,1.43,1.07,1.07,3.21,3.21,1.07
Kasten,Harold,3805644,harold.kasten@etu.sorbonne-universite.fr,Finished,"26 November 2020  11:25 AM","26 November 2020  12:21 PM","55 mins 55 secs",19.06,1.07,2.14,5.13,1.43,1.07,1.07,2.86,3.21,1.07
Kaya,Delphine,3800099,delphine.kaya@etu.sorbonne-universite.fr,Finished,"27 November 2020  4:18 PM","27 November 2020  5:12 PM","53 mins 51 secs",19.29,1.07,2.14,5.36,1.43,1.07,0.71,3.21,3.21,1.07
Kerdouche,Nabil,3802336,nabil.kerdouche@etu.sorbonne-universite.fr,Finished,"27 November 2020  11:06 AM","27 November 2020  12:14 PM","1 hour 8 mins",20.00,1.43,2.14,5.36,1.43,1.07,1.07,3.21,3.21,1.07
Kettouche,Tinhinane,3803639,tinhinane.kettouche@etu.sorbonne-universite.fr,-,-,-,-,-,-,-,-,-,-,-,-,-,-
Khalid,Ruhma,3710442,ruhma.khalid@etu.sorbonne-universite.fr,Finished,"26 November 2020  11:39 AM","26 November 2020  12:19 PM","40 mins 11 secs",18.21,1.07,2.14,5.36,1.43,1.07,0.71,2.50,3.21,0.71
Kharbouche,Ibrahim,3671035,ibrahim.kharbouche@etu.sorbonne-universite.fr,Finished,"23 November 2020  4:57 PM","23 November 2020  5:54 PM","57 mins 11 secs",18.93,1.07,2.14,5.36,1.43,1.07,0.71,2.86,3.21,1.07
Kireche,Koceila,28717834,Koceila.Kireche@etu.sorbonne-universite.fr,Finished,"26 November 2020  12:16 PM","26 November 2020  1:21 PM","1 hour 4 mins",19.42,1.43,2.14,5.13,1.43,1.07,0.71,3.21,3.21,1.07
Kling,Paul,3670056,paul.kling@etu.sorbonne-universite.fr,-,-,-,-,-,-,-,-,-,-,-,-,-,-
Komen,Dimitri,3603619,dimitri.komen@etu.sorbonne-universite.fr,Finished,"23 November 2020  4:11 PM","23 November 2020  4:45 PM","34 mins 13 secs",19.29,1.43,2.14,5.36,1.43,1.07,0.71,2.86,3.21,1.07
Kordon,Djeser,3772433,djeser.kordon@etu.sorbonne-universite.fr,Finished,"23 November 2020  4:12 PM","23 November 2020  5:15 PM","1 hour 2 mins",18.35,1.07,2.14,5.13,1.43,1.07,0.36,2.86,3.21,1.07
Koroglu,Mathis,3711799,mathis.koroglu@etu.sorbonne-universite.fr,Finished,"27 November 2020  3:59 PM","27 November 2020  5:32 PM","1 hour 32 mins",20.00,1.43,2.14,5.36,1.43,1.07,1.07,3.21,3.21,1.07
Kostadinovic,Nikola,3801695,nikola.kostadinovic@etu.sorbonne-universite.fr,Finished,"27 November 2020  10:51 AM","27 November 2020  12:09 PM","1 hour 17 mins",19.18,1.43,1.32,5.36,1.43,1.07,1.07,3.21,3.21,1.07
Krisni,Almehdi,3800519,almehdi.krisni@etu.sorbonne-universite.fr,Finished,"23 November 2020  4:13 PM","23 November 2020  5:10 PM","57 mins 15 secs",19.64,1.07,2.14,5.36,1.43,1.07,1.07,3.21,3.21,1.07
Kwonn,Simon,3709743,simon.kwonn@etu.sorbonne-universite.fr,Finished,"25 November 2020  10:22 AM","25 November 2020  11:04 AM","41 mins 46 secs",18.57,1.07,2.14,5.36,1.43,0.00,1.07,3.21,3.21,1.07
Lachemot,Cédric,3705179,cedric.lachemot@etu.sorbonne-universite.fr,Finished,"27 November 2020  4:08 PM","27 November 2020  5:18 PM","1 hour 10 mins",20.00,1.43,2.14,5.36,1.43,1.07,1.07,3.21,3.21,1.07
Lachgar,Amine,3802257,amine.lachgar@etu.sorbonne-universite.fr,-,-,-,-,-,-,-,-,-,-,-,-,-,-
Lahfa,Samy,3706599,samy.lahfa@etu.sorbonne-universite.fr,Finished,"23 November 2020  5:03 PM","23 November 2020  6:06 PM","1 hour 2 mins",20.00,1.43,2.14,5.36,1.43,1.07,1.07,3.21,3.21,1.07
"Lam A",Leo,28712991,Leo.Lam_A@etu.sorbonne-universite.fr,Finished,"23 November 2020  4:57 PM","23 November 2020  6:03 PM","1 hour 6 mins",20.00,1.43,2.14,5.36,1.43,1.07,1.07,3.21,3.21,1.07
Lange,Mathilde,28504995,mathilde.lange.2@etu.sorbonne-universite.fr,Finished,"25 November 2020  10:37 AM","25 November 2020  11:53 AM","1 hour 16 mins",18.57,1.07,2.14,5.36,1.43,0.71,0.71,2.86,3.21,1.07
Langlais,Rafaël,3520624,rafael.langlais@etu.sorbonne-universite.fr,Finished,"27 November 2020  4:17 PM","27 November 2020  5:15 PM","58 mins",15.47,1.07,1.81,4.02,1.07,0.36,0.71,2.86,2.86,0.71
Larbi,Melissa,3971141,melissa.larbi@etu.sorbonne-universite.fr,Finished,"27 November 2020  3:37 PM","27 November 2020  3:58 PM","21 mins 15 secs",18.93,1.07,2.14,5.36,1.43,1.07,0.71,3.21,2.86,1.07
Lassadi,Nassim,3707173,nassim.lassadi@etu.sorbonne-universite.fr,Finished,"27 November 2020  3:36 PM","27 November 2020  4:47 PM","1 hour 11 mins",19.18,1.43,1.32,5.36,1.43,1.07,1.07,3.21,3.21,1.07
Lay,Kenny,3801173,kenny.lay@etu.sorbonne-universite.fr,Finished,"27 November 2020  10:52 AM","27 November 2020  12:08 PM","1 hour 16 mins",19.84,1.43,1.98,5.36,1.43,1.07,1.07,3.21,3.21,1.07
Le,"Hai Nam",28613397,hai.le@etu.sorbonne-universite.fr,Finished,"23 November 2020  4:04 PM","23 November 2020  5:07 PM","1 hour 2 mins",18.21,1.07,2.14,5.36,1.07,0.71,0.71,2.86,3.21,1.07
Le,Doan,3875020,doan.le@etu.sorbonne-universite.fr,Finished,"27 November 2020  3:57 PM","27 November 2020  4:33 PM","35 mins 52 secs",20.00,1.43,2.14,5.36,1.43,1.07,1.07,3.21,3.21,1.07
Lebazda--Gauthier,Benoît,3702867,benoit.lebazda--gauthier@etu.sorbonne-universite.fr,Finished,"25 November 2020  10:44 AM","25 November 2020  11:28 AM","43 mins 56 secs",18.29,1.07,1.81,4.69,1.43,0.71,1.07,3.21,3.21,1.07
Lecocq,Yoann,3708077,yoann.lecocq@etu.sorbonne-universite.fr,-,-,-,-,-,-,-,-,-,-,-,-,-,-
Lefebure,Pierre,3674815,pierre.lefebure@etu.sorbonne-universite.fr,-,-,-,-,-,-,-,-,-,-,-,-,-,-
Lefevre,Manon,3800422,manon.lefevre@etu.sorbonne-universite.fr,Finished,"25 November 2020  10:44 AM","25 November 2020  11:41 AM","56 mins 34 secs",19.29,1.07,2.14,5.36,1.43,0.71,1.07,3.21,3.21,1.07
Lemaitre,Alexandre,3876023,alexandre.lemaitre@etu.sorbonne-universite.fr,Finished,"27 November 2020  4:14 PM","27 November 2020  5:23 PM","1 hour 9 mins",17.99,1.07,2.14,5.13,1.07,0.36,1.07,2.86,3.21,1.07
Li,Ziyou,3802432,ziyou.li@etu.sorbonne-universite.fr,Finished,"27 November 2020  4:01 PM","27 November 2020  4:49 PM","47 mins 56 secs",16.26,1.07,1.98,5.36,0.71,0.36,0.36,2.86,3.21,0.36
Lifsal,Loubna,3309154,loubna.lifsal@etu.sorbonne-universite.fr,-,-,-,-,-,-,-,-,-,-,-,-,-,-
Lin,Daniel,3700421,daniel.lin@etu.sorbonne-universite.fr,Finished,"26 November 2020  11:10 AM","26 November 2020  12:16 PM","1 hour 5 mins",17.53,1.07,1.81,5.36,1.43,1.07,0.36,2.50,3.21,0.71
Loi,Alessia,3971668,alessia.loi@etu.sorbonne-universite.fr,Finished,"23 November 2020  5:00 PM","23 November 2020  6:45 PM","1 hour 44 mins",18.93,1.07,2.14,5.36,1.43,1.07,0.71,3.21,2.86,1.07
Lu,Raymond,3700479,raymond.lu@etu.sorbonne-universite.fr,Finished,"23 November 2020  4:07 PM","23 November 2020  5:20 PM","1 hour 13 mins",19.64,1.43,2.14,5.36,1.43,1.07,1.07,2.86,3.21,1.07
Lu,Alexandra,3700615,alexandra.lu@etu.sorbonne-universite.fr,Finished,"26 November 2020  11:16 AM","26 November 2020  12:25 PM","1 hour 9 mins",17.50,1.43,2.14,5.36,0.71,0.71,0.36,3.21,2.86,0.71
Ly,Sylvie,3522190,sylvie.ly@etu.sorbonne-universite.fr,Finished,"27 November 2020  10:52 AM","27 November 2020  11:59 AM","1 hour 6 mins",17.50,1.43,2.14,5.36,1.07,0.00,1.07,2.86,3.21,0.36
M'Barek,Heikel,3201218,heikel.mbarek@etu.sorbonne-universite.fr,Finished,"28 November 2020  4:46 PM","28 November 2020  6:11 PM","1 hour 25 mins",18.82,1.07,1.32,5.36,1.43,1.07,1.07,3.21,3.21,1.07
Maafa,Zin,3803950,zin.maafa@etu.sorbonne-universite.fr,Finished,"25 November 2020  11:14 AM","25 November 2020  11:41 AM","27 mins 19 secs",19.64,1.43,2.14,5.36,1.43,1.07,1.07,3.21,3.21,0.71
"Mahad Ismail",Roukia,3874897,roukia.mahad-ismail@etu.sorbonne-universite.fr,Finished,"23 November 2020  4:11 PM","23 November 2020  5:50 PM","1 hour 38 mins",17.28,0.36,2.14,5.13,1.07,1.07,0.71,2.86,2.86,1.07
Manimtim,Alexandre,3407834,alexandre.manimtim@etu.sorbonne-universite.fr,-,-,-,-,-,-,-,-,-,-,-,-,-,-
Mariller,Vincent,3700041,vincent.mariller@etu.sorbonne-universite.fr,Finished,"23 November 2020  6:45 PM","23 November 2020  6:48 PM","3 mins 23 secs",17.47,1.07,1.98,5.13,1.43,1.07,0.36,2.50,3.21,0.71
Marzougui,Syrine,3803611,syrine.marzougui@etu.sorbonne-universite.fr,Finished,"27 November 2020  4:00 PM","27 November 2020  5:34 PM","1 hour 33 mins",19.64,1.07,2.14,5.36,1.43,1.07,1.07,3.21,3.21,1.07
Maurel,Perrine,28502791,perrine.maurel.2@etu.sorbonne-universite.fr,Finished,"25 November 2020  10:24 AM","25 November 2020  10:54 AM","30 mins 3 secs",17.19,1.07,2.14,4.69,1.43,1.07,0.36,2.50,3.21,0.71
Mehdi,Sarah,3971165,sarah.mehdi.1@etu.sorbonne-universite.fr,-,-,-,-,-,-,-,-,-,-,-,-,-,-
Mellul,Yona,3800646,yona.mellul@etu.sorbonne-universite.fr,-,-,-,-,-,-,-,-,-,-,-,-,-,-
Mendas,Rosa,3802558,rosa.mendas@etu.sorbonne-universite.fr,Finished,"24 November 2020  3:02 PM","24 November 2020  3:59 PM","56 mins 48 secs",19.06,1.07,2.14,5.13,1.43,1.07,0.71,3.21,3.21,1.07
Mendes,Hugo,3670527,hugo.mendes@etu.sorbonne-universite.fr,Finished,"27 November 2020  10:47 AM","27 November 2020  11:31 AM","44 mins 13 secs",19.12,1.43,1.98,5.36,1.43,0.71,0.71,3.21,3.21,1.07
Merle-Remond,Julian,3700191,julian.merle-remond@etu.sorbonne-universite.fr,Finished,"27 November 2020  4:11 PM","27 November 2020  5:38 PM","1 hour 26 mins",19.64,1.07,2.14,5.36,1.43,1.07,1.07,3.21,3.21,1.07
Merzouk,Kenza,3803468,kenza.merzouk@etu.sorbonne-universite.fr,Finished,"27 November 2020  10:55 AM","27 November 2020  12:09 PM","1 hour 13 mins",19.64,1.07,2.14,5.36,1.43,1.07,1.07,3.21,3.21,1.07
Meziane,Mohamed,3802500,mohamed.meziane@etu.sorbonne-universite.fr,Finished,"26 November 2020  12:37 PM","26 November 2020  2:22 PM","1 hour 44 mins",20.00,1.43,2.14,5.36,1.43,1.07,1.07,3.21,3.21,1.07
Mistry,Manishkumar,3671086,manishkumar.mistry@etu.sorbonne-universite.fr,Finished,"27 November 2020  10:52 AM","27 November 2020  12:12 PM","1 hour 20 mins",20.00,1.43,2.14,5.36,1.43,1.07,1.07,3.21,3.21,1.07
Mistry,Darshan,3670280,darshan.mistry@etu.sorbonne-universite.fr,Finished,"27 November 2020  10:54 AM","27 November 2020  12:05 PM","1 hour 11 mins",20.00,1.43,2.14,5.36,1.43,1.07,1.07,3.21,3.21,1.07
Mohammedi,Vanessa,3671439,vanessa.mohammedi@etu.sorbonne-universite.fr,Finished,"27 November 2020  5:13 PM","27 November 2020  6:18 PM","1 hour 4 mins",18.57,1.07,2.14,5.36,1.43,1.07,0.71,2.50,3.21,1.07
Mohellebi,Melissa,3971070,melissa.mohellebi@etu.sorbonne-universite.fr,Finished,"27 November 2020  4:25 PM","27 November 2020  5:49 PM","1 hour 24 mins",19.64,1.43,2.14,5.36,1.43,1.07,0.71,3.21,3.21,1.07
Monnereau,Irena,3670050,irena.monnereau@etu.sorbonne-universite.fr,Finished,"27 November 2020  4:01 PM","27 November 2020  5:04 PM","1 hour 2 mins",20.00,1.43,2.14,5.36,1.43,1.07,1.07,3.21,3.21,1.07
Moreau,Léonard,3800364,leonard.moreau@etu.sorbonne-universite.fr,Finished,"27 November 2020  4:05 PM","27 November 2020  5:04 PM","59 mins 16 secs",18.71,1.07,2.14,5.13,1.43,1.07,0.36,3.21,3.21,1.07
Mosgoreanu,"Alexandru Zaharia",28717021,Alexandru_Zaharia.Mosgoreanu@etu.sorbonne-universite.fr,Finished,"26 November 2020  11:09 AM","26 November 2020  11:31 AM","22 mins 18 secs",18.21,0.71,2.14,5.36,1.07,1.07,0.71,2.86,3.21,1.07
Moulouel,Myriem,3802291,myriem.moulouel@etu.sorbonne-universite.fr,Finished,"23 November 2020  4:09 PM","23 November 2020  5:52 PM","1 hour 43 mins",16.79,1.07,2.14,5.36,0.71,0.36,0.00,3.21,3.21,0.71
Moyet,Candice,3801474,candice.moyet@etu.sorbonne-universite.fr,Finished,"25 November 2020  10:42 AM","25 November 2020  11:29 AM","47 mins 7 secs",19.64,1.07,2.14,5.36,1.43,1.07,1.07,3.21,3.21,1.07
Nam,Maxime,3301246,maxime.nam@etu.sorbonne-universite.fr,-,-,-,-,-,-,-,-,-,-,-,-,-,-
Naumenko,Polina,3521154,polina.naumenko@etu.sorbonne-universite.fr,-,-,-,-,-,-,-,-,-,-,-,-,-,-
Ngamy,Gianni-Alessandro,3703993,gianni-alessandro.ngamy@etu.sorbonne-universite.fr,Finished,"28 November 2020  6:02 PM","28 November 2020  6:54 PM","51 mins 56 secs",16.70,1.07,2.14,4.91,0.36,1.07,0.71,2.86,3.21,0.36
Nguyen,"Minh Anh",3802621,minh.nguyen.6@etu.sorbonne-universite.fr,Finished,"25 November 2020  10:31 AM","25 November 2020  11:56 AM","1 hour 25 mins",18.21,1.07,2.14,5.36,1.43,0.36,0.71,2.86,3.21,1.07
Niang,Fallou,3803961,fallou.niang@etu.sorbonne-universite.fr,Finished,"27 November 2020  4:07 PM","27 November 2020  5:38 PM","1 hour 31 mins",19.64,1.07,2.14,5.36,1.43,1.07,1.07,3.21,3.21,1.07
"Normand De La Tranchade",François,3671913,francois.normand_de_la_tranchade@etu.sorbonne-universite.fr,Finished,"23 November 2020  4:02 PM","23 November 2020  4:49 PM","46 mins 35 secs",18.57,1.43,2.14,5.36,0.36,0.71,1.07,3.21,3.21,1.07
Oses,Jean-Baptiste,3700565,jean-baptiste.oses@etu.sorbonne-universite.fr,Finished,"27 November 2020  4:08 PM","27 November 2020  5:08 PM","59 mins 30 secs",18.93,1.07,2.14,5.36,1.43,1.07,0.36,3.21,3.21,1.07
Oudjani,Yasmine,3803009,yasmine.oudjani@etu.sorbonne-universite.fr,Finished,"26 November 2020  11:18 AM","26 November 2020  12:39 PM","1 hour 20 mins",19.29,1.43,2.14,5.36,1.43,1.07,0.36,3.21,3.21,1.07
Pareau,Mathilde,3800446,mathilde.pareau@etu.sorbonne-universite.fr,Finished,"23 November 2020  4:07 PM","23 November 2020  4:49 PM","41 mins 49 secs",19.42,1.43,2.14,5.13,1.43,1.07,0.71,3.21,3.21,1.07
Parichault,Antoine,3803454,antoine.parichault@etu.sorbonne-universite.fr,Finished,"25 November 2020  10:40 AM","25 November 2020  11:40 AM","1 hour",17.44,1.43,1.81,4.91,1.07,1.07,0.36,2.50,3.21,1.07
Pironin,Julie,3802614,julie.pironin@etu.sorbonne-universite.fr,Finished,"27 November 2020  10:51 AM","27 November 2020  11:48 AM","56 mins 49 secs",19.06,1.07,2.14,5.13,1.43,1.07,1.07,2.86,3.21,1.07
Polit,Titouan,3800511,titouan.polit@etu.sorbonne-universite.fr,Finished,"25 November 2020  10:18 AM","25 November 2020  11:13 AM","54 mins 16 secs",17.86,1.07,2.14,5.36,1.43,0.00,1.07,2.86,2.86,1.07
Popescu,"Diana Elena",28717024,Diana_Elena.Popescu@etu.sorbonne-universite.fr,Finished,"23 November 2020  4:09 PM","23 November 2020  5:12 PM","1 hour 2 mins",17.63,0.36,2.14,5.13,1.43,1.07,0.36,2.86,3.21,1.07
Poulain,Claire,3679357,claire.poulain@etu.sorbonne-universite.fr,Finished,"27 November 2020  12:25 PM","27 November 2020  12:32 PM","6 mins 35 secs",20.00,1.43,2.14,5.36,1.43,1.07,1.07,3.21,3.21,1.07
Prostakov,Andrey,3802515,andrey.prostakov@etu.sorbonne-universite.fr,Finished,"27 November 2020  4:22 PM","27 November 2020  5:09 PM","47 mins 31 secs",19.64,1.07,2.14,5.36,1.43,1.07,1.07,3.21,3.21,1.07
Quest,Alexis,3703346,alexis.quest@etu.sorbonne-universite.fr,Finished,"27 November 2020  10:53 AM","27 November 2020  11:31 AM","38 mins 11 secs",18.21,1.43,2.14,5.36,0.71,1.07,0.71,2.50,3.21,1.07
Queuvin,Thomas,3700185,thomas.queuvin@etu.sorbonne-universite.fr,-,-,-,-,-,-,-,-,-,-,-,-,-,-
Rapaport,Solal,3711387,solal.rapaport@etu.sorbonne-universite.fr,Finished,"27 November 2020  4:12 PM","27 November 2020  4:35 PM","22 mins 37 secs",20.00,1.43,2.14,5.36,1.43,1.07,1.07,3.21,3.21,1.07
Rayon-Richter,Malou,3708307,malou.rayon-richter@etu.sorbonne-universite.fr,-,-,-,-,-,-,-,-,-,-,-,-,-,-
Rebai,Sofiane,3674205,sofiane.rebai@etu.sorbonne-universite.fr,-,-,-,-,-,-,-,-,-,-,-,-,-,-
"Riffaud De Turckheim",Hugo,3800256,hugo.riffaud_de_turckheim@etu.sorbonne-universite.fr,Finished,"25 November 2020  10:58 AM","25 November 2020  11:54 AM","55 mins 36 secs",18.71,1.43,2.14,5.13,0.71,1.07,0.71,3.21,3.21,1.07
Roch,Stuart,3309168,stuart.roch@etu.sorbonne-universite.fr,Finished,"26 November 2020  11:24 AM","26 November 2020  12:31 PM","1 hour 7 mins",18.93,1.43,2.14,5.36,1.07,1.07,0.71,3.21,3.21,0.71
Roqui,David,3873784,david.roqui@etu.sorbonne-universite.fr,Finished,"27 November 2020  3:56 PM","27 November 2020  4:42 PM","45 mins 56 secs",17.05,1.07,2.14,4.91,1.07,0.71,0.36,2.50,3.21,1.07
Rossi,Johan-Luca,3872354,johan-luca.rossi@etu.sorbonne-universite.fr,Finished,"23 November 2020  4:12 PM","23 November 2020  5:18 PM","1 hour 5 mins",18.57,1.07,2.14,5.36,1.43,1.07,0.36,2.86,3.21,1.07
Rouba,Islam,3802420,islam.rouba@etu.sorbonne-universite.fr,Finished,"27 November 2020  4:04 PM","27 November 2020  4:46 PM","41 mins 36 secs",19.64,1.07,2.14,5.36,1.43,1.07,1.07,3.21,3.21,1.07
Rzeszutko,Kamil,2800282,kamil.rzeszutko@etu.sorbonne-universite.fr,"Never submitted","26 November 2020  11:14 AM",-,-,-,-,-,-,-,-,-,-,-,-
Sabatino,Francesco,3811132,francesco.sabatino@etu.sorbonne-universite.fr,Finished,"23 November 2020  9:56 PM","23 November 2020  10:35 PM","39 mins 2 secs",18.35,1.07,2.14,5.13,1.43,1.07,1.07,2.50,3.21,0.71
Saber,Hakim,3415762,hakim.saber@etu.sorbonne-universite.fr,Finished,"26 November 2020  11:22 AM","26 November 2020  12:05 PM","42 mins 25 secs",18.57,1.07,2.14,5.36,1.43,0.36,0.71,3.21,3.21,1.07
Saichi,Lina,3803151,lina.saichi@etu.sorbonne-universite.fr,Finished,"27 November 2020  3:59 PM","27 November 2020  5:34 PM","1 hour 34 mins",19.64,1.07,2.14,5.36,1.43,1.07,1.07,3.21,3.21,1.07
Salfati,Elisa,3800104,elisa.salfati@etu.sorbonne-universite.fr,Finished,"25 November 2020  10:29 AM","25 November 2020  11:09 AM","39 mins 52 secs",18.90,1.43,1.98,5.13,1.43,1.07,1.07,2.50,3.21,1.07
Sameur,Samir,3872902,samir.sameur@etu.sorbonne-universite.fr,-,-,-,-,-,-,-,-,-,-,-,-,-,-
Seang,Chea-Jimmy,3703893,chea-jimmy.seang@etu.sorbonne-universite.fr,Finished,"27 November 2020  10:51 AM","27 November 2020  12:04 PM","1 hour 12 mins",20.00,1.43,2.14,5.36,1.43,1.07,1.07,3.21,3.21,1.07
Selliah,Sarujen,3701184,sarujen.selliah@etu.sorbonne-universite.fr,Finished,"25 November 2020  10:38 AM","25 November 2020  11:44 AM","1 hour 5 mins",17.63,1.07,2.14,5.13,0.71,1.07,0.71,3.21,3.21,0.36
Sennour,"Mohammed Wail",28616082,mohammed.sennour@etu.sorbonne-universite.fr,Finished,"27 November 2020  4:13 PM","27 November 2020  4:58 PM","44 mins 9 secs",19.64,1.07,2.14,5.36,1.43,1.07,1.07,3.21,3.21,1.07
Senyuz,"Miray Suzan",3802805,miray.senyuz@etu.sorbonne-universite.fr,Finished,"27 November 2020  3:56 PM","27 November 2020  5:18 PM","1 hour 21 mins",19.64,1.07,2.14,5.36,1.43,1.07,1.07,3.21,3.21,1.07
Serraf,Dan,3971120,dan.serraf@etu.sorbonne-universite.fr,Finished,"23 November 2020  4:40 PM","23 November 2020  6:14 PM","1 hour 33 mins",18.35,1.07,2.14,5.13,1.43,1.07,0.71,2.50,3.21,1.07
Sidia,Amir,3670888,amir.sidia@etu.sorbonne-universite.fr,-,-,-,-,-,-,-,-,-,-,-,-,-,-
Simion,Mathys,28705217,Mathys.Simion@etu.sorbonne-universite.fr,-,-,-,-,-,-,-,-,-,-,-,-,-,-
Slimani,Hiba,3703036,hiba.slimani@etu.sorbonne-universite.fr,-,-,-,-,-,-,-,-,-,-,-,-,-,-
Song,Yifei,3970712,yifei.song@etu.sorbonne-universite.fr,Finished,"27 November 2020  4:07 PM","27 November 2020  5:12 PM","1 hour 4 mins",18.35,1.07,2.14,5.13,1.43,1.07,0.36,2.86,3.21,1.07
Soulignadeth,Willy,3800002,willy.soulignadeth@etu.sorbonne-universite.fr,Finished,"23 November 2020  4:07 PM","23 November 2020  5:08 PM","1 hour",17.86,0.36,2.14,5.36,0.71,1.07,1.07,2.86,3.21,1.07
Soutil,Aurélien,3700451,aurelien.soutil@etu.sorbonne-universite.fr,Finished,"27 November 2020  4:00 PM","27 November 2020  4:58 PM","58 mins 49 secs",18.71,1.07,2.14,5.13,1.43,1.07,0.36,3.21,3.21,1.07
Sow,Fatou,28503374,fatou.sow.2@etu.sorbonne-universite.fr,Finished,"25 November 2020  10:37 AM","25 November 2020  11:57 AM","1 hour 20 mins",19.06,1.43,2.14,5.13,1.43,1.07,0.71,2.86,3.21,1.07
Suhana,Satria,3800274,satria.suhana@etu.sorbonne-universite.fr,"Never submitted","27 November 2020  5:05 PM",-,-,-,-,-,-,-,-,-,-,-,-
Sy,"Virak Bot Baramy",3407325,virak.sy@etu.sorbonne-universite.fr,Finished,"23 November 2020  4:12 PM","23 November 2020  5:43 PM","1 hour 31 mins",18.71,1.07,2.14,5.13,1.43,0.71,0.71,3.21,3.21,1.07
Szczerba,Kamil,28614283,kamil.szczerba@etu.sorbonne-universite.fr,Finished,"23 November 2020  4:30 PM","23 November 2020  5:03 PM","32 mins 51 secs",19.64,1.07,2.14,5.36,1.43,1.07,1.07,3.21,3.21,1.07
Taleb,Rida,3804264,rida.taleb@etu.sorbonne-universite.fr,Finished,"27 November 2020  3:57 PM","27 November 2020  4:33 PM","36 mins 6 secs",20.00,1.43,2.14,5.36,1.43,1.07,1.07,3.21,3.21,1.07
Tang,Christophe,3802892,christophe.tang@etu.sorbonne-universite.fr,Finished,"27 November 2020  3:54 PM","27 November 2020  5:08 PM","1 hour 13 mins",18.93,1.43,2.14,5.36,1.43,1.07,0.71,3.21,3.21,0.36
Tat,Jonathan,3874133,jonathan.tat@etu.sorbonne-universite.fr,"Never submitted","25 November 2020  12:51 PM",-,-,-,-,-,-,-,-,-,-,-,-
Tchen,Clement,3703339,clement.tchen@etu.sorbonne-universite.fr,-,-,-,-,-,-,-,-,-,-,-,-,-,-
Thelineau,Jeremy,3200147,jeremy.thelineau@etu.sorbonne-universite.fr,-,-,-,-,-,-,-,-,-,-,-,-,-,-
Theodosiou,Michalis,3151223,michalis.theodosiou@etu.sorbonne-universite.fr,-,-,-,-,-,-,-,-,-,-,-,-,-,-
Theret,Ingrid,3201608,ingrid.theret@etu.sorbonne-universite.fr,Finished,"27 November 2020  10:51 AM","27 November 2020  12:04 PM","1 hour 13 mins",20.00,1.43,2.14,5.36,1.43,1.07,1.07,3.21,3.21,1.07
Thiam,Mohamed,3672502,mohamed.thiam@etu.sorbonne-universite.fr,Finished,"27 November 2020  4:14 PM","27 November 2020  5:13 PM","58 mins 9 secs",15.10,1.07,1.98,4.91,0.36,0.71,0.36,2.50,2.50,0.71
Thurairajah,Shaithan,3802984,shaithan.thurairajah@etu.sorbonne-universite.fr,Finished,"27 November 2020  4:12 PM","27 November 2020  5:34 PM","1 hour 22 mins",19.64,1.07,2.14,5.36,1.43,1.07,1.07,3.21,3.21,1.07
Tibi,Gad,3801996,gad.tibi@etu.sorbonne-universite.fr,Finished,"25 November 2020  10:50 AM","25 November 2020  11:43 AM","53 mins 24 secs",18.71,1.07,2.14,5.13,1.43,1.07,1.07,2.50,3.21,1.07
Toullalan,Antoine,3706648,antoine.toullalan@etu.sorbonne-universite.fr,"Never submitted","23 November 2020  6:58 PM",-,-,-,-,-,-,-,-,-,-,-,-
Tran,Kevin,3700914,kevin.tran@etu.sorbonne-universite.fr,Finished,"23 November 2020  4:48 PM","23 November 2020  6:26 PM","1 hour 38 mins",17.99,1.07,2.14,5.13,1.43,1.07,0.36,2.86,2.86,1.07
Traore,Khadidja,3800559,khadidja.traore@etu.sorbonne-universite.fr,Finished,"23 November 2020  4:57 PM","23 November 2020  6:03 PM","1 hour 6 mins",19.06,1.43,2.14,5.13,1.43,1.07,1.07,2.50,3.21,1.07
Trouve,Alex,3700052,alex.trouve@etu.sorbonne-universite.fr,Finished,"27 November 2020  10:51 AM","27 November 2020  12:08 PM","1 hour 17 mins",19.18,1.43,1.32,5.36,1.43,1.07,1.07,3.21,3.21,1.07
Ung,Thierry,3804472,thierry.ung@etu.sorbonne-universite.fr,Finished,"23 November 2020  5:03 PM","23 November 2020  6:17 PM","1 hour 13 mins",17.63,1.07,2.14,5.13,1.43,1.07,0.36,2.50,3.21,0.71
"Van Remoortere",Pierre,28007865,pierre.van_remoortere.1@etu.sorbonne-universite.fr,Finished,"23 November 2020  4:07 PM","23 November 2020  4:48 PM","40 mins 39 secs",19.29,1.07,2.14,5.36,1.07,1.07,1.07,3.21,3.21,1.07
Vang,Danny,3670334,danny.vang@etu.sorbonne-universite.fr,Finished,"23 November 2020  4:13 PM","23 November 2020  5:08 PM","54 mins 39 secs",19.64,1.07,2.14,5.36,1.43,1.07,1.07,3.21,3.21,1.07
Vanrycke,Loann,3811248,loann.vanrycke@etu.sorbonne-universite.fr,-,-,-,-,-,-,-,-,-,-,-,-,-,-
Villard,Lorenzo,3801327,lorenzo.villard@etu.sorbonne-universite.fr,-,-,-,-,-,-,-,-,-,-,-,-,-,-
Xu,Jin,3700044,jin.xu@etu.sorbonne-universite.fr,Finished,"23 November 2020  4:10 PM","23 November 2020  5:40 PM","1 hour 30 mins",14.15,1.07,2.14,3.79,0.71,0.00,0.00,2.86,2.86,0.71
Yalcin,Mehmet,3702332,mehmet.yalcin@etu.sorbonne-universite.fr,Finished,"27 November 2020  4:13 PM","27 November 2020  5:46 PM","1 hour 33 mins",17.99,1.07,2.14,5.13,1.43,1.07,0.71,2.50,3.21,0.71
Yang,Qing,3872484,qing.yang@etu.sorbonne-universite.fr,Finished,"23 November 2020  4:10 PM","23 November 2020  5:40 PM","1 hour 30 mins",15.42,1.43,1.98,3.79,1.07,0.36,0.00,2.86,3.21,0.71
Yao,Qingyuan,3970770,qingyuan.yao@etu.sorbonne-universite.fr,Finished,"26 November 2020  11:18 AM","26 November 2020  12:01 PM","42 mins 38 secs",19.29,1.07,2.14,5.36,1.43,1.07,0.71,3.21,3.21,1.07
Ye,William,3413637,william.ye@etu.sorbonne-universite.fr,Finished,"23 November 2020  5:00 PM","23 November 2020  6:45 PM","1 hour 44 mins",18.93,1.07,2.14,5.36,1.43,1.07,0.71,3.21,2.86,1.07
Zerrouki,Elies,3802658,elies.zerrouki@etu.sorbonne-universite.fr,Finished,"27 November 2020  4:00 PM","27 November 2020  5:23 PM","1 hour 22 mins",19.64,1.07,2.14,5.36,1.43,1.07,1.07,3.21,3.21,1.07
Zhang,Kevin,3520893,kevin.zhang@etu.sorbonne-universite.fr,Finished,"23 November 2020  4:45 PM","23 November 2020  6:25 PM","1 hour 40 mins",17.99,1.07,2.14,5.13,1.43,1.07,0.36,2.86,2.86,1.07
Zhang,Kate,3800131,kate.zhang@etu.sorbonne-universite.fr,Finished,"26 November 2020  11:18 AM","26 November 2020  12:02 PM","43 mins 21 secs",19.29,1.07,2.14,5.36,1.43,1.07,0.71,3.21,3.21,1.07
Zhang,Eric,3800297,eric.zhang@etu.sorbonne-universite.fr,Finished,"27 November 2020  10:52 AM","27 November 2020  11:29 AM","36 mins 40 secs",19.64,1.43,2.14,5.36,1.07,1.07,1.07,3.21,3.21,1.07
Zhao,Cong,2351624,cong.zhao@etu.sorbonne-universite.fr,-,-,-,-,-,-,-,-,-,-,-,-,-,-
Zheng,Luc,3710230,luc.zheng@etu.sorbonne-universite.fr,-,-,-,-,-,-,-,-,-,-,-,-,-,-
Zhou,Jean-Marc,28008879,jean-marc.zhou@etu.sorbonne-universite.fr,Finished,"27 November 2020  4:02 PM","27 November 2020  4:42 PM","39 mins 55 secs",19.06,1.07,2.14,5.13,1.43,1.07,0.71,3.21,3.21,1.07
Ziegler,Clara,3709947,clara.ziegler@etu.sorbonne-universite.fr,Finished,"27 November 2020  4:00 PM","27 November 2020  5:09 PM","1 hour 8 mins",18.93,1.07,2.14,5.36,1.43,1.07,0.71,2.86,3.21,1.07
Zinopoulos-Yannopoulos,Florian,3708962,florian.zinopoulos-yannopoulos@etu.sorbonne-universite.fr,Finished,"23 November 2020  4:10 PM","23 November 2020  5:20 PM","1 hour 10 mins",19.64,1.43,2.14,5.36,1.43,1.07,0.71,3.21,3.21,1.07
"Zou Al Guyna",Louai,3680880,louai.zou_al_guyna@etu.sorbonne-universite.fr,-,-,-,-,-,-,-,-,-,-,-,-,-,-
"Overall average",,,,,,,,18.79,1.18,2.08,5.24,1.31,0.96,0.80,3.06,3.16,1.00
