﻿Surname,"First name","ID number","Email address",State,"Started on",Completed,"Time taken",Grade/20.00,"Q. 1 /0.39","Q. 2 /0.39","Q. 3 /0.39","Q. 4 /0.39","Q. 5 /1.57","Q. 6 /0.39","Q. 7 /0.39","Q. 8 /1.57","Q. 9 /0.78","Q. 10 /3.14","Q. 11 /0.39","Q. 12 /1.57","Q. 13 /1.57","Q. 14 /4.71","Q. 15 /0.78","Q. 16 /1.57"
Aallam,Mohamed,3802135,mohamed.aallam@etu.sorbonne-universite.fr,Finished,"4 December 2020  2:30 PM","4 December 2020  3:27 PM","56 mins 31 secs",17.75,0.39,0.39,0.39,0.39,1.57,0.00,0.39,1.57,0.78,2.85,0.39,1.18,1.18,4.31,0.78,1.18
Abdalaziz,"Youssef Alaa Elsayye",3803619,youssef.abdalaziz@etu.sorbonne-universite.fr,Finished,"30 November 2020  4:23 PM","30 November 2020  6:06 PM","1 hour 43 mins",14.90,0.39,0.39,0.00,0.39,1.57,0.39,0.39,0.00,0.78,1.57,0.39,1.18,1.57,3.53,0.78,1.57
Abderrahmen,"Mohamed Aziz",3802009,mohamed.abderrahmen@etu.sorbonne-universite.fr,Finished,"4 December 2020  3:50 PM","4 December 2020  5:04 PM","1 hour 13 mins",19.47,0.39,0.39,0.39,0.39,1.57,0.39,0.39,1.57,0.78,2.99,0.39,1.57,1.57,4.31,0.78,1.57
Abitbol,Yossef,3804139,yossef.abitbol@etu.sorbonne-universite.fr,Finished,"4 December 2020  4:00 PM","4 December 2020  5:34 PM","1 hour 34 mins",19.47,0.39,0.39,0.39,0.39,1.57,0.39,0.39,1.57,0.78,2.99,0.39,1.57,1.57,4.31,0.78,1.57
Ajuelos,Emmanuel,3800432,emmanuel.ajuelos@etu.sorbonne-universite.fr,Finished,"30 November 2020  3:51 PM","30 November 2020  5:20 PM","1 hour 28 mins",16.76,0.00,0.39,0.00,0.39,1.57,0.39,0.39,1.57,0.78,1.85,0.39,1.57,1.18,4.31,0.78,1.18
"Al- Jawhi",Abdullah,28625228,abdullah.al_jawhi@etu.sorbonne-universite.fr,-,-,-,-,-,-,-,-,-,-,-,-,-,-,-,-,-,-,-,-,-
Ammour,Amine,3876256,amine.ammour@etu.sorbonne-universite.fr,Finished,"4 December 2020  11:54 AM","4 December 2020  12:14 PM","19 mins 26 secs",18.15,0.39,0.39,0.39,0.39,1.57,0.39,0.39,1.57,0.78,2.85,0.39,1.18,1.18,4.31,0.78,1.18
Anki-Zuccarello,Kenza,3800473,kenza.anki-zuccarello@etu.sorbonne-universite.fr,-,-,-,-,-,-,-,-,-,-,-,-,-,-,-,-,-,-,-,-,-
Anki-Zuccarello,Kenza,28502318,kenza.anki.1@etu.sorbonne-universite.fr,Finished,"2 December 2020  11:06 AM","2 December 2020  12:51 PM","1 hour 45 mins",18.15,0.00,0.39,0.39,0.39,1.57,0.39,0.39,1.57,0.78,2.85,0.39,1.18,1.57,3.92,0.78,1.57
Aral,Arda,3702388,arda.aral@etu.sorbonne-universite.fr,Finished,"2 December 2020  11:06 AM","2 December 2020  12:51 PM","1 hour 44 mins",16.11,0.39,0.39,0.39,0.39,1.57,0.39,0.39,1.57,0.78,2.00,0.39,1.57,1.57,2.75,0.78,0.78
Arichandra,Santhos,3802651,santhos.arichandra@etu.sorbonne-universite.fr,Finished,"4 December 2020  11:00 AM","4 December 2020  12:10 PM","1 hour 9 mins",19.08,0.39,0.39,0.39,0.39,1.47,0.39,0.39,1.57,0.78,2.71,0.39,1.57,1.57,4.31,0.78,1.57
Armenoult,Ludovic,3416871,ludovic.armenoult@etu.sorbonne-universite.fr,Finished,"2 December 2020  11:05 AM","2 December 2020  12:33 PM","1 hour 27 mins",17.42,0.00,0.39,0.00,0.39,1.57,0.20,0.39,1.18,0.78,2.71,0.39,1.57,1.57,4.31,0.78,1.18
Arrous,Clement,3671634,clement.arrous@etu.sorbonne-universite.fr,"Never submitted","4 December 2020  7:37 PM",-,-,-,-,-,-,-,-,-,-,-,-,-,-,-,-,-,-,-
Audoux,Marion,3700108,marion.audoux@etu.sorbonne-universite.fr,Finished,"30 November 2020  4:18 PM","30 November 2020  5:40 PM","1 hour 22 mins",15.90,0.39,0.39,0.00,0.39,1.57,0.39,0.39,1.18,0.78,1.00,0.39,1.18,1.57,4.31,0.78,1.18
Audras,Antoine,3410283,antoine.audras@etu.sorbonne-universite.fr,Finished,"4 December 2020  2:48 PM","4 December 2020  4:06 PM","1 hour 17 mins",19.61,0.39,0.39,0.39,0.39,1.57,0.39,0.39,1.57,0.78,3.14,0.39,1.57,1.57,4.31,0.78,1.57
Ayadi,Anis,3802501,anis.ayadi@etu.sorbonne-universite.fr,Finished,"4 December 2020  4:05 PM","4 December 2020  5:24 PM","1 hour 19 mins",19.22,0.00,0.39,0.39,0.39,1.57,0.39,0.39,1.57,0.78,3.14,0.39,1.57,1.57,4.31,0.78,1.57
Azar,Jane,3803112,jane.azar@etu.sorbonne-universite.fr,Finished,"4 December 2020  3:46 PM","4 December 2020  5:31 PM","1 hour 44 mins",18.89,0.39,0.39,0.39,0.39,1.57,0.39,0.39,1.57,0.78,2.42,0.39,1.57,1.57,4.31,0.78,1.57
Azoui,Rayane,28710978,Rayane.Azoui@etu.sorbonne-universite.fr,Finished,"30 November 2020  4:03 PM","30 November 2020  5:44 PM","1 hour 41 mins",16.08,0.39,0.39,0.39,0.39,1.57,0.39,0.39,1.57,0.78,1.57,0.39,1.18,1.57,3.53,0.78,0.78
Badriouiche,Mohamed,3701404,mohamed.badriouiche@etu.sorbonne-universite.fr,Finished,"4 December 2020  4:26 PM","4 December 2020  4:46 PM","20 mins 41 secs",19.22,0.39,0.39,0.39,0.39,1.57,0.00,0.39,1.57,0.78,3.14,0.39,1.57,1.57,4.31,0.78,1.57
Baker,Thomas,3700144,thomas.baker@etu.sorbonne-universite.fr,Finished,"30 November 2020  5:17 PM","30 November 2020  6:46 PM","1 hour 29 mins",17.33,0.00,0.39,0.00,0.39,1.57,0.39,0.39,1.57,0.78,2.42,0.39,1.57,1.18,4.31,0.78,1.18
Baraket,Msalem,3804929,msalem.baraket@etu.sorbonne-universite.fr,Finished,"4 December 2020  4:14 PM","4 December 2020  5:49 PM","1 hour 35 mins",18.82,0.39,0.39,0.39,0.39,1.57,0.00,0.39,1.57,0.78,3.14,0.39,1.57,1.57,4.31,0.39,1.57
Barbier,Marie,3802734,marie.barbier.1@etu.sorbonne-universite.fr,"Never submitted","2 December 2020  11:04 AM",-,-,-,-,-,-,-,-,-,-,-,-,-,-,-,-,-,-,-
Barbier,Marie,3802734,marie.barbier.1@etu.sorbonne-universite.fr,Finished,"4 December 2020  9:56 AM","4 December 2020  11:07 AM","1 hour 10 mins",17.25,0.39,0.39,0.39,0.39,1.57,0.39,0.39,1.57,0.78,1.57,0.39,1.18,1.57,4.31,0.78,1.18
Belazouz,Bourhan-Eddine,3208353,bourhan-eddine.belazouz@etu.sorbonne-universite.fr,Finished,"4 December 2020  3:44 PM","4 December 2020  5:08 PM","1 hour 24 mins",19.61,0.39,0.39,0.39,0.39,1.57,0.39,0.39,1.57,0.78,3.14,0.39,1.57,1.57,4.31,0.78,1.57
Bellut,Quentin,3710439,quentin.bellut@etu.sorbonne-universite.fr,Finished,"2 December 2020  11:02 AM","2 December 2020  12:28 PM","1 hour 26 mins",17.97,0.39,0.39,0.39,0.39,1.57,0.39,0.39,1.57,0.78,2.28,0.39,1.18,1.57,4.31,0.78,1.18
"Ben Attar",Ethan,3670543,ethan.ben_attar@etu.sorbonne-universite.fr,Finished,"2 December 2020  11:05 AM","2 December 2020  12:45 PM","1 hour 40 mins",15.69,0.39,0.39,0.39,0.39,1.18,0.39,0.39,0.39,0.78,3.14,0.00,0.78,0.78,3.92,0.78,1.57
Benabdallah,Ali,3806311,ali.benabdallah@etu.sorbonne-universite.fr,Finished,"4 December 2020  2:46 PM","4 December 2020  4:03 PM","1 hour 17 mins",19.61,0.39,0.39,0.39,0.39,1.57,0.39,0.39,1.57,0.78,3.14,0.39,1.57,1.57,4.31,0.78,1.57
Bencherif,Nabil,3710493,nabil.bencherif@etu.sorbonne-universite.fr,Finished,"4 December 2020  4:39 PM","4 December 2020  5:26 PM","46 mins 43 secs",18.30,0.39,0.39,0.39,0.39,1.47,0.39,0.39,1.57,0.78,2.71,0.39,1.57,1.57,3.92,0.78,1.18
Benjamin-Jeyaseelan,"Benjamin Julius",3671340,benjamin.benjamin-jeyaseelan@etu.sorbonne-universite.fr,Finished,"4 December 2020  11:00 AM","4 December 2020  12:11 PM","1 hour 11 mins",19.22,0.39,0.39,0.39,0.39,1.57,0.39,0.39,1.57,0.78,3.14,0.39,1.18,1.57,4.31,0.78,1.57
Bensafia,"Chems Eddine",28717430,Chems_Eddine.Bensafia@etu.sorbonne-universite.fr,Finished,"4 December 2020  3:14 PM","4 December 2020  4:45 PM","1 hour 30 mins",19.47,0.39,0.39,0.39,0.39,1.57,0.39,0.39,1.57,0.78,2.99,0.39,1.57,1.57,4.31,0.78,1.57
Benyahia,Sami,3677177,sami.benyahia@etu.sorbonne-universite.fr,Finished,"4 December 2020  4:01 PM","4 December 2020  5:33 PM","1 hour 31 mins",13.85,0.39,0.39,0.00,0.39,1.57,0.20,0.39,1.18,0.39,0.71,0.39,0.78,1.18,3.53,0.78,1.57
Bernier,Téo,3670574,teo.bernier@etu.sorbonne-universite.fr,Finished,"3 December 2020  8:32 PM","3 December 2020  9:41 PM","1 hour 9 mins",14.62,0.00,0.39,0.00,0.00,1.57,0.39,0.39,0.39,0.39,1.28,0.39,1.18,1.57,4.31,0.78,1.57
Bettahar,"Mohamed El Amine",28616068,mohamed.bettahar@etu.sorbonne-universite.fr,Finished,"4 December 2020  4:05 PM","4 December 2020  5:21 PM","1 hour 15 mins",19.22,0.39,0.39,0.39,0.39,1.57,0.00,0.39,1.57,0.78,3.14,0.39,1.57,1.57,4.31,0.78,1.57
Boubrik,Ihsane,3670795,ihsane.boubrik@etu.sorbonne-universite.fr,Finished,"4 December 2020  11:06 AM","4 December 2020  12:10 PM","1 hour 3 mins",19.61,0.39,0.39,0.39,0.39,1.57,0.39,0.39,1.57,0.78,3.14,0.39,1.57,1.57,4.31,0.78,1.57
Boudarene,Samy,3801935,samy.boudarene@etu.sorbonne-universite.fr,Finished,"4 December 2020  12:53 PM","4 December 2020  2:34 PM","1 hour 41 mins",17.51,0.39,0.39,0.39,0.39,1.47,0.00,0.39,1.57,0.78,2.71,0.39,1.18,1.18,4.31,0.78,1.18
Bougherara,Adan,3680559,adan.bougherara@etu.sorbonne-universite.fr,Finished,"4 December 2020  4:03 PM","4 December 2020  5:10 PM","1 hour 7 mins",16.08,0.00,0.39,0.00,0.39,1.57,0.39,0.39,1.57,0.39,1.57,0.39,1.18,1.57,4.31,0.78,1.18
Bourekh,Zidane,3677063,zidane.bourekh@etu.sorbonne-universite.fr,Finished,"4 December 2020  4:48 PM","4 December 2020  4:59 PM","10 mins 31 secs",19.22,0.39,0.39,0.39,-,1.57,0.39,0.39,1.57,0.78,3.14,0.39,1.57,1.57,4.31,0.78,1.57
Bourlette,Lucas,3672216,lucas.bourlette@etu.sorbonne-universite.fr,Finished,"4 December 2020  4:24 PM","4 December 2020  4:35 PM","10 mins 41 secs",19.22,0.39,0.39,0.00,0.39,1.57,0.39,0.39,1.57,0.78,3.14,0.39,1.57,1.57,4.31,0.78,1.57
Bourmault,Adrien,3677850,adrien.bourmault@etu.sorbonne-universite.fr,-,-,-,-,-,-,-,-,-,-,-,-,-,-,-,-,-,-,-,-,-
Bouyoucef,Assirem,3971113,assirem.bouyoucef@etu.sorbonne-universite.fr,Finished,"4 December 2020  11:10 AM","4 December 2020  12:29 PM","1 hour 19 mins",19.61,0.39,0.39,0.39,0.39,1.57,0.39,0.39,1.57,0.78,3.14,0.39,1.57,1.57,4.31,0.78,1.57
Bouzouaoui,Anes,28616582,anes.bouzouaoui@etu.sorbonne-universite.fr,Finished,"4 December 2020  4:31 PM","4 December 2020  4:52 PM","20 mins 53 secs",19.07,0.39,0.39,0.39,0.39,1.57,0.39,0.39,1.57,0.78,2.99,0.39,1.57,1.57,4.31,0.78,1.18
Boyadjiev,Todor,28507548,todor.boyadjiev.2@etu.sorbonne-universite.fr,Finished,"4 December 2020  3:37 PM","4 December 2020  4:54 PM","1 hour 17 mins",14.67,0.00,0.00,0.00,0.39,1.57,0.39,0.20,1.57,0.78,1.14,0.39,1.57,1.18,4.31,0.00,1.18
Brasseur,Gaëtan,3802696,gaetan.brasseur@etu.sorbonne-universite.fr,Finished,"4 December 2020  3:25 PM","4 December 2020  4:03 PM","38 mins 39 secs",7.04,0.00,0.00,0.00,0.39,1.37,0.20,0.20,0.00,0.78,2.14,0.39,0.39,1.18,-,-,-
Brihmouche,Yacine,28717951,Yacine.Brihmouche@etu.sorbonne-universite.fr,Finished,"30 November 2020  6:36 PM","30 November 2020  8:20 PM","1 hour 44 mins",16.69,0.00,0.39,0.00,0.39,1.47,0.39,0.39,1.57,0.78,2.28,0.39,1.57,1.18,3.92,0.78,1.18
Buisson,Marc,28614429,marc.buisson@etu.sorbonne-universite.fr,-,-,-,-,-,-,-,-,-,-,-,-,-,-,-,-,-,-,-,-,-
Canitrot,Julien,3803521,julien.canitrot@etu.sorbonne-universite.fr,Finished,"4 December 2020  4:00 PM","4 December 2020  5:34 PM","1 hour 34 mins",17.29,0.39,0.39,0.39,0.39,1.57,0.39,0.39,1.57,0.39,2.00,0.39,1.18,1.57,4.31,0.78,1.18
Carton,Lorris,3521310,lorris.carton@etu.sorbonne-universite.fr,Finished,"4 December 2020  6:49 PM","4 December 2020  7:28 PM","38 mins 38 secs",2.35,0.00,0.39,0.00,0.39,0.00,0.20,0.20,0.00,0.00,0.00,0.39,0.00,0.00,0.00,0.00,0.78
Carvalho,Lorenzo,3700288,lorenzo.carvalho@etu.sorbonne-universite.fr,Finished,"4 December 2020  4:03 PM","4 December 2020  5:44 PM","1 hour 40 mins",14.10,0.00,0.39,0.00,0.39,1.57,0.39,0.20,0.78,0.78,0.57,0.39,1.18,1.57,4.31,0.78,0.78
Cassan,Jules,3810883,jules.cassan@etu.sorbonne-universite.fr,Finished,"4 December 2020  4:02 PM","4 December 2020  5:10 PM","1 hour 7 mins",16.47,0.00,0.39,0.00,0.39,1.57,0.39,0.39,1.57,0.78,1.57,0.39,1.18,1.57,4.31,0.78,1.18
Chafai,Tinhinane,3802927,tinhinane.chafai@etu.sorbonne-universite.fr,Finished,"4 December 2020  3:51 PM","4 December 2020  5:20 PM","1 hour 29 mins",18.43,0.00,0.39,0.39,0.39,1.57,0.39,0.39,0.78,0.78,3.14,0.39,1.57,1.57,4.31,0.78,1.57
"Chan Yip Hon",Boris,3706553,boris.chan_yip_hon@etu.sorbonne-universite.fr,Finished,"4 December 2020  11:01 AM","4 December 2020  12:34 PM","1 hour 32 mins",18.27,0.39,0.39,0.39,0.39,1.57,0.39,0.20,1.57,0.78,2.00,0.39,1.57,1.57,4.31,0.78,1.57
Chea,Sophie,3708951,sophie.chea@etu.sorbonne-universite.fr,Finished,"2 December 2020  11:07 AM","2 December 2020  12:48 PM","1 hour 40 mins",18.75,0.39,0.39,0.39,0.39,1.57,0.39,0.39,1.57,0.78,2.28,0.39,1.57,1.57,4.31,0.78,1.57
Chen,Jinhe,3802503,jinhe.chen@etu.sorbonne-universite.fr,-,-,-,-,-,-,-,-,-,-,-,-,-,-,-,-,-,-,-,-,-
Cherfaoui,Sarah,3874223,sarah.cherfaoui@etu.sorbonne-universite.fr,-,-,-,-,-,-,-,-,-,-,-,-,-,-,-,-,-,-,-,-,-
Cherfaoui,Melissa,28720090,Melissa.Cherfaoui@etu.sorbonne-universite.fr,Finished,"4 December 2020  4:02 PM","4 December 2020  5:45 PM","1 hour 42 mins",16.08,0.00,0.39,0.00,0.39,1.57,0.39,0.39,1.57,0.78,1.57,0.39,1.18,1.18,4.31,0.78,1.18
Chitu,Alex,3701943,alex.chitu@etu.sorbonne-universite.fr,"Never submitted","4 December 2020  11:26 AM",-,-,-,-,-,-,-,-,-,-,-,-,-,-,-,-,-,-,-
Cineus,Dylan,3302425,dylan.cineus@etu.sorbonne-universite.fr,-,-,-,-,-,-,-,-,-,-,-,-,-,-,-,-,-,-,-,-,-
Ciocan,Clara,3801875,clara.ciocan@etu.sorbonne-universite.fr,Finished,"4 December 2020  3:59 PM","4 December 2020  5:35 PM","1 hour 35 mins",18.07,0.39,0.39,0.39,0.39,1.57,0.39,0.39,1.57,0.78,2.00,0.39,1.18,1.57,4.31,0.78,1.57
Cleuziou,Karl,3800455,karl.cleuziou@etu.sorbonne-universite.fr,Finished,"3 December 2020  1:03 AM","3 December 2020  2:36 AM","1 hour 33 mins",17.72,0.39,0.39,0.39,0.39,1.57,0.39,0.39,1.57,0.39,2.42,0.39,1.57,1.57,4.31,0.78,0.78
Colin,Jacques,3700584,jacques.colin@etu.sorbonne-universite.fr,Finished,"2 December 2020  11:06 AM","2 December 2020  12:41 PM","1 hour 34 mins",0.00,0.00,-,-,-,-,-,-,-,-,-,-,-,-,-,-,-
Coudert,Louis,3800333,louis.coudert@etu.sorbonne-universite.fr,Finished,"30 November 2020  4:23 PM","30 November 2020  5:55 PM","1 hour 32 mins",17.36,0.39,0.39,0.39,0.39,1.57,0.39,0.39,1.57,0.78,1.28,0.39,1.57,1.57,4.31,0.78,1.18
Dauvet,Haron,3700463,haron.dauvet@etu.sorbonne-universite.fr,Finished,"3 December 2020  7:47 PM","3 December 2020  8:31 PM","44 mins 23 secs",16.36,0.00,0.39,0.00,0.39,1.57,0.39,0.39,1.57,0.78,1.85,0.00,1.57,1.18,4.31,0.78,1.18
"De Castelbajac",Matthieu,3800411,matthieu.de_castelbajac@etu.sorbonne-universite.fr,Finished,"3 December 2020  2:09 PM","3 December 2020  3:10 PM","1 hour",16.58,0.39,0.39,0.39,0.39,1.57,0.39,0.39,1.57,0.78,1.28,0.39,1.18,1.57,3.92,0.78,1.18
Delgado,Thomas,3407716,thomas.delgado@etu.sorbonne-universite.fr,-,-,-,-,-,-,-,-,-,-,-,-,-,-,-,-,-,-,-,-,-
Demeulenaere,Vivien,3706539,vivien.demeulenaere@etu.sorbonne-universite.fr,Finished,"4 December 2020  4:03 PM","4 December 2020  5:10 PM","1 hour 6 mins",16.61,0.00,0.39,0.00,0.39,1.57,0.39,0.39,1.57,0.78,1.71,0.39,1.18,1.57,4.31,0.78,1.18
Djouahra,"Mohamed Akram",28718098,Mohamed_Akram.Djouahra@etu.sorbonne-universite.fr,Finished,"4 December 2020  3:06 PM","4 December 2020  4:51 PM","1 hour 44 mins",16.76,0.39,0.39,0.39,0.39,1.47,0.39,0.39,1.18,0.39,1.57,0.39,0.78,1.57,4.71,0.78,1.57
Djouder,Sarah,3970876,sarah.djouder@etu.sorbonne-universite.fr,Finished,"4 December 2020  4:03 PM","4 December 2020  5:24 PM","1 hour 20 mins",19.61,0.39,0.39,0.39,0.39,1.57,0.39,0.39,1.57,0.78,3.14,0.39,1.57,1.57,4.31,0.78,1.57
Doucouré,Dramane,3520680,dramane.doucoure@etu.sorbonne-universite.fr,Finished,"4 December 2020  11:11 AM","4 December 2020  11:22 AM","11 mins 20 secs",17.36,0.39,0.39,0.39,0.39,1.57,0.39,0.39,1.57,0.78,2.85,0.39,1.18,1.18,3.53,0.78,1.18
Drouin,Reza,3800042,reza.drouin@etu.sorbonne-universite.fr,Finished,"4 December 2020  3:03 PM","4 December 2020  4:17 PM","1 hour 13 mins",14.22,0.39,0.39,0.39,0.39,1.18,0.00,0.39,1.18,0.78,2.85,0.39,1.18,1.18,3.53,-,-
Du,Qian,3520431,qian.du@etu.sorbonne-universite.fr,Finished,"2 December 2020  11:05 AM","2 December 2020  12:18 PM","1 hour 12 mins",16.02,0.39,0.39,0.39,0.39,1.57,0.20,0.39,1.18,0.78,1.71,0.39,1.57,1.18,4.31,0.78,0.39
Dubreuil,Jules,3800417,jules.dubreuil@etu.sorbonne-universite.fr,Finished,"4 December 2020  4:04 PM","4 December 2020  5:18 PM","1 hour 13 mins",18.50,0.39,0.39,0.39,0.39,1.57,0.39,0.39,1.57,0.78,2.42,0.39,1.57,1.57,4.31,0.78,1.18
Dufeutrelle,Hugo,3520375,hugo.dufeutrelle@etu.sorbonne-universite.fr,-,-,-,-,-,-,-,-,-,-,-,-,-,-,-,-,-,-,-,-,-
Dumoulin,Zoé,3702742,zoe.dumoulin@etu.sorbonne-universite.fr,Finished,"4 December 2020  3:56 PM","4 December 2020  5:36 PM","1 hour 40 mins",19.61,0.39,0.39,0.39,0.39,1.57,0.39,0.39,1.57,0.78,3.14,0.39,1.57,1.57,4.31,0.78,1.57
Duval,Aurelien,3872455,aurelien.duval@etu.sorbonne-universite.fr,Finished,"4 December 2020  3:59 PM","4 December 2020  5:23 PM","1 hour 23 mins",17.06,0.39,0.39,0.00,0.39,1.57,0.20,0.39,1.57,0.78,1.57,0.39,1.18,1.57,4.31,0.78,1.57
Dziri,Hakim,3800075,hakim.dziri@etu.sorbonne-universite.fr,-,-,-,-,-,-,-,-,-,-,-,-,-,-,-,-,-,-,-,-,-
"El Fahdi",Ismaël,3802719,ismael.el_fahdi@etu.sorbonne-universite.fr,Finished,"4 December 2020  3:39 PM","4 December 2020  5:07 PM","1 hour 27 mins",18.11,0.39,0.39,0.00,0.39,1.57,0.39,0.39,1.57,0.78,2.42,0.39,1.57,1.57,4.31,0.78,1.18
"El Ghali",Yosr,3802466,yosr.elghali@etu.sorbonne-universite.fr,Finished,"4 December 2020  12:41 PM","4 December 2020  1:41 PM","59 mins 16 secs",18.15,0.39,0.39,0.39,0.39,1.57,0.39,0.39,1.57,0.78,2.85,0.39,1.18,1.18,4.31,0.78,1.18
"El Ghazzi",Sarah,3671094,sarah.el_ghazzi@etu.sorbonne-universite.fr,Finished,"1 December 2020  6:13 PM","1 December 2020  7:46 PM","1 hour 32 mins",17.29,0.39,0.39,0.39,0.39,1.57,0.39,0.39,1.57,0.78,2.00,0.39,1.18,1.18,4.31,0.78,1.18
"El Ghoul",Elio,3803565,elio.el_ghoul@etu.sorbonne-universite.fr,Finished,"3 December 2020  8:51 PM","3 December 2020  9:53 PM","1 hour 1 min",18.54,0.39,0.39,0.39,0.39,1.57,0.39,0.39,1.57,0.78,2.85,0.39,1.57,1.18,4.31,0.78,1.18
Elatri,Sami,3801805,sami.elatri@etu.sorbonne-universite.fr,-,-,-,-,-,-,-,-,-,-,-,-,-,-,-,-,-,-,-,-,-
Ergun,Yavuz,3670777,yavuz.ergun@etu.sorbonne-universite.fr,Finished,"4 December 2020  4:46 PM","4 December 2020  5:36 PM","49 mins 45 secs",19.61,0.39,0.39,0.39,0.39,1.57,0.39,0.39,1.57,0.78,3.14,0.39,1.57,1.57,4.31,0.78,1.57
Felix,Wycherley-Kassel,3702385,wycherley-kassel.felix@etu.sorbonne-universite.fr,Finished,"4 December 2020  4:20 PM","4 December 2020  5:31 PM","1 hour 11 mins",18.36,0.39,0.39,0.39,0.39,1.57,0.39,0.39,1.57,0.78,2.28,0.39,1.18,1.57,4.31,0.78,1.57
Ferdaoui,Sheïmâa,3802999,sheimaa.ferdaoui@etu.sorbonne-universite.fr,Finished,"4 December 2020  4:41 PM","4 December 2020  5:14 PM","32 mins 50 secs",17.62,0.39,0.39,0.39,0.39,1.47,0.39,0.39,1.57,0.78,2.42,0.39,1.57,1.57,3.53,0.78,1.18
Gabour,Smail,3700149,smail.gabour@etu.sorbonne-universite.fr,Finished,"4 December 2020  6:03 PM","4 December 2020  6:16 PM","13 mins 21 secs",19.22,0.39,0.39,0.39,0.39,1.57,0.39,0.39,1.18,0.78,3.14,0.39,1.57,1.57,4.31,0.78,1.57
Gaillon,Gregoire,3670241,gregoire.gaillon@etu.sorbonne-universite.fr,-,-,-,-,-,-,-,-,-,-,-,-,-,-,-,-,-,-,-,-,-
Galliot,Jules,3802342,jules.galliot@etu.sorbonne-universite.fr,Finished,"4 December 2020  5:12 PM","4 December 2020  5:23 PM","11 mins 1 sec",18.01,0.39,0.39,0.39,0.39,1.47,0.39,0.39,1.57,0.78,2.42,0.39,1.57,1.57,3.92,0.78,1.18
Gigacz,"Kiara Ting Yung Chin",3803025,kiara.gigacz@etu.sorbonne-universite.fr,Finished,"4 December 2020  4:00 PM","4 December 2020  5:37 PM","1 hour 37 mins",17.36,0.39,0.39,0.39,0.39,1.57,0.39,0.39,1.57,0.78,2.85,0.39,1.18,1.18,4.31,0.78,0.39
Goulmot,Cedric,3971371,cedric.goulmot@etu.sorbonne-universite.fr,Finished,"4 December 2020  4:57 PM","4 December 2020  6:42 PM","1 hour 44 mins",5.56,0.00,0.00,0.00,0.39,1.57,0.39,0.39,0.00,0.78,0.86,0.00,1.18,0.00,-,-,-
Grech,Anna,3800494,anna.grech@etu.sorbonne-universite.fr,Finished,"2 December 2020  11:05 AM","2 December 2020  12:28 PM","1 hour 22 mins",18.36,0.39,0.39,0.39,0.39,1.57,0.39,0.39,1.57,0.78,2.28,0.39,1.57,1.57,4.31,0.78,1.18
Gruman,Pierre-Alexandre,28507556,pierre-alexandre.gruman.2@etu.sorbonne-universite.fr,Finished,"2 December 2020  11:15 AM","2 December 2020  12:42 PM","1 hour 26 mins",14.83,0.00,0.39,0.00,0.39,1.57,0.39,0.39,1.57,0.78,2.28,0.39,1.18,1.18,2.35,0.78,1.18
Guio,Clément,3413360,clement.guio@etu.sorbonne-universite.fr,Finished,"3 December 2020  7:08 PM","3 December 2020  8:30 PM","1 hour 22 mins",16.29,0.00,0.39,0.00,0.39,1.57,0.39,0.39,1.57,0.78,1.00,0.39,1.57,1.57,4.31,0.78,1.18
Hadj-Arab,Ludmila,3971280,ludmila.hadj-arab@etu.sorbonne-universite.fr,Finished,"4 December 2020  11:16 AM","4 December 2020  12:29 PM","1 hour 12 mins",19.12,0.39,0.39,0.39,0.39,1.47,0.39,0.39,1.18,0.78,3.14,0.39,1.57,1.57,4.31,0.78,1.57
Hadji,Mohamed,3702996,mohamed.hadji@etu.sorbonne-universite.fr,-,-,-,-,-,-,-,-,-,-,-,-,-,-,-,-,-,-,-,-,-
Hamdad,Khellaf,3802811,khellaf.hamdad@etu.sorbonne-universite.fr,"Never submitted","4 December 2020  12:45 PM",-,-,-,-,-,-,-,-,-,-,-,-,-,-,-,-,-,-,-
Hannachi,Dina,3801528,dina.hannachi@etu.sorbonne-universite.fr,Finished,"3 December 2020  12:01 PM","3 December 2020  12:41 PM","40 mins 49 secs",18.15,0.39,0.39,0.39,0.39,1.57,0.39,0.39,1.57,0.78,2.85,0.39,1.18,1.18,4.31,0.78,1.18
Herman,Margot,28716768,Margot.Herman@etu.sorbonne-universite.fr,Finished,"2 December 2020  11:05 AM","2 December 2020  12:49 PM","1 hour 43 mins",19.07,0.39,0.39,0.39,0.39,1.57,0.39,0.39,1.57,0.78,2.99,0.39,1.57,1.57,4.31,0.78,1.18
"Hernandez Adan","Oriana Rafaela",3802881,oriana.hernandez_adan@etu.sorbonne-universite.fr,Finished,"4 December 2020  5:25 PM","4 December 2020  6:56 PM","1 hour 31 mins",16.54,0.00,0.39,0.00,0.39,1.57,0.39,0.39,1.57,0.78,2.42,0.39,1.57,1.18,3.53,0.78,1.18
Huang,Xinyu,3803966,xinyiu.huang@etu.sorbonne-universite.fr,Finished,"30 November 2020  4:13 PM","30 November 2020  5:40 PM","1 hour 27 mins",16.67,0.39,0.39,0.39,0.39,1.57,0.20,0.39,1.57,0.78,1.57,0.39,1.57,1.18,4.31,0.78,0.78
Huang,Junyang,2302854,junyang.huang@etu.sorbonne-universite.fr,-,-,-,-,-,-,-,-,-,-,-,-,-,-,-,-,-,-,-,-,-
Huant,Raphael,3709095,raphael.huant@etu.sorbonne-universite.fr,Finished,"2 December 2020  11:22 AM","2 December 2020  12:33 PM","1 hour 11 mins",16.95,0.00,0.39,0.00,0.39,1.57,0.20,0.39,1.57,0.78,1.85,0.39,1.57,1.57,4.31,0.78,1.18
"Ibobi Sambila",Osee,3704090,osee.ibobi_sambila@etu.sorbonne-universite.fr,Finished,"4 December 2020  3:35 PM","4 December 2020  5:15 PM","1 hour 40 mins",18.40,0.39,0.39,0.39,0.39,1.47,0.39,0.39,1.57,0.78,2.42,0.39,1.57,1.57,4.31,0.78,1.18
Ikhlef,Nadjia,28718372,Nadjia.Ikhlef@etu.sorbonne-universite.fr,Finished,"3 December 2020  4:45 PM","3 December 2020  6:14 PM","1 hour 29 mins",16.21,0.00,0.39,0.00,0.39,1.27,0.39,0.39,1.57,0.78,2.00,0.39,1.18,1.18,4.31,0.78,1.18
Ith,Marc,3302184,marc.ith@etu.sorbonne-universite.fr,Finished,"4 December 2020  4:11 PM","4 December 2020  5:51 PM","1 hour 39 mins",18.73,0.39,0.39,0.39,0.39,1.47,0.39,0.39,1.57,0.78,3.14,0.39,1.18,1.18,4.31,0.78,1.57
Jday,Achraf,3802410,achraf.jday@etu.sorbonne-universite.fr,Finished,"4 December 2020  4:03 PM","4 December 2020  4:17 PM","14 mins 13 secs",19.61,0.39,0.39,0.39,0.39,1.57,0.39,0.39,1.57,0.78,3.14,0.39,1.57,1.57,4.31,0.78,1.57
Jebari,Firas,3802713,firas.jebari@etu.sorbonne-universite.fr,"Never submitted","4 December 2020  3:55 PM",-,-,-,-,-,-,-,-,-,-,-,-,-,-,-,-,-,-,-
Kaci-Chaouche,Omar,3521322,omar.kaci-chaouche@etu.sorbonne-universite.fr,Finished,"4 December 2020  11:02 AM","4 December 2020  12:08 PM","1 hour 5 mins",10.02,0.00,0.39,0.00,0.39,1.57,0.39,0.39,1.57,0.78,1.00,0.39,1.57,0.78,0.00,0.00,0.78
Kahil,Amine,28616887,amine.kahil@etu.sorbonne-universite.fr,Finished,"30 November 2020  4:05 PM","30 November 2020  5:51 PM","1 hour 45 mins",18.11,0.39,0.39,0.39,0.39,1.57,0.39,0.39,1.57,0.78,2.42,0.39,1.18,1.18,4.31,0.78,1.57
Kaïdouchi,Amira,3700530,amira.kaidouchi@etu.sorbonne-universite.fr,Finished,"2 December 2020  11:07 AM","2 December 2020  12:47 PM","1 hour 40 mins",19.61,0.39,0.39,0.39,0.39,1.57,0.39,0.39,1.57,0.78,3.14,0.39,1.57,1.57,4.31,0.78,1.57
Kandeepan,Mathuran,3800103,mathuran.kandeepan@etu.sorbonne-universite.fr,Finished,"4 December 2020  3:59 PM","4 December 2020  5:34 PM","1 hour 35 mins",17.68,0.39,0.39,0.39,0.39,1.57,0.39,0.39,1.57,0.78,2.00,0.39,1.18,1.57,3.92,0.78,1.57
Kassab,Mouad,3700640,mouad.kassab@etu.sorbonne-universite.fr,Finished,"4 December 2020  4:32 PM","4 December 2020  5:55 PM","1 hour 22 mins",19.61,0.39,0.39,0.39,0.39,1.57,0.39,0.39,1.57,0.78,3.14,0.39,1.57,1.57,4.31,0.78,1.57
Kasten,Harold,3805644,harold.kasten@etu.sorbonne-universite.fr,Finished,"4 December 2020  4:04 PM","4 December 2020  5:18 PM","1 hour 13 mins",18.01,0.39,0.39,0.39,0.39,1.47,0.39,0.39,1.57,0.78,2.42,0.39,1.57,1.57,3.92,0.78,1.18
Kaya,Delphine,3800099,delphine.kaya@etu.sorbonne-universite.fr,Finished,"4 December 2020  3:58 PM","4 December 2020  5:14 PM","1 hour 16 mins",17.33,0.39,0.39,0.39,0.39,1.57,0.39,0.39,1.57,0.78,2.42,0.39,1.57,1.57,3.14,0.78,1.18
Kerdouche,Nabil,3802336,nabil.kerdouche@etu.sorbonne-universite.fr,Finished,"4 December 2020  11:25 AM","4 December 2020  1:08 PM","1 hour 43 mins",19.61,0.39,0.39,0.39,0.39,1.57,0.39,0.39,1.57,0.78,3.14,0.39,1.57,1.57,4.31,0.78,1.57
Kettouche,Tinhinane,3803639,tinhinane.kettouche@etu.sorbonne-universite.fr,-,-,-,-,-,-,-,-,-,-,-,-,-,-,-,-,-,-,-,-,-
Khalid,Ruhma,3710442,ruhma.khalid@etu.sorbonne-universite.fr,Finished,"4 December 2020  2:55 PM","4 December 2020  3:16 PM","21 mins 39 secs",18.54,0.39,0.39,0.39,0.39,1.57,0.39,0.39,1.57,0.78,2.85,0.39,1.18,1.57,4.31,0.78,1.18
Kharbouche,Ibrahim,3671035,ibrahim.kharbouche@etu.sorbonne-universite.fr,Finished,"4 December 2020  1:04 PM","4 December 2020  2:44 PM","1 hour 40 mins",17.79,0.39,0.39,0.39,0.39,1.57,0.39,0.39,1.57,0.78,1.71,0.39,1.57,1.18,4.31,0.78,1.57
Kireche,Koceila,28717834,Koceila.Kireche@etu.sorbonne-universite.fr,Finished,"4 December 2020  4:29 PM","4 December 2020  5:41 PM","1 hour 12 mins",18.15,0.39,0.39,0.39,0.39,1.57,0.39,0.39,1.57,0.78,2.85,0.39,1.18,1.18,4.31,0.78,1.18
Kling,Paul,3670056,paul.kling@etu.sorbonne-universite.fr,-,-,-,-,-,-,-,-,-,-,-,-,-,-,-,-,-,-,-,-,-
Komen,Dimitri,3603619,dimitri.komen@etu.sorbonne-universite.fr,Finished,"30 November 2020  4:17 PM","30 November 2020  5:41 PM","1 hour 23 mins",18.01,0.39,0.39,0.39,0.39,1.47,0.39,0.39,1.57,0.78,2.42,0.39,1.57,1.18,4.31,0.78,1.18
Kordon,Djeser,3772433,djeser.kordon@etu.sorbonne-universite.fr,Finished,"3 December 2020  7:48 PM","3 December 2020  8:41 PM","52 mins 25 secs",16.76,0.00,0.39,0.00,0.39,1.57,0.39,0.39,1.57,0.78,1.85,0.39,1.57,1.18,4.31,0.78,1.18
Koroglu,Mathis,3711799,mathis.koroglu@etu.sorbonne-universite.fr,Finished,"10 January 2021  6:35 PM","10 January 2021  7:32 PM","56 mins 58 secs",15.79,0.39,0.39,0.39,0.39,1.57,0.39,0.39,1.57,0.78,1.28,0.39,1.18,1.18,3.53,0.78,1.18
Kostadinovic,Nikola,3801695,nikola.kostadinovic@etu.sorbonne-universite.fr,Finished,"4 December 2020  11:00 AM","4 December 2020  12:10 PM","1 hour 10 mins",19.61,0.39,0.39,0.39,0.39,1.57,0.39,0.39,1.57,0.78,3.14,0.39,1.57,1.57,4.31,0.78,1.57
Krisni,Almehdi,3800519,almehdi.krisni@etu.sorbonne-universite.fr,Finished,"4 December 2020  5:15 PM","4 December 2020  5:59 PM","43 mins 33 secs",18.82,0.39,0.39,0.39,0.39,1.57,0.00,0.39,1.57,0.78,3.14,0.39,1.18,1.57,4.31,0.78,1.57
Kwonn,Simon,3709743,simon.kwonn@etu.sorbonne-universite.fr,Finished,"1 December 2020  10:45 AM","1 December 2020  12:30 PM","1 hour 45 mins",12.26,0.39,0.39,0.39,0.39,1.57,0.39,0.39,1.57,0.78,1.28,0.39,1.18,1.57,1.57,-,-
Lachemot,Cédric,3705179,cedric.lachemot@etu.sorbonne-universite.fr,Finished,"4 December 2020  4:03 PM","4 December 2020  5:03 PM","1 hour",18.82,0.39,0.39,0.39,0.39,1.57,0.39,0.39,1.57,0.78,3.14,0.39,1.57,1.57,3.53,0.78,1.57
Lachgar,Amine,3802257,amine.lachgar@etu.sorbonne-universite.fr,-,-,-,-,-,-,-,-,-,-,-,-,-,-,-,-,-,-,-,-,-
Lahfa,Samy,3706599,samy.lahfa@etu.sorbonne-universite.fr,Finished,"30 November 2020  4:30 PM","30 November 2020  5:17 PM","47 mins 11 secs",1.57,0.39,0.39,0.39,0.39,-,-,-,-,-,-,-,-,-,-,-,-
Lahfa,Samy,3706599,samy.lahfa@etu.sorbonne-universite.fr,Finished,"30 November 2020  5:29 PM","30 November 2020  7:06 PM","1 hour 37 mins",16.86,0.39,0.39,0.39,0.39,1.57,0.39,0.39,1.57,0.78,1.57,0.39,0.78,1.57,3.92,0.78,1.57
"Lam A",Leo,28712991,Leo.Lam_A@etu.sorbonne-universite.fr,Finished,"30 November 2020  4:23 PM","30 November 2020  5:15 PM","51 mins 58 secs",0.00,-,-,-,-,-,-,-,-,-,-,-,-,-,-,-,-
"Lam A",Leo,28712991,Leo.Lam_A@etu.sorbonne-universite.fr,Finished,"30 November 2020  5:15 PM","30 November 2020  6:47 PM","1 hour 31 mins",18.50,0.39,0.39,0.39,0.39,1.57,0.39,0.39,1.57,0.78,2.42,0.39,1.57,1.57,3.92,0.78,1.57
Lange,Mathilde,28504995,mathilde.lange.2@etu.sorbonne-universite.fr,Finished,"2 December 2020  11:04 AM","2 December 2020  12:50 PM","1 hour 45 mins",19.32,0.39,0.39,0.39,0.39,1.57,0.39,0.39,1.57,0.78,2.85,0.39,1.57,1.57,4.31,0.78,1.57
Langlais,Rafaël,3520624,rafael.langlais@etu.sorbonne-universite.fr,Finished,"4 December 2020  4:03 PM","4 December 2020  5:20 PM","1 hour 17 mins",10.45,0.00,0.39,0.39,0.39,1.47,0.39,0.39,1.57,0.78,1.14,0.39,1.57,1.57,-,-,-
Larbi,Melissa,3971141,melissa.larbi@etu.sorbonne-universite.fr,Finished,"3 December 2020  7:59 PM","3 December 2020  8:28 PM","29 mins 9 secs",17.36,0.39,0.39,0.39,0.39,1.57,0.00,0.39,1.57,0.78,2.85,0.39,1.18,1.18,3.92,0.78,1.18
Lassadi,Nassim,3707173,nassim.lassadi@etu.sorbonne-universite.fr,Finished,"4 December 2020  4:00 PM","4 December 2020  5:08 PM","1 hour 7 mins",19.22,0.39,0.39,0.39,0.39,1.57,0.00,0.39,1.57,0.78,3.14,0.39,1.57,1.57,4.31,0.78,1.57
Lay,Kenny,3801173,kenny.lay@etu.sorbonne-universite.fr,Finished,"4 December 2020  11:00 AM","4 December 2020  12:14 PM","1 hour 13 mins",19.61,0.39,0.39,0.39,0.39,1.57,0.39,0.39,1.57,0.78,3.14,0.39,1.57,1.57,4.31,0.78,1.57
Le,"Hai Nam",28613397,hai.le@etu.sorbonne-universite.fr,Finished,"30 November 2020  4:26 PM","30 November 2020  5:33 PM","1 hour 7 mins",15.01,0.39,0.39,0.39,0.39,1.57,0.39,0.39,1.57,0.78,1.28,0.39,1.18,1.18,3.14,0.78,0.78
Le,Doan,3875020,doan.le@etu.sorbonne-universite.fr,Finished,"4 December 2020  3:42 PM","4 December 2020  4:42 PM","1 hour",18.82,0.39,0.39,0.39,0.39,1.18,0.00,0.39,1.57,0.78,3.14,0.39,1.57,1.57,4.31,0.78,1.57
Lebazda--Gauthier,Benoît,3702867,benoit.lebazda--gauthier@etu.sorbonne-universite.fr,Finished,"2 December 2020  11:02 AM","2 December 2020  12:27 PM","1 hour 25 mins",17.68,0.39,0.39,0.39,0.39,1.57,0.39,0.39,1.57,0.78,2.00,0.39,1.18,1.57,4.31,0.78,1.18
Lecocq,Yoann,3708077,yoann.lecocq@etu.sorbonne-universite.fr,-,-,-,-,-,-,-,-,-,-,-,-,-,-,-,-,-,-,-,-,-
Lefebure,Pierre,3674815,pierre.lefebure@etu.sorbonne-universite.fr,-,-,-,-,-,-,-,-,-,-,-,-,-,-,-,-,-,-,-,-,-
Lefevre,Manon,3800422,manon.lefevre@etu.sorbonne-universite.fr,Finished,"2 December 2020  11:02 AM","2 December 2020  12:33 PM","1 hour 31 mins",17.11,0.39,0.39,0.39,0.39,1.57,0.39,0.39,1.57,0.78,2.99,0.39,1.18,1.57,3.14,0.78,0.78
Lemaitre,Alexandre,3876023,alexandre.lemaitre@etu.sorbonne-universite.fr,"Never submitted","4 December 2020  4:11 PM",-,-,-,-,-,-,-,-,-,-,-,-,-,-,-,-,-,-,-
Li,Ziyou,3802432,ziyou.li@etu.sorbonne-universite.fr,Finished,"4 December 2020  4:10 PM","4 December 2020  5:48 PM","1 hour 37 mins",15.88,0.39,0.39,0.39,0.39,1.57,0.20,0.39,1.57,0.78,1.57,0.00,1.57,1.18,3.53,0.78,1.18
Lifsal,Loubna,3309154,loubna.lifsal@etu.sorbonne-universite.fr,-,-,-,-,-,-,-,-,-,-,-,-,-,-,-,-,-,-,-,-,-
Lin,Daniel,3700421,daniel.lin@etu.sorbonne-universite.fr,Finished,"4 December 2020  2:05 PM","4 December 2020  3:26 PM","1 hour 21 mins",13.81,0.00,0.00,0.00,0.39,1.57,0.39,0.20,1.57,0.78,1.85,0.39,1.18,1.18,3.14,0.00,1.18
Loi,Alessia,3971668,alessia.loi@etu.sorbonne-universite.fr,Finished,"1 December 2020  6:16 PM","1 December 2020  8:02 PM","1 hour 45 mins",18.15,0.39,0.39,0.39,0.39,1.57,0.39,0.39,1.57,0.78,2.85,0.39,1.18,1.18,4.31,0.78,1.18
Lu,Raymond,3700479,raymond.lu@etu.sorbonne-universite.fr,Finished,"30 November 2020  5:19 PM","30 November 2020  6:48 PM","1 hour 29 mins",16.93,0.00,0.39,0.00,0.39,1.57,0.39,0.39,1.57,0.78,2.42,0.39,1.57,1.18,4.31,0.78,0.78
Lu,Alexandra,3700615,alexandra.lu@etu.sorbonne-universite.fr,Finished,"4 December 2020  3:55 PM","4 December 2020  5:00 PM","1 hour 4 mins",19.47,0.39,0.39,0.39,0.39,1.57,0.39,0.39,1.57,0.78,2.99,0.39,1.57,1.57,4.31,0.78,1.57
Ly,Sylvie,3522190,sylvie.ly@etu.sorbonne-universite.fr,Finished,"4 December 2020  11:04 AM","4 December 2020  12:23 PM","1 hour 18 mins",18.92,0.00,0.39,0.39,0.39,1.27,0.39,0.39,1.57,0.78,3.14,0.39,1.57,1.57,4.31,0.78,1.57
M'Barek,Heikel,3201218,heikel.mbarek@etu.sorbonne-universite.fr,Finished,"4 December 2020  4:09 PM","4 December 2020  4:59 PM","49 mins 51 secs",19.22,0.39,0.39,0.00,0.39,1.57,0.39,0.39,1.57,0.78,3.14,0.39,1.57,1.57,4.31,0.78,1.57
Maafa,Zin,3803950,zin.maafa@etu.sorbonne-universite.fr,Finished,"3 December 2020  11:19 PM","3 December 2020  11:48 PM","29 mins 49 secs",18.15,0.39,0.39,0.39,0.39,1.57,0.39,0.39,1.57,0.78,2.85,0.39,1.18,1.18,4.31,0.78,1.18
"Mahad Ismail",Roukia,3874897,roukia.mahad-ismail@etu.sorbonne-universite.fr,Finished,"30 November 2020  4:14 PM","30 November 2020  5:59 PM","1 hour 45 mins",11.16,0.00,0.00,0.00,0.39,1.57,0.39,0.39,0.78,0.78,2.14,0.00,0.78,0.39,3.53,-,-
Manimtim,Alexandre,3407834,alexandre.manimtim@etu.sorbonne-universite.fr,-,-,-,-,-,-,-,-,-,-,-,-,-,-,-,-,-,-,-,-,-
Mariller,Vincent,3700041,vincent.mariller@etu.sorbonne-universite.fr,Finished,"1 December 2020  3:57 PM","1 December 2020  5:33 PM","1 hour 36 mins",17.62,0.39,0.39,0.39,0.39,1.47,0.39,0.39,1.57,0.78,2.42,0.39,1.18,1.18,4.31,0.78,1.18
Marzougui,Syrine,3803611,syrine.marzougui@etu.sorbonne-universite.fr,Finished,"4 December 2020  3:50 PM","4 December 2020  5:32 PM","1 hour 41 mins",18.89,0.39,0.39,0.39,0.39,1.57,0.39,0.39,1.57,0.78,2.42,0.39,1.57,1.57,4.31,0.78,1.57
Maurel,Perrine,28502791,perrine.maurel.2@etu.sorbonne-universite.fr,Finished,"4 December 2020  3:58 PM","4 December 2020  5:01 PM","1 hour 2 mins",19.12,0.39,0.39,0.39,0.39,1.47,0.39,0.39,1.57,0.78,3.14,0.39,1.57,1.18,4.31,0.78,1.57
Mehdi,Sarah,3971165,sarah.mehdi.1@etu.sorbonne-universite.fr,Finished,"4 December 2020  11:00 AM","4 December 2020  12:29 PM","1 hour 28 mins",17.90,0.00,0.39,0.00,0.39,1.57,0.39,0.39,1.18,0.78,2.99,0.39,1.57,1.57,4.31,0.78,1.18
Mellul,Yona,3800646,yona.mellul@etu.sorbonne-universite.fr,-,-,-,-,-,-,-,-,-,-,-,-,-,-,-,-,-,-,-,-,-
Mendas,Rosa,3802558,rosa.mendas@etu.sorbonne-universite.fr,Finished,"4 December 2020  2:58 PM","4 December 2020  4:22 PM","1 hour 24 mins",18.15,0.00,0.39,0.00,0.39,1.57,0.39,0.39,1.57,0.78,2.85,0.39,1.18,1.57,4.31,0.78,1.57
Mendes,Hugo,3670527,hugo.mendes@etu.sorbonne-universite.fr,Finished,"4 December 2020  11:13 AM","4 December 2020  12:00 PM","47 mins 7 secs",18.15,0.39,0.39,0.39,0.39,1.57,0.39,0.39,1.57,0.78,2.85,0.39,1.18,1.18,4.31,0.78,1.18
Merle-Remond,Julian,3700191,julian.merle-remond@etu.sorbonne-universite.fr,Finished,"4 December 2020  4:24 PM","4 December 2020  5:45 PM","1 hour 20 mins",17.93,0.39,0.39,0.39,0.39,1.57,0.39,0.39,1.57,0.78,1.85,0.39,1.57,1.18,4.31,0.78,1.57
Merzouk,Kenza,3803468,kenza.merzouk@etu.sorbonne-universite.fr,Finished,"4 December 2020  11:07 AM","4 December 2020  12:32 PM","1 hour 24 mins",19.61,0.39,0.39,0.39,0.39,1.57,0.39,0.39,1.57,0.78,3.14,0.39,1.57,1.57,4.31,0.78,1.57
Meziane,Mohamed,3802500,mohamed.meziane@etu.sorbonne-universite.fr,Finished,"4 December 2020  3:58 PM","4 December 2020  5:36 PM","1 hour 38 mins",19.61,0.39,0.39,0.39,0.39,1.57,0.39,0.39,1.57,0.78,3.14,0.39,1.57,1.57,4.31,0.78,1.57
Mistry,Manishkumar,3671086,manishkumar.mistry@etu.sorbonne-universite.fr,Finished,"4 December 2020  10:57 AM","4 December 2020  12:29 PM","1 hour 31 mins",19.61,0.39,0.39,0.39,0.39,1.57,0.39,0.39,1.57,0.78,3.14,0.39,1.57,1.57,4.31,0.78,1.57
Mistry,Darshan,3670280,darshan.mistry@etu.sorbonne-universite.fr,Finished,"4 December 2020  10:58 AM","4 December 2020  12:28 PM","1 hour 29 mins",19.61,0.39,0.39,0.39,0.39,1.57,0.39,0.39,1.57,0.78,3.14,0.39,1.57,1.57,4.31,0.78,1.57
Mohammedi,Vanessa,3671439,vanessa.mohammedi@etu.sorbonne-universite.fr,Finished,"4 December 2020  3:59 PM","4 December 2020  5:40 PM","1 hour 40 mins",14.15,0.39,0.39,0.39,0.39,1.57,0.39,0.39,1.57,0.78,2.00,0.39,1.18,1.18,1.18,0.78,1.18
Mohellebi,Melissa,3971070,melissa.mohellebi@etu.sorbonne-universite.fr,Finished,"4 December 2020  4:03 PM","4 December 2020  5:46 PM","1 hour 42 mins",18.50,0.39,0.39,0.39,0.39,1.57,0.39,0.39,1.57,0.78,2.42,0.39,1.57,1.18,4.31,0.78,1.57
Monnereau,Irena,3670050,irena.monnereau@etu.sorbonne-universite.fr,Finished,"4 December 2020  4:00 PM","4 December 2020  5:10 PM","1 hour 9 mins",17.40,0.39,0.39,0.39,0.39,1.57,0.00,0.39,1.57,0.78,1.71,0.39,1.57,1.18,4.31,0.78,1.57
Moreau,Léonard,3800364,leonard.moreau@etu.sorbonne-universite.fr,Finished,"4 December 2020  4:23 PM","4 December 2020  5:36 PM","1 hour 13 mins",17.43,0.39,0.39,0.39,0.39,1.18,0.39,0.39,1.57,0.39,2.14,0.39,1.18,1.57,4.31,0.78,1.57
Mosgoreanu,"Alexandru Zaharia",28717021,Alexandru_Zaharia.Mosgoreanu@etu.sorbonne-universite.fr,Finished,"4 December 2020  3:51 PM","4 December 2020  3:56 PM","5 mins",15.69,0.39,0.39,0.39,0.39,1.57,0.00,0.39,1.57,0.78,1.57,0.39,1.18,1.18,3.53,0.78,1.18
Moulouel,Myriem,3802291,myriem.moulouel@etu.sorbonne-universite.fr,Finished,"1 December 2020  6:14 PM","1 December 2020  7:46 PM","1 hour 32 mins",17.29,0.39,0.39,0.39,0.39,1.57,0.39,0.39,1.57,0.78,2.00,0.39,1.18,1.18,4.31,0.78,1.18
Moyet,Candice,3801474,candice.moyet@etu.sorbonne-universite.fr,Finished,"2 December 2020  11:02 AM","2 December 2020  12:28 PM","1 hour 26 mins",17.97,0.39,0.39,0.39,0.39,1.57,0.39,0.39,1.57,0.78,2.28,0.39,1.57,1.57,4.31,0.78,0.78
Nam,Maxime,3301246,maxime.nam@etu.sorbonne-universite.fr,Finished,"3 December 2020  7:17 PM","3 December 2020  8:45 PM","1 hour 28 mins",18.93,0.39,0.39,0.39,0.39,1.57,0.00,0.39,1.57,0.78,2.85,0.39,1.57,1.57,4.31,0.78,1.57
Naumenko,Polina,3521154,polina.naumenko@etu.sorbonne-universite.fr,Finished,"4 December 2020  11:07 AM","4 December 2020  11:57 AM","50 mins 2 secs",16.76,0.39,0.39,0.39,0.39,1.57,-,0.39,1.57,0.78,1.85,0.39,1.18,1.18,4.31,0.78,1.18
Ngamy,Gianni-Alessandro,3703993,gianni-alessandro.ngamy@etu.sorbonne-universite.fr,Finished,"4 December 2020  1:04 PM","4 December 2020  2:43 PM","1 hour 38 mins",17.79,0.39,0.39,0.39,0.39,1.57,0.39,0.39,1.57,0.78,1.71,0.39,1.57,1.18,4.31,0.78,1.57
Nguyen,"Minh Anh",3802621,minh.nguyen.6@etu.sorbonne-universite.fr,Finished,"2 December 2020  11:00 AM","2 December 2020  12:38 PM","1 hour 38 mins",16.08,0.39,0.39,0.39,0.39,1.57,0.39,0.39,1.18,0.78,3.14,0.39,1.18,1.57,2.75,0.39,0.78
Niang,Fallou,3803961,fallou.niang@etu.sorbonne-universite.fr,Finished,"4 December 2020  4:06 PM","4 December 2020  5:16 PM","1 hour 10 mins",19.07,0.39,0.39,0.00,0.39,1.57,0.39,0.39,1.57,0.78,2.99,0.39,1.57,1.57,4.31,0.78,1.57
"Normand De La Tranchade",François,3671913,francois.normand_de_la_tranchade@etu.sorbonne-universite.fr,Finished,"4 December 2020  1:12 PM","4 December 2020  2:31 PM","1 hour 19 mins",17.25,0.39,0.39,0.39,0.39,1.57,0.39,0.39,1.57,0.78,1.57,0.39,1.57,1.18,4.31,0.78,1.18
Oses,Jean-Baptiste,3700565,jean-baptiste.oses@etu.sorbonne-universite.fr,Finished,"4 December 2020  4:00 PM","4 December 2020  5:33 PM","1 hour 33 mins",17.58,0.39,0.39,0.39,0.39,1.47,0.39,0.39,1.57,0.39,2.00,0.39,1.18,1.57,4.31,0.78,1.57
Oudjani,Yasmine,3803009,yasmine.oudjani@etu.sorbonne-universite.fr,Finished,"4 December 2020  4:28 PM","4 December 2020  5:41 PM","1 hour 13 mins",18.05,0.39,0.39,0.39,0.39,1.47,0.39,0.39,1.57,0.78,2.85,0.39,1.18,1.18,4.31,0.78,1.18
Pareau,Mathilde,3800446,mathilde.pareau@etu.sorbonne-universite.fr,Finished,"30 November 2020  4:24 PM","30 November 2020  5:55 PM","1 hour 31 mins",16.29,0.39,0.39,0.39,0.39,1.57,0.39,0.39,1.18,0.78,1.00,0.39,1.57,1.57,3.92,0.78,1.18
Parichault,Antoine,3803454,antoine.parichault@etu.sorbonne-universite.fr,Finished,"2 December 2020  11:09 AM","2 December 2020  12:37 PM","1 hour 27 mins",12.66,0.39,0.39,0.39,0.39,0.00,0.39,0.39,0.00,0.78,1.28,0.39,1.18,1.18,4.31,0.78,0.39
Pironin,Julie,3802614,julie.pironin@etu.sorbonne-universite.fr,Finished,"4 December 2020  11:03 AM","4 December 2020  12:34 PM","1 hour 31 mins",19.47,0.39,0.39,0.39,0.39,1.57,0.39,0.39,1.57,0.78,2.99,0.39,1.57,1.57,4.31,0.78,1.57
Polit,Titouan,3800511,titouan.polit@etu.sorbonne-universite.fr,Finished,"2 December 2020  11:04 AM","2 December 2020  12:35 PM","1 hour 31 mins",16.99,0.00,0.39,0.39,0.39,1.57,0.39,0.20,1.57,0.78,2.28,0.39,1.18,1.57,4.31,0.78,0.78
Popescu,"Diana Elena",28717024,Diana_Elena.Popescu@etu.sorbonne-universite.fr,Finished,"4 December 2020  2:34 PM","4 December 2020  3:50 PM","1 hour 16 mins",16.08,0.39,0.39,0.39,0.39,1.57,0.39,0.39,1.57,0.78,1.57,0.39,1.18,1.18,3.53,0.78,1.18
Poulain,Claire,3679357,claire.poulain@etu.sorbonne-universite.fr,Finished,"4 December 2020  11:08 AM","4 December 2020  12:28 PM","1 hour 19 mins",19.61,0.39,0.39,0.39,0.39,1.57,0.39,0.39,1.57,0.78,3.14,0.39,1.57,1.57,4.31,0.78,1.57
Prostakov,Andrey,3802515,andrey.prostakov@etu.sorbonne-universite.fr,Finished,"4 December 2020  4:25 PM","4 December 2020  4:49 PM","24 mins 5 secs",19.61,0.39,0.39,0.39,0.39,1.57,0.39,0.39,1.57,0.78,3.14,0.39,1.57,1.57,4.31,0.78,1.57
Quest,Alexis,3703346,alexis.quest@etu.sorbonne-universite.fr,Finished,"4 December 2020  10:58 AM","4 December 2020  12:19 PM","1 hour 21 mins",14.47,0.39,0.39,0.00,0.39,1.57,0.39,0.39,1.57,0.78,1.14,0.39,1.18,1.57,3.14,0.78,0.39
Queuvin,Thomas,3700185,thomas.queuvin@etu.sorbonne-universite.fr,-,-,-,-,-,-,-,-,-,-,-,-,-,-,-,-,-,-,-,-,-
Rapaport,Solal,3711387,solal.rapaport@etu.sorbonne-universite.fr,Finished,"4 December 2020  5:00 PM","4 December 2020  6:11 PM","1 hour 10 mins",0.78,0.39,0.39,-,-,-,-,-,-,-,-,-,-,-,-,-,-
Rapaport,Solal,3711387,solal.rapaport@etu.sorbonne-universite.fr,Finished,"5 December 2020  6:57 PM","5 December 2020  7:40 PM","42 mins 37 secs",16.08,0.39,0.39,0.39,0.39,1.57,0.39,0.39,1.57,0.78,-,0.39,1.18,1.57,4.31,0.78,1.57
Rayon-Richter,Malou,3708307,malou.rayon-richter@etu.sorbonne-universite.fr,-,-,-,-,-,-,-,-,-,-,-,-,-,-,-,-,-,-,-,-,-
Rebai,Sofiane,3674205,sofiane.rebai@etu.sorbonne-universite.fr,-,-,-,-,-,-,-,-,-,-,-,-,-,-,-,-,-,-,-,-,-
"Riffaud De Turckheim",Hugo,3800256,hugo.riffaud_de_turckheim@etu.sorbonne-universite.fr,Finished,"2 December 2020  11:02 AM","2 December 2020  12:28 PM","1 hour 26 mins",17.43,0.39,0.39,0.39,0.39,1.57,0.39,0.39,1.57,0.78,2.14,0.39,1.18,1.57,3.92,0.78,1.18
Roch,Stuart,3309168,stuart.roch@etu.sorbonne-universite.fr,Finished,"4 December 2020  10:46 AM","4 December 2020  12:23 PM","1 hour 36 mins",17.79,0.39,0.39,0.39,0.39,1.57,0.39,0.39,1.57,0.78,1.71,0.39,1.57,1.57,4.31,0.78,1.18
Roqui,David,3873784,david.roqui@etu.sorbonne-universite.fr,Finished,"4 December 2020  4:01 PM","4 December 2020  5:31 PM","1 hour 29 mins",14.37,0.00,0.39,0.39,0.39,1.57,0.00,0.39,1.57,0.78,1.43,0.39,1.57,1.18,2.35,0.78,1.18
Rossi,Johan-Luca,3872354,johan-luca.rossi@etu.sorbonne-universite.fr,Finished,"3 December 2020  7:57 PM","3 December 2020  8:35 PM","37 mins 37 secs",16.36,0.00,0.39,0.00,0.39,1.57,0.00,0.39,1.57,0.78,1.85,0.39,1.57,1.18,4.31,0.78,1.18
Rouba,Islam,3802420,islam.rouba@etu.sorbonne-universite.fr,Finished,"4 December 2020  4:18 PM","4 December 2020  5:31 PM","1 hour 12 mins",19.22,0.39,0.39,0.39,0.39,1.57,0.39,0.39,1.57,0.78,3.14,0.39,1.57,1.57,4.31,0.39,1.57
Rzeszutko,Kamil,2800282,kamil.rzeszutko@etu.sorbonne-universite.fr,"Never submitted","4 December 2020  3:03 PM",-,-,-,-,-,-,-,-,-,-,-,-,-,-,-,-,-,-,-
Sabatino,Francesco,3811132,francesco.sabatino@etu.sorbonne-universite.fr,Finished,"4 December 2020  4:26 PM","4 December 2020  5:02 PM","35 mins 24 secs",19.61,0.39,0.39,0.39,0.39,1.57,0.39,0.39,1.57,0.78,3.14,0.39,1.57,1.57,4.31,0.78,1.57
Saber,Hakim,3415762,hakim.saber@etu.sorbonne-universite.fr,-,-,-,-,-,-,-,-,-,-,-,-,-,-,-,-,-,-,-,-,-
Saichi,Lina,3803151,lina.saichi@etu.sorbonne-universite.fr,Finished,"4 December 2020  3:50 PM","4 December 2020  5:33 PM","1 hour 43 mins",18.89,0.39,0.39,0.39,0.39,1.57,0.39,0.39,1.57,0.78,2.42,0.39,1.57,1.57,4.31,0.78,1.57
Salfati,Elisa,3800104,elisa.salfati@etu.sorbonne-universite.fr,Finished,"2 December 2020  11:03 AM","2 December 2020  12:33 PM","1 hour 30 mins",18.82,0.39,0.39,0.39,0.39,1.57,0.39,0.39,1.57,0.78,3.14,0.39,1.18,1.57,4.31,0.78,1.18
Sameur,Samir,3872902,samir.sameur@etu.sorbonne-universite.fr,-,-,-,-,-,-,-,-,-,-,-,-,-,-,-,-,-,-,-,-,-
Seang,Chea-Jimmy,3703893,chea-jimmy.seang@etu.sorbonne-universite.fr,Finished,"4 December 2020  10:57 AM","4 December 2020  12:29 PM","1 hour 31 mins",18.82,0.39,0.39,0.39,0.39,1.57,0.39,0.39,1.57,0.78,3.14,0.39,1.57,1.18,3.92,0.78,1.57
Selliah,Sarujen,3701184,sarujen.selliah@etu.sorbonne-universite.fr,Finished,"3 December 2020  11:30 PM","3 December 2020  11:51 PM","20 mins 26 secs",18.15,0.39,0.39,0.39,0.39,1.57,0.39,0.39,1.57,0.78,2.85,0.39,1.18,1.18,4.31,0.78,1.18
Sennour,"Mohammed Wail",28616082,mohammed.sennour@etu.sorbonne-universite.fr,Finished,"4 December 2020  5:11 PM","4 December 2020  6:29 PM","1 hour 17 mins",19.47,0.39,0.39,0.39,0.39,1.57,0.39,0.39,1.57,0.78,2.99,0.39,1.57,1.57,4.31,0.78,1.57
Senyuz,"Miray Suzan",3802805,miray.senyuz@etu.sorbonne-universite.fr,Finished,"4 December 2020  4:00 PM","4 December 2020  5:40 PM","1 hour 40 mins",17.72,0.39,0.39,0.39,0.39,1.57,0.39,0.39,1.57,0.78,2.42,0.39,1.57,1.18,4.31,0.78,0.78
Serraf,Dan,3971120,dan.serraf@etu.sorbonne-universite.fr,Finished,"6 December 2020  9:46 PM","6 December 2020  11:28 PM","1 hour 42 mins",19.61,0.39,0.39,0.39,0.39,1.57,0.39,0.39,1.57,0.78,3.14,0.39,1.57,1.57,4.31,0.78,1.57
Sidia,Amir,3670888,amir.sidia@etu.sorbonne-universite.fr,Finished,"4 December 2020  5:27 PM","4 December 2020  7:03 PM","1 hour 35 mins",17.56,0.39,0.39,0.39,0.39,1.57,0.20,0.39,1.57,0.78,2.85,0.39,1.18,1.18,3.92,0.78,1.18
Simion,Mathys,28705217,Mathys.Simion@etu.sorbonne-universite.fr,Finished,"1 December 2020  12:24 PM","1 December 2020  1:41 PM","1 hour 16 mins",16.43,0.39,0.39,0.39,0.39,1.57,0.39,0.39,1.57,0.78,1.14,0.39,1.18,1.57,4.31,0.78,0.78
Slimani,Hiba,3703036,hiba.slimani@etu.sorbonne-universite.fr,-,-,-,-,-,-,-,-,-,-,-,-,-,-,-,-,-,-,-,-,-
Song,Yifei,3970712,yifei.song@etu.sorbonne-universite.fr,Finished,"30 November 2020  4:13 PM","30 November 2020  5:40 PM","1 hour 27 mins",16.67,0.39,0.39,0.39,0.39,1.57,0.20,0.39,1.57,0.78,1.57,0.39,1.57,1.18,4.31,0.78,0.78
Soulignadeth,Willy,3800002,willy.soulignadeth@etu.sorbonne-universite.fr,Finished,"4 December 2020  4:00 PM","4 December 2020  5:11 PM","1 hour 11 mins",16.58,0.00,0.39,0.39,0.39,1.57,0.39,0.39,1.18,0.78,1.28,0.39,1.57,1.18,4.31,0.78,1.57
Soutil,Aurélien,3700451,aurelien.soutil@etu.sorbonne-universite.fr,Finished,"4 December 2020  4:02 PM","4 December 2020  5:10 PM","1 hour 7 mins",16.37,0.00,0.39,0.00,0.39,1.47,0.39,0.39,1.57,0.78,1.57,0.39,1.18,1.57,4.31,0.78,1.18
Sow,Fatou,28503374,fatou.sow.2@etu.sorbonne-universite.fr,Finished,"2 December 2020  11:05 AM","2 December 2020  12:50 PM","1 hour 45 mins",18.44,0.39,0.39,0.39,0.39,1.47,0.00,0.39,1.57,0.78,2.85,0.39,1.18,1.57,4.31,0.78,1.57
Suhana,Satria,3800274,satria.suhana@etu.sorbonne-universite.fr,Finished,"4 December 2020  11:02 AM","4 December 2020  12:28 PM","1 hour 26 mins",18.04,0.39,0.39,0.39,0.39,1.57,0.39,0.39,1.57,0.78,3.14,0.39,1.57,1.57,3.14,0.78,1.18
Sy,"Virak Bot Baramy",3407325,virak.sy@etu.sorbonne-universite.fr,Finished,"3 December 2020  5:13 PM","3 December 2020  6:58 PM","1 hour 44 mins",19.32,0.39,0.39,0.39,0.39,1.57,0.39,0.39,1.57,0.78,2.85,0.39,1.57,1.57,4.31,0.78,1.57
Szczerba,Kamil,28614283,kamil.szczerba@etu.sorbonne-universite.fr,Finished,"30 November 2020  3:57 PM","30 November 2020  5:15 PM","1 hour 18 mins",16.15,0.00,0.00,0.00,0.39,1.57,0.39,0.39,1.57,0.78,2.42,0.39,1.57,1.18,3.92,0.78,0.78
Taleb,Rida,3804264,rida.taleb@etu.sorbonne-universite.fr,Finished,"4 December 2020  2:46 PM","4 December 2020  4:10 PM","1 hour 23 mins",19.61,0.39,0.39,0.39,0.39,1.57,0.39,0.39,1.57,0.78,3.14,0.39,1.57,1.57,4.31,0.78,1.57
Tang,Christophe,3802892,christophe.tang@etu.sorbonne-universite.fr,"Never submitted","4 December 2020  3:56 PM",-,-,-,-,-,-,-,-,-,-,-,-,-,-,-,-,-,-,-
Tat,Jonathan,3874133,jonathan.tat@etu.sorbonne-universite.fr,Finished,"4 December 2020  5:03 PM","4 December 2020  5:10 PM","6 mins 45 secs",19.22,0.39,0.39,0.39,0.39,1.57,0.00,0.39,1.57,0.78,3.14,0.39,1.57,1.57,4.31,0.78,1.57
Tchen,Clement,3703339,clement.tchen@etu.sorbonne-universite.fr,Finished,"4 December 2020  5:18 PM","4 December 2020  7:02 PM","1 hour 44 mins",13.30,0.00,0.39,0.00,0.39,1.57,0.39,0.39,1.57,0.39,1.14,0.39,1.18,1.57,3.53,0.39,0.00
Thelineau,Jeremy,3200147,jeremy.thelineau@etu.sorbonne-universite.fr,-,-,-,-,-,-,-,-,-,-,-,-,-,-,-,-,-,-,-,-,-
Theodosiou,Michalis,3151223,michalis.theodosiou@etu.sorbonne-universite.fr,-,-,-,-,-,-,-,-,-,-,-,-,-,-,-,-,-,-,-,-,-
Theret,Ingrid,3201608,ingrid.theret@etu.sorbonne-universite.fr,Finished,"4 December 2020  10:57 AM","4 December 2020  12:29 PM","1 hour 31 mins",19.61,0.39,0.39,0.39,0.39,1.57,0.39,0.39,1.57,0.78,3.14,0.39,1.57,1.57,4.31,0.78,1.57
Thiam,Mohamed,3672502,mohamed.thiam@etu.sorbonne-universite.fr,Finished,"4 December 2020  4:01 PM","4 December 2020  5:46 PM","1 hour 45 mins",10.30,0.00,0.39,0.00,0.39,1.57,0.39,0.39,0.00,0.78,1.28,0.00,0.78,0.78,1.96,0.78,0.78
Thurairajah,Shaithan,3802984,shaithan.thurairajah@etu.sorbonne-universite.fr,Finished,"4 December 2020  3:59 PM","4 December 2020  5:41 PM","1 hour 41 mins",17.65,0.39,0.39,0.39,0.39,1.57,0.39,0.39,1.57,0.78,1.57,0.39,1.18,1.57,4.31,0.78,1.57
Tibi,Gad,3801996,gad.tibi@etu.sorbonne-universite.fr,Finished,"2 December 2020  10:57 AM","2 December 2020  12:42 PM","1 hour 44 mins",14.51,0.39,0.39,0.39,0.39,1.57,0.39,0.39,0.78,0.78,3.14,0.00,0.78,0.78,3.92,0.39,-
Toullalan,Antoine,3706648,antoine.toullalan@etu.sorbonne-universite.fr,Finished,"3 December 2020  4:05 PM","3 December 2020  5:25 PM","1 hour 20 mins",14.22,0.00,0.39,0.00,0.39,1.57,0.39,0.39,0.78,0.78,2.85,0.00,0.78,1.18,3.53,0.39,0.78
Tran,Kevin,3700914,kevin.tran@etu.sorbonne-universite.fr,Finished,"4 December 2020  3:57 PM","4 December 2020  5:25 PM","1 hour 28 mins",16.86,0.39,0.39,0.39,0.39,1.57,0.39,0.39,1.57,0.78,1.57,0.39,1.18,1.18,4.31,0.78,1.18
Traore,Khadidja,3800559,khadidja.traore@etu.sorbonne-universite.fr,Finished,"30 November 2020  4:37 PM","30 November 2020  6:20 PM","1 hour 43 mins",7.13,0.39,0.39,0.39,0.39,1.57,0.39,0.39,1.57,0.39,0.86,0.39,-,0.00,-,-,-
Trouve,Alex,3700052,alex.trouve@etu.sorbonne-universite.fr,Finished,"4 December 2020  11:00 AM","4 December 2020  12:10 PM","1 hour 9 mins",19.61,0.39,0.39,0.39,0.39,1.57,0.39,0.39,1.57,0.78,3.14,0.39,1.57,1.57,4.31,0.78,1.57
Ung,Thierry,3804472,thierry.ung@etu.sorbonne-universite.fr,Finished,"4 December 2020  3:17 PM","4 December 2020  4:23 PM","1 hour 5 mins",18.63,0.39,0.39,0.39,0.39,0.59,0.39,0.39,1.57,0.78,3.14,0.39,1.57,1.57,4.31,0.78,1.57
"Van Remoortere",Pierre,28007865,pierre.van_remoortere.1@etu.sorbonne-universite.fr,-,-,-,-,-,-,-,-,-,-,-,-,-,-,-,-,-,-,-,-,-
Vang,Danny,3670334,danny.vang@etu.sorbonne-universite.fr,Finished,"4 December 2020  1:31 PM","4 December 2020  2:31 PM","1 hour",19.22,0.39,0.39,0.39,0.39,1.57,0.00,0.39,1.57,0.78,3.14,0.39,1.57,1.57,4.31,0.78,1.57
Vanrycke,Loann,3811248,loann.vanrycke@etu.sorbonne-universite.fr,Finished,"4 December 2020  4:00 PM","4 December 2020  5:11 PM","1 hour 11 mins",17.65,0.39,0.39,0.39,0.39,1.57,0.00,0.39,1.57,0.78,3.14,0.39,1.57,1.57,4.31,0.78,-
Villard,Lorenzo,3801327,lorenzo.villard@etu.sorbonne-universite.fr,-,-,-,-,-,-,-,-,-,-,-,-,-,-,-,-,-,-,-,-,-
Xu,Jin,3700044,jin.xu@etu.sorbonne-universite.fr,Finished,"4 December 2020  4:27 PM","4 December 2020  5:31 PM","1 hour 4 mins",3.53,-,0.39,-,0.39,0.00,0.39,0.39,0.39,-,-,0.39,-,0.78,-,0.00,0.39
Yalcin,Mehmet,3702332,mehmet.yalcin@etu.sorbonne-universite.fr,Finished,"4 December 2020  4:03 PM","4 December 2020  5:36 PM","1 hour 33 mins",19.22,0.00,0.39,0.39,0.39,1.57,0.39,0.39,1.57,0.78,3.14,0.39,1.57,1.57,4.31,0.78,1.57
Yang,Qing,3872484,qing.yang@etu.sorbonne-universite.fr,Finished,"4 December 2020  3:56 PM","4 December 2020  5:31 PM","1 hour 34 mins",3.73,-,0.39,-,0.39,0.00,0.20,0.39,0.39,-,-,0.39,-,0.78,-,0.39,0.39
Yao,Qingyuan,3970770,qingyuan.yao@etu.sorbonne-universite.fr,Finished,"4 December 2020  5:04 PM","4 December 2020  6:46 PM","1 hour 41 mins",14.40,0.00,0.39,0.00,0.39,1.57,0.00,0.39,0.00,0.78,1.85,0.39,1.57,1.18,3.92,0.78,1.18
Ye,William,3413637,william.ye@etu.sorbonne-universite.fr,Finished,"1 December 2020  6:13 PM","1 December 2020  7:45 PM","1 hour 32 mins",17.29,0.39,0.39,0.39,0.39,1.57,0.39,0.39,1.57,0.78,2.00,0.39,1.18,1.18,4.31,0.78,1.18
Zerrouki,Elies,3802658,elies.zerrouki@etu.sorbonne-universite.fr,Finished,"4 December 2020  4:14 PM","4 December 2020  5:04 PM","50 mins 47 secs",19.47,0.39,0.39,0.39,0.39,1.57,0.39,0.39,1.57,0.78,2.99,0.39,1.57,1.57,4.31,0.78,1.57
Zhang,Kevin,3520893,kevin.zhang@etu.sorbonne-universite.fr,Finished,"4 December 2020  2:02 PM","4 December 2020  3:29 PM","1 hour 26 mins",17.09,0.39,0.39,0.39,0.39,1.57,0.39,0.20,1.57,0.78,2.00,0.39,1.18,1.18,4.31,0.78,1.18
Zhang,Kate,3800131,kate.zhang@etu.sorbonne-universite.fr,Finished,"4 December 2020  11:03 AM","4 December 2020  12:09 PM","1 hour 5 mins",19.22,0.39,0.39,0.39,0.39,1.57,0.39,0.39,1.57,0.78,3.14,0.39,1.57,1.57,4.31,0.78,1.18
Zhang,Eric,3800297,eric.zhang@etu.sorbonne-universite.fr,Finished,"4 December 2020  11:03 AM","4 December 2020  12:05 PM","1 hour 1 min",19.61,0.39,0.39,0.39,0.39,1.57,0.39,0.39,1.57,0.78,3.14,0.39,1.57,1.57,4.31,0.78,1.57
Zhao,Cong,2351624,cong.zhao@etu.sorbonne-universite.fr,Finished,"4 December 2020  12:10 PM","4 December 2020  1:42 PM","1 hour 32 mins",13.80,0.00,0.39,0.00,0.39,1.57,0.20,0.20,1.57,0.78,0.86,0.39,1.57,1.57,2.35,0.78,1.18
Zheng,Luc,3710230,luc.zheng@etu.sorbonne-universite.fr,Finished,"4 December 2020  4:28 PM","4 December 2020  5:08 PM","39 mins 52 secs",18.15,0.39,0.39,0.39,0.39,1.57,0.39,0.39,1.57,0.78,2.85,0.39,1.18,1.18,4.31,0.78,1.18
Zhou,Jean-Marc,28008879,jean-marc.zhou@etu.sorbonne-universite.fr,Finished,"4 December 2020  3:52 PM","4 December 2020  5:00 PM","1 hour 8 mins",17.36,0.39,0.39,0.39,0.39,1.18,0.39,0.39,1.18,0.78,2.85,0.39,1.18,1.18,4.31,0.78,1.18
Ziegler,Clara,3709947,clara.ziegler@etu.sorbonne-universite.fr,Finished,"4 December 2020  3:56 PM","4 December 2020  5:04 PM","1 hour 8 mins",17.58,0.39,0.39,0.39,0.39,1.47,0.39,0.39,1.57,0.78,2.00,0.39,1.18,1.18,4.31,0.78,1.57
Zinopoulos-Yannopoulos,Florian,3708962,florian.zinopoulos-yannopoulos@etu.sorbonne-universite.fr,Finished,"30 November 2020  4:56 PM","30 November 2020  6:24 PM","1 hour 28 mins",17.36,0.00,0.39,0.00,0.39,1.57,0.39,0.39,1.57,0.78,2.85,0.39,1.57,1.18,3.53,0.78,1.57
"Zou Al Guyna",Louai,3680880,louai.zou_al_guyna@etu.sorbonne-universite.fr,Finished,"4 December 2020  3:36 PM","4 December 2020  4:41 PM","1 hour 5 mins",12.19,0.39,0.39,0.39,0.39,1.57,0.39,0.39,1.57,0.78,2.00,0.39,1.18,1.57,-,0.78,0.00
"Overall average",,,,,,,,16.86,0.30,0.38,0.30,0.38,1.48,0.33,0.38,1.42,0.74,2.31,0.37,1.33,1.36,3.85,0.71,1.21
