﻿Surname,"First name","ID number","Email address",State,"Started on",Completed,"Time taken",Grade/20.00,"Q. 1 /1.05","Q. 2 /1.58","Q. 3 /0.53","Q. 4 /0.53","Q. 5 /0.53","Q. 6 /1.58","Q. 7 /0.53","Q. 8 /0.53","Q. 9 /1.58","Q. 10 /1.05","Q. 11 /3.68","Q. 12 /0.53","Q. 13 /4.21","Q. 14 /2.11"
Aallam,Mohamed,3802135,mohamed.aallam@etu.sorbonne-universite.fr,Finished,"11 December 2020  5:01 PM","11 December 2020  5:56 PM","55 mins 40 secs",13.16,0.53,1.05,0.53,0.53,0.00,1.05,0.53,0.53,1.05,1.05,3.16,0.53,2.63,0.00
Abdalaziz,"Youssef Alaa Elsayye",3803619,youssef.abdalaziz@etu.sorbonne-universite.fr,Finished,"7 December 2020  4:35 PM","7 December 2020  5:34 PM","59 mins 19 secs",16.84,1.05,0.00,0.53,0.53,0.53,1.05,0.53,0.53,1.58,1.05,3.68,0.53,3.16,2.11
Abderrahmen,"Mohamed Aziz",3802009,mohamed.abderrahmen@etu.sorbonne-universite.fr,"Never submitted","11 December 2020  4:45 PM",-,-,-,-,-,-,-,-,-,-,-,-,-,-,-,-,-
Abderrahmen,"Mohamed Aziz",3802009,mohamed.abderrahmen@etu.sorbonne-universite.fr,Finished,"14 December 2020  3:25 PM","14 December 2020  3:29 PM","4 mins 27 secs",9.47,0.00,0.00,0.00,0.00,0.53,1.05,0.00,0.53,1.05,1.05,-,0.53,2.63,2.11
Abitbol,Yossef,3804139,yossef.abitbol@etu.sorbonne-universite.fr,Finished,"11 December 2020  4:03 PM","11 December 2020  4:57 PM","53 mins 58 secs",14.74,1.05,0.53,0.53,0.53,0.53,1.58,0.53,0.53,1.05,1.05,3.68,0.53,2.63,-
Abitbol,Yossef,3804139,yossef.abitbol@etu.sorbonne-universite.fr,Finished,"11 December 2020  4:57 PM","11 December 2020  5:40 PM","43 mins 30 secs",17.37,1.05,1.58,0.53,0.53,0.53,1.58,0.53,0.53,1.05,1.05,3.68,0.53,3.16,1.05
Ajuelos,Emmanuel,3800432,emmanuel.ajuelos@etu.sorbonne-universite.fr,Finished,"13 December 2020  2:05 PM","13 December 2020  3:01 PM","55 mins 42 secs",14.21,1.05,1.05,0.53,0.53,0.53,1.05,0.53,0.53,1.58,1.05,2.63,0.53,2.63,0.00
"Al- Jawhi",Abdullah,28625228,abdullah.al_jawhi@etu.sorbonne-universite.fr,-,-,-,-,-,-,-,-,-,-,-,-,-,-,-,-,-,-,-
Ammour,Amine,3876256,amine.ammour@etu.sorbonne-universite.fr,Finished,"11 December 2020  11:54 AM","11 December 2020  12:58 PM","1 hour 4 mins",14.21,1.05,1.05,0.53,0.53,0.53,1.05,0.53,0.53,1.05,1.05,3.16,0.53,2.63,0.00
Anki-Zuccarello,Kenza,3800473,kenza.anki-zuccarello@etu.sorbonne-universite.fr,-,-,-,-,-,-,-,-,-,-,-,-,-,-,-,-,-,-,-
Anki-Zuccarello,Kenza,28502318,kenza.anki.1@etu.sorbonne-universite.fr,Finished,"9 December 2020  11:34 AM","9 December 2020  12:40 PM","1 hour 6 mins",17.89,0.53,1.58,0.53,0.53,0.53,1.58,0.53,0.53,1.05,1.05,3.16,0.53,3.68,2.11
Aral,Arda,3702388,arda.aral@etu.sorbonne-universite.fr,Finished,"9 December 2020  10:47 AM","9 December 2020  12:32 PM","1 hour 44 mins",15.79,1.05,1.05,0.53,0.00,0.53,1.58,0.00,-,1.05,1.05,2.63,0.53,3.68,2.11
Arichandra,Santhos,3802651,santhos.arichandra@etu.sorbonne-universite.fr,Finished,"11 December 2020  11:07 AM","11 December 2020  12:09 PM","1 hour 1 min",14.21,1.05,1.05,0.53,0.53,0.53,1.05,0.53,0.53,1.05,1.05,3.16,0.53,2.63,0.00
Armenoult,Ludovic,3416871,ludovic.armenoult@etu.sorbonne-universite.fr,Finished,"9 December 2020  10:51 AM","9 December 2020  12:27 PM","1 hour 36 mins",15.79,1.05,1.58,0.53,0.53,0.53,1.58,0.53,0.53,1.58,0.00,3.68,-,2.63,1.05
Arrous,Clement,3671634,clement.arrous@etu.sorbonne-universite.fr,-,-,-,-,-,-,-,-,-,-,-,-,-,-,-,-,-,-,-
Audoux,Marion,3700108,marion.audoux@etu.sorbonne-universite.fr,Finished,"9 December 2020  4:03 PM","9 December 2020  4:42 PM","38 mins 34 secs",16.32,1.05,1.58,0.53,0.53,0.00,1.05,0.53,0.53,1.58,1.05,3.16,0.53,2.11,2.11
Audras,Antoine,3410283,antoine.audras@etu.sorbonne-universite.fr,Finished,"11 December 2020  4:01 PM","11 December 2020  5:38 PM","1 hour 37 mins",18.95,1.05,1.05,0.53,0.53,0.53,1.05,0.53,0.53,1.58,1.05,3.68,0.53,4.21,2.11
Ayadi,Anis,3802501,anis.ayadi@etu.sorbonne-universite.fr,Finished,"11 December 2020  4:19 PM","11 December 2020  5:03 PM","44 mins 13 secs",16.84,1.05,1.05,0.53,0.53,0.53,1.05,0.53,0.53,1.05,1.05,3.16,0.53,3.16,2.11
Azar,Jane,3803112,jane.azar@etu.sorbonne-universite.fr,Finished,"11 December 2020  4:00 PM","11 December 2020  5:45 PM","1 hour 45 mins",15.79,1.05,0.53,0.53,0.53,0.53,1.05,0.53,0.53,1.05,1.05,3.16,0.53,2.63,2.11
Azoui,Rayane,28710978,Rayane.Azoui@etu.sorbonne-universite.fr,Finished,"7 December 2020  5:17 PM","7 December 2020  6:18 PM","1 hour 1 min",13.16,0.00,0.00,0.53,0.00,0.00,1.05,0.53,0.53,1.05,1.05,3.16,0.53,2.63,2.11
Badriouiche,Mohamed,3701404,mohamed.badriouiche@etu.sorbonne-universite.fr,Finished,"11 December 2020  6:14 PM","11 December 2020  6:26 PM","12 mins 12 secs",14.21,1.05,1.05,0.53,0.53,0.53,1.05,0.53,0.53,1.05,1.05,3.16,0.53,2.63,0.00
Baker,Thomas,3700144,thomas.baker@etu.sorbonne-universite.fr,Finished,"10 December 2020  4:41 PM","10 December 2020  6:26 PM","1 hour 45 mins",10.53,0.00,0.00,0.53,0.00,0.53,1.05,0.53,0.53,1.05,1.05,0.00,0.53,2.63,2.11
Baraket,Msalem,3804929,msalem.baraket@etu.sorbonne-universite.fr,"Never submitted","11 December 2020  5:23 PM",-,-,-,-,-,-,-,-,-,-,-,-,-,-,-,-,-
Barbier,Marie,3802734,marie.barbier.1@etu.sorbonne-universite.fr,Finished,"9 December 2020  11:36 AM","9 December 2020  12:37 PM","1 hour",15.79,1.05,1.05,0.53,0.00,0.53,1.05,0.53,0.53,1.05,1.05,3.16,0.53,3.68,1.05
Belazouz,Bourhan-Eddine,3208353,bourhan-eddine.belazouz@etu.sorbonne-universite.fr,Finished,"11 December 2020  4:17 PM","11 December 2020  5:53 PM","1 hour 35 mins",14.21,1.05,1.05,0.53,0.53,0.53,1.05,0.53,0.53,1.05,1.05,3.16,0.53,2.63,0.00
Bellut,Quentin,3710439,quentin.bellut@etu.sorbonne-universite.fr,Finished,"9 December 2020  10:48 AM","9 December 2020  12:15 PM","1 hour 27 mins",18.95,1.05,1.58,0.53,0.53,0.53,1.58,0.53,0.53,1.05,1.05,3.16,0.53,4.21,2.11
"Ben Attar",Ethan,3670543,ethan.ben_attar@etu.sorbonne-universite.fr,Finished,"9 December 2020  10:52 AM","9 December 2020  11:43 AM","51 mins 21 secs",16.32,1.05,1.58,0.53,0.53,0.53,1.58,0.53,0.53,1.05,1.05,3.68,0.53,3.16,0.00
Benabdallah,Ali,3806311,ali.benabdallah@etu.sorbonne-universite.fr,Finished,"11 December 2020  4:15 PM","11 December 2020  5:49 PM","1 hour 33 mins",18.95,1.05,1.05,0.53,0.53,0.53,1.05,0.53,0.53,1.58,1.05,3.68,0.53,4.21,2.11
Bencherif,Nabil,3710493,nabil.bencherif@etu.sorbonne-universite.fr,Finished,"11 December 2020  2:28 PM","11 December 2020  3:44 PM","1 hour 15 mins",13.16,0.53,0.00,0.53,0.53,0.53,1.05,0.53,0.53,1.05,1.05,3.16,0.53,3.16,0.00
Benjamin-Jeyaseelan,"Benjamin Julius",3671340,benjamin.benjamin-jeyaseelan@etu.sorbonne-universite.fr,Finished,"11 December 2020  10:52 AM","11 December 2020  12:19 PM","1 hour 27 mins",16.32,1.05,1.05,0.53,0.53,0.53,1.05,0.53,0.53,1.05,1.05,3.16,0.53,2.63,2.11
Bensafia,"Chems Eddine",28717430,Chems_Eddine.Bensafia@etu.sorbonne-universite.fr,Finished,"11 December 2020  3:38 PM","11 December 2020  4:00 PM","21 mins 56 secs",14.21,0.53,1.05,0.53,0.53,0.53,1.05,0.53,0.53,1.05,1.05,3.16,0.53,3.16,0.00
Benyahia,Sami,3677177,sami.benyahia@etu.sorbonne-universite.fr,Finished,"11 December 2020  5:05 PM","11 December 2020  6:36 PM","1 hour 30 mins",13.68,0.53,0.00,0.53,0.00,0.53,1.05,0.53,0.53,1.58,1.05,2.63,0.53,3.16,1.05
Bernier,Téo,3670574,teo.bernier@etu.sorbonne-universite.fr,Finished,"11 December 2020  2:12 PM","11 December 2020  3:37 PM","1 hour 24 mins",8.42,1.05,0.00,0.53,0.00,0.53,1.05,0.53,0.53,1.05,-,-,-,3.16,-
Bettahar,"Mohamed El Amine",28616068,mohamed.bettahar@etu.sorbonne-universite.fr,Finished,"11 December 2020  5:53 PM","11 December 2020  6:35 PM","41 mins 41 secs",17.89,1.05,1.05,0.53,0.53,0.53,1.05,0.53,0.53,1.05,1.05,3.16,0.53,4.21,2.11
Boubrik,Ihsane,3670795,ihsane.boubrik@etu.sorbonne-universite.fr,Finished,"11 December 2020  10:48 AM","11 December 2020  12:05 PM","1 hour 16 mins",14.74,1.05,1.58,0.53,0.53,0.53,1.05,0.53,0.53,1.05,1.05,3.16,0.53,2.63,0.00
Boudarene,Samy,3801935,samy.boudarene@etu.sorbonne-universite.fr,Finished,"11 December 2020  5:21 PM","11 December 2020  6:52 PM","1 hour 31 mins",12.63,0.53,1.05,0.53,0.53,0.00,1.05,0.00,0.53,1.05,1.05,3.16,0.53,2.63,0.00
Bougherara,Adan,3680559,adan.bougherara@etu.sorbonne-universite.fr,Finished,"11 December 2020  4:13 PM","11 December 2020  5:00 PM","47 mins 1 sec",15.79,1.05,1.58,0.53,0.53,0.53,1.05,0.00,0.00,1.58,1.05,2.11,0.53,3.16,2.11
Bourekh,Zidane,3677063,zidane.bourekh@etu.sorbonne-universite.fr,-,-,-,-,-,-,-,-,-,-,-,-,-,-,-,-,-,-,-
Bourlette,Lucas,3672216,lucas.bourlette@etu.sorbonne-universite.fr,Finished,"11 December 2020  6:33 PM","11 December 2020  6:40 PM","6 mins 59 secs",14.21,1.05,1.05,0.53,0.53,0.53,1.05,0.53,0.53,1.05,1.05,3.16,0.53,2.63,0.00
Bourmault,Adrien,3677850,adrien.bourmault@etu.sorbonne-universite.fr,-,-,-,-,-,-,-,-,-,-,-,-,-,-,-,-,-,-,-
Bouyoucef,Assirem,3971113,assirem.bouyoucef@etu.sorbonne-universite.fr,Finished,"11 December 2020  11:17 AM","11 December 2020  12:21 PM","1 hour 3 mins",16.32,1.05,1.05,0.53,0.53,0.53,1.05,0.53,0.53,1.05,1.05,3.16,0.53,2.63,2.11
Bouzouaoui,Anes,28616582,anes.bouzouaoui@etu.sorbonne-universite.fr,Finished,"11 December 2020  8:46 AM","11 December 2020  9:30 AM","43 mins 39 secs",12.63,0.00,0.00,0.53,0.00,0.53,1.05,0.53,0.53,1.05,1.05,2.11,0.53,2.63,2.11
Boyadjiev,Todor,28507548,todor.boyadjiev.2@etu.sorbonne-universite.fr,Finished,"11 December 2020  5:49 PM","11 December 2020  7:00 PM","1 hour 10 mins",0.00,0.00,0.00,-,-,-,-,-,-,-,-,-,-,-,-
Brasseur,Gaëtan,3802696,gaetan.brasseur@etu.sorbonne-universite.fr,"Never submitted","10 December 2020  6:02 PM",-,-,-,-,-,-,-,-,-,-,-,-,-,-,-,-,-
Brihmouche,Yacine,28717951,Yacine.Brihmouche@etu.sorbonne-universite.fr,Finished,"11 December 2020  1:28 AM","11 December 2020  2:22 AM","54 mins 15 secs",18.95,1.05,1.58,0.53,0.53,0.53,1.58,0.53,0.53,1.05,1.05,3.68,0.53,3.68,2.11
Buisson,Marc,28614429,marc.buisson@etu.sorbonne-universite.fr,Finished,"11 December 2020  4:22 PM","11 December 2020  4:25 PM","3 mins 55 secs",13.68,1.05,0.53,0.53,0.53,0.53,1.05,0.53,0.53,1.05,1.05,3.16,0.53,2.63,0.00
Canitrot,Julien,3803521,julien.canitrot@etu.sorbonne-universite.fr,Finished,"11 December 2020  4:07 PM","11 December 2020  5:49 PM","1 hour 41 mins",16.84,1.05,1.05,0.53,0.00,0.53,1.58,0.53,0.53,1.05,1.05,3.16,0.53,3.16,2.11
Carton,Lorris,3521310,lorris.carton@etu.sorbonne-universite.fr,-,-,-,-,-,-,-,-,-,-,-,-,-,-,-,-,-,-,-
Carvalho,Lorenzo,3700288,lorenzo.carvalho@etu.sorbonne-universite.fr,Finished,"11 December 2020  3:57 PM","11 December 2020  5:36 PM","1 hour 39 mins",11.05,1.05,0.53,0.53,0.53,0.00,1.05,0.53,0.53,1.05,1.05,3.16,0.53,0.53,-
Cassan,Jules,3810883,jules.cassan@etu.sorbonne-universite.fr,Finished,"11 December 2020  4:13 PM","11 December 2020  5:00 PM","47 mins 6 secs",16.32,1.05,1.58,0.53,0.53,0.53,1.05,0.00,0.00,1.58,1.05,2.63,0.53,3.16,2.11
Chafai,Tinhinane,3802927,tinhinane.chafai@etu.sorbonne-universite.fr,Finished,"11 December 2020  4:01 PM","11 December 2020  5:46 PM","1 hour 44 mins",15.79,1.05,0.53,0.53,0.53,0.53,1.05,0.53,0.53,1.05,1.05,3.16,0.53,2.63,2.11
"Chan Yip Hon",Boris,3706553,boris.chan_yip_hon@etu.sorbonne-universite.fr,Finished,"11 December 2020  10:54 AM","11 December 2020  12:33 PM","1 hour 38 mins",13.16,1.05,1.05,0.53,0.53,0.00,1.05,0.00,0.53,1.05,1.05,3.16,0.53,2.63,0.00
Chea,Sophie,3708951,sophie.chea@etu.sorbonne-universite.fr,Finished,"11 December 2020  10:41 AM","11 December 2020  12:26 PM","1 hour 45 mins",14.74,1.05,0.53,0.53,0.53,0.53,1.58,0.53,0.00,1.05,1.05,1.58,0.53,3.16,2.11
Chen,Jinhe,3802503,jinhe.chen@etu.sorbonne-universite.fr,-,-,-,-,-,-,-,-,-,-,-,-,-,-,-,-,-,-,-
Cherfaoui,Sarah,3874223,sarah.cherfaoui@etu.sorbonne-universite.fr,-,-,-,-,-,-,-,-,-,-,-,-,-,-,-,-,-,-,-
Cherfaoui,Melissa,28720090,Melissa.Cherfaoui@etu.sorbonne-universite.fr,"Never submitted","11 December 2020  4:12 PM",-,-,-,-,-,-,-,-,-,-,-,-,-,-,-,-,-
Cherfaoui,Melissa,28720090,Melissa.Cherfaoui@etu.sorbonne-universite.fr,Finished,"12 December 2020  10:10 PM","12 December 2020  11:30 PM","1 hour 19 mins",6.84,0.53,0.00,0.53,-,0.00,1.05,0.53,0.00,-,-,-,-,3.16,1.05
Chitu,Alex,3701943,alex.chitu@etu.sorbonne-universite.fr,Finished,"11 December 2020  11:13 AM","11 December 2020  12:14 PM","1 hour",13.68,0.53,1.05,0.53,0.53,0.00,1.05,0.53,0.53,1.58,1.05,3.16,0.53,2.63,0.00
Cineus,Dylan,3302425,dylan.cineus@etu.sorbonne-universite.fr,Finished,"11 December 2020  4:30 PM","11 December 2020  5:28 PM","57 mins 44 secs",13.16,1.05,0.53,0.53,0.00,0.53,1.05,0.53,0.53,1.05,1.05,3.16,0.53,2.63,0.00
Ciocan,Clara,3801875,clara.ciocan@etu.sorbonne-universite.fr,Finished,"11 December 2020  5:14 PM","11 December 2020  6:39 PM","1 hour 24 mins",15.26,1.05,0.00,0.00,0.53,0.53,1.58,0.00,0.53,1.58,1.05,2.63,0.53,3.16,2.11
Cleuziou,Karl,3800455,karl.cleuziou@etu.sorbonne-universite.fr,Finished,"9 December 2020  11:30 AM","9 December 2020  12:36 PM","1 hour 6 mins",18.42,1.05,1.58,0.53,0.53,0.53,1.05,0.53,0.53,1.05,1.05,3.68,0.53,3.68,2.11
Colin,Jacques,3700584,jacques.colin@etu.sorbonne-universite.fr,Finished,"11 December 2020  2:55 PM","11 December 2020  3:43 PM","47 mins 53 secs",14.21,1.05,1.05,0.53,0.53,0.53,1.05,0.53,0.53,1.05,1.05,3.16,0.53,2.63,0.00
Coudert,Louis,3800333,louis.coudert@etu.sorbonne-universite.fr,Finished,"9 December 2020  11:24 AM","9 December 2020  12:25 PM","1 hour 1 min",18.42,1.05,1.58,0.53,0.53,0.53,1.58,0.53,0.53,1.05,1.05,3.68,0.53,3.16,2.11
Dauvet,Haron,3700463,haron.dauvet@etu.sorbonne-universite.fr,-,-,-,-,-,-,-,-,-,-,-,-,-,-,-,-,-,-,-
"De Castelbajac",Matthieu,3800411,matthieu.de_castelbajac@etu.sorbonne-universite.fr,Finished,"9 December 2020  10:55 AM","9 December 2020  11:58 AM","1 hour 3 mins",16.32,1.05,1.58,0.53,0.53,0.00,1.58,0.53,0.53,1.05,1.05,2.11,0.53,3.16,2.11
Delgado,Thomas,3407716,thomas.delgado@etu.sorbonne-universite.fr,-,-,-,-,-,-,-,-,-,-,-,-,-,-,-,-,-,-,-
Demeulenaere,Vivien,3706539,vivien.demeulenaere@etu.sorbonne-universite.fr,Finished,"11 December 2020  4:14 PM","11 December 2020  5:00 PM","46 mins 41 secs",15.26,1.05,1.58,0.53,0.53,0.53,1.05,0.00,0.00,1.58,1.05,1.58,0.53,3.16,2.11
Djouahra,"Mohamed Akram",28718098,Mohamed_Akram.Djouahra@etu.sorbonne-universite.fr,Finished,"10 December 2020  11:55 AM","10 December 2020  1:40 PM","1 hour 45 mins",10.00,0.53,0.53,0.53,0.00,0.53,1.05,0.53,0.53,1.05,-,2.11,-,2.63,0.00
Djouder,Sarah,3970876,sarah.djouder@etu.sorbonne-universite.fr,Finished,"11 December 2020  4:21 PM","11 December 2020  6:02 PM","1 hour 41 mins",17.37,1.05,0.53,0.53,0.53,0.53,1.05,0.53,0.53,1.05,1.05,3.16,0.53,4.21,2.11
Doucouré,Dramane,3520680,dramane.doucoure@etu.sorbonne-universite.fr,Finished,"11 December 2020  12:01 PM","11 December 2020  12:12 PM","11 mins 25 secs",14.74,1.05,1.58,0.53,0.53,0.53,1.05,0.53,0.53,1.05,1.05,3.16,0.53,2.63,0.00
Drouin,Reza,3800042,reza.drouin@etu.sorbonne-universite.fr,Finished,"11 December 2020  3:19 PM","11 December 2020  4:27 PM","1 hour 7 mins",12.11,0.53,1.05,0.53,0.53,0.00,1.05,0.53,0.53,1.05,-,3.16,0.53,2.63,-
Du,Qian,3520431,qian.du@etu.sorbonne-universite.fr,Finished,"9 December 2020  10:45 AM","9 December 2020  12:01 PM","1 hour 16 mins",8.95,0.53,0.00,0.53,0.53,0.53,1.05,0.00,-,1.05,1.05,3.16,0.53,-,0.00
Dubreuil,Jules,3800417,jules.dubreuil@etu.sorbonne-universite.fr,Finished,"10 December 2020  5:53 PM","10 December 2020  6:36 PM","42 mins 39 secs",13.16,0.53,0.00,0.53,0.53,0.53,1.05,0.53,0.53,1.05,1.05,3.16,0.53,3.16,0.00
Dufeutrelle,Hugo,3520375,hugo.dufeutrelle@etu.sorbonne-universite.fr,Finished,"7 December 2020  4:34 PM","7 December 2020  5:27 PM","52 mins 51 secs",0.53,0.00,0.00,0.53,-,-,-,-,-,-,-,-,-,-,-
Dumoulin,Zoé,3702742,zoe.dumoulin@etu.sorbonne-universite.fr,Finished,"11 December 2020  3:35 PM","11 December 2020  4:32 PM","57 mins 8 secs",13.16,0.53,0.53,0.53,0.53,0.00,1.05,0.53,0.53,1.05,1.05,3.16,0.53,3.16,0.00
Duval,Aurelien,3872455,aurelien.duval@etu.sorbonne-universite.fr,Finished,"11 December 2020  4:05 PM","11 December 2020  5:29 PM","1 hour 23 mins",12.63,0.53,1.58,0.53,0.53,0.53,1.58,0.53,0.00,1.58,1.05,0.53,0.53,3.16,0.00
Dziri,Hakim,3800075,hakim.dziri@etu.sorbonne-universite.fr,-,-,-,-,-,-,-,-,-,-,-,-,-,-,-,-,-,-,-
"El Fahdi",Ismaël,3802719,ismael.el_fahdi@etu.sorbonne-universite.fr,Finished,"11 December 2020  4:14 PM","11 December 2020  4:53 PM","38 mins 45 secs",13.68,0.53,0.53,0.53,0.53,0.53,1.05,0.53,0.53,1.05,1.05,1.05,0.53,3.16,2.11
"El Ghali",Yosr,3802466,yosr.elghali@etu.sorbonne-universite.fr,Finished,"7 December 2020  4:16 PM","7 December 2020  5:51 PM","1 hour 35 mins",9.47,0.53,0.00,0.00,0.00,0.00,1.05,0.53,0.53,1.58,1.05,3.16,0.53,0.53,0.00
"El Ghazzi",Sarah,3671094,sarah.el_ghazzi@etu.sorbonne-universite.fr,Finished,"11 December 2020  6:05 PM","11 December 2020  6:12 PM","6 mins 29 secs",13.16,0.53,1.05,0.53,0.00,0.53,1.05,0.53,0.53,1.05,1.05,3.16,0.53,2.63,0.00
"El Ghoul",Elio,3803565,elio.el_ghoul@etu.sorbonne-universite.fr,Finished,"11 December 2020  2:11 PM","11 December 2020  3:24 PM","1 hour 13 mins",16.84,1.05,1.58,0.53,0.53,0.53,1.05,0.00,0.53,1.05,1.05,3.68,0.53,2.63,2.11
Elatri,Sami,3801805,sami.elatri@etu.sorbonne-universite.fr,-,-,-,-,-,-,-,-,-,-,-,-,-,-,-,-,-,-,-
Ergun,Yavuz,3670777,yavuz.ergun@etu.sorbonne-universite.fr,Finished,"11 December 2020  5:43 PM","11 December 2020  5:47 PM","4 mins 8 secs",13.16,0.53,1.05,0.53,0.53,0.53,1.05,0.53,0.53,1.05,1.05,3.16,0.53,2.11,0.00
Felix,Wycherley-Kassel,3702385,wycherley-kassel.felix@etu.sorbonne-universite.fr,Finished,"11 December 2020  12:19 PM","11 December 2020  1:15 PM","56 mins 11 secs",13.68,1.05,0.53,0.53,0.53,0.53,1.05,0.53,0.53,1.05,1.05,3.16,0.53,2.63,0.00
Ferdaoui,Sheïmâa,3802999,sheimaa.ferdaoui@etu.sorbonne-universite.fr,Finished,"11 December 2020  12:47 AM","11 December 2020  12:56 AM","8 mins 50 secs",13.16,0.53,0.00,0.53,0.53,0.53,1.05,0.53,0.53,1.05,1.05,3.16,0.53,3.16,0.00
Gabour,Smail,3700149,smail.gabour@etu.sorbonne-universite.fr,Finished,"11 December 2020  3:24 PM","11 December 2020  3:32 PM","7 mins 46 secs",14.21,1.05,1.05,0.53,0.53,0.53,1.05,0.53,0.53,1.05,1.05,3.16,0.53,2.63,0.00
Gaillon,Gregoire,3670241,gregoire.gaillon@etu.sorbonne-universite.fr,-,-,-,-,-,-,-,-,-,-,-,-,-,-,-,-,-,-,-
Galliot,Jules,3802342,jules.galliot@etu.sorbonne-universite.fr,Finished,"10 December 2020  5:53 PM","10 December 2020  6:36 PM","43 mins 23 secs",12.63,0.53,0.00,0.53,0.53,0.53,1.05,0.00,0.53,1.05,1.05,3.16,0.53,3.16,0.00
Gigacz,"Kiara Ting Yung Chin",3803025,kiara.gigacz@etu.sorbonne-universite.fr,Finished,"11 December 2020  4:42 PM","11 December 2020  6:12 PM","1 hour 29 mins",16.84,1.05,1.58,0.53,0.00,0.00,1.58,0.53,0.53,1.05,1.05,3.68,0.53,2.63,2.11
Goulmot,Cedric,3971371,cedric.goulmot@etu.sorbonne-universite.fr,-,-,-,-,-,-,-,-,-,-,-,-,-,-,-,-,-,-,-
Grech,Anna,3800494,anna.grech@etu.sorbonne-universite.fr,Finished,"9 December 2020  10:58 AM","9 December 2020  11:48 AM","50 mins 39 secs",17.37,1.05,1.58,0.53,0.53,0.53,1.58,0.00,0.53,1.05,1.05,3.16,0.53,3.16,2.11
Gruman,Pierre-Alexandre,28507556,pierre-alexandre.gruman.2@etu.sorbonne-universite.fr,Finished,"9 December 2020  10:47 AM","9 December 2020  12:15 PM","1 hour 28 mins",14.74,0.53,1.58,0.53,0.00,0.53,1.05,0.53,0.00,1.05,1.05,3.68,0.53,1.58,2.11
Guio,Clément,3413360,clement.guio@etu.sorbonne-universite.fr,"Never submitted","11 December 2020  4:05 PM",-,-,-,-,-,-,-,-,-,-,-,-,-,-,-,-,-
Hadj-Arab,Ludmila,3971280,ludmila.hadj-arab@etu.sorbonne-universite.fr,Finished,"11 December 2020  10:56 AM","11 December 2020  12:16 PM","1 hour 20 mins",14.21,1.05,1.05,0.53,0.53,0.53,1.05,0.53,0.53,1.05,1.05,3.16,0.53,2.63,0.00
Hadji,Mohamed,3702996,mohamed.hadji@etu.sorbonne-universite.fr,-,-,-,-,-,-,-,-,-,-,-,-,-,-,-,-,-,-,-
Hamdad,Khellaf,3802811,khellaf.hamdad@etu.sorbonne-universite.fr,Finished,"11 December 2020  12:54 PM","11 December 2020  2:03 PM","1 hour 8 mins",15.79,1.05,0.53,0.53,0.53,0.53,1.05,0.53,0.53,1.05,1.05,3.16,0.53,2.63,2.11
Hannachi,Dina,3801528,dina.hannachi@etu.sorbonne-universite.fr,Finished,"11 December 2020  12:46 PM","11 December 2020  1:42 PM","55 mins 51 secs",16.84,0.53,1.05,0.53,0.53,0.53,1.58,0.53,0.53,1.05,1.05,3.16,0.53,3.16,2.11
Herman,Margot,28716768,Margot.Herman@etu.sorbonne-universite.fr,Finished,"9 December 2020  10:53 AM","9 December 2020  12:38 PM","1 hour 45 mins",14.21,0.53,1.05,0.53,0.00,0.53,1.58,0.53,0.53,1.05,1.05,3.68,0.53,2.63,0.00
"Hernandez Adan","Oriana Rafaela",3802881,oriana.hernandez_adan@etu.sorbonne-universite.fr,Finished,"10 December 2020  11:50 AM","10 December 2020  1:30 PM","1 hour 39 mins",10.53,0.53,0.00,0.53,0.53,0.53,1.05,0.53,0.53,1.05,1.05,2.11,0.53,1.58,0.00
Huang,Xinyu,3803966,xinyiu.huang@etu.sorbonne-universite.fr,Finished,"7 December 2020  4:08 PM","7 December 2020  5:53 PM","1 hour 45 mins",11.05,1.05,1.05,0.53,0.00,0.00,1.05,0.53,0.53,1.58,1.05,0.00,0.53,3.16,0.00
Huang,Junyang,2302854,junyang.huang@etu.sorbonne-universite.fr,-,-,-,-,-,-,-,-,-,-,-,-,-,-,-,-,-,-,-
Huant,Raphael,3709095,raphael.huant@etu.sorbonne-universite.fr,Finished,"9 December 2020  12:03 PM","9 December 2020  12:27 PM","23 mins 25 secs",18.42,1.05,1.58,0.53,0.53,0.53,1.05,0.53,0.53,1.58,1.05,3.68,0.53,3.16,2.11
"Ibobi Sambila",Osee,3704090,osee.ibobi_sambila@etu.sorbonne-universite.fr,Finished,"11 December 2020  2:27 PM","11 December 2020  3:00 PM","33 mins 36 secs",12.11,0.00,0.00,0.53,0.00,0.53,1.05,0.53,0.53,1.05,1.05,3.16,0.53,3.16,0.00
Ikhlef,Nadjia,28718372,Nadjia.Ikhlef@etu.sorbonne-universite.fr,"Never submitted","11 December 2020  2:05 PM",-,-,-,-,-,-,-,-,-,-,-,-,-,-,-,-,-
Ith,Marc,3302184,marc.ith@etu.sorbonne-universite.fr,Finished,"11 December 2020  4:00 PM","11 December 2020  5:39 PM","1 hour 39 mins",13.16,0.53,1.05,0.53,0.53,0.53,1.05,0.00,0.53,1.05,1.05,3.16,0.53,2.63,0.00
Jday,Achraf,3802410,achraf.jday@etu.sorbonne-universite.fr,Finished,"11 December 2020  4:56 PM","11 December 2020  5:40 PM","44 mins 17 secs",18.95,1.05,1.05,0.53,0.53,0.53,1.05,0.53,0.53,1.58,1.05,3.68,0.53,4.21,2.11
Jebari,Firas,3802713,firas.jebari@etu.sorbonne-universite.fr,"Never submitted","11 December 2020  4:15 PM",-,-,-,-,-,-,-,-,-,-,-,-,-,-,-,-,-
Kaci-Chaouche,Omar,3521322,omar.kaci-chaouche@etu.sorbonne-universite.fr,Finished,"11 December 2020  10:48 AM","11 December 2020  12:11 PM","1 hour 23 mins",6.32,0.00,1.05,0.00,0.53,0.00,1.05,0.53,0.00,1.05,1.05,0.00,0.53,0.53,0.00
Kahil,Amine,28616887,amine.kahil@etu.sorbonne-universite.fr,Finished,"7 December 2020  4:11 PM","7 December 2020  5:56 PM","1 hour 45 mins",14.74,0.53,0.00,0.53,0.00,0.53,1.58,0.53,0.53,1.05,1.05,3.16,0.00,3.16,2.11
Kaïdouchi,Amira,3700530,amira.kaidouchi@etu.sorbonne-universite.fr,Finished,"11 December 2020  10:49 AM","11 December 2020  12:29 PM","1 hour 39 mins",16.84,1.05,0.53,0.53,0.53,0.53,1.58,0.53,0.53,1.05,1.05,3.16,0.53,3.16,2.11
Kandeepan,Mathuran,3800103,mathuran.kandeepan@etu.sorbonne-universite.fr,Finished,"11 December 2020  4:03 PM","11 December 2020  5:39 PM","1 hour 35 mins",17.89,1.05,1.58,0.53,0.53,0.53,1.58,0.53,0.53,1.05,1.05,3.68,0.53,2.63,2.11
Kassab,Mouad,3700640,mouad.kassab@etu.sorbonne-universite.fr,Finished,"11 December 2020  4:27 PM","11 December 2020  5:58 PM","1 hour 30 mins",17.37,1.05,0.53,0.53,0.53,0.53,1.05,0.53,0.53,1.05,1.05,3.16,0.53,4.21,2.11
Kasten,Harold,3805644,harold.kasten@etu.sorbonne-universite.fr,Finished,"10 December 2020  5:52 PM","10 December 2020  6:36 PM","43 mins 55 secs",13.16,0.53,0.00,0.53,0.53,0.53,1.05,0.53,0.53,1.05,1.05,3.16,0.53,3.16,0.00
Kaya,Delphine,3800099,delphine.kaya@etu.sorbonne-universite.fr,Finished,"11 December 2020  4:25 PM","11 December 2020  6:10 PM","1 hour 44 mins",14.21,0.53,1.05,0.53,0.53,0.53,1.58,0.53,0.00,1.05,1.05,3.68,0.53,2.63,0.00
Kerdouche,Nabil,3802336,nabil.kerdouche@etu.sorbonne-universite.fr,Finished,"11 December 2020  11:30 AM","11 December 2020  1:06 PM","1 hour 35 mins",16.32,1.05,1.05,0.53,0.53,0.53,1.05,0.53,0.53,1.05,1.05,3.16,0.53,2.63,2.11
Kettouche,Tinhinane,3803639,tinhinane.kettouche@etu.sorbonne-universite.fr,-,-,-,-,-,-,-,-,-,-,-,-,-,-,-,-,-,-,-
Khalid,Ruhma,3710442,ruhma.khalid@etu.sorbonne-universite.fr,Finished,"11 December 2020  6:04 PM","11 December 2020  6:21 PM","16 mins 56 secs",15.79,1.05,1.05,0.53,0.53,0.53,1.05,0.53,0.53,1.05,1.05,3.16,0.53,3.16,1.05
Kharbouche,Ibrahim,3671035,ibrahim.kharbouche@etu.sorbonne-universite.fr,Finished,"11 December 2020  12:12 PM","11 December 2020  1:17 PM","1 hour 5 mins",13.68,1.05,1.05,0.53,0.53,0.53,1.05,0.53,0.53,1.05,1.05,2.63,0.53,2.63,0.00
Kireche,Koceila,28717834,Koceila.Kireche@etu.sorbonne-universite.fr,Finished,"11 December 2020  5:36 PM","11 December 2020  6:56 PM","1 hour 20 mins",13.16,0.53,1.05,0.53,0.53,0.00,1.05,0.53,0.53,1.05,1.05,3.16,0.53,2.63,0.00
Kling,Paul,3670056,paul.kling@etu.sorbonne-universite.fr,"Never submitted","7 December 2020  4:18 PM",-,-,-,-,-,-,-,-,-,-,-,-,-,-,-,-,-
Kling,Paul,3670056,paul.kling@etu.sorbonne-universite.fr,Finished,"7 December 2020  6:16 PM","7 December 2020  7:11 PM","54 mins 11 secs",14.21,1.05,0.53,0.53,0.00,0.53,1.58,0.53,0.53,1.05,1.05,3.16,0.53,3.16,0.00
Komen,Dimitri,3603619,dimitri.komen@etu.sorbonne-universite.fr,Finished,"9 December 2020  8:45 PM","9 December 2020  9:01 PM","15 mins 34 secs",16.32,1.05,1.58,0.53,0.53,0.53,1.05,0.53,0.53,1.05,1.05,2.11,0.53,3.16,2.11
Kordon,Djeser,3772433,djeser.kordon@etu.sorbonne-universite.fr,Finished,"11 December 2020  2:51 PM","11 December 2020  3:40 PM","48 mins 59 secs",12.11,0.00,0.53,0.53,0.53,0.00,1.05,0.53,0.53,1.05,1.05,3.16,0.53,2.63,0.00
Koroglu,Mathis,3711799,mathis.koroglu@etu.sorbonne-universite.fr,Finished,"11 December 2020  4:05 PM","11 December 2020  5:45 PM","1 hour 40 mins",18.95,1.05,1.58,0.53,0.53,0.53,1.58,0.53,0.53,1.58,1.05,3.68,0.53,3.16,2.11
Kostadinovic,Nikola,3801695,nikola.kostadinovic@etu.sorbonne-universite.fr,Finished,"11 December 2020  10:47 AM","11 December 2020  12:12 PM","1 hour 25 mins",14.21,1.05,1.05,0.53,0.53,0.53,1.05,0.53,0.53,1.05,1.05,3.16,0.53,2.63,0.00
Krisni,Almehdi,3800519,almehdi.krisni@etu.sorbonne-universite.fr,Finished,"11 December 2020  3:15 PM","11 December 2020  3:27 PM","12 mins 36 secs",13.68,1.05,1.05,0.53,0.00,0.53,1.05,0.53,0.53,1.05,1.05,3.16,0.53,2.63,0.00
Kwonn,Simon,3709743,simon.kwonn@etu.sorbonne-universite.fr,Finished,"9 December 2020  12:07 PM","9 December 2020  12:33 PM","25 mins 55 secs",14.21,1.05,1.58,0.00,0.53,0.00,1.05,0.53,0.53,1.05,1.05,3.68,0.53,2.63,0.00
Lachemot,Cédric,3705179,cedric.lachemot@etu.sorbonne-universite.fr,Finished,"11 December 2020  4:07 PM","11 December 2020  5:40 PM","1 hour 32 mins",14.21,1.05,1.05,0.53,0.53,0.53,1.05,0.53,0.53,1.05,1.05,3.16,0.53,2.63,0.00
Lachgar,Amine,3802257,amine.lachgar@etu.sorbonne-universite.fr,-,-,-,-,-,-,-,-,-,-,-,-,-,-,-,-,-,-,-
Lahfa,Samy,3706599,samy.lahfa@etu.sorbonne-universite.fr,Finished,"7 December 2020  5:01 PM","7 December 2020  6:22 PM","1 hour 20 mins",15.26,1.05,0.00,0.53,0.00,0.53,1.05,0.53,0.53,1.05,1.05,3.16,0.53,3.16,2.11
"Lam A",Leo,28712991,Leo.Lam_A@etu.sorbonne-universite.fr,Finished,"7 December 2020  4:52 PM","7 December 2020  6:19 PM","1 hour 26 mins",16.32,1.05,0.53,0.53,0.53,0.53,1.05,0.53,0.53,1.05,1.05,3.16,0.53,3.16,2.11
Lange,Mathilde,28504995,mathilde.lange.2@etu.sorbonne-universite.fr,Finished,"9 December 2020  11:14 AM","9 December 2020  12:30 PM","1 hour 16 mins",17.89,1.05,1.58,0.53,0.53,0.53,0.53,0.53,0.53,1.05,1.05,3.68,0.53,3.68,2.11
Langlais,Rafaël,3520624,rafael.langlais@etu.sorbonne-universite.fr,Finished,"11 December 2020  4:14 PM","11 December 2020  4:57 PM","42 mins 57 secs",6.84,0.53,0.00,0.53,-,0.00,1.58,0.00,0.53,1.58,-,2.11,-,-,-
Larbi,Melissa,3971141,melissa.larbi@etu.sorbonne-universite.fr,Finished,"11 December 2020  4:26 PM","11 December 2020  5:27 PM","1 hour 1 min",12.11,0.53,0.53,0.53,0.53,0.00,1.05,0.53,0.53,1.05,1.05,3.16,-,2.63,0.00
Lassadi,Nassim,3707173,nassim.lassadi@etu.sorbonne-universite.fr,"Never submitted","11 December 2020  4:05 PM",-,-,-,-,-,-,-,-,-,-,-,-,-,-,-,-,-
Lassadi,Nassim,3707173,nassim.lassadi@etu.sorbonne-universite.fr,Finished,"11 December 2020  8:41 PM","11 December 2020  9:26 PM","45 mins 3 secs",14.21,1.05,1.05,0.53,0.53,0.53,1.05,0.53,0.53,1.05,1.05,3.16,0.53,2.63,0.00
Lay,Kenny,3801173,kenny.lay@etu.sorbonne-universite.fr,Finished,"11 December 2020  10:45 AM","11 December 2020  12:21 PM","1 hour 36 mins",15.79,1.05,1.05,0.53,0.53,0.00,1.05,0.53,0.53,1.05,1.05,3.16,0.53,2.63,2.11
Le,"Hai Nam",28613397,hai.le@etu.sorbonne-universite.fr,Finished,"7 December 2020  4:10 PM","7 December 2020  5:27 PM","1 hour 16 mins",15.26,0.53,0.00,0.53,0.00,0.53,1.05,0.53,0.53,1.05,1.05,3.16,0.53,3.68,2.11
Le,Doan,3875020,doan.le@etu.sorbonne-universite.fr,Finished,"11 December 2020  4:15 PM","11 December 2020  5:37 PM","1 hour 22 mins",18.42,0.53,1.05,0.53,0.53,0.53,1.05,0.53,0.53,1.58,1.05,3.68,0.53,4.21,2.11
Lebazda--Gauthier,Benoît,3702867,benoit.lebazda--gauthier@etu.sorbonne-universite.fr,Finished,"9 December 2020  10:58 AM","9 December 2020  11:48 AM","50 mins 50 secs",17.89,1.05,1.58,0.53,0.53,0.53,1.58,0.00,0.53,1.05,1.05,3.68,0.53,3.16,2.11
Lecocq,Yoann,3708077,yoann.lecocq@etu.sorbonne-universite.fr,-,-,-,-,-,-,-,-,-,-,-,-,-,-,-,-,-,-,-
Lefebure,Pierre,3674815,pierre.lefebure@etu.sorbonne-universite.fr,-,-,-,-,-,-,-,-,-,-,-,-,-,-,-,-,-,-,-
Lefevre,Manon,3800422,manon.lefevre@etu.sorbonne-universite.fr,Finished,"9 December 2020  10:49 AM","9 December 2020  12:31 PM","1 hour 42 mins",17.37,1.05,0.53,0.53,0.00,0.53,1.58,0.53,0.53,1.58,1.05,3.68,0.53,3.16,2.11
Lemaitre,Alexandre,3876023,alexandre.lemaitre@etu.sorbonne-universite.fr,"Never submitted","11 December 2020  4:23 PM",-,-,-,-,-,-,-,-,-,-,-,-,-,-,-,-,-
Lemaitre,Alexandre,3876023,alexandre.lemaitre@etu.sorbonne-universite.fr,Finished,"11 December 2020  6:11 PM","11 December 2020  6:19 PM","8 mins 46 secs",11.58,0.00,0.00,0.00,0.00,0.00,1.05,0.53,0.53,1.05,1.05,2.11,0.53,2.63,2.11
Li,Ziyou,3802432,ziyou.li@etu.sorbonne-universite.fr,Finished,"11 December 2020  4:01 PM","11 December 2020  5:33 PM","1 hour 32 mins",11.05,0.53,0.53,0.53,0.53,0.53,1.58,0.53,0.00,1.58,1.05,0.53,0.53,2.63,0.00
Lifsal,Loubna,3309154,loubna.lifsal@etu.sorbonne-universite.fr,-,-,-,-,-,-,-,-,-,-,-,-,-,-,-,-,-,-,-
Lin,Daniel,3700421,daniel.lin@etu.sorbonne-universite.fr,Finished,"10 December 2020  10:58 AM","10 December 2020  12:28 PM","1 hour 29 mins",11.05,0.00,0.00,0.53,-,0.53,1.05,0.53,0.00,1.05,1.05,2.63,0.53,3.16,0.00
Loi,Alessia,3971668,alessia.loi@etu.sorbonne-universite.fr,Finished,"11 December 2020  4:37 PM","11 December 2020  5:59 PM","1 hour 21 mins",13.16,0.53,0.53,0.53,0.53,0.53,1.05,0.53,0.53,1.05,1.05,3.16,0.53,2.63,0.00
Lu,Raymond,3700479,raymond.lu@etu.sorbonne-universite.fr,Finished,"10 December 2020  4:44 PM","10 December 2020  6:30 PM","1 hour 45 mins",10.53,0.00,0.00,0.53,0.00,0.53,1.05,0.53,0.53,1.05,1.05,0.00,0.53,2.63,2.11
Lu,Alexandra,3700615,alexandra.lu@etu.sorbonne-universite.fr,Finished,"11 December 2020  4:27 PM","11 December 2020  5:43 PM","1 hour 15 mins",14.21,0.53,1.05,0.53,0.53,0.53,1.05,0.53,0.53,1.05,1.05,3.16,0.53,3.16,0.00
Ly,Sylvie,3522190,sylvie.ly@etu.sorbonne-universite.fr,Finished,"11 December 2020  10:43 AM","11 December 2020  12:17 PM","1 hour 33 mins",14.21,1.05,1.05,0.53,0.53,0.53,1.05,0.53,0.53,1.05,1.05,3.16,0.53,2.63,0.00
M'Barek,Heikel,3201218,heikel.mbarek@etu.sorbonne-universite.fr,Finished,"11 December 2020  5:25 PM","11 December 2020  6:03 PM","37 mins 11 secs",10.53,0.00,0.00,0.53,0.00,0.53,1.05,0.53,0.53,1.05,1.05,-,0.53,2.63,2.11
Maafa,Zin,3803950,zin.maafa@etu.sorbonne-universite.fr,Finished,"11 December 2020  5:52 PM","11 December 2020  6:44 PM","52 mins 16 secs",12.63,0.53,1.05,0.53,0.53,0.00,1.05,0.53,0.53,0.53,1.05,3.16,0.53,2.63,0.00
"Mahad Ismail",Roukia,3874897,roukia.mahad-ismail@etu.sorbonne-universite.fr,Finished,"7 December 2020  6:04 PM","7 December 2020  7:35 PM","1 hour 30 mins",12.11,1.05,0.53,0.53,0.00,0.53,1.05,0.53,0.53,0.53,1.05,2.11,0.53,3.16,0.00
Manimtim,Alexandre,3407834,alexandre.manimtim@etu.sorbonne-universite.fr,-,-,-,-,-,-,-,-,-,-,-,-,-,-,-,-,-,-,-
Mariller,Vincent,3700041,vincent.mariller@etu.sorbonne-universite.fr,Finished,"11 December 2020  2:49 PM","11 December 2020  2:56 PM","6 mins 52 secs",14.21,1.05,1.05,0.53,0.53,0.53,1.05,0.53,0.53,1.05,1.05,3.16,0.53,2.63,0.00
Marzougui,Syrine,3803611,syrine.marzougui@etu.sorbonne-universite.fr,Finished,"11 December 2020  4:14 PM","11 December 2020  5:45 PM","1 hour 31 mins",15.26,0.53,0.53,0.53,0.53,0.53,1.05,0.53,0.53,1.05,1.05,3.16,0.53,2.63,2.11
Maurel,Perrine,28502791,perrine.maurel.2@etu.sorbonne-universite.fr,Finished,"11 December 2020  12:07 PM","11 December 2020  12:13 PM","6 mins 3 secs",10.00,0.00,0.00,0.53,0.00,0.00,1.05,0.53,0.53,1.05,1.05,-,0.53,2.63,2.11
Mehdi,Sarah,3971165,sarah.mehdi.1@etu.sorbonne-universite.fr,Finished,"11 December 2020  11:15 AM","11 December 2020  12:09 PM","54 mins 9 secs",13.16,0.00,1.05,0.53,0.53,0.53,1.05,0.53,0.53,1.05,1.05,3.16,0.53,2.63,0.00
Mellul,Yona,3800646,yona.mellul@etu.sorbonne-universite.fr,-,-,-,-,-,-,-,-,-,-,-,-,-,-,-,-,-,-,-
Mendas,Rosa,3802558,rosa.mendas@etu.sorbonne-universite.fr,Finished,"11 December 2020  1:59 PM","11 December 2020  3:11 PM","1 hour 12 mins",15.79,1.05,1.05,0.53,0.00,0.53,1.05,0.53,0.53,1.05,1.05,3.16,0.53,2.63,2.11
Mendes,Hugo,3670527,hugo.mendes@etu.sorbonne-universite.fr,Finished,"11 December 2020  11:39 AM","11 December 2020  12:27 PM","48 mins 5 secs",14.21,1.05,1.05,0.53,0.53,0.53,1.05,0.53,0.53,1.05,1.05,3.16,0.53,2.63,0.00
Merle-Remond,Julian,3700191,julian.merle-remond@etu.sorbonne-universite.fr,Finished,"11 December 2020  5:02 PM","11 December 2020  5:51 PM","48 mins 53 secs",15.79,1.05,0.53,0.53,0.00,0.53,1.58,0.53,0.53,1.05,1.05,3.68,0.53,3.16,1.05
Merzouk,Kenza,3803468,kenza.merzouk@etu.sorbonne-universite.fr,Finished,"11 December 2020  11:50 AM","11 December 2020  12:36 PM","46 mins 12 secs",13.16,0.53,1.05,0.53,0.53,0.00,1.05,0.53,0.53,1.05,1.05,3.16,0.53,2.63,0.00
Meziane,Mohamed,3802500,mohamed.meziane@etu.sorbonne-universite.fr,Finished,"11 December 2020  5:46 PM","11 December 2020  5:54 PM","7 mins 46 secs",15.79,1.05,0.53,0.53,0.53,0.53,1.05,0.53,0.53,1.05,1.05,3.16,0.53,2.63,2.11
Mistry,Manishkumar,3671086,manishkumar.mistry@etu.sorbonne-universite.fr,Finished,"11 December 2020  10:45 AM","11 December 2020  12:20 PM","1 hour 35 mins",16.32,1.05,1.05,0.53,0.53,0.53,1.05,0.53,0.53,1.05,1.05,3.16,0.53,2.63,2.11
Mistry,Darshan,3670280,darshan.mistry@etu.sorbonne-universite.fr,Finished,"11 December 2020  10:53 AM","11 December 2020  12:19 PM","1 hour 25 mins",13.16,0.53,1.05,0.53,0.53,0.00,1.05,0.53,0.53,1.05,1.05,3.16,0.53,2.63,0.00
Mohammedi,Vanessa,3671439,vanessa.mohammedi@etu.sorbonne-universite.fr,Finished,"7 December 2020  6:24 PM","7 December 2020  7:31 PM","1 hour 7 mins",14.74,0.53,1.58,0.53,0.00,0.53,1.05,0.00,0.53,1.58,1.05,2.11,0.53,2.63,2.11
Mohellebi,Melissa,3971070,melissa.mohellebi@etu.sorbonne-universite.fr,Finished,"11 December 2020  5:06 PM","11 December 2020  6:40 PM","1 hour 34 mins",13.68,1.05,1.05,0.53,0.00,0.53,1.05,0.53,0.53,1.05,1.05,3.16,0.53,2.63,0.00
Monnereau,Irena,3670050,irena.monnereau@etu.sorbonne-universite.fr,Finished,"11 December 2020  4:37 PM","11 December 2020  5:54 PM","1 hour 16 mins",14.74,1.05,1.05,0.53,0.53,0.53,1.05,0.53,0.53,1.05,1.05,3.16,0.53,3.16,0.00
Moreau,Léonard,3800364,leonard.moreau@etu.sorbonne-universite.fr,Finished,"11 December 2020  4:21 PM","11 December 2020  6:03 PM","1 hour 41 mins",14.74,1.05,1.58,0.53,0.53,0.53,1.58,0.53,0.53,1.05,1.05,0.00,0.53,3.16,2.11
Mosgoreanu,"Alexandru Zaharia",28717021,Alexandru_Zaharia.Mosgoreanu@etu.sorbonne-universite.fr,Finished,"11 December 2020  5:13 PM","11 December 2020  5:26 PM","13 mins 34 secs",11.58,0.53,0.00,0.53,0.00,0.00,1.05,0.53,0.53,1.05,1.05,3.16,0.53,2.63,0.00
Moulouel,Myriem,3802291,myriem.moulouel@etu.sorbonne-universite.fr,Finished,"7 December 2020  4:16 PM","7 December 2020  5:52 PM","1 hour 36 mins",9.47,0.00,0.00,0.53,0.00,0.00,1.05,0.53,0.53,1.58,1.05,3.16,0.53,0.53,0.00
Moyet,Candice,3801474,candice.moyet@etu.sorbonne-universite.fr,Finished,"9 December 2020  10:58 AM","9 December 2020  11:48 AM","50 mins 41 secs",17.89,1.05,1.58,0.53,0.53,0.53,1.58,0.00,0.53,1.05,1.05,3.68,0.53,3.16,2.11
Nam,Maxime,3301246,maxime.nam@etu.sorbonne-universite.fr,Finished,"10 December 2020  9:36 PM","10 December 2020  10:38 PM","1 hour 1 min",18.95,1.05,1.58,0.53,0.53,0.53,1.58,0.53,0.53,1.58,1.05,3.68,0.53,3.16,2.11
Naumenko,Polina,3521154,polina.naumenko@etu.sorbonne-universite.fr,-,-,-,-,-,-,-,-,-,-,-,-,-,-,-,-,-,-,-
Ngamy,Gianni-Alessandro,3703993,gianni-alessandro.ngamy@etu.sorbonne-universite.fr,Finished,"11 December 2020  4:29 PM","11 December 2020  5:58 PM","1 hour 28 mins",15.79,1.05,0.53,0.53,0.53,0.53,1.58,0.53,0.53,1.05,1.05,3.16,0.53,2.11,2.11
Nguyen,"Minh Anh",3802621,minh.nguyen.6@etu.sorbonne-universite.fr,Finished,"9 December 2020  11:05 AM","9 December 2020  12:31 PM","1 hour 26 mins",15.79,1.05,0.53,0.53,0.00,0.00,1.05,0.53,0.53,1.05,1.05,3.16,0.53,3.68,2.11
Niang,Fallou,3803961,fallou.niang@etu.sorbonne-universite.fr,Finished,"11 December 2020  4:40 PM","11 December 2020  6:24 PM","1 hour 44 mins",12.63,0.53,1.05,0.53,0.53,0.00,1.05,0.00,0.53,1.05,1.05,3.16,0.53,2.63,0.00
"Normand De La Tranchade",François,3671913,francois.normand_de_la_tranchade@etu.sorbonne-universite.fr,"Never submitted","7 December 2020  4:13 PM",-,-,-,-,-,-,-,-,-,-,-,-,-,-,-,-,-
"Normand De La Tranchade",François,3671913,francois.normand_de_la_tranchade@etu.sorbonne-universite.fr,Finished,"7 December 2020  6:21 PM","7 December 2020  6:55 PM","34 mins 17 secs",15.79,1.05,1.05,0.53,0.00,0.53,1.05,0.53,0.53,1.58,1.05,3.16,0.53,3.16,1.05
Oses,Jean-Baptiste,3700565,jean-baptiste.oses@etu.sorbonne-universite.fr,Finished,"11 December 2020  5:10 PM","11 December 2020  6:03 PM","52 mins 16 secs",13.68,1.05,1.58,0.53,0.53,0.53,1.05,0.53,0.53,1.05,1.05,0.00,0.53,2.63,2.11
Oudjani,Yasmine,3803009,yasmine.oudjani@etu.sorbonne-universite.fr,Finished,"11 December 2020  5:36 PM","11 December 2020  6:56 PM","1 hour 19 mins",13.16,0.53,1.05,0.53,0.53,0.00,1.05,0.53,0.53,1.05,1.05,3.16,0.53,2.63,0.00
Pareau,Mathilde,3800446,mathilde.pareau@etu.sorbonne-universite.fr,Finished,"7 December 2020  4:37 PM","7 December 2020  5:57 PM","1 hour 20 mins",13.68,0.00,1.58,0.53,0.53,0.53,1.58,0.53,0.53,1.05,1.05,2.63,0.53,2.63,0.00
Parichault,Antoine,3803454,antoine.parichault@etu.sorbonne-universite.fr,Finished,"9 December 2020  11:43 AM","9 December 2020  12:42 PM","58 mins 56 secs",11.58,0.53,0.53,0.53,0.53,0.53,1.05,0.00,0.53,1.05,1.05,3.16,0.53,1.58,0.00
Pironin,Julie,3802614,julie.pironin@etu.sorbonne-universite.fr,Finished,"11 December 2020  10:50 AM","11 December 2020  12:29 PM","1 hour 38 mins",13.16,1.05,0.53,0.53,0.53,0.53,1.05,0.00,0.53,1.05,1.05,3.16,0.53,2.63,0.00
Polit,Titouan,3800511,titouan.polit@etu.sorbonne-universite.fr,Finished,"9 December 2020  10:47 AM","9 December 2020  12:05 PM","1 hour 18 mins",17.37,1.05,1.58,0.53,0.00,0.53,1.58,0.53,0.00,1.05,1.05,3.68,0.53,3.16,2.11
Popescu,"Diana Elena",28717024,Diana_Elena.Popescu@etu.sorbonne-universite.fr,Finished,"9 December 2020  6:48 PM","9 December 2020  8:07 PM","1 hour 19 mins",10.00,0.53,0.00,0.53,0.53,0.00,1.05,0.53,0.53,1.05,1.05,1.05,0.53,2.63,0.00
Poulain,Claire,3679357,claire.poulain@etu.sorbonne-universite.fr,Finished,"11 December 2020  11:17 AM","11 December 2020  12:15 PM","57 mins 18 secs",13.68,1.05,1.05,0.53,0.53,0.00,1.05,0.53,0.53,1.05,1.05,3.16,0.53,2.63,0.00
Prostakov,Andrey,3802515,andrey.prostakov@etu.sorbonne-universite.fr,Finished,"11 December 2020  5:38 PM","11 December 2020  6:29 PM","50 mins 52 secs",13.68,0.53,1.05,0.53,0.53,0.00,1.05,0.53,0.53,1.58,1.05,3.16,0.53,2.63,0.00
Quest,Alexis,3703346,alexis.quest@etu.sorbonne-universite.fr,Finished,"13 December 2020  7:32 AM","13 December 2020  8:45 AM","1 hour 12 mins",15.26,0.53,1.58,0.53,0.00,0.00,1.58,0.53,0.53,1.58,1.05,3.68,0.53,3.16,0.00
Queuvin,Thomas,3700185,thomas.queuvin@etu.sorbonne-universite.fr,-,-,-,-,-,-,-,-,-,-,-,-,-,-,-,-,-,-,-
Rapaport,Solal,3711387,solal.rapaport@etu.sorbonne-universite.fr,Finished,"11 December 2020  4:40 PM","11 December 2020  6:13 PM","1 hour 32 mins",13.16,0.53,0.53,0.53,0.53,0.53,1.05,0.53,0.53,1.05,1.05,3.16,0.53,2.63,0.00
Rayon-Richter,Malou,3708307,malou.rayon-richter@etu.sorbonne-universite.fr,-,-,-,-,-,-,-,-,-,-,-,-,-,-,-,-,-,-,-
Rebai,Sofiane,3674205,sofiane.rebai@etu.sorbonne-universite.fr,-,-,-,-,-,-,-,-,-,-,-,-,-,-,-,-,-,-,-
"Riffaud De Turckheim",Hugo,3800256,hugo.riffaud_de_turckheim@etu.sorbonne-universite.fr,Finished,"9 December 2020  10:55 AM","9 December 2020  11:59 AM","1 hour 3 mins",17.89,1.05,1.05,0.53,0.53,0.53,1.58,0.53,0.53,1.05,1.05,3.68,0.53,3.16,2.11
Roch,Stuart,3309168,stuart.roch@etu.sorbonne-universite.fr,Finished,"11 December 2020  3:22 PM","11 December 2020  4:38 PM","1 hour 16 mins",13.68,1.05,1.05,0.53,0.53,0.53,1.05,0.53,0.53,1.05,1.05,1.05,0.53,3.16,1.05
Roqui,David,3873784,david.roqui@etu.sorbonne-universite.fr,Finished,"11 December 2020  3:55 PM","11 December 2020  5:34 PM","1 hour 38 mins",15.26,0.53,0.53,0.00,0.00,0.53,1.05,0.00,0.53,1.05,1.05,3.16,0.53,4.21,2.11
Rossi,Johan-Luca,3872354,johan-luca.rossi@etu.sorbonne-universite.fr,Finished,"11 December 2020  11:49 AM","11 December 2020  1:31 PM","1 hour 42 mins",16.32,1.05,0.53,0.53,0.53,0.53,1.58,0.00,0.00,1.05,1.05,3.68,0.53,3.16,2.11
Rouba,Islam,3802420,islam.rouba@etu.sorbonne-universite.fr,Finished,"11 December 2020  4:37 PM","11 December 2020  6:03 PM","1 hour 25 mins",13.16,0.53,1.05,0.53,0.53,0.00,1.05,0.53,0.53,1.05,1.05,3.16,0.53,2.63,0.00
Rzeszutko,Kamil,2800282,kamil.rzeszutko@etu.sorbonne-universite.fr,Finished,"10 December 2020  11:54 AM","10 December 2020  1:40 PM","1 hour 45 mins",9.47,0.53,0.53,0.53,0.00,0.53,1.05,0.00,0.53,1.05,-,2.11,-,2.63,-
Sabatino,Francesco,3811132,francesco.sabatino@etu.sorbonne-universite.fr,Finished,"11 December 2020  4:40 PM","11 December 2020  5:08 PM","27 mins 55 secs",14.21,1.05,1.05,0.53,0.53,0.53,1.05,0.53,0.53,1.05,1.05,3.16,0.53,2.63,0.00
Saber,Hakim,3415762,hakim.saber@etu.sorbonne-universite.fr,Finished,"10 December 2020  10:51 AM","10 December 2020  12:32 PM","1 hour 41 mins",13.68,1.05,0.00,0.53,0.53,0.00,1.05,0.53,0.53,1.58,-,3.16,-,2.63,2.11
Saichi,Lina,3803151,lina.saichi@etu.sorbonne-universite.fr,Finished,"11 December 2020  5:46 PM","11 December 2020  6:34 PM","47 mins 19 secs",15.26,1.05,0.53,0.53,0.00,0.53,1.05,0.53,0.53,1.05,1.05,3.16,0.53,2.63,2.11
Salfati,Elisa,3800104,elisa.salfati@etu.sorbonne-universite.fr,Finished,"9 December 2020  10:55 AM","9 December 2020  12:12 PM","1 hour 16 mins",16.84,1.05,1.05,0.53,0.53,0.53,1.58,0.53,0.00,1.05,1.05,3.68,0.53,3.68,1.05
Sameur,Samir,3872902,samir.sameur@etu.sorbonne-universite.fr,-,-,-,-,-,-,-,-,-,-,-,-,-,-,-,-,-,-,-
Seang,Chea-Jimmy,3703893,chea-jimmy.seang@etu.sorbonne-universite.fr,Finished,"11 December 2020  10:51 AM","11 December 2020  12:16 PM","1 hour 25 mins",13.16,0.53,1.05,0.53,0.53,0.00,1.05,0.53,0.53,1.05,1.05,3.16,0.53,2.63,0.00
Selliah,Sarujen,3701184,sarujen.selliah@etu.sorbonne-universite.fr,Finished,"11 December 2020  2:10 PM","11 December 2020  2:28 PM","18 mins 44 secs",13.16,0.53,1.05,0.53,0.53,0.00,1.05,0.53,0.53,1.05,1.05,3.16,0.53,2.63,0.00
Sennour,"Mohammed Wail",28616082,mohammed.sennour@etu.sorbonne-universite.fr,Finished,"11 December 2020  3:22 PM","11 December 2020  4:23 PM","1 hour",13.16,0.53,1.05,0.53,0.53,0.00,1.05,0.53,0.53,1.05,1.05,3.16,0.53,2.63,0.00
Senyuz,"Miray Suzan",3802805,miray.senyuz@etu.sorbonne-universite.fr,Finished,"11 December 2020  4:58 PM","11 December 2020  6:23 PM","1 hour 25 mins",15.79,1.05,1.05,0.53,0.53,0.53,1.05,0.53,0.53,1.05,-,3.16,0.53,3.16,2.11
Serraf,Dan,3971120,dan.serraf@etu.sorbonne-universite.fr,Finished,"11 December 2020  2:46 PM","11 December 2020  4:30 PM","1 hour 44 mins",15.26,1.05,0.00,0.53,0.53,0.53,1.58,0.53,0.53,1.05,1.05,3.68,0.53,2.63,1.05
Sidia,Amir,3670888,amir.sidia@etu.sorbonne-universite.fr,Finished,"11 December 2020  5:44 PM","11 December 2020  6:49 PM","1 hour 4 mins",13.68,1.05,0.53,0.53,0.53,0.53,1.05,0.53,0.53,1.05,1.05,3.16,0.53,2.63,0.00
Simion,Mathys,28705217,Mathys.Simion@etu.sorbonne-universite.fr,Finished,"11 December 2020  1:40 PM","11 December 2020  2:25 PM","45 mins 6 secs",11.58,0.53,0.00,0.53,0.00,0.00,1.05,0.53,0.53,1.58,1.05,2.11,0.53,3.16,0.00
Slimani,Hiba,3703036,hiba.slimani@etu.sorbonne-universite.fr,-,-,-,-,-,-,-,-,-,-,-,-,-,-,-,-,-,-,-
Song,Yifei,3970712,yifei.song@etu.sorbonne-universite.fr,Finished,"7 December 2020  4:09 PM","7 December 2020  5:56 PM","1 hour 46 mins",7.89,0.53,0.00,0.53,-,0.00,1.58,0.00,0.53,1.58,1.05,0.00,0.53,1.58,0.00
Soulignadeth,Willy,3800002,willy.soulignadeth@etu.sorbonne-universite.fr,Finished,"11 December 2020  4:37 PM","11 December 2020  5:54 PM","1 hour 16 mins",14.21,1.05,1.05,0.53,0.00,0.53,1.05,0.53,0.53,1.05,1.05,3.16,0.53,3.16,0.00
Soutil,Aurélien,3700451,aurelien.soutil@etu.sorbonne-universite.fr,Finished,"11 December 2020  4:14 PM","11 December 2020  5:00 PM","46 mins 45 secs",16.32,1.05,1.58,0.53,0.53,0.53,1.05,0.53,0.00,1.58,1.05,2.11,0.53,3.16,2.11
Sow,Fatou,28503374,fatou.sow.2@etu.sorbonne-universite.fr,Finished,"9 December 2020  11:22 AM","9 December 2020  12:33 PM","1 hour 11 mins",16.84,1.05,1.58,0.53,0.53,0.53,1.05,0.00,0.53,1.05,1.05,2.63,0.53,3.68,2.11
Suhana,Satria,3800274,satria.suhana@etu.sorbonne-universite.fr,Finished,"11 December 2020  11:01 AM","11 December 2020  12:33 PM","1 hour 31 mins",5.79,1.05,0.00,0.53,-,0.00,1.58,0.53,0.53,1.58,-,-,-,-,-
Sy,"Virak Bot Baramy",3407325,virak.sy@etu.sorbonne-universite.fr,Finished,"11 December 2020  1:38 PM","11 December 2020  2:33 PM","55 mins 5 secs",18.42,1.05,1.58,0.53,0.53,0.53,1.58,0.53,0.53,1.58,1.05,3.68,0.53,2.63,2.11
Szczerba,Kamil,28614283,kamil.szczerba@etu.sorbonne-universite.fr,Finished,"7 December 2020  3:53 PM","7 December 2020  4:32 PM","39 mins 48 secs",17.37,1.05,1.05,0.53,0.00,0.53,1.58,0.53,0.53,1.05,1.05,3.68,0.53,3.16,2.11
Taleb,Rida,3804264,rida.taleb@etu.sorbonne-universite.fr,Finished,"11 December 2020  4:15 PM","11 December 2020  5:38 PM","1 hour 22 mins",18.95,1.05,1.05,0.53,0.53,0.53,1.05,0.53,0.53,1.58,1.05,3.68,0.53,4.21,2.11
Tang,Christophe,3802892,christophe.tang@etu.sorbonne-universite.fr,Finished,"11 December 2020  4:55 PM","11 December 2020  6:10 PM","1 hour 14 mins",13.16,0.53,1.05,0.53,0.53,0.00,1.05,0.53,0.53,1.05,1.05,3.16,0.53,2.63,0.00
Tat,Jonathan,3874133,jonathan.tat@etu.sorbonne-universite.fr,Finished,"11 December 2020  2:55 PM","11 December 2020  3:01 PM","6 mins 49 secs",14.21,1.05,1.05,0.53,0.53,0.53,1.05,0.53,0.53,1.05,1.05,3.16,0.53,2.63,0.00
Tchen,Clement,3703339,clement.tchen@etu.sorbonne-universite.fr,Finished,"11 December 2020  5:42 PM","11 December 2020  7:00 PM","1 hour 17 mins",4.21,0.00,0.00,0.53,-,0.53,1.05,0.53,0.53,1.05,-,-,-,0.00,0.00
Thelineau,Jeremy,3200147,jeremy.thelineau@etu.sorbonne-universite.fr,-,-,-,-,-,-,-,-,-,-,-,-,-,-,-,-,-,-,-
Theodosiou,Michalis,3151223,michalis.theodosiou@etu.sorbonne-universite.fr,-,-,-,-,-,-,-,-,-,-,-,-,-,-,-,-,-,-,-
Theret,Ingrid,3201608,ingrid.theret@etu.sorbonne-universite.fr,Finished,"11 December 2020  10:51 AM","11 December 2020  12:15 PM","1 hour 23 mins",12.63,0.00,1.05,0.53,0.53,0.00,1.05,0.53,0.53,1.05,1.05,3.16,0.53,2.63,0.00
Thiam,Mohamed,3672502,mohamed.thiam@etu.sorbonne-universite.fr,Finished,"11 December 2020  4:17 PM","11 December 2020  5:58 PM","1 hour 40 mins",7.89,0.00,0.53,0.53,0.00,0.00,1.05,0.53,-,1.05,1.05,-,-,3.16,-
Thurairajah,Shaithan,3802984,shaithan.thurairajah@etu.sorbonne-universite.fr,Finished,"11 December 2020  4:05 PM","11 December 2020  5:43 PM","1 hour 37 mins",18.42,1.05,1.58,0.53,0.53,0.53,1.58,0.53,0.53,1.05,1.05,3.68,0.53,3.16,2.11
Tibi,Gad,3801996,gad.tibi@etu.sorbonne-universite.fr,Finished,"11 December 2020  3:27 PM","11 December 2020  4:32 PM","1 hour 4 mins",15.26,1.05,0.00,0.53,0.53,0.53,1.58,0.53,0.53,1.05,1.05,3.68,0.53,2.63,1.05
Toullalan,Antoine,3706648,antoine.toullalan@etu.sorbonne-universite.fr,Finished,"10 December 2020  5:13 PM","10 December 2020  5:58 PM","45 mins 43 secs",13.68,1.05,0.00,0.53,0.53,0.53,1.58,0.00,0.53,1.05,1.05,3.68,0.53,2.63,0.00
Tran,Kevin,3700914,kevin.tran@etu.sorbonne-universite.fr,Finished,"11 December 2020  5:09 PM","11 December 2020  6:52 PM","1 hour 42 mins",12.63,0.53,0.53,0.53,0.00,0.53,1.05,0.00,0.53,1.05,1.05,3.16,0.53,3.16,-
Traore,Khadidja,3800559,khadidja.traore@etu.sorbonne-universite.fr,Finished,"10 December 2020  10:07 PM","10 December 2020  11:14 PM","1 hour 6 mins",15.26,1.05,1.05,0.53,0.53,0.53,1.05,0.00,0.53,1.05,1.05,2.63,0.53,2.63,2.11
Trouve,Alex,3700052,alex.trouve@etu.sorbonne-universite.fr,Finished,"11 December 2020  10:50 AM","11 December 2020  12:11 PM","1 hour 20 mins",14.21,1.05,1.05,0.53,0.53,0.53,1.05,0.53,0.53,1.05,1.05,3.16,0.53,2.63,0.00
Ung,Thierry,3804472,thierry.ung@etu.sorbonne-universite.fr,Finished,"11 December 2020  4:26 PM","11 December 2020  5:24 PM","58 mins 33 secs",14.21,1.05,1.05,0.53,0.53,0.53,1.05,0.53,0.53,1.05,1.05,3.16,0.53,2.63,0.00
"Van Remoortere",Pierre,28007865,pierre.van_remoortere.1@etu.sorbonne-universite.fr,Finished,"7 December 2020  4:07 PM","7 December 2020  4:45 PM","37 mins 51 secs",17.37,1.05,1.58,0.53,0.00,0.53,1.05,0.53,0.53,1.05,1.05,3.68,0.53,3.16,2.11
Vang,Danny,3670334,danny.vang@etu.sorbonne-universite.fr,Finished,"11 December 2020  11:22 AM","11 December 2020  12:37 PM","1 hour 15 mins",14.21,1.05,1.05,0.53,0.53,0.53,1.05,0.53,0.53,1.05,1.05,3.16,0.53,2.63,0.00
Vanrycke,Loann,3811248,loann.vanrycke@etu.sorbonne-universite.fr,"Never submitted","11 December 2020  12:50 PM",-,-,-,-,-,-,-,-,-,-,-,-,-,-,-,-,-
Villard,Lorenzo,3801327,lorenzo.villard@etu.sorbonne-universite.fr,-,-,-,-,-,-,-,-,-,-,-,-,-,-,-,-,-,-,-
Xu,Jin,3700044,jin.xu@etu.sorbonne-universite.fr,Finished,"9 December 2020  3:22 PM","9 December 2020  5:06 PM","1 hour 43 mins",1.05,-,-,0.00,-,0.00,-,0.53,0.53,0.00,-,0.00,-,-,-
Yalcin,Mehmet,3702332,mehmet.yalcin@etu.sorbonne-universite.fr,Finished,"11 December 2020  4:20 PM","11 December 2020  6:04 PM","1 hour 43 mins",14.21,1.05,1.05,0.53,0.53,0.53,1.05,0.53,0.53,1.05,1.05,3.16,0.53,2.63,0.00
Yang,Qing,3872484,qing.yang@etu.sorbonne-universite.fr,Finished,"9 December 2020  3:22 PM","9 December 2020  5:05 PM","1 hour 42 mins",0.00,-,-,-,-,-,-,-,-,-,-,-,-,-,-
Yao,Qingyuan,3970770,qingyuan.yao@etu.sorbonne-universite.fr,Finished,"10 December 2020  10:49 PM","11 December 2020  12:34 AM","1 hour 45 mins",12.63,1.05,0.00,0.53,0.53,0.53,1.05,0.53,-,1.58,1.05,2.11,0.53,3.16,0.00
Ye,William,3413637,william.ye@etu.sorbonne-universite.fr,Finished,"11 December 2020  4:37 PM","11 December 2020  6:01 PM","1 hour 24 mins",13.68,0.53,1.05,0.53,0.53,0.53,1.05,0.53,0.53,1.05,1.05,3.16,0.53,2.63,0.00
Zerrouki,Elies,3802658,elies.zerrouki@etu.sorbonne-universite.fr,Finished,"11 December 2020  4:12 PM","11 December 2020  5:51 PM","1 hour 38 mins",13.16,0.53,1.05,0.53,0.53,0.00,1.05,0.53,0.53,1.05,1.05,3.16,0.53,2.63,0.00
Zhang,Kevin,3520893,kevin.zhang@etu.sorbonne-universite.fr,Finished,"11 December 2020  5:01 PM","11 December 2020  6:35 PM","1 hour 34 mins",12.63,0.53,0.53,0.53,0.00,0.53,1.05,0.53,0.53,1.05,1.05,3.16,0.53,2.63,0.00
Zhang,Kate,3800131,kate.zhang@etu.sorbonne-universite.fr,Finished,"11 December 2020  11:57 AM","11 December 2020  12:26 PM","28 mins 48 secs",16.32,1.05,0.53,0.53,0.53,0.53,1.05,0.53,0.53,1.05,1.05,3.16,0.53,3.16,2.11
Zhang,Eric,3800297,eric.zhang@etu.sorbonne-universite.fr,Finished,"11 December 2020  11:13 AM","11 December 2020  12:27 PM","1 hour 14 mins",16.32,1.05,0.53,0.53,0.53,0.53,1.05,0.53,0.53,1.05,1.05,3.16,0.53,3.16,2.11
Zhao,Cong,2351624,cong.zhao@etu.sorbonne-universite.fr,Finished,"11 December 2020  11:48 AM","11 December 2020  1:17 PM","1 hour 29 mins",9.47,0.00,0.00,0.00,-,0.53,1.58,0.00,0.53,1.58,1.05,0.53,0.53,3.16,-
Zheng,Luc,3710230,luc.zheng@etu.sorbonne-universite.fr,Finished,"11 December 2020  4:34 PM","11 December 2020  5:42 PM","1 hour 7 mins",14.21,1.05,1.05,0.53,0.53,0.53,1.05,0.53,0.53,1.05,1.05,3.16,0.53,2.63,0.00
Zhou,Jean-Marc,28008879,jean-marc.zhou@etu.sorbonne-universite.fr,Finished,"11 December 2020  4:03 PM","11 December 2020  5:49 PM","1 hour 45 mins",4.21,0.53,0.00,0.53,-,0.53,1.05,0.53,-,1.05,-,-,-,-,-
Ziegler,Clara,3709947,clara.ziegler@etu.sorbonne-universite.fr,Finished,"11 December 2020  4:01 PM","11 December 2020  5:25 PM","1 hour 24 mins",13.16,1.05,0.00,0.53,0.53,0.53,1.05,0.53,0.00,1.05,1.05,3.16,0.53,2.11,1.05
Zinopoulos-Yannopoulos,Florian,3708962,florian.zinopoulos-yannopoulos@etu.sorbonne-universite.fr,Finished,"9 December 2020  2:22 PM","9 December 2020  3:20 PM","58 mins 27 secs",14.21,1.05,1.58,0.53,0.53,0.53,1.05,0.00,0.00,1.05,1.05,2.11,0.53,3.16,1.05
"Zou Al Guyna",Louai,3680880,louai.zou_al_guyna@etu.sorbonne-universite.fr,Finished,"11 December 2020  5:26 PM","11 December 2020  6:59 PM","1 hour 32 mins",14.74,1.05,1.05,0.53,0.00,0.53,1.58,0.53,0.53,1.58,1.05,2.11,0.53,1.58,2.11
"Overall average",,,,,,,,13.93,0.78,0.82,0.50,0.37,0.40,1.15,0.44,0.46,1.12,0.97,2.77,0.48,2.74,0.91
