﻿Surname,"First name","ID number","Email address",State,"Started on",Completed,"Time taken",Grade/20.00,"Q. 1 /1.11","Q. 2 /1.11","Q. 3 /1.11","Q. 4 /1.11","Q. 5 /0.56","Q. 6 /1.11","Q. 7 /1.11","Q. 8 /0.56","Q. 9 /1.11","Q. 10 /2.22","Q. 11 /5.56","Q. 12 /1.11","Q. 13 /2.22"
Aallam,Mohamed,3802135,mohamed.aallam@etu.sorbonne-universite.fr,Finished,"18 December 2020  12:52 PM","18 December 2020  1:18 PM","25 mins 50 secs",17.25,1.11,1.11,1.11,1.11,0.28,1.11,1.11,0.56,1.11,2.22,5.30,1.11,0.00
Abdalaziz,"Youssef Alaa Elsayye",3803619,youssef.abdalaziz@etu.sorbonne-universite.fr,Finished,"14 December 2020  4:31 PM","14 December 2020  6:16 PM","1 hour 45 mins",10.25,1.11,1.11,1.11,0.00,0.56,1.11,1.11,0.00,0.56,0.00,3.59,0.00,0.00
Abitbol,Yossef,3804139,yossef.abitbol@etu.sorbonne-universite.fr,Finished,"18 December 2020  4:05 PM","18 December 2020  5:27 PM","1 hour 21 mins",18.43,1.11,1.11,1.11,1.11,0.56,1.11,1.11,0.56,0.00,2.22,5.10,1.11,2.22
Ajuelos,Emmanuel,3800432,emmanuel.ajuelos@etu.sorbonne-universite.fr,Finished,"18 December 2020  12:36 PM","18 December 2020  1:44 PM","1 hour 7 mins",13.13,1.11,1.11,1.11,1.11,0.56,1.11,1.11,0.56,0.00,0.00,5.35,0.00,0.00
Ammour,Amine,3876256,amine.ammour@etu.sorbonne-universite.fr,Finished,"18 December 2020  4:29 PM","18 December 2020  4:50 PM","21 mins 11 secs",19.75,1.11,1.11,1.11,1.11,0.56,1.11,1.11,0.56,1.11,2.22,5.30,1.11,2.22
Anki-Zuccarello,Kenza,28502318,kenza.anki.1@etu.sorbonne-universite.fr,Finished,"16 December 2020  10:49 AM","16 December 2020  12:34 PM","1 hour 45 mins",9.39,1.11,1.11,1.11,1.11,0.56,0.00,1.11,0.00,1.11,0.00,2.17,-,0.00
Aral,Arda,3702388,arda.aral@etu.sorbonne-universite.fr,Finished,"16 December 2020  10:48 AM","16 December 2020  12:20 PM","1 hour 32 mins",12.12,1.11,1.11,1.11,0.00,0.00,0.56,0.00,0.00,0.56,2.22,4.34,1.11,0.00
Arichandra,Santhos,3802651,santhos.arichandra@etu.sorbonne-universite.fr,Finished,"18 December 2020  11:16 AM","18 December 2020  11:55 AM","38 mins 52 secs",19.75,1.11,1.11,1.11,1.11,0.56,1.11,1.11,0.56,1.11,2.22,5.30,1.11,2.22
Armenoult,Ludovic,3416871,ludovic.armenoult@etu.sorbonne-universite.fr,Finished,"16 December 2020  10:48 AM","16 December 2020  12:32 PM","1 hour 44 mins",14.14,1.11,1.11,1.11,1.11,0.56,0.56,1.11,0.56,0.00,2.22,3.59,1.11,0.00
Audoux,Marion,3700108,marion.audoux@etu.sorbonne-universite.fr,Finished,"18 December 2020  1:04 PM","18 December 2020  1:49 PM","45 mins 40 secs",16.97,1.11,1.11,1.11,1.11,0.56,0.56,1.11,0.56,1.11,2.22,5.30,1.11,0.00
Audras,Antoine,3410283,antoine.audras@etu.sorbonne-universite.fr,"Never submitted","18 December 2020  4:33 PM",-,-,-,-,-,-,-,-,-,-,-,-,-,-,-,-
Ayadi,Anis,3802501,anis.ayadi@etu.sorbonne-universite.fr,Finished,"18 December 2020  4:07 PM","18 December 2020  5:41 PM","1 hour 34 mins",17.53,1.11,1.11,1.11,1.11,0.56,1.11,1.11,0.56,1.11,2.22,5.30,1.11,0.00
Azar,Jane,3803112,jane.azar@etu.sorbonne-universite.fr,Finished,"18 December 2020  4:15 PM","18 December 2020  5:35 PM","1 hour 20 mins",16.97,1.11,1.11,1.11,1.11,0.56,0.56,1.11,0.56,1.11,2.22,5.30,1.11,0.00
Azoui,Rayane,28710978,Rayane.Azoui@etu.sorbonne-universite.fr,Finished,"14 December 2020  4:08 PM","14 December 2020  5:53 PM","1 hour 44 mins",7.93,1.11,1.11,1.11,0.00,0.00,0.56,1.11,0.56,0.00,0.00,2.37,0.00,0.00
Badriouiche,Mohamed,3701404,mohamed.badriouiche@etu.sorbonne-universite.fr,Finished,"18 December 2020  5:33 PM","18 December 2020  5:45 PM","12 mins 16 secs",17.53,1.11,1.11,1.11,1.11,0.56,1.11,1.11,0.56,1.11,2.22,4.19,0.00,2.22
Baker,Thomas,3700144,thomas.baker@etu.sorbonne-universite.fr,Finished,"18 December 2020  1:53 PM","18 December 2020  3:10 PM","1 hour 16 mins",17.37,1.11,1.11,1.11,1.11,0.56,1.11,1.11,0.56,0.00,2.22,5.15,0.00,2.22
Baraket,Msalem,3804929,msalem.baraket@etu.sorbonne-universite.fr,Finished,"18 December 2020  4:10 PM","18 December 2020  5:38 PM","1 hour 28 mins",16.59,1.11,1.11,1.11,1.11,0.28,0.56,1.11,0.56,1.11,2.22,5.20,1.11,0.00
Barbier,Marie,3802734,marie.barbier.1@etu.sorbonne-universite.fr,Finished,"16 December 2020  10:49 AM","16 December 2020  12:32 PM","1 hour 42 mins",13.89,1.11,1.11,1.11,1.11,0.56,1.11,1.11,0.56,0.00,0.00,5.00,1.11,0.00
Belazouz,Bourhan-Eddine,3208353,bourhan-eddine.belazouz@etu.sorbonne-universite.fr,Finished,"18 December 2020  4:03 PM","18 December 2020  5:44 PM","1 hour 40 mins",19.80,1.11,1.11,1.11,1.11,0.56,1.11,1.11,0.56,1.11,2.22,5.35,1.11,2.22
Bellut,Quentin,3710439,quentin.bellut@etu.sorbonne-universite.fr,Finished,"16 December 2020  10:48 AM","16 December 2020  12:33 PM","1 hour 44 mins",15.45,1.11,1.11,1.11,1.11,0.56,1.11,1.11,0.56,1.11,2.22,4.34,0.00,0.00
"Ben Attar",Ethan,3670543,ethan.ben_attar@etu.sorbonne-universite.fr,Finished,"16 December 2020  11:00 AM","16 December 2020  12:27 PM","1 hour 26 mins",13.66,1.11,1.11,1.11,1.11,0.28,1.11,1.11,0.56,0.00,0.00,5.05,1.11,0.00
Benabdallah,Ali,3806311,ali.benabdallah@etu.sorbonne-universite.fr,Finished,"18 December 2020  4:22 PM","18 December 2020  5:34 PM","1 hour 11 mins",18.69,1.11,1.11,1.11,1.11,0.56,1.11,1.11,0.56,0.00,2.22,5.35,1.11,2.22
Bencherif,Nabil,3710493,nabil.bencherif@etu.sorbonne-universite.fr,Finished,"18 December 2020  1:30 PM","18 December 2020  2:27 PM","57 mins 45 secs",10.51,1.11,0.56,1.11,0.00,0.56,1.11,1.11,0.56,0.00,0.00,4.39,0.00,0.00
Benjamin-Jeyaseelan,"Benjamin Julius",3671340,benjamin.benjamin-jeyaseelan@etu.sorbonne-universite.fr,Finished,"18 December 2020  10:44 AM","18 December 2020  12:01 PM","1 hour 17 mins",19.19,1.11,1.11,1.11,1.11,0.56,0.56,1.11,0.56,1.11,2.22,5.30,1.11,2.22
Bensafia,"Chems Eddine",28717430,Chems_Eddine.Bensafia@etu.sorbonne-universite.fr,Finished,"18 December 2020  1:48 PM","18 December 2020  2:46 PM","58 mins 10 secs",16.92,0.56,1.11,1.11,1.11,0.56,1.11,1.11,0.56,1.11,0.00,5.25,1.11,2.22
Bettahar,"Mohamed El Amine",28616068,mohamed.bettahar@etu.sorbonne-universite.fr,Finished,"18 December 2020  4:26 PM","18 December 2020  5:42 PM","1 hour 15 mins",19.14,1.11,1.11,1.11,1.11,0.56,0.56,1.11,0.56,1.11,2.22,5.25,1.11,2.22
Boubrik,Ihsane,3670795,ihsane.boubrik@etu.sorbonne-universite.fr,Finished,"18 December 2020  10:45 AM","18 December 2020  11:56 AM","1 hour 10 mins",19.70,1.11,1.11,1.11,1.11,0.56,1.11,1.11,0.56,1.11,2.22,5.25,1.11,2.22
Boudarene,Samy,3801935,samy.boudarene@etu.sorbonne-universite.fr,Finished,"18 December 2020  5:09 PM","18 December 2020  5:44 PM","34 mins 24 secs",15.08,1.11,1.11,1.11,1.11,0.28,0.56,1.11,0.56,0.00,2.22,4.80,1.11,0.00
Bougherara,Adan,3680559,adan.bougherara@etu.sorbonne-universite.fr,Finished,"18 December 2020  4:07 PM","18 December 2020  5:27 PM","1 hour 19 mins",16.72,1.11,1.11,1.11,1.11,0.56,0.56,1.11,0.56,1.11,2.22,2.83,1.11,2.22
Bouyoucef,Assirem,3971113,assirem.bouyoucef@etu.sorbonne-universite.fr,Finished,"18 December 2020  10:48 AM","18 December 2020  12:13 PM","1 hour 25 mins",17.47,1.11,1.11,1.11,1.11,0.56,1.11,1.11,0.56,1.11,2.22,5.25,1.11,0.00
Bouzouaoui,Anes,28616582,anes.bouzouaoui@etu.sorbonne-universite.fr,Finished,"18 December 2020  4:32 PM","18 December 2020  4:58 PM","25 mins 14 secs",19.70,1.11,1.11,1.11,1.11,0.56,1.11,1.11,0.56,1.11,2.22,5.25,1.11,2.22
Boyadjiev,Todor,28507548,todor.boyadjiev.2@etu.sorbonne-universite.fr,Finished,"14 December 2020  4:22 PM","14 December 2020  5:54 PM","1 hour 32 mins",7.50,1.11,1.11,1.11,0.00,0.28,0.00,1.11,0.00,0.00,0.00,2.78,0.00,0.00
Brasseur,Gaëtan,3802696,gaetan.brasseur@etu.sorbonne-universite.fr,Finished,"18 December 2020  2:22 PM","18 December 2020  2:29 PM","6 mins 55 secs",3.33,1.11,1.11,1.11,0.00,-,-,-,0.00,0.00,0.00,-,0.00,-
Brihmouche,Yacine,28717951,Yacine.Brihmouche@etu.sorbonne-universite.fr,Finished,"17 December 2020  9:08 PM","17 December 2020  10:54 PM","1 hour 45 mins",13.79,1.11,1.11,1.11,1.11,0.56,1.11,1.11,0.56,0.00,0.00,4.90,1.11,0.00
Canitrot,Julien,3803521,julien.canitrot@etu.sorbonne-universite.fr,Finished,"18 December 2020  5:16 PM","18 December 2020  6:43 PM","1 hour 27 mins",17.27,1.11,1.11,1.11,1.11,0.56,1.11,1.11,0.56,1.11,2.22,5.05,1.11,0.00
Carvalho,Lorenzo,3700288,lorenzo.carvalho@etu.sorbonne-universite.fr,Finished,"18 December 2020  5:09 PM","18 December 2020  5:44 PM","35 mins 23 secs",10.76,1.11,1.11,1.11,1.11,0.56,0.56,1.11,0.56,1.11,2.22,0.20,0.00,-
Cassan,Jules,3810883,jules.cassan@etu.sorbonne-universite.fr,Finished,"18 December 2020  4:07 PM","18 December 2020  5:27 PM","1 hour 19 mins",16.67,1.11,1.11,1.11,1.11,0.56,0.56,1.11,0.56,1.11,2.22,2.78,1.11,2.22
Chafai,Tinhinane,3802927,tinhinane.chafai@etu.sorbonne-universite.fr,Finished,"18 December 2020  3:11 PM","18 December 2020  3:51 PM","40 mins",16.69,1.11,1.11,1.11,1.11,0.28,0.56,1.11,0.56,1.11,2.22,5.30,1.11,0.00
"Chan Yip Hon",Boris,3706553,boris.chan_yip_hon@etu.sorbonne-universite.fr,Finished,"18 December 2020  10:47 AM","18 December 2020  12:30 PM","1 hour 42 mins",16.74,0.56,1.11,1.11,1.11,0.28,0.00,1.11,0.56,0.00,2.22,5.35,1.11,2.22
Chea,Sophie,3708951,sophie.chea@etu.sorbonne-universite.fr,Finished,"16 December 2020  10:48 AM","16 December 2020  12:33 PM","1 hour 45 mins",10.96,1.11,1.11,1.11,-,0.56,0.56,1.11,0.00,1.11,-,4.29,-,-
Cherfaoui,Melissa,28720090,Melissa.Cherfaoui@etu.sorbonne-universite.fr,Finished,"18 December 2020  4:50 PM","18 December 2020  6:38 PM","1 hour 47 mins",6.21,1.11,1.11,1.11,0.00,0.00,0.00,1.11,0.56,-,0.00,1.21,0.00,0.00
Chitu,Alex,3701943,alex.chitu@etu.sorbonne-universite.fr,Finished,"18 December 2020  10:49 AM","18 December 2020  12:07 PM","1 hour 18 mins",16.79,1.11,1.11,1.11,1.11,0.28,0.56,1.11,0.56,1.11,2.22,5.40,1.11,0.00
Cineus,Dylan,3302425,dylan.cineus@etu.sorbonne-universite.fr,"Never submitted","18 December 2020  5:32 PM",-,-,-,-,-,-,-,-,-,-,-,-,-,-,-,-
Cineus,Dylan,3302425,dylan.cineus@etu.sorbonne-universite.fr,Finished,"20 December 2020  8:58 PM","20 December 2020  9:40 PM","41 mins 46 secs",19.09,0.56,1.11,1.11,1.11,0.56,1.11,1.11,0.56,1.11,2.22,5.20,1.11,2.22
Ciocan,Clara,3801875,clara.ciocan@etu.sorbonne-universite.fr,Finished,"18 December 2020  4:00 PM","18 December 2020  5:44 PM","1 hour 43 mins",15.56,1.11,1.11,1.11,1.11,0.56,1.11,1.11,0.56,1.11,2.22,3.33,1.11,0.00
Cleuziou,Karl,3800455,karl.cleuziou@etu.sorbonne-universite.fr,Finished,"16 December 2020  10:48 AM","16 December 2020  12:33 PM","1 hour 45 mins",13.08,1.11,1.11,1.11,1.11,0.56,0.56,1.11,0.56,1.11,0.00,1.41,1.11,2.22
Colin,Jacques,3700584,jacques.colin@etu.sorbonne-universite.fr,Finished,"18 December 2020  4:38 PM","18 December 2020  5:31 PM","53 mins 1 sec",16.14,1.11,1.11,1.11,1.11,0.28,0.00,1.11,0.56,1.11,2.22,5.30,1.11,0.00
Coudert,Louis,3800333,louis.coudert@etu.sorbonne-universite.fr,Finished,"14 December 2020  4:06 PM","14 December 2020  5:51 PM","1 hour 44 mins",12.37,1.11,1.11,1.11,0.00,0.56,0.56,1.11,0.56,0.00,0.00,5.15,1.11,0.00
Dauvet,Haron,3700463,haron.dauvet@etu.sorbonne-universite.fr,Finished,"18 December 2020  3:54 PM","18 December 2020  5:28 PM","1 hour 33 mins",16.84,1.11,1.11,1.11,0.00,0.28,0.00,1.11,0.56,1.11,2.22,4.90,1.11,2.22
"De Castelbajac",Matthieu,3800411,matthieu.de_castelbajac@etu.sorbonne-universite.fr,Finished,"16 December 2020  10:51 AM","16 December 2020  12:36 PM","1 hour 45 mins",11.82,1.11,1.11,1.11,1.11,0.56,0.56,1.11,0.56,1.11,0.00,3.48,0.00,0.00
Demeulenaere,Vivien,3706539,vivien.demeulenaere@etu.sorbonne-universite.fr,Finished,"18 December 2020  4:07 PM","18 December 2020  5:27 PM","1 hour 19 mins",16.72,1.11,1.11,1.11,1.11,0.56,0.56,1.11,0.56,1.11,2.22,2.83,1.11,2.22
Djouahra,"Mohamed Akram",28718098,Mohamed_Akram.Djouahra@etu.sorbonne-universite.fr,Finished,"17 December 2020  11:03 AM","17 December 2020  12:48 PM","1 hour 45 mins",8.28,1.11,1.11,0.56,-,0.56,0.56,1.11,0.56,1.11,0.00,1.62,-,-
Djouahra,"Mohamed Akram",28718098,Mohamed_Akram.Djouahra@etu.sorbonne-universite.fr,Finished,"17 December 2020  11:29 PM","18 December 2020  12:45 AM","1 hour 15 mins",12.58,1.11,1.11,1.11,0.00,0.56,0.56,1.11,0.56,1.11,0.00,5.35,0.00,0.00
Djouder,Sarah,3970876,sarah.djouder@etu.sorbonne-universite.fr,Finished,"18 December 2020  4:08 PM","18 December 2020  5:45 PM","1 hour 36 mins",17.47,1.11,1.11,1.11,1.11,0.56,1.11,1.11,0.56,1.11,2.22,5.25,1.11,0.00
Doucouré,Dramane,3520680,dramane.doucoure@etu.sorbonne-universite.fr,Finished,"18 December 2020  12:52 PM","18 December 2020  1:19 PM","27 mins 40 secs",16.14,1.11,1.11,1.11,1.11,0.28,0.00,1.11,0.56,1.11,2.22,5.30,1.11,0.00
Drouin,Reza,3800042,reza.drouin@etu.sorbonne-universite.fr,Finished,"18 December 2020  3:47 PM","18 December 2020  4:43 PM","55 mins 27 secs",17.15,1.11,1.11,1.11,1.11,0.28,1.11,1.11,0.56,1.11,2.22,5.20,1.11,0.00
Du,Qian,3520431,qian.du@etu.sorbonne-universite.fr,Finished,"16 December 2020  10:42 AM","16 December 2020  12:19 PM","1 hour 37 mins",12.58,1.11,1.11,1.11,1.11,0.56,-,1.11,0.56,0.00,0.00,4.80,1.11,0.00
Dubreuil,Jules,3800417,jules.dubreuil@etu.sorbonne-universite.fr,Finished,"17 December 2020  5:51 PM","17 December 2020  7:15 PM","1 hour 23 mins",10.51,1.11,1.11,1.11,0.00,0.56,1.11,1.11,0.00,0.00,0.00,4.39,0.00,0.00
Dufeutrelle,Hugo,3520375,hugo.dufeutrelle@etu.sorbonne-universite.fr,Finished,"17 December 2020  4:23 PM","17 December 2020  6:03 PM","1 hour 39 mins",12.58,1.11,1.11,1.11,-,0.56,0.56,1.11,0.56,0.00,0.00,5.35,1.11,0.00
Dumoulin,Zoé,3702742,zoe.dumoulin@etu.sorbonne-universite.fr,Finished,"18 December 2020  3:22 PM","18 December 2020  3:52 PM","29 mins 39 secs",14.47,1.11,1.11,1.11,1.11,0.28,0.56,1.11,0.56,1.11,0.00,5.30,1.11,0.00
Duval,Aurelien,3872455,aurelien.duval@etu.sorbonne-universite.fr,Finished,"18 December 2020  4:00 PM","18 December 2020  5:46 PM","1 hour 45 mins",10.66,1.11,1.11,1.11,0.00,0.00,0.56,1.11,0.56,0.00,2.22,2.88,0.00,0.00
"El Fahdi",Ismaël,3802719,ismael.el_fahdi@etu.sorbonne-universite.fr,Finished,"18 December 2020  3:07 PM","18 December 2020  4:37 PM","1 hour 29 mins",9.60,1.11,1.11,1.11,0.00,0.56,0.00,1.11,0.56,0.00,2.22,1.82,0.00,0.00
"El Ghali",Yosr,3802466,yosr.elghali@etu.sorbonne-universite.fr,Finished,"14 December 2020  4:13 PM","14 December 2020  5:58 PM","1 hour 45 mins",6.82,1.11,1.11,1.11,0.00,0.00,0.56,1.11,0.56,0.00,0.00,1.26,0.00,0.00
"El Ghazzi",Sarah,3671094,sarah.el_ghazzi@etu.sorbonne-universite.fr,Finished,"18 December 2020  3:45 PM","18 December 2020  4:14 PM","28 mins 57 secs",16.49,1.11,1.11,1.11,1.11,0.28,0.56,1.11,0.56,1.11,2.22,5.10,1.11,0.00
"El Ghoul",Elio,3803565,elio.el_ghoul@etu.sorbonne-universite.fr,Finished,"18 December 2020  12:49 PM","18 December 2020  1:52 PM","1 hour 3 mins",15.71,1.11,1.11,1.11,1.11,0.00,0.00,1.11,0.56,1.11,2.22,5.15,1.11,0.00
Ergun,Yavuz,3670777,yavuz.ergun@etu.sorbonne-universite.fr,Finished,"18 December 2020  5:40 PM","18 December 2020  5:45 PM","5 mins 20 secs",11.59,0.56,0.56,1.11,1.11,0.28,0.56,1.11,0.56,1.11,2.22,1.31,1.11,0.00
Felix,Wycherley-Kassel,3702385,wycherley-kassel.felix@etu.sorbonne-universite.fr,Finished,"18 December 2020  12:35 PM","18 December 2020  2:20 PM","1 hour 45 mins",16.36,1.11,1.11,1.11,1.11,0.00,0.56,1.11,0.56,1.11,2.22,5.25,1.11,0.00
Ferdaoui,Sheïmâa,3802999,sheimaa.ferdaoui@etu.sorbonne-universite.fr,Finished,"18 December 2020  10:34 AM","18 December 2020  11:24 AM","50 mins 20 secs",10.51,1.11,1.11,1.11,0.00,0.56,0.56,1.11,0.56,0.00,0.00,4.39,0.00,0.00
Gabour,Smail,3700149,smail.gabour@etu.sorbonne-universite.fr,Finished,"18 December 2020  4:24 PM","18 December 2020  4:41 PM","17 mins 6 secs",16.69,1.11,1.11,1.11,1.11,0.28,0.56,1.11,0.56,1.11,2.22,5.30,1.11,0.00
Galliot,Jules,3802342,jules.galliot@etu.sorbonne-universite.fr,Finished,"17 December 2020  5:52 PM","17 December 2020  7:15 PM","1 hour 23 mins",10.96,1.11,1.11,1.11,0.00,0.56,1.11,1.11,0.56,0.00,0.00,4.29,0.00,0.00
Gigacz,"Kiara Ting Yung Chin",3803025,kiara.gigacz@etu.sorbonne-universite.fr,Finished,"18 December 2020  5:23 PM","18 December 2020  7:01 PM","1 hour 37 mins",19.29,1.11,1.11,1.11,1.11,0.56,1.11,1.11,0.56,0.56,2.22,5.40,1.11,2.22
Grech,Anna,3800494,anna.grech@etu.sorbonne-universite.fr,Finished,"16 December 2020  10:56 AM","16 December 2020  12:40 PM","1 hour 44 mins",15.35,1.11,1.11,1.11,1.11,0.56,0.56,1.11,0.00,1.11,2.22,5.35,0.00,0.00
Gruman,Pierre-Alexandre,28507556,pierre-alexandre.gruman.2@etu.sorbonne-universite.fr,Finished,"16 December 2020  10:31 AM","16 December 2020  12:16 PM","1 hour 45 mins",12.07,1.11,1.11,1.11,1.11,0.56,0.56,1.11,0.56,0.56,0.00,3.18,1.11,0.00
Guio,Clément,3413360,clement.guio@etu.sorbonne-universite.fr,Finished,"17 December 2020  2:54 PM","17 December 2020  3:49 PM","55 mins 28 secs",6.26,1.11,1.11,1.11,-,0.56,0.56,1.11,0.56,0.00,0.00,0.15,0.00,-
Hadj-Arab,Ludmila,3971280,ludmila.hadj-arab@etu.sorbonne-universite.fr,Finished,"18 December 2020  10:54 AM","18 December 2020  12:09 PM","1 hour 15 mins",16.39,1.11,1.11,1.11,1.11,0.28,0.56,1.11,0.56,1.11,2.22,5.00,1.11,0.00
Hannachi,Dina,3801528,dina.hannachi@etu.sorbonne-universite.fr,Finished,"18 December 2020  1:39 PM","18 December 2020  2:25 PM","45 mins 41 secs",17.25,1.11,1.11,1.11,1.11,0.28,1.11,1.11,0.56,1.11,2.22,5.30,1.11,0.00
Herman,Margot,28716768,Margot.Herman@etu.sorbonne-universite.fr,Finished,"16 December 2020  10:48 AM","16 December 2020  12:33 PM","1 hour 44 mins",14.14,1.11,1.11,1.11,1.11,0.56,0.56,1.11,0.56,0.56,2.22,3.03,1.11,0.00
"Hernandez Adan","Oriana Rafaela",3802881,oriana.hernandez_adan@etu.sorbonne-universite.fr,Finished,"17 December 2020  10:57 AM","17 December 2020  12:42 PM","1 hour 45 mins",13.23,1.11,1.11,1.11,-,0.56,1.11,0.00,0.56,1.11,0.00,3.23,1.11,2.22
Huang,Xinyu,3803966,xinyiu.huang@etu.sorbonne-universite.fr,Finished,"14 December 2020  5:01 PM","14 December 2020  6:46 PM","1 hour 44 mins",9.39,1.11,1.11,1.11,1.11,0.00,0.56,1.11,0.56,0.00,0.00,2.73,0.00,0.00
Huant,Raphael,3709095,raphael.huant@etu.sorbonne-universite.fr,Finished,"16 December 2020  11:25 AM","16 December 2020  12:28 PM","1 hour 3 mins",11.46,0.56,1.11,1.11,1.11,0.56,0.56,1.11,0.56,0.00,0.00,3.69,1.11,0.00
"Ibobi Sambila",Osee,3704090,osee.ibobi_sambila@etu.sorbonne-universite.fr,Finished,"18 December 2020  10:40 AM","18 December 2020  12:10 PM","1 hour 29 mins",10.23,1.11,1.11,1.11,0.00,0.28,0.56,1.11,0.56,0.00,0.00,4.39,0.00,0.00
Ikhlef,Nadjia,28718372,Nadjia.Ikhlef@etu.sorbonne-universite.fr,Finished,"18 December 2020  1:02 PM","18 December 2020  2:12 PM","1 hour 9 mins",15.76,0.56,1.11,1.11,1.11,0.56,0.56,1.11,0.56,0.56,2.22,5.20,1.11,0.00
Ith,Marc,3302184,marc.ith@etu.sorbonne-universite.fr,Finished,"18 December 2020  4:12 PM","18 December 2020  5:37 PM","1 hour 25 mins",19.55,1.11,1.11,1.11,1.11,0.56,1.11,1.11,0.56,1.11,2.22,5.10,1.11,2.22
Jday,Achraf,3802410,achraf.jday@etu.sorbonne-universite.fr,Finished,"18 December 2020  4:24 PM","18 December 2020  4:42 PM","17 mins 49 secs",17.30,1.11,1.11,1.11,1.11,0.28,1.11,1.11,0.56,1.11,2.22,5.35,1.11,0.00
Jebari,Firas,3802713,firas.jebari@etu.sorbonne-universite.fr,Finished,"18 December 2020  12:58 PM","18 December 2020  2:42 PM","1 hour 44 mins",10.56,1.11,1.11,1.11,-,0.56,0.56,1.11,0.56,0.00,2.22,2.22,0.00,0.00
Kaci-Chaouche,Omar,3521322,omar.kaci-chaouche@etu.sorbonne-universite.fr,Finished,"18 December 2020  10:48 AM","18 December 2020  12:07 PM","1 hour 19 mins",11.77,1.11,1.11,1.11,1.11,0.56,0.00,1.11,0.56,0.00,0.00,3.99,1.11,0.00
Kahil,Amine,28616887,amine.kahil@etu.sorbonne-universite.fr,"Never submitted","18 December 2020  3:29 PM",-,-,-,-,-,-,-,-,-,-,-,-,-,-,-,-
Kahil,Amine,28616887,amine.kahil@etu.sorbonne-universite.fr,Finished,"21 January 2021  5:44 PM","21 January 2021  5:53 PM","9 mins 32 secs",12.93,1.11,1.11,1.11,1.11,0.56,0.56,1.11,0.00,1.11,0.00,5.15,0.00,0.00
Kaïdouchi,Amira,3700530,amira.kaidouchi@etu.sorbonne-universite.fr,Finished,"16 December 2020  10:49 AM","16 December 2020  12:33 PM","1 hour 43 mins",14.70,1.11,1.11,1.11,1.11,0.56,0.56,1.11,0.00,1.11,0.00,3.59,1.11,2.22
Kandeepan,Mathuran,3800103,mathuran.kandeepan@etu.sorbonne-universite.fr,Finished,"18 December 2020  4:00 PM","18 December 2020  5:30 PM","1 hour 29 mins",12.90,1.11,1.11,1.11,1.11,0.28,0.56,1.11,0.00,0.00,2.22,3.18,1.11,0.00
Kassab,Mouad,3700640,mouad.kassab@etu.sorbonne-universite.fr,Finished,"18 December 2020  4:55 PM","18 December 2020  5:45 PM","49 mins 32 secs",19.60,1.11,1.11,1.11,1.11,0.56,1.11,1.11,0.56,1.11,2.22,5.15,1.11,2.22
Kasten,Harold,3805644,harold.kasten@etu.sorbonne-universite.fr,Finished,"17 December 2020  5:52 PM","17 December 2020  7:16 PM","1 hour 23 mins",10.56,1.11,1.11,1.11,0.00,0.56,1.11,1.11,0.00,0.00,0.00,4.44,0.00,0.00
Kaya,Delphine,3800099,delphine.kaya@etu.sorbonne-universite.fr,Finished,"18 December 2020  4:52 PM","18 December 2020  6:23 PM","1 hour 31 mins",14.44,1.11,1.11,1.11,1.11,0.56,0.00,1.11,0.56,0.00,2.22,4.44,1.11,0.00
Kerdouche,Nabil,3802336,nabil.kerdouche@etu.sorbonne-universite.fr,Finished,"18 December 2020  11:07 AM","18 December 2020  12:15 PM","1 hour 7 mins",17.25,1.11,1.11,1.11,1.11,0.28,1.11,1.11,0.56,1.11,2.22,5.30,1.11,0.00
Khalid,Ruhma,3710442,ruhma.khalid@etu.sorbonne-universite.fr,Finished,"18 December 2020  5:16 PM","18 December 2020  5:41 PM","25 mins 46 secs",9.04,0.56,1.11,1.11,0.00,0.56,0.00,1.11,0.56,0.00,2.22,1.82,0.00,0.00
Kharbouche,Ibrahim,3671035,ibrahim.kharbouche@etu.sorbonne-universite.fr,Finished,"14 December 2020  5:00 PM","14 December 2020  6:23 PM","1 hour 23 mins",13.18,1.11,1.11,1.11,1.11,0.56,1.11,1.11,0.56,0.00,0.00,5.40,0.00,0.00
Kireche,Koceila,28717834,Koceila.Kireche@etu.sorbonne-universite.fr,Finished,"18 December 2020  4:25 PM","18 December 2020  5:17 PM","52 mins 44 secs",17.25,1.11,1.11,1.11,1.11,0.28,1.11,1.11,0.56,1.11,2.22,5.30,1.11,0.00
Kling,Paul,3670056,paul.kling@etu.sorbonne-universite.fr,Finished,"14 December 2020  5:09 PM","14 December 2020  6:48 PM","1 hour 38 mins",9.90,1.11,1.11,1.11,1.11,0.00,0.56,1.11,0.56,0.00,0.00,3.23,0.00,0.00
Komen,Dimitri,3603619,dimitri.komen@etu.sorbonne-universite.fr,Finished,"16 December 2020  2:00 PM","16 December 2020  2:58 PM","57 mins 59 secs",13.38,1.11,1.11,1.11,0.00,0.56,1.11,1.11,0.00,0.00,2.22,5.05,0.00,0.00
Kordon,Djeser,3772433,djeser.kordon@etu.sorbonne-universite.fr,Finished,"18 December 2020  3:54 PM","18 December 2020  5:22 PM","1 hour 27 mins",17.75,1.11,1.11,1.11,1.11,0.28,0.56,1.11,0.56,0.56,2.22,4.70,1.11,2.22
Koroglu,Mathis,3711799,mathis.koroglu@etu.sorbonne-universite.fr,Finished,"18 December 2020  4:49 PM","18 December 2020  6:34 PM","1 hour 45 mins",13.33,1.11,1.11,1.11,1.11,0.56,0.56,1.11,0.56,1.11,0.00,5.00,0.00,0.00
Kostadinovic,Nikola,3801695,nikola.kostadinovic@etu.sorbonne-universite.fr,Finished,"18 December 2020  10:44 AM","18 December 2020  11:54 AM","1 hour 10 mins",19.70,1.11,1.11,1.11,1.11,0.56,1.11,1.11,0.56,1.11,2.22,5.25,1.11,2.22
Krisni,Almehdi,3800519,almehdi.krisni@etu.sorbonne-universite.fr,Finished,"14 December 2020  4:28 PM","14 December 2020  6:04 PM","1 hour 36 mins",15.40,1.11,1.11,1.11,1.11,0.56,1.11,1.11,0.56,0.00,2.22,5.40,0.00,0.00
Kwonn,Simon,3709743,simon.kwonn@etu.sorbonne-universite.fr,Finished,"16 December 2020  11:20 AM","16 December 2020  12:47 PM","1 hour 27 mins",12.12,1.11,1.11,1.11,1.11,0.56,0.56,1.11,0.56,0.00,0.00,3.79,1.11,0.00
Lachemot,Cédric,3705179,cedric.lachemot@etu.sorbonne-universite.fr,Finished,"18 December 2020  5:07 PM","18 December 2020  6:28 PM","1 hour 20 mins",19.80,1.11,1.11,1.11,1.11,0.56,1.11,1.11,0.56,1.11,2.22,5.35,1.11,2.22
Lahfa,Samy,3706599,samy.lahfa@etu.sorbonne-universite.fr,Finished,"14 December 2020  5:20 PM","14 December 2020  7:05 PM","1 hour 44 mins",16.97,1.11,1.11,1.11,1.11,0.56,0.56,1.11,0.56,0.00,2.22,5.30,0.00,2.22
"Lam A",Leo,28712991,Leo.Lam_A@etu.sorbonne-universite.fr,Finished,"14 December 2020  5:07 PM","14 December 2020  6:50 PM","1 hour 43 mins",15.96,1.11,1.11,1.11,1.11,0.56,0.56,1.11,0.56,1.11,0.00,5.40,0.00,2.22
Lange,Mathilde,28504995,mathilde.lange.2@etu.sorbonne-universite.fr,Finished,"16 December 2020  10:48 AM","16 December 2020  12:35 PM","1 hour 46 mins",15.96,1.11,1.11,1.11,1.11,0.56,0.56,1.11,0.00,0.56,2.22,3.18,1.11,2.22
Langlais,Rafaël,3520624,rafael.langlais@etu.sorbonne-universite.fr,Finished,"18 December 2020  4:14 PM","18 December 2020  4:57 PM","43 mins 21 secs",3.33,1.11,1.11,1.11,-,0.00,0.00,-,0.00,-,0.00,-,0.00,-
Larbi,Melissa,3971141,melissa.larbi@etu.sorbonne-universite.fr,Finished,"18 December 2020  2:54 PM","18 December 2020  3:57 PM","1 hour 2 mins",17.25,1.11,1.11,1.11,1.11,0.28,1.11,1.11,0.56,1.11,2.22,5.30,1.11,0.00
Lassadi,Nassim,3707173,nassim.lassadi@etu.sorbonne-universite.fr,Finished,"18 December 2020  4:06 PM","18 December 2020  4:37 PM","31 mins 9 secs",19.55,1.11,1.11,1.11,1.11,0.56,1.11,1.11,0.56,1.11,2.22,5.10,1.11,2.22
Lay,Kenny,3801173,kenny.lay@etu.sorbonne-universite.fr,Finished,"18 December 2020  10:44 AM","18 December 2020  12:12 PM","1 hour 27 mins",19.85,1.11,1.11,1.11,1.11,0.56,1.11,1.11,0.56,1.11,2.22,5.40,1.11,2.22
Le,"Hai Nam",28613397,hai.le@etu.sorbonne-universite.fr,Finished,"14 December 2020  4:10 PM","14 December 2020  5:52 PM","1 hour 42 mins",13.18,1.11,1.11,1.11,0.00,0.56,0.56,1.11,0.00,0.00,0.00,5.40,0.00,2.22
Le,Doan,3875020,doan.le@etu.sorbonne-universite.fr,Finished,"18 December 2020  4:15 PM","18 December 2020  5:34 PM","1 hour 19 mins",19.52,1.11,1.11,1.11,1.11,0.28,1.11,1.11,0.56,1.11,2.22,5.35,1.11,2.22
Lebazda--Gauthier,Benoît,3702867,benoit.lebazda--gauthier@etu.sorbonne-universite.fr,Finished,"16 December 2020  10:55 AM","16 December 2020  12:40 PM","1 hour 44 mins",14.65,0.56,0.56,1.11,1.11,0.56,1.11,1.11,0.56,0.56,2.22,5.20,0.00,0.00
Lefevre,Manon,3800422,manon.lefevre@etu.sorbonne-universite.fr,Finished,"16 December 2020  10:54 AM","16 December 2020  12:39 PM","1 hour 45 mins",13.81,0.56,0.56,1.11,1.11,0.28,0.56,1.11,0.56,1.11,2.22,3.54,1.11,0.00
Li,Ziyou,3802432,ziyou.li@etu.sorbonne-universite.fr,Finished,"18 December 2020  4:53 PM","18 December 2020  6:21 PM","1 hour 27 mins",10.48,1.11,1.11,1.11,1.11,0.28,0.56,1.11,0.00,1.11,0.00,2.98,0.00,0.00
Lin,Daniel,3700421,daniel.lin@etu.sorbonne-universite.fr,Finished,"17 December 2020  10:52 AM","17 December 2020  11:46 AM","54 mins 28 secs",8.33,1.11,1.11,1.11,0.00,0.56,0.00,1.11,0.00,0.00,0.00,2.22,1.11,0.00
Loi,Alessia,3971668,alessia.loi@etu.sorbonne-universite.fr,Finished,"18 December 2020  4:02 PM","18 December 2020  5:41 PM","1 hour 39 mins",16.97,1.11,1.11,1.11,1.11,0.56,0.56,1.11,0.56,1.11,2.22,5.30,1.11,0.00
Lu,Raymond,3700479,raymond.lu@etu.sorbonne-universite.fr,Finished,"18 December 2020  2:16 PM","18 December 2020  2:30 PM","13 mins 41 secs",17.37,1.11,1.11,1.11,1.11,0.56,1.11,1.11,0.56,0.00,2.22,5.15,0.00,2.22
Lu,Alexandra,3700615,alexandra.lu@etu.sorbonne-universite.fr,Finished,"18 December 2020  3:09 PM","18 December 2020  4:48 PM","1 hour 38 mins",16.41,1.11,1.11,1.11,1.11,0.56,0.56,1.11,0.56,0.56,2.22,5.30,1.11,0.00
Ly,Sylvie,3522190,sylvie.ly@etu.sorbonne-universite.fr,Finished,"18 December 2020  10:53 AM","18 December 2020  12:19 PM","1 hour 25 mins",16.92,1.11,0.56,1.11,1.11,0.56,1.11,1.11,0.56,1.11,2.22,5.25,1.11,0.00
M'Barek,Heikel,3201218,heikel.mbarek@etu.sorbonne-universite.fr,Finished,"18 December 2020  4:21 PM","18 December 2020  4:55 PM","34 mins 26 secs",17.25,1.11,1.11,1.11,1.11,0.28,1.11,1.11,0.56,1.11,2.22,5.30,1.11,0.00
Maafa,Zin,3803950,zin.maafa@etu.sorbonne-universite.fr,"Never submitted","18 December 2020  10:58 PM",-,-,-,-,-,-,-,-,-,-,-,-,-,-,-,-
"Mahad Ismail",Roukia,3874897,roukia.mahad-ismail@etu.sorbonne-universite.fr,Finished,"14 December 2020  4:25 PM","14 December 2020  6:10 PM","1 hour 45 mins",7.80,1.11,1.11,1.11,0.00,0.28,0.56,1.11,0.00,0.00,0.00,1.41,1.11,0.00
Mariller,Vincent,3700041,vincent.mariller@etu.sorbonne-universite.fr,Finished,"18 December 2020  2:02 PM","18 December 2020  2:16 PM","13 mins 35 secs",19.19,1.11,1.11,1.11,1.11,0.56,0.56,1.11,0.56,1.11,2.22,5.30,1.11,2.22
Marzougui,Syrine,3803611,syrine.marzougui@etu.sorbonne-universite.fr,Finished,"18 December 2020  4:17 PM","18 December 2020  5:28 PM","1 hour 11 mins",16.97,1.11,1.11,1.11,1.11,0.56,0.56,1.11,0.56,1.11,2.22,5.30,1.11,0.00
Maurel,Perrine,28502791,perrine.maurel.2@etu.sorbonne-universite.fr,Finished,"18 December 2020  1:42 PM","18 December 2020  1:56 PM","14 mins 43 secs",16.04,1.11,1.11,1.11,1.11,0.28,0.00,1.11,0.56,1.11,2.22,5.20,1.11,0.00
Mehdi,Sarah,3971165,sarah.mehdi.1@etu.sorbonne-universite.fr,Finished,"18 December 2020  10:50 AM","18 December 2020  12:09 PM","1 hour 19 mins",16.41,1.11,1.11,1.11,1.11,0.56,0.00,1.11,0.56,1.11,2.22,5.30,1.11,0.00
Mendas,Rosa,3802558,rosa.mendas@etu.sorbonne-universite.fr,Finished,"18 December 2020  1:15 PM","18 December 2020  2:59 PM","1 hour 44 mins",14.47,1.11,1.11,1.11,0.00,0.28,0.56,1.11,0.56,0.00,2.22,5.30,1.11,0.00
Mendes,Hugo,3670527,hugo.mendes@etu.sorbonne-universite.fr,Finished,"18 December 2020  10:48 AM","18 December 2020  12:10 PM","1 hour 22 mins",15.71,1.11,1.11,1.11,0.00,0.00,0.00,1.11,0.56,0.00,2.22,5.15,1.11,2.22
Merle-Remond,Julian,3700191,julian.merle-remond@etu.sorbonne-universite.fr,Finished,"18 December 2020  5:02 PM","18 December 2020  6:13 PM","1 hour 11 mins",16.92,1.11,1.11,1.11,1.11,0.56,0.56,1.11,0.56,1.11,2.22,5.25,1.11,0.00
Merzouk,Kenza,3803468,kenza.merzouk@etu.sorbonne-universite.fr,Finished,"18 December 2020  3:28 PM","18 December 2020  4:52 PM","1 hour 23 mins",16.97,1.11,1.11,1.11,1.11,0.56,0.56,1.11,0.56,1.11,2.22,5.30,1.11,0.00
Meziane,Mohamed,3802500,mohamed.meziane@etu.sorbonne-universite.fr,Finished,"18 December 2020  4:13 PM","18 December 2020  5:36 PM","1 hour 23 mins",17.53,1.11,1.11,1.11,1.11,0.56,1.11,1.11,0.56,1.11,2.22,5.30,1.11,0.00
Mistry,Manishkumar,3671086,manishkumar.mistry@etu.sorbonne-universite.fr,Finished,"18 December 2020  10:49 AM","18 December 2020  12:11 PM","1 hour 22 mins",15.71,1.11,1.11,1.11,1.11,0.00,0.00,1.11,0.56,1.11,2.22,5.15,1.11,0.00
Mistry,Darshan,3670280,darshan.mistry@etu.sorbonne-universite.fr,Finished,"18 December 2020  10:48 AM","18 December 2020  12:10 PM","1 hour 21 mins",16.69,1.11,1.11,1.11,1.11,0.28,0.56,1.11,0.56,1.11,2.22,5.30,1.11,0.00
Mohammedi,Vanessa,3671439,vanessa.mohammedi@etu.sorbonne-universite.fr,Finished,"14 December 2020  4:49 PM","14 December 2020  6:34 PM","1 hour 45 mins",7.32,1.11,1.11,1.11,0.00,0.56,0.00,1.11,0.00,0.00,0.00,2.32,0.00,0.00
Mohellebi,Melissa,3971070,melissa.mohellebi@etu.sorbonne-universite.fr,Finished,"18 December 2020  4:16 PM","18 December 2020  5:45 PM","1 hour 28 mins",17.53,1.11,1.11,1.11,1.11,0.56,1.11,1.11,0.56,1.11,2.22,5.30,1.11,0.00
Monnereau,Irena,3670050,irena.monnereau@etu.sorbonne-universite.fr,Finished,"17 December 2020  8:39 PM","17 December 2020  9:40 PM","1 hour 1 min",13.08,1.11,1.11,1.11,1.11,0.56,0.56,1.11,0.56,0.00,2.22,3.64,0.00,0.00
Moreau,Léonard,3800364,leonard.moreau@etu.sorbonne-universite.fr,Finished,"18 December 2020  6:52 PM","18 December 2020  7:07 PM","14 mins 54 secs",16.72,1.11,1.11,1.11,1.11,0.56,0.56,1.11,0.56,1.11,2.22,5.05,1.11,0.00
Mosgoreanu,"Alexandru Zaharia",28717021,Alexandru_Zaharia.Mosgoreanu@etu.sorbonne-universite.fr,Finished,"16 December 2020  5:32 PM","16 December 2020  6:04 PM","31 mins 51 secs",11.36,1.11,1.11,1.11,0.00,0.56,0.56,1.11,0.56,0.00,2.22,3.03,0.00,0.00
Moulouel,Myriem,3802291,myriem.moulouel@etu.sorbonne-universite.fr,Finished,"14 December 2020  4:13 PM","14 December 2020  5:58 PM","1 hour 45 mins",6.82,1.11,1.11,1.11,0.00,0.00,0.56,1.11,0.56,0.00,0.00,1.26,0.00,0.00
Moyet,Candice,3801474,candice.moyet@etu.sorbonne-universite.fr,Finished,"16 December 2020  10:55 AM","16 December 2020  12:40 PM","1 hour 44 mins",16.46,1.11,1.11,1.11,1.11,0.56,1.11,1.11,0.56,1.11,2.22,5.35,0.00,0.00
Nam,Maxime,3301246,maxime.nam@etu.sorbonne-universite.fr,Finished,"18 December 2020  3:58 PM","18 December 2020  5:40 PM","1 hour 42 mins",12.53,1.11,1.11,1.11,1.11,0.56,0.56,1.11,0.00,0.56,0.00,5.30,0.00,0.00
Ngamy,Gianni-Alessandro,3703993,gianni-alessandro.ngamy@etu.sorbonne-universite.fr,Finished,"18 December 2020  2:27 PM","18 December 2020  3:57 PM","1 hour 30 mins",9.04,1.11,1.11,1.11,0.00,0.56,0.00,1.11,0.56,0.00,2.22,1.26,0.00,0.00
Nguyen,"Minh Anh",3802621,minh.nguyen.6@etu.sorbonne-universite.fr,Finished,"16 December 2020  10:46 AM","16 December 2020  12:32 PM","1 hour 45 mins",18.84,1.11,1.11,1.11,1.11,0.56,1.11,1.11,0.56,1.11,2.22,4.39,1.11,2.22
Oses,Jean-Baptiste,3700565,jean-baptiste.oses@etu.sorbonne-universite.fr,Finished,"18 December 2020  6:02 PM","18 December 2020  7:24 PM","1 hour 22 mins",8.59,1.11,1.11,1.11,-,0.00,0.00,0.00,0.00,0.00,0.00,5.25,0.00,0.00
Oudjani,Yasmine,3803009,yasmine.oudjani@etu.sorbonne-universite.fr,Finished,"18 December 2020  4:25 PM","18 December 2020  5:37 PM","1 hour 11 mins",17.10,1.11,1.11,1.11,1.11,0.28,1.11,1.11,0.56,1.11,2.22,5.15,1.11,0.00
Pareau,Mathilde,3800446,mathilde.pareau@etu.sorbonne-universite.fr,Finished,"14 December 2020  4:07 PM","14 December 2020  5:44 PM","1 hour 37 mins",10.76,1.11,1.11,1.11,0.00,0.56,0.56,1.11,0.56,0.00,0.00,4.65,0.00,0.00
Parichault,Antoine,3803454,antoine.parichault@etu.sorbonne-universite.fr,Finished,"16 December 2020  10:53 AM","16 December 2020  12:30 PM","1 hour 36 mins",10.35,0.00,0.00,1.11,1.11,0.00,0.00,0.00,0.56,0.00,2.22,2.02,1.11,2.22
Pironin,Julie,3802614,julie.pironin@etu.sorbonne-universite.fr,Finished,"18 December 2020  10:52 AM","18 December 2020  12:31 PM","1 hour 39 mins",15.30,1.11,1.11,1.11,1.11,0.56,0.56,0.00,0.56,0.00,2.22,4.75,0.00,2.22
Polit,Titouan,3800511,titouan.polit@etu.sorbonne-universite.fr,Finished,"16 December 2020  10:46 AM","16 December 2020  12:22 PM","1 hour 36 mins",16.41,1.11,1.11,1.11,1.11,0.00,1.11,1.11,0.56,0.56,0.00,5.30,1.11,2.22
Popescu,"Diana Elena",28717024,Diana_Elena.Popescu@etu.sorbonne-universite.fr,Finished,"16 December 2020  11:27 AM","16 December 2020  1:12 PM","1 hour 44 mins",11.97,1.11,1.11,1.11,0.00,0.00,0.56,1.11,0.56,0.00,2.22,3.08,1.11,0.00
Poulain,Claire,3679357,claire.poulain@etu.sorbonne-universite.fr,Finished,"18 December 2020  12:10 PM","18 December 2020  12:22 PM","12 mins 6 secs",16.64,1.11,1.11,1.11,1.11,0.28,0.56,1.11,0.56,1.11,2.22,5.25,1.11,0.00
Prostakov,Andrey,3802515,andrey.prostakov@etu.sorbonne-universite.fr,Finished,"18 December 2020  5:36 PM","18 December 2020  5:45 PM","9 mins 3 secs",15.68,1.11,1.11,1.11,1.11,0.28,1.11,1.11,0.56,1.11,2.22,3.74,1.11,0.00
Rapaport,Solal,3711387,solal.rapaport@etu.sorbonne-universite.fr,Finished,"18 December 2020  4:18 PM","18 December 2020  5:09 PM","51 mins 12 secs",19.09,1.11,1.11,1.11,1.11,0.56,0.56,1.11,0.56,1.11,2.22,5.20,1.11,2.22
"Riffaud De Turckheim",Hugo,3800256,hugo.riffaud_de_turckheim@etu.sorbonne-universite.fr,Finished,"16 December 2020  10:51 AM","16 December 2020  12:36 PM","1 hour 45 mins",10.20,1.11,1.11,1.11,1.11,0.56,0.56,1.11,0.56,0.00,0.00,2.98,0.00,0.00
Roch,Stuart,3309168,stuart.roch@etu.sorbonne-universite.fr,Finished,"18 December 2020  1:50 PM","18 December 2020  2:23 PM","32 mins 34 secs",7.93,1.11,1.11,1.11,0.00,0.56,0.00,1.11,0.56,0.00,2.22,0.15,0.00,0.00
Roqui,David,3873784,david.roqui@etu.sorbonne-universite.fr,Finished,"18 December 2020  4:14 PM","18 December 2020  5:38 PM","1 hour 24 mins",12.12,1.11,1.11,0.56,0.00,0.56,0.56,1.11,0.56,0.00,0.00,3.23,1.11,2.22
Rossi,Johan-Luca,3872354,johan-luca.rossi@etu.sorbonne-universite.fr,Finished,"18 December 2020  3:54 PM","18 December 2020  5:22 PM","1 hour 28 mins",15.81,1.11,1.11,1.11,0.00,0.56,0.00,1.11,0.56,0.56,2.22,5.25,0.00,2.22
Rouba,Islam,3802420,islam.rouba@etu.sorbonne-universite.fr,Finished,"18 December 2020  4:41 PM","18 December 2020  5:20 PM","38 mins 25 secs",17.25,1.11,1.11,1.11,1.11,0.28,1.11,1.11,0.56,1.11,2.22,5.30,1.11,0.00
Rzeszutko,Kamil,2800282,kamil.rzeszutko@etu.sorbonne-universite.fr,Finished,"17 December 2020  11:02 AM","17 December 2020  12:48 PM","1 hour 45 mins",7.02,1.11,1.11,1.11,-,0.56,0.56,1.11,0.56,0.00,0.00,0.91,0.00,-
Rzeszutko,Kamil,2800282,kamil.rzeszutko@etu.sorbonne-universite.fr,Finished,"17 December 2020  11:30 PM","18 December 2020  12:48 AM","1 hour 18 mins",11.41,1.11,1.11,1.11,0.00,0.56,0.56,1.11,0.56,0.00,0.00,5.30,0.00,0.00
Sabatino,Francesco,3811132,francesco.sabatino@etu.sorbonne-universite.fr,Finished,"18 December 2020  3:02 PM","18 December 2020  3:45 PM","43 mins 49 secs",19.09,1.11,1.11,1.11,1.11,0.56,0.56,1.11,0.56,1.11,2.22,5.20,1.11,2.22
Saichi,Lina,3803151,lina.saichi@etu.sorbonne-universite.fr,Finished,"18 December 2020  4:07 PM","18 December 2020  5:35 PM","1 hour 27 mins",16.92,1.11,1.11,1.11,1.11,0.56,0.56,1.11,0.56,1.11,2.22,5.25,1.11,0.00
Salfati,Elisa,3800104,elisa.salfati@etu.sorbonne-universite.fr,Finished,"16 December 2020  10:56 AM","16 December 2020  12:41 PM","1 hour 45 mins",14.19,1.11,1.11,1.11,1.11,0.56,0.56,1.11,0.56,1.11,0.00,3.64,0.00,2.22
Seang,Chea-Jimmy,3703893,chea-jimmy.seang@etu.sorbonne-universite.fr,Finished,"18 December 2020  10:48 AM","18 December 2020  12:09 PM","1 hour 20 mins",16.14,1.11,0.56,1.11,1.11,0.28,0.56,1.11,0.56,1.11,2.22,5.30,1.11,0.00
Selliah,Sarujen,3701184,sarujen.selliah@etu.sorbonne-universite.fr,Finished,"18 December 2020  5:04 PM","18 December 2020  5:28 PM","23 mins 24 secs",16.69,1.11,1.11,1.11,1.11,0.28,1.11,1.11,0.56,0.56,2.22,5.30,1.11,0.00
Sennour,"Mohammed Wail",28616082,mohammed.sennour@etu.sorbonne-universite.fr,Finished,"18 December 2020  4:44 PM","18 December 2020  5:24 PM","39 mins 41 secs",19.44,1.11,1.11,1.11,1.11,0.56,1.11,1.11,0.56,1.11,2.22,5.00,1.11,2.22
Senyuz,"Miray Suzan",3802805,miray.senyuz@etu.sorbonne-universite.fr,Finished,"18 December 2020  4:05 PM","18 December 2020  5:45 PM","1 hour 39 mins",16.97,1.11,1.11,1.11,1.11,0.56,0.56,1.11,0.56,1.11,2.22,5.30,1.11,0.00
Serraf,Dan,3971120,dan.serraf@etu.sorbonne-universite.fr,Finished,"18 December 2020  2:09 PM","18 December 2020  3:50 PM","1 hour 40 mins",17.42,1.11,1.11,1.11,1.11,0.56,1.11,1.11,0.56,1.11,2.22,5.20,1.11,0.00
Sidia,Amir,3670888,amir.sidia@etu.sorbonne-universite.fr,Finished,"18 December 2020  5:24 PM","18 December 2020  5:44 PM","20 mins 33 secs",15.88,1.11,0.56,1.11,1.11,0.28,1.11,1.11,0.00,1.11,2.22,2.83,1.11,2.22
Simion,Mathys,28705217,Mathys.Simion@etu.sorbonne-universite.fr,Finished,"18 December 2020  3:25 PM","18 December 2020  4:07 PM","42 mins 22 secs",5.71,1.11,1.11,1.11,0.00,0.56,0.00,1.11,0.56,0.00,0.00,0.15,0.00,-
Song,Yifei,3970712,yifei.song@etu.sorbonne-universite.fr,Finished,"14 December 2020  5:01 PM","14 December 2020  6:41 PM","1 hour 40 mins",6.89,1.11,1.11,1.11,0.00,0.28,0.56,0.00,0.00,0.00,0.00,2.73,0.00,0.00
Soulignadeth,Willy,3800002,willy.soulignadeth@etu.sorbonne-universite.fr,Finished,"14 December 2020  5:13 PM","14 December 2020  6:03 PM","50 mins 1 sec",13.03,1.11,1.11,1.11,1.11,0.56,0.56,1.11,0.56,0.00,2.22,3.59,0.00,0.00
Soutil,Aurélien,3700451,aurelien.soutil@etu.sorbonne-universite.fr,Finished,"18 December 2020  4:08 PM","18 December 2020  5:27 PM","1 hour 18 mins",16.44,1.11,1.11,1.11,1.11,0.28,0.56,1.11,0.56,1.11,2.22,2.83,1.11,2.22
Sow,Fatou,28503374,fatou.sow.2@etu.sorbonne-universite.fr,Finished,"16 December 2020  10:47 AM","16 December 2020  12:32 PM","1 hour 44 mins",9.82,1.11,1.11,1.11,1.11,0.28,0.56,1.11,0.56,0.00,0.00,2.88,-,-
Sy,"Virak Bot Baramy",3407325,virak.sy@etu.sorbonne-universite.fr,Finished,"18 December 2020  2:59 PM","18 December 2020  4:44 PM","1 hour 44 mins",13.69,1.11,1.11,1.11,1.11,0.56,1.11,1.11,0.00,0.00,0.00,5.35,1.11,0.00
Szczerba,Kamil,28614283,kamil.szczerba@etu.sorbonne-universite.fr,Finished,"15 December 2020  6:29 AM","15 December 2020  8:06 AM","1 hour 36 mins",9.85,1.11,1.11,1.11,1.11,0.56,0.56,1.11,0.56,0.00,0.00,2.63,0.00,0.00
Taleb,Rida,3804264,rida.taleb@etu.sorbonne-universite.fr,Finished,"18 December 2020  4:05 PM","18 December 2020  5:34 PM","1 hour 29 mins",19.80,1.11,1.11,1.11,1.11,0.56,1.11,1.11,0.56,1.11,2.22,5.35,1.11,2.22
Tang,Christophe,3802892,christophe.tang@etu.sorbonne-universite.fr,Finished,"18 December 2020  5:41 PM","18 December 2020  5:44 PM","3 mins 18 secs",13.06,1.11,1.11,1.11,1.11,0.28,1.11,1.11,0.56,1.11,2.22,1.11,1.11,0.00
Tchen,Clement,3703339,clement.tchen@etu.sorbonne-universite.fr,Finished,"18 December 2020  4:03 PM","18 December 2020  5:33 PM","1 hour 30 mins",3.89,0.00,0.00,0.56,1.11,-,-,0.00,0.00,-,2.22,-,0.00,-
Theret,Ingrid,3201608,ingrid.theret@etu.sorbonne-universite.fr,Finished,"18 December 2020  10:48 AM","18 December 2020  12:10 PM","1 hour 21 mins",16.64,1.11,1.11,1.11,1.11,0.28,0.56,1.11,0.56,1.11,2.22,5.25,1.11,0.00
Thiam,Mohamed,3672502,mohamed.thiam@etu.sorbonne-universite.fr,Finished,"18 December 2020  4:53 PM","18 December 2020  6:36 PM","1 hour 42 mins",7.47,1.11,1.11,1.11,0.00,0.56,0.56,1.11,0.56,0.00,0.00,1.36,0.00,0.00
Thurairajah,Shaithan,3802984,shaithan.thurairajah@etu.sorbonne-universite.fr,Finished,"18 December 2020  4:52 PM","18 December 2020  6:37 PM","1 hour 45 mins",17.22,1.11,1.11,1.11,1.11,0.56,1.11,1.11,0.56,1.11,2.22,5.00,1.11,0.00
Tibi,Gad,3801996,gad.tibi@etu.sorbonne-universite.fr,Finished,"16 December 2020  11:06 AM","16 December 2020  12:41 PM","1 hour 35 mins",10.71,1.11,1.11,1.11,1.11,-,-,-,0.56,0.00,0.00,2.37,1.11,2.22
Toullalan,Antoine,3706648,antoine.toullalan@etu.sorbonne-universite.fr,Finished,"16 December 2020  6:11 PM","16 December 2020  7:20 PM","1 hour 8 mins",7.83,1.11,1.11,1.11,0.00,0.56,0.00,1.11,0.56,0.00,2.22,0.05,0.00,0.00
Tran,Kevin,3700914,kevin.tran@etu.sorbonne-universite.fr,Finished,"18 December 2020  4:04 PM","18 December 2020  5:45 PM","1 hour 40 mins",15.86,1.11,1.11,1.11,1.11,0.56,0.56,1.11,0.56,1.11,0.00,5.30,0.00,2.22
Traore,Khadidja,3800559,khadidja.traore@etu.sorbonne-universite.fr,Finished,"14 December 2020  5:39 PM","14 December 2020  7:22 PM","1 hour 42 mins",14.75,1.11,1.11,1.11,1.11,0.56,0.56,1.11,0.56,0.00,2.22,4.19,1.11,0.00
Trouve,Alex,3700052,alex.trouve@etu.sorbonne-universite.fr,Finished,"18 December 2020  10:44 AM","18 December 2020  11:55 AM","1 hour 10 mins",19.75,1.11,1.11,1.11,1.11,0.56,1.11,1.11,0.56,1.11,2.22,5.30,1.11,2.22
Ung,Thierry,3804472,thierry.ung@etu.sorbonne-universite.fr,Finished,"18 December 2020  2:24 PM","18 December 2020  4:00 PM","1 hour 36 mins",19.24,1.11,1.11,1.11,1.11,0.56,1.11,1.11,0.56,0.56,2.22,5.35,1.11,2.22
"Van Remoortere",Pierre,28007865,pierre.van_remoortere.1@etu.sorbonne-universite.fr,Finished,"14 December 2020  3:56 PM","14 December 2020  4:32 PM","35 mins 43 secs",5.10,1.11,1.11,1.11,0.00,0.56,0.00,1.11,0.00,0.00,0.00,0.10,0.00,0.00
Vang,Danny,3670334,danny.vang@etu.sorbonne-universite.fr,Finished,"14 December 2020  3:58 PM","14 December 2020  5:43 PM","1 hour 44 mins",12.35,1.11,1.11,1.11,1.11,0.28,0.56,1.11,0.56,0.00,2.22,3.18,0.00,0.00
Vanrycke,Loann,3811248,loann.vanrycke@etu.sorbonne-universite.fr,Finished,"14 December 2020  4:51 PM","14 December 2020  6:18 PM","1 hour 27 mins",6.46,1.11,1.11,0.56,0.00,0.56,0.00,0.00,0.56,0.00,2.22,0.35,0.00,-
Xu,Jin,3700044,jin.xu@etu.sorbonne-universite.fr,Finished,"14 December 2020  4:02 PM","14 December 2020  5:47 PM","1 hour 45 mins",9.60,1.11,1.11,1.11,0.00,0.56,0.56,1.11,0.56,0.00,0.00,2.37,1.11,-
Yalcin,Mehmet,3702332,mehmet.yalcin@etu.sorbonne-universite.fr,Finished,"18 December 2020  5:03 PM","18 December 2020  6:07 PM","1 hour 3 mins",19.75,1.11,1.11,1.11,1.11,0.56,1.11,1.11,0.56,1.11,2.22,5.30,1.11,2.22
Yang,Qing,3872484,qing.yang@etu.sorbonne-universite.fr,Finished,"14 December 2020  3:58 PM","14 December 2020  5:43 PM","1 hour 45 mins",8.79,1.11,1.11,1.11,-,0.56,1.11,1.11,0.56,0.00,0.00,2.12,0.00,0.00
Yao,Qingyuan,3970770,qingyuan.yao@etu.sorbonne-universite.fr,Finished,"17 December 2020  11:26 AM","17 December 2020  1:04 PM","1 hour 38 mins",10.76,1.11,1.11,1.11,0.00,0.56,0.56,1.11,0.56,0.56,0.00,4.09,0.00,0.00
Ye,William,3413637,william.ye@etu.sorbonne-universite.fr,Finished,"18 December 2020  2:51 PM","18 December 2020  3:24 PM","32 mins 24 secs",16.14,1.11,1.11,1.11,1.11,0.28,0.00,1.11,0.56,1.11,2.22,5.30,1.11,0.00
Zerrouki,Elies,3802658,elies.zerrouki@etu.sorbonne-universite.fr,Finished,"18 December 2020  4:08 PM","18 December 2020  5:27 PM","1 hour 18 mins",17.25,1.11,1.11,1.11,1.11,0.28,1.11,1.11,0.56,1.11,2.22,5.30,1.11,0.00
Zhang,Kevin,3520893,kevin.zhang@etu.sorbonne-universite.fr,"Never submitted","18 December 2020  4:03 PM",-,-,-,-,-,-,-,-,-,-,-,-,-,-,-,-
Zhang,Kate,3800131,kate.zhang@etu.sorbonne-universite.fr,Finished,"18 December 2020  10:52 AM","18 December 2020  12:10 PM","1 hour 17 mins",17.63,1.11,1.11,1.11,1.11,0.56,1.11,1.11,0.56,1.11,0.00,5.40,1.11,2.22
Zhang,Eric,3800297,eric.zhang@etu.sorbonne-universite.fr,Finished,"18 December 2020  10:52 AM","18 December 2020  12:10 PM","1 hour 17 mins",19.85,1.11,1.11,1.11,1.11,0.56,1.11,1.11,0.56,1.11,2.22,5.40,1.11,2.22
Zhao,Cong,2351624,cong.zhao@etu.sorbonne-universite.fr,Finished,"18 December 2020  11:05 AM","18 December 2020  12:43 PM","1 hour 37 mins",9.85,1.11,1.11,1.11,0.00,0.00,0.00,1.11,0.56,0.00,2.22,2.63,0.00,0.00
Zheng,Luc,3710230,luc.zheng@etu.sorbonne-universite.fr,Finished,"18 December 2020  4:35 PM","18 December 2020  5:19 PM","44 mins 12 secs",18.59,1.11,1.11,1.11,1.11,0.56,1.11,1.11,0.56,0.00,2.22,5.25,1.11,2.22
Zhou,Jean-Marc,28008879,jean-marc.zhou@etu.sorbonne-universite.fr,Finished,"18 December 2020  4:20 PM","18 December 2020  5:09 PM","48 mins 46 secs",16.14,1.11,1.11,1.11,1.11,0.28,1.11,1.11,0.56,0.00,2.22,5.30,1.11,0.00
Ziegler,Clara,3709947,clara.ziegler@etu.sorbonne-universite.fr,Finished,"18 December 2020  4:12 PM","18 December 2020  5:42 PM","1 hour 30 mins",16.97,1.11,1.11,1.11,1.11,0.56,0.56,1.11,0.56,1.11,2.22,5.30,1.11,0.00
Zinopoulos-Yannopoulos,Florian,3708962,florian.zinopoulos-yannopoulos@etu.sorbonne-universite.fr,Finished,"14 December 2020  4:08 PM","14 December 2020  5:56 PM","1 hour 47 mins",16.36,1.11,1.11,1.11,1.11,0.56,0.56,1.11,0.56,0.56,2.22,5.25,1.11,0.00
"Overall average",,,,,,,,14.30,1.08,1.08,1.10,0.82,0.43,0.67,1.05,0.48,0.62,1.47,4.17,0.71,0.63
