﻿Surname,"First name","ID number","Email address",State,"Started on",Completed,"Time taken",Grade/20.00,"Q. 1 /3.33","Q. 2 /4.67","Q. 3 /1.33","Q. 4 /2.67","Q. 5 /3.33","Q. 6 /4.67"
Aallam,Mohamed,3802135,mohamed.aallam@etu.sorbonne-universite.fr,Finished,"8 January 2021  2:43 PM","8 January 2021  3:02 PM","18 mins 56 secs",14.44,3.33,0.67,0.00,2.67,3.33,4.44
Abdalaziz,"Youssef Alaa Elsayye",3803619,youssef.abdalaziz@etu.sorbonne-universite.fr,Finished,"4 January 2021  3:52 PM","4 January 2021  5:01 PM","1 hour 8 mins",19.48,3.33,4.67,1.33,2.37,3.33,4.44
Abderrahmen,"Mohamed Aziz",3802009,mohamed.abderrahmen@etu.sorbonne-universite.fr,-,-,-,-,-,-,-,-,-,-,-
Abitbol,Yossef,3804139,yossef.abitbol@etu.sorbonne-universite.fr,Finished,"8 January 2021  4:04 PM","8 January 2021  4:52 PM","48 mins 27 secs",19.78,3.33,4.67,1.33,2.67,3.33,4.44
Ajuelos,Emmanuel,3800432,emmanuel.ajuelos@etu.sorbonne-universite.fr,Finished,"8 January 2021  2:07 PM","8 January 2021  2:35 PM","28 mins 8 secs",18.81,3.33,4.67,1.33,2.37,3.33,3.78
"Al- Jawhi",Abdullah,28625228,abdullah.al_jawhi@etu.sorbonne-universite.fr,-,-,-,-,-,-,-,-,-,-,-
Ammour,Amine,3876256,amine.ammour@etu.sorbonne-universite.fr,Finished,"8 January 2021  12:16 PM","8 January 2021  1:29 PM","1 hour 13 mins",19.78,3.33,4.67,1.33,2.67,3.33,4.44
Anki-Zuccarello,Kenza,3800473,kenza.anki-zuccarello@etu.sorbonne-universite.fr,-,-,-,-,-,-,-,-,-,-,-
Anki-Zuccarello,Kenza,28502318,kenza.anki.1@etu.sorbonne-universite.fr,Finished,"7 January 2021  11:08 PM","8 January 2021  12:09 AM","1 hour 1 min",19.78,3.33,4.67,1.33,2.67,3.33,4.44
Aral,Arda,3702388,arda.aral@etu.sorbonne-universite.fr,Finished,"6 January 2021  10:45 AM","6 January 2021  11:54 AM","1 hour 8 mins",16.44,3.33,4.00,0.67,2.67,3.33,2.44
Arichandra,Santhos,3802651,santhos.arichandra@etu.sorbonne-universite.fr,Finished,"8 January 2021  10:50 AM","8 January 2021  11:38 AM","48 mins 29 secs",18.44,3.33,4.00,1.33,2.67,2.67,4.44
Armenoult,Ludovic,3416871,ludovic.armenoult@etu.sorbonne-universite.fr,Finished,"6 January 2021  10:46 AM","6 January 2021  11:44 AM","58 mins 22 secs",15.78,3.33,2.00,0.00,2.67,3.33,4.44
Arrous,Clement,3671634,clement.arrous@etu.sorbonne-universite.fr,-,-,-,-,-,-,-,-,-,-,-
Audoux,Marion,3700108,marion.audoux@etu.sorbonne-universite.fr,Finished,"6 January 2021  10:47 AM","6 January 2021  11:44 AM","57 mins 31 secs",15.78,3.33,2.00,0.00,2.67,3.33,4.44
Audras,Antoine,3410283,antoine.audras@etu.sorbonne-universite.fr,Finished,"8 January 2021  4:28 PM","8 January 2021  5:14 PM","45 mins 11 secs",19.78,3.33,4.67,1.33,2.67,3.33,4.44
Ayadi,Anis,3802501,anis.ayadi@etu.sorbonne-universite.fr,Finished,"18 January 2021  10:38 AM","18 January 2021  11:21 AM","43 mins 48 secs",19.56,3.33,4.67,1.33,2.67,3.33,4.22
Azar,Jane,3803112,jane.azar@etu.sorbonne-universite.fr,Finished,"8 January 2021  3:56 PM","8 January 2021  4:04 PM","8 mins 24 secs",19.78,3.33,4.67,1.33,2.67,3.33,4.44
Azoui,Rayane,28710978,Rayane.Azoui@etu.sorbonne-universite.fr,Finished,"4 January 2021  4:03 PM","4 January 2021  5:27 PM","1 hour 24 mins",13.00,3.00,2.00,0.00,2.67,3.33,2.00
Badriouiche,Mohamed,3701404,mohamed.badriouiche@etu.sorbonne-universite.fr,Finished,"8 January 2021  4:01 PM","8 January 2021  4:19 PM","17 mins 35 secs",17.33,3.33,2.00,1.33,2.67,3.33,4.67
Baker,Thomas,3700144,thomas.baker@etu.sorbonne-universite.fr,Finished,"4 January 2021  4:12 PM","4 January 2021  5:25 PM","1 hour 12 mins",14.15,3.33,0.67,0.00,2.37,3.33,4.44
Baraket,Msalem,3804929,msalem.baraket@etu.sorbonne-universite.fr,Finished,"8 January 2021  2:43 PM","8 January 2021  4:08 PM","1 hour 25 mins",19.78,3.33,4.67,1.33,2.67,3.33,4.44
Barbier,Marie,3802734,marie.barbier.1@etu.sorbonne-universite.fr,Finished,"6 January 2021  10:46 AM","6 January 2021  11:53 AM","1 hour 6 mins",16.15,3.33,4.00,0.00,2.37,2.00,4.44
Belazouz,Bourhan-Eddine,3208353,bourhan-eddine.belazouz@etu.sorbonne-universite.fr,Finished,"8 January 2021  1:34 PM","8 January 2021  3:19 PM","1 hour 45 mins",20.00,3.33,4.67,1.33,2.67,3.33,4.67
Bellut,Quentin,3710439,quentin.bellut@etu.sorbonne-universite.fr,Finished,"6 January 2021  10:47 AM","6 January 2021  11:43 AM","55 mins 53 secs",17.78,3.33,4.67,1.33,2.67,2.67,3.11
"Ben Attar",Ethan,3670543,ethan.ben_attar@etu.sorbonne-universite.fr,Finished,"6 January 2021  10:58 AM","6 January 2021  11:36 AM","38 mins 38 secs",19.48,3.33,4.67,1.33,2.37,3.33,4.44
Benabdallah,Ali,3806311,ali.benabdallah@etu.sorbonne-universite.fr,Finished,"8 January 2021  4:04 PM","8 January 2021  5:13 PM","1 hour 8 mins",16.15,3.33,2.00,1.33,2.37,2.67,4.44
Bencherif,Nabil,3710493,nabil.bencherif@etu.sorbonne-universite.fr,Finished,"8 January 2021  4:14 PM","8 January 2021  4:45 PM","31 mins 35 secs",20.00,3.33,4.67,1.33,2.67,3.33,4.67
Benjamin-Jeyaseelan,"Benjamin Julius",3671340,benjamin.benjamin-jeyaseelan@etu.sorbonne-universite.fr,Finished,"8 January 2021  10:46 AM","8 January 2021  11:38 AM","52 mins 54 secs",19.70,3.33,4.67,1.33,2.37,3.33,4.67
Bensafia,"Chems Eddine",28717430,Chems_Eddine.Bensafia@etu.sorbonne-universite.fr,Finished,"18 January 2021  10:30 AM","18 January 2021  11:59 AM","1 hour 28 mins",19.67,3.00,4.67,1.33,2.67,3.33,4.67
Benyahia,Sami,3677177,sami.benyahia@etu.sorbonne-universite.fr,Finished,"8 January 2021  3:51 PM","8 January 2021  5:23 PM","1 hour 32 mins",16.81,3.33,4.00,1.33,2.37,2.00,3.78
Bernier,Téo,3670574,teo.bernier@etu.sorbonne-universite.fr,Finished,"8 January 2021  10:15 AM","8 January 2021  11:11 AM","55 mins 51 secs",19.11,3.33,4.67,0.67,2.67,3.33,4.44
Bettahar,"Mohamed El Amine",28616068,mohamed.bettahar@etu.sorbonne-universite.fr,Finished,"8 January 2021  4:00 PM","8 January 2021  5:34 PM","1 hour 33 mins",17.11,3.33,2.67,0.67,2.67,3.33,4.44
Boubrik,Ihsane,3670795,ihsane.boubrik@etu.sorbonne-universite.fr,Finished,"8 January 2021  10:49 AM","8 January 2021  11:56 AM","1 hour 6 mins",17.37,3.00,2.67,1.33,2.37,3.33,4.67
Boudarene,Samy,3801935,samy.boudarene@etu.sorbonne-universite.fr,Finished,"8 January 2021  2:15 PM","8 January 2021  4:05 PM","1 hour 49 mins",18.78,3.00,4.67,1.33,2.67,3.33,3.78
Bougherara,Adan,3680559,adan.bougherara@etu.sorbonne-universite.fr,Finished,"8 January 2021  4:04 PM","8 January 2021  5:13 PM","1 hour 8 mins",13.78,3.33,2.00,0.00,2.67,3.33,2.44
Bourekh,Zidane,3677063,zidane.bourekh@etu.sorbonne-universite.fr,Finished,"8 January 2021  4:38 PM","8 January 2021  4:46 PM","7 mins 52 secs",19.48,3.33,4.67,1.33,2.37,3.33,4.44
Bourlette,Lucas,3672216,lucas.bourlette@etu.sorbonne-universite.fr,Finished,"8 January 2021  3:17 PM","8 January 2021  3:23 PM","6 mins 13 secs",19.04,3.33,4.67,0.67,2.37,3.33,4.67
Bourmault,Adrien,3677850,adrien.bourmault@etu.sorbonne-universite.fr,-,-,-,-,-,-,-,-,-,-,-
Bouyoucef,Assirem,3971113,assirem.bouyoucef@etu.sorbonne-universite.fr,Finished,"8 January 2021  4:37 PM","8 January 2021  5:12 PM","35 mins 31 secs",20.00,3.33,4.67,1.33,2.67,3.33,4.67
Bouzouaoui,Anes,28616582,anes.bouzouaoui@etu.sorbonne-universite.fr,Finished,"8 January 2021  6:33 AM","8 January 2021  6:38 AM","5 mins 27 secs",15.70,3.33,2.00,0.00,2.37,3.33,4.67
Boyadjiev,Todor,28507548,todor.boyadjiev.2@etu.sorbonne-universite.fr,Finished,"4 January 2021  4:01 PM","4 January 2021  4:56 PM","55 mins 17 secs",13.48,3.33,0.67,1.33,2.37,3.33,2.44
Brasseur,Gaëtan,3802696,gaetan.brasseur@etu.sorbonne-universite.fr,-,-,-,-,-,-,-,-,-,-,-
Brihmouche,Yacine,28717951,Yacine.Brihmouche@etu.sorbonne-universite.fr,Finished,"8 January 2021  12:04 PM","8 January 2021  1:11 PM","1 hour 6 mins",19.33,3.33,4.67,1.33,2.67,3.33,4.00
Buisson,Marc,28614429,marc.buisson@etu.sorbonne-universite.fr,-,-,-,-,-,-,-,-,-,-,-
Canitrot,Julien,3803521,julien.canitrot@etu.sorbonne-universite.fr,Finished,"8 January 2021  4:00 PM","8 January 2021  4:55 PM","54 mins 46 secs",19.48,3.33,4.67,1.33,2.37,3.33,4.44
Carton,Lorris,3521310,lorris.carton@etu.sorbonne-universite.fr,-,-,-,-,-,-,-,-,-,-,-
Carvalho,Lorenzo,3700288,lorenzo.carvalho@etu.sorbonne-universite.fr,Finished,"8 January 2021  5:06 PM","8 January 2021  5:23 PM","17 mins 20 secs",12.81,2.00,4.67,1.33,1.48,3.33,-
Cassan,Jules,3810883,jules.cassan@etu.sorbonne-universite.fr,Finished,"8 January 2021  4:04 PM","8 January 2021  5:13 PM","1 hour 9 mins",12.22,3.33,0.67,0.00,2.67,3.33,2.22
Chafai,Tinhinane,3802927,tinhinane.chafai@etu.sorbonne-universite.fr,Finished,"8 January 2021  4:43 PM","8 January 2021  4:55 PM","11 mins 50 secs",19.78,3.33,4.67,1.33,2.67,3.33,4.44
"Chan Yip Hon",Boris,3706553,boris.chan_yip_hon@etu.sorbonne-universite.fr,Finished,"8 January 2021  10:51 AM","8 January 2021  12:14 PM","1 hour 23 mins",14.81,2.67,2.67,0.67,2.37,2.00,4.44
Chea,Sophie,3708951,sophie.chea@etu.sorbonne-universite.fr,Finished,"6 January 2021  10:51 AM","6 January 2021  12:34 PM","1 hour 42 mins",15.70,3.33,4.67,0.67,2.37,2.00,2.67
Chen,Jinhe,3802503,jinhe.chen@etu.sorbonne-universite.fr,-,-,-,-,-,-,-,-,-,-,-
Cherfaoui,Sarah,3874223,sarah.cherfaoui@etu.sorbonne-universite.fr,-,-,-,-,-,-,-,-,-,-,-
Cherfaoui,Melissa,28720090,Melissa.Cherfaoui@etu.sorbonne-universite.fr,Finished,"8 January 2021  4:22 PM","8 January 2021  5:43 PM","1 hour 21 mins",11.74,3.00,2.67,0.00,2.07,1.33,2.67
Chitu,Alex,3701943,alex.chitu@etu.sorbonne-universite.fr,-,-,-,-,-,-,-,-,-,-,-
Cineus,Dylan,3302425,dylan.cineus@etu.sorbonne-universite.fr,Finished,"8 January 2021  2:57 PM","8 January 2021  3:53 PM","56 mins 9 secs",18.33,3.00,4.00,1.33,2.67,2.67,4.67
Ciocan,Clara,3801875,clara.ciocan@etu.sorbonne-universite.fr,Finished,"8 January 2021  3:59 PM","8 January 2021  5:09 PM","1 hour 10 mins",19.78,3.33,4.67,1.33,2.67,3.33,4.44
Cleuziou,Karl,3800455,karl.cleuziou@etu.sorbonne-universite.fr,Finished,"6 January 2021  10:53 AM","6 January 2021  12:03 PM","1 hour 9 mins",19.33,3.33,4.67,1.33,2.67,3.33,4.00
Colin,Jacques,3700584,jacques.colin@etu.sorbonne-universite.fr,Finished,"8 January 2021  3:14 PM","8 January 2021  3:39 PM","24 mins 21 secs",19.70,3.33,4.67,1.33,2.37,3.33,4.67
Coudert,Louis,3800333,louis.coudert@etu.sorbonne-universite.fr,Finished,"6 January 2021  10:58 AM","6 January 2021  11:59 AM","1 hour",19.11,3.33,4.67,0.67,2.67,3.33,4.44
Dauvet,Haron,3700463,haron.dauvet@etu.sorbonne-universite.fr,Finished,"8 January 2021  2:04 PM","8 January 2021  2:32 PM","27 mins 34 secs",18.67,3.33,4.67,0.67,2.67,3.33,4.00
"De Castelbajac",Matthieu,3800411,matthieu.de_castelbajac@etu.sorbonne-universite.fr,Finished,"6 January 2021  10:48 AM","6 January 2021  11:46 AM","58 mins 30 secs",16.00,3.33,2.00,0.67,2.67,3.33,4.00
Delgado,Thomas,3407716,thomas.delgado@etu.sorbonne-universite.fr,-,-,-,-,-,-,-,-,-,-,-
Demeulenaere,Vivien,3706539,vivien.demeulenaere@etu.sorbonne-universite.fr,Finished,"8 January 2021  4:04 PM","8 January 2021  5:13 PM","1 hour 9 mins",12.44,3.33,0.67,0.00,2.67,3.33,2.44
Djouahra,"Mohamed Akram",28718098,Mohamed_Akram.Djouahra@etu.sorbonne-universite.fr,Finished,"18 January 2021  10:39 AM","18 January 2021  12:08 PM","1 hour 28 mins",13.63,3.33,0.67,0.00,2.07,3.33,4.22
Djouder,Sarah,3970876,sarah.djouder@etu.sorbonne-universite.fr,Finished,"18 January 2021  10:47 AM","18 January 2021  11:32 AM","44 mins 39 secs",18.44,3.33,4.00,0.67,2.67,3.33,4.44
Doucouré,Dramane,3520680,dramane.doucoure@etu.sorbonne-universite.fr,Finished,"8 January 2021  5:40 PM","8 January 2021  5:46 PM","5 mins 11 secs",8.67,2.67,4.67,1.33,-,-,-
Drouin,Reza,3800042,reza.drouin@etu.sorbonne-universite.fr,Finished,"8 January 2021  3:39 PM","8 January 2021  4:44 PM","1 hour 5 mins",12.15,2.00,4.67,1.33,1.48,2.67,-
Du,Qian,3520431,qian.du@etu.sorbonne-universite.fr,Finished,"6 January 2021  10:46 AM","6 January 2021  11:54 AM","1 hour 8 mins",12.15,3.33,0.67,-,2.37,2.00,3.78
Dubreuil,Jules,3800417,jules.dubreuil@etu.sorbonne-universite.fr,Finished,"7 January 2021  3:36 PM","7 January 2021  4:43 PM","1 hour 7 mins",18.44,3.33,4.67,0.00,2.67,3.33,4.44
Dufeutrelle,Hugo,3520375,hugo.dufeutrelle@etu.sorbonne-universite.fr,-,-,-,-,-,-,-,-,-,-,-
Dumoulin,Zoé,3702742,zoe.dumoulin@etu.sorbonne-universite.fr,Finished,"8 January 2021  1:56 PM","8 January 2021  3:05 PM","1 hour 9 mins",14.81,3.33,0.67,0.67,2.37,3.33,4.44
Duval,Aurelien,3872455,aurelien.duval@etu.sorbonne-universite.fr,Finished,"8 January 2021  4:06 PM","8 January 2021  5:16 PM","1 hour 9 mins",19.11,3.33,4.67,1.33,2.67,3.33,3.78
Dziri,Hakim,3800075,hakim.dziri@etu.sorbonne-universite.fr,-,-,-,-,-,-,-,-,-,-,-
"El Fahdi",Ismaël,3802719,ismael.el_fahdi@etu.sorbonne-universite.fr,Finished,"8 January 2021  5:15 PM","8 January 2021  5:44 PM","28 mins 56 secs",18.78,2.33,4.67,1.33,2.67,3.33,4.44
"El Ghali",Yosr,3802466,yosr.elghali@etu.sorbonne-universite.fr,Finished,"4 January 2021  4:12 PM","4 January 2021  5:56 PM","1 hour 43 mins",14.37,3.33,0.67,0.00,2.37,3.33,4.67
"El Ghazzi",Sarah,3671094,sarah.el_ghazzi@etu.sorbonne-universite.fr,Finished,"8 January 2021  4:17 PM","8 January 2021  5:07 PM","49 mins 16 secs",18.07,3.33,4.67,0.00,2.07,3.33,4.67
"El Ghoul",Elio,3803565,elio.el_ghoul@etu.sorbonne-universite.fr,Finished,"8 January 2021  12:31 PM","8 January 2021  1:37 PM","1 hour 6 mins",19.11,3.33,4.00,1.33,2.67,3.33,4.44
Elatri,Sami,3801805,sami.elatri@etu.sorbonne-universite.fr,-,-,-,-,-,-,-,-,-,-,-
Ergun,Yavuz,3670777,yavuz.ergun@etu.sorbonne-universite.fr,"Never submitted","18 January 2021  10:43 AM",-,-,-,-,-,-,-,-,-
Felix,Wycherley-Kassel,3702385,wycherley-kassel.felix@etu.sorbonne-universite.fr,"Never submitted","8 January 2021  1:14 PM",-,-,-,-,-,-,-,-,-
Ferdaoui,Sheïmâa,3802999,sheimaa.ferdaoui@etu.sorbonne-universite.fr,Finished,"7 January 2021  10:04 PM","7 January 2021  10:41 PM","37 mins 49 secs",20.00,3.33,4.67,1.33,2.67,3.33,4.67
Gabour,Smail,3700149,smail.gabour@etu.sorbonne-universite.fr,Finished,"8 January 2021  2:37 PM","8 January 2021  2:42 PM","4 mins 26 secs",19.15,3.00,4.67,1.33,2.37,3.33,4.44
Gaillon,Gregoire,3670241,gregoire.gaillon@etu.sorbonne-universite.fr,-,-,-,-,-,-,-,-,-,-,-
Galliot,Jules,3802342,jules.galliot@etu.sorbonne-universite.fr,Finished,"7 January 2021  3:39 PM","7 January 2021  4:43 PM","1 hour 4 mins",15.48,3.33,2.00,0.00,2.37,3.33,4.44
Gigacz,"Kiara Ting Yung Chin",3803025,kiara.gigacz@etu.sorbonne-universite.fr,Finished,"8 January 2021  4:04 PM","8 January 2021  5:20 PM","1 hour 15 mins",19.56,3.33,4.67,1.33,2.67,3.33,4.22
Goulmot,Cedric,3971371,cedric.goulmot@etu.sorbonne-universite.fr,-,-,-,-,-,-,-,-,-,-,-
Grech,Anna,3800494,anna.grech@etu.sorbonne-universite.fr,Finished,"6 January 2021  10:59 AM","6 January 2021  11:54 AM","54 mins 51 secs",15.78,3.33,2.00,0.00,2.67,3.33,4.44
Gruman,Pierre-Alexandre,28507556,pierre-alexandre.gruman.2@etu.sorbonne-universite.fr,Finished,"6 January 2021  10:46 AM","6 January 2021  12:19 PM","1 hour 33 mins",16.00,3.33,2.00,1.33,2.67,3.33,3.33
Guio,Clément,3413360,clement.guio@etu.sorbonne-universite.fr,-,-,-,-,-,-,-,-,-,-,-
Hadj-Arab,Ludmila,3971280,ludmila.hadj-arab@etu.sorbonne-universite.fr,Finished,"8 January 2021  11:25 AM","8 January 2021  12:06 PM","40 mins 57 secs",19.11,3.33,4.67,0.67,2.67,3.33,4.44
Hadji,Mohamed,3702996,mohamed.hadji@etu.sorbonne-universite.fr,-,-,-,-,-,-,-,-,-,-,-
Hamdad,Khellaf,3802811,khellaf.hamdad@etu.sorbonne-universite.fr,-,-,-,-,-,-,-,-,-,-,-
Hannachi,Dina,3801528,dina.hannachi@etu.sorbonne-universite.fr,Finished,"8 January 2021  2:23 PM","8 January 2021  2:58 PM","35 mins 6 secs",18.00,3.33,4.00,0.67,2.67,2.67,4.67
Herman,Margot,28716768,Margot.Herman@etu.sorbonne-universite.fr,Finished,"6 January 2021  10:47 AM","6 January 2021  12:00 PM","1 hour 12 mins",16.22,3.33,2.67,0.67,2.67,3.33,3.56
"Hernandez Adan","Oriana Rafaela",3802881,oriana.hernandez_adan@etu.sorbonne-universite.fr,Finished,"18 January 2021  10:47 AM","18 January 2021  11:57 AM","1 hour 10 mins",19.78,3.33,4.67,1.33,2.67,3.33,4.44
Huang,Xinyu,3803966,xinyiu.huang@etu.sorbonne-universite.fr,Finished,"7 January 2021  10:53 PM","7 January 2021  11:46 PM","52 mins 52 secs",14.67,3.33,3.33,0.00,2.67,2.00,3.33
Huang,Junyang,2302854,junyang.huang@etu.sorbonne-universite.fr,-,-,-,-,-,-,-,-,-,-,-
Huant,Raphael,3709095,raphael.huant@etu.sorbonne-universite.fr,Finished,"6 January 2021  10:49 AM","6 January 2021  11:45 AM","55 mins 58 secs",12.78,3.00,0.67,0.00,2.67,2.67,3.78
"Ibobi Sambila",Osee,3704090,osee.ibobi_sambila@etu.sorbonne-universite.fr,Finished,"8 January 2021  4:15 PM","8 January 2021  4:32 PM","16 mins 38 secs",19.33,3.33,4.67,0.67,2.67,3.33,4.67
Ikhlef,Nadjia,28718372,Nadjia.Ikhlef@etu.sorbonne-universite.fr,Finished,"8 January 2021  10:09 AM","8 January 2021  11:20 AM","1 hour 10 mins",18.37,3.33,4.00,0.67,2.37,3.33,4.67
Ith,Marc,3302184,marc.ith@etu.sorbonne-universite.fr,Finished,"8 January 2021  4:02 PM","8 January 2021  4:54 PM","51 mins 22 secs",18.22,3.33,4.67,0.67,2.67,3.33,3.56
Jday,Achraf,3802410,achraf.jday@etu.sorbonne-universite.fr,Finished,"8 January 2021  4:37 PM","8 January 2021  5:06 PM","28 mins 25 secs",19.67,3.00,4.67,1.33,2.67,3.33,4.67
Jebari,Firas,3802713,firas.jebari@etu.sorbonne-universite.fr,Finished,"8 January 2021  4:13 PM","8 January 2021  5:45 PM","1 hour 32 mins",17.11,3.33,3.33,0.67,2.67,3.33,3.78
Kaci-Chaouche,Omar,3521322,omar.kaci-chaouche@etu.sorbonne-universite.fr,-,-,-,-,-,-,-,-,-,-,-
Kahil,Amine,28616887,amine.kahil@etu.sorbonne-universite.fr,Finished,"8 January 2021  4:00 PM","8 January 2021  4:51 PM","50 mins 34 secs",18.89,3.33,4.67,0.67,2.67,3.33,4.22
Kaïdouchi,Amira,3700530,amira.kaidouchi@etu.sorbonne-universite.fr,Finished,"6 January 2021  10:50 AM","6 January 2021  12:33 PM","1 hour 42 mins",14.26,3.00,2.67,0.67,2.37,2.67,2.89
Kandeepan,Mathuran,3800103,mathuran.kandeepan@etu.sorbonne-universite.fr,Finished,"8 January 2021  3:52 PM","8 January 2021  5:06 PM","1 hour 13 mins",18.44,3.33,4.00,0.67,2.67,3.33,4.44
Kassab,Mouad,3700640,mouad.kassab@etu.sorbonne-universite.fr,Finished,"8 January 2021  4:21 PM","8 January 2021  5:38 PM","1 hour 17 mins",20.00,3.33,4.67,1.33,2.67,3.33,4.67
Kasten,Harold,3805644,harold.kasten@etu.sorbonne-universite.fr,Finished,"7 January 2021  3:37 PM","7 January 2021  4:43 PM","1 hour 6 mins",18.44,3.33,4.67,0.00,2.67,3.33,4.44
Kaya,Delphine,3800099,delphine.kaya@etu.sorbonne-universite.fr,Finished,"8 January 2021  4:23 PM","8 January 2021  5:11 PM","47 mins 56 secs",13.56,3.33,0.67,0.00,2.67,3.33,3.56
Kerdouche,Nabil,3802336,nabil.kerdouche@etu.sorbonne-universite.fr,Finished,"8 January 2021  4:27 PM","8 January 2021  5:15 PM","48 mins 44 secs",20.00,3.33,4.67,1.33,2.67,3.33,4.67
Kettouche,Tinhinane,3803639,tinhinane.kettouche@etu.sorbonne-universite.fr,-,-,-,-,-,-,-,-,-,-,-
Khalid,Ruhma,3710442,ruhma.khalid@etu.sorbonne-universite.fr,Finished,"8 January 2021  1:44 PM","8 January 2021  2:00 PM","16 mins 17 secs",18.78,2.33,4.67,1.33,2.67,3.33,4.44
Kharbouche,Ibrahim,3671035,ibrahim.kharbouche@etu.sorbonne-universite.fr,Finished,"8 January 2021  2:50 PM","8 January 2021  3:26 PM","35 mins 51 secs",19.04,3.33,4.67,1.33,2.37,3.33,4.00
Kireche,Koceila,28717834,Koceila.Kireche@etu.sorbonne-universite.fr,Finished,"18 January 2021  10:44 AM","18 January 2021  11:52 AM","1 hour 7 mins",18.89,3.33,4.00,1.33,2.67,3.33,4.22
Kling,Paul,3670056,paul.kling@etu.sorbonne-universite.fr,Finished,"8 January 2021  2:37 PM","8 January 2021  4:21 PM","1 hour 44 mins",9.19,3.33,2.00,0.67,2.07,0.00,1.11
Komen,Dimitri,3603619,dimitri.komen@etu.sorbonne-universite.fr,Finished,"4 January 2021  4:12 PM","4 January 2021  4:43 PM","31 mins 43 secs",19.78,3.33,4.67,1.33,2.67,3.33,4.44
Kordon,Djeser,3772433,djeser.kordon@etu.sorbonne-universite.fr,Finished,"4 January 2021  4:19 PM","4 January 2021  5:27 PM","1 hour 8 mins",16.67,3.33,2.67,0.67,2.67,3.33,4.00
Koroglu,Mathis,3711799,mathis.koroglu@etu.sorbonne-universite.fr,"Never submitted","8 January 2021  4:08 PM",-,-,-,-,-,-,-,-,-
Koroglu,Mathis,3711799,mathis.koroglu@etu.sorbonne-universite.fr,Finished,"8 January 2021  6:12 PM","8 January 2021  6:23 PM","10 mins 50 secs",19.78,3.33,4.67,1.33,2.67,3.33,4.44
Kostadinovic,Nikola,3801695,nikola.kostadinovic@etu.sorbonne-universite.fr,Finished,"8 January 2021  10:46 AM","8 January 2021  11:37 AM","51 mins 35 secs",20.00,3.33,4.67,1.33,2.67,3.33,4.67
Krisni,Almehdi,3800519,almehdi.krisni@etu.sorbonne-universite.fr,Finished,"8 January 2021  2:29 PM","8 January 2021  3:01 PM","31 mins 17 secs",18.96,3.33,4.67,1.33,2.07,3.33,4.22
Kwonn,Simon,3709743,simon.kwonn@etu.sorbonne-universite.fr,Finished,"6 January 2021  4:31 PM","6 January 2021  5:12 PM","40 mins 59 secs",16.44,3.33,3.33,0.00,2.67,3.33,3.78
Lachemot,Cédric,3705179,cedric.lachemot@etu.sorbonne-universite.fr,Finished,"8 January 2021  5:39 PM","8 January 2021  5:46 PM","7 mins 4 secs",12.81,2.00,4.67,1.33,1.48,3.33,-
Lachemot,Cédric,3705179,cedric.lachemot@etu.sorbonne-universite.fr,Finished,"8 January 2021  7:02 PM","8 January 2021  8:42 PM","1 hour 40 mins",19.56,3.33,4.67,1.33,2.67,3.33,4.22
Lachgar,Amine,3802257,amine.lachgar@etu.sorbonne-universite.fr,-,-,-,-,-,-,-,-,-,-,-
Lahfa,Samy,3706599,samy.lahfa@etu.sorbonne-universite.fr,Finished,"4 January 2021  4:30 PM","4 January 2021  6:00 PM","1 hour 29 mins",19.11,3.33,4.67,0.67,2.67,3.33,4.44
"Lam A",Leo,28712991,Leo.Lam_A@etu.sorbonne-universite.fr,Finished,"4 January 2021  4:31 PM","4 January 2021  5:52 PM","1 hour 21 mins",18.44,3.33,4.67,0.00,2.67,3.33,4.44
Lange,Mathilde,28504995,mathilde.lange.2@etu.sorbonne-universite.fr,Finished,"6 January 2021  10:48 AM","6 January 2021  12:03 PM","1 hour 15 mins",19.78,3.33,4.67,1.33,2.67,3.33,4.44
Langlais,Rafaël,3520624,rafael.langlais@etu.sorbonne-universite.fr,"Never submitted","8 January 2021  5:34 PM",-,-,-,-,-,-,-,-,-
Larbi,Melissa,3971141,melissa.larbi@etu.sorbonne-universite.fr,Finished,"8 January 2021  4:11 PM","8 January 2021  5:18 PM","1 hour 6 mins",17.33,3.33,2.67,1.33,2.67,3.33,4.00
Lassadi,Nassim,3707173,nassim.lassadi@etu.sorbonne-universite.fr,Finished,"8 January 2021  4:10 PM","8 January 2021  5:39 PM","1 hour 29 mins",19.56,3.33,4.67,1.33,2.67,3.33,4.22
Lay,Kenny,3801173,kenny.lay@etu.sorbonne-universite.fr,Finished,"8 January 2021  10:45 AM","8 January 2021  11:39 AM","53 mins 47 secs",20.00,3.33,4.67,1.33,2.67,3.33,4.67
Le,"Hai Nam",28613397,hai.le@etu.sorbonne-universite.fr,Finished,"4 January 2021  4:16 PM","4 January 2021  5:04 PM","47 mins 38 secs",19.48,3.33,4.67,1.33,2.37,3.33,4.44
Le,Doan,3875020,doan.le@etu.sorbonne-universite.fr,Finished,"8 January 2021  4:25 PM","8 January 2021  5:13 PM","48 mins 13 secs",19.48,3.33,4.67,1.33,2.37,3.33,4.44
Lebazda--Gauthier,Benoît,3702867,benoit.lebazda--gauthier@etu.sorbonne-universite.fr,Finished,"6 January 2021  10:59 AM","6 January 2021  11:54 AM","54 mins 52 secs",15.11,3.33,1.33,0.00,2.67,3.33,4.44
Lecocq,Yoann,3708077,yoann.lecocq@etu.sorbonne-universite.fr,-,-,-,-,-,-,-,-,-,-,-
Lefebure,Pierre,3674815,pierre.lefebure@etu.sorbonne-universite.fr,-,-,-,-,-,-,-,-,-,-,-
Lefevre,Manon,3800422,manon.lefevre@etu.sorbonne-universite.fr,Finished,"6 January 2021  10:46 AM","6 January 2021  12:03 PM","1 hour 16 mins",19.11,3.33,4.67,1.33,2.67,2.67,4.44
Lemaitre,Alexandre,3876023,alexandre.lemaitre@etu.sorbonne-universite.fr,"Never submitted","8 January 2021  5:05 PM",-,-,-,-,-,-,-,-,-
Li,Ziyou,3802432,ziyou.li@etu.sorbonne-universite.fr,Finished,"8 January 2021  4:08 PM","8 January 2021  4:37 PM","29 mins 24 secs",15.11,3.33,0.67,1.33,2.67,3.33,3.78
Lifsal,Loubna,3309154,loubna.lifsal@etu.sorbonne-universite.fr,-,-,-,-,-,-,-,-,-,-,-
Lin,Daniel,3700421,daniel.lin@etu.sorbonne-universite.fr,Finished,"18 January 2021  10:33 AM","18 January 2021  11:14 AM","40 mins 20 secs",19.33,3.33,4.67,1.33,2.67,2.67,4.67
Loi,Alessia,3971668,alessia.loi@etu.sorbonne-universite.fr,Finished,"8 January 2021  4:07 PM","8 January 2021  5:30 PM","1 hour 23 mins",13.48,3.33,0.67,0.00,2.37,3.33,3.78
Lu,Raymond,3700479,raymond.lu@etu.sorbonne-universite.fr,Finished,"4 January 2021  5:37 PM","4 January 2021  5:51 PM","14 mins 46 secs",14.44,3.33,0.67,0.00,2.67,3.33,4.44
Lu,Alexandra,3700615,alexandra.lu@etu.sorbonne-universite.fr,Finished,"8 January 2021  1:58 PM","8 January 2021  3:13 PM","1 hour 15 mins",14.15,3.33,0.67,0.00,2.37,3.33,4.44
Ly,Sylvie,3522190,sylvie.ly@etu.sorbonne-universite.fr,Finished,"8 January 2021  10:47 AM","8 January 2021  11:59 AM","1 hour 12 mins",18.07,3.33,4.67,0.00,2.07,3.33,4.67
M'Barek,Heikel,3201218,heikel.mbarek@etu.sorbonne-universite.fr,Finished,"8 January 2021  4:08 PM","8 January 2021  4:30 PM","21 mins 28 secs",14.37,3.33,1.33,0.00,2.37,2.67,4.67
Maafa,Zin,3803950,zin.maafa@etu.sorbonne-universite.fr,Finished,"8 January 2021  3:56 PM","8 January 2021  4:22 PM","26 mins 25 secs",19.78,3.33,4.67,1.33,2.67,3.33,4.44
"Mahad Ismail",Roukia,3874897,roukia.mahad-ismail@etu.sorbonne-universite.fr,Finished,"4 January 2021  4:12 PM","4 January 2021  5:57 PM","1 hour 45 mins",17.78,3.33,4.67,-,2.67,3.33,3.78
Manimtim,Alexandre,3407834,alexandre.manimtim@etu.sorbonne-universite.fr,-,-,-,-,-,-,-,-,-,-,-
Mariller,Vincent,3700041,vincent.mariller@etu.sorbonne-universite.fr,Finished,"8 January 2021  2:01 PM","8 January 2021  2:17 PM","15 mins 29 secs",19.04,3.33,4.67,1.33,2.37,2.67,4.67
Marzougui,Syrine,3803611,syrine.marzougui@etu.sorbonne-universite.fr,Finished,"8 January 2021  4:19 PM","8 January 2021  4:29 PM","10 mins 27 secs",19.11,3.33,4.67,0.67,2.67,3.33,4.44
Maurel,Perrine,28502791,perrine.maurel.2@etu.sorbonne-universite.fr,Finished,"8 January 2021  3:48 PM","8 January 2021  3:56 PM","8 mins 5 secs",20.00,3.33,4.67,1.33,2.67,3.33,4.67
Mehdi,Sarah,3971165,sarah.mehdi.1@etu.sorbonne-universite.fr,Finished,"8 January 2021  11:13 AM","8 January 2021  12:06 PM","52 mins 58 secs",18.78,2.33,4.67,1.33,2.67,3.33,4.44
Mellul,Yona,3800646,yona.mellul@etu.sorbonne-universite.fr,-,-,-,-,-,-,-,-,-,-,-
Mendas,Rosa,3802558,rosa.mendas@etu.sorbonne-universite.fr,Finished,"8 January 2021  2:47 PM","8 January 2021  3:44 PM","56 mins 52 secs",20.00,3.33,4.67,1.33,2.67,3.33,4.67
Mendes,Hugo,3670527,hugo.mendes@etu.sorbonne-universite.fr,Finished,"8 January 2021  3:22 PM","8 January 2021  3:37 PM","14 mins 38 secs",18.78,2.33,4.67,1.33,2.67,3.33,4.44
Merle-Remond,Julian,3700191,julian.merle-remond@etu.sorbonne-universite.fr,Finished,"8 January 2021  4:16 PM","8 January 2021  4:46 PM","29 mins 32 secs",16.22,3.33,3.33,0.67,2.67,2.00,4.22
Merzouk,Kenza,3803468,kenza.merzouk@etu.sorbonne-universite.fr,Finished,"8 January 2021  10:51 AM","8 January 2021  12:09 PM","1 hour 18 mins",19.78,3.33,4.67,1.33,2.67,3.33,4.44
Meziane,Mohamed,3802500,mohamed.meziane@etu.sorbonne-universite.fr,Finished,"18 January 2021  11:00 AM","18 January 2021  11:31 AM","30 mins 55 secs",18.44,3.33,4.00,0.67,2.67,3.33,4.44
Mistry,Manishkumar,3671086,manishkumar.mistry@etu.sorbonne-universite.fr,Finished,"8 January 2021  10:48 AM","8 January 2021  12:06 PM","1 hour 17 mins",19.37,3.00,4.67,1.33,2.37,3.33,4.67
Mistry,Darshan,3670280,darshan.mistry@etu.sorbonne-universite.fr,Finished,"8 January 2021  10:49 AM","8 January 2021  12:06 PM","1 hour 17 mins",19.78,3.33,4.67,1.33,2.67,3.33,4.44
Mohammedi,Vanessa,3671439,vanessa.mohammedi@etu.sorbonne-universite.fr,Finished,"8 January 2021  4:08 PM","8 January 2021  5:15 PM","1 hour 6 mins",10.37,3.33,2.00,0.00,2.37,2.00,0.67
Mohellebi,Melissa,3971070,melissa.mohellebi@etu.sorbonne-universite.fr,Finished,"8 January 2021  3:59 PM","8 January 2021  4:57 PM","57 mins 46 secs",18.89,3.33,4.67,0.67,2.67,3.33,4.22
Monnereau,Irena,3670050,irena.monnereau@etu.sorbonne-universite.fr,Finished,"8 January 2021  2:59 PM","8 January 2021  3:41 PM","41 mins 49 secs",18.48,3.00,4.00,1.33,2.37,3.33,4.44
Moreau,Léonard,3800364,leonard.moreau@etu.sorbonne-universite.fr,Finished,"8 January 2021  4:01 PM","8 January 2021  4:49 PM","47 mins 57 secs",19.56,3.33,4.67,1.33,2.67,3.33,4.22
Mosgoreanu,"Alexandru Zaharia",28717021,Alexandru_Zaharia.Mosgoreanu@etu.sorbonne-universite.fr,Finished,"7 January 2021  9:04 AM","7 January 2021  9:25 AM","21 mins 26 secs",15.11,3.33,3.33,0.00,2.67,2.00,3.78
Moulouel,Myriem,3802291,myriem.moulouel@etu.sorbonne-universite.fr,Finished,"4 January 2021  4:12 PM","4 January 2021  5:55 PM","1 hour 43 mins",16.37,3.33,2.67,0.00,2.37,3.33,4.67
Moyet,Candice,3801474,candice.moyet@etu.sorbonne-universite.fr,Finished,"6 January 2021  10:59 AM","6 January 2021  11:54 AM","54 mins 53 secs",17.11,3.33,2.00,1.33,2.67,3.33,4.44
Nam,Maxime,3301246,maxime.nam@etu.sorbonne-universite.fr,Finished,"8 January 2021  5:29 PM","8 January 2021  5:43 PM","13 mins 30 secs",14.37,3.33,4.00,1.33,2.37,2.67,0.67
Naumenko,Polina,3521154,polina.naumenko@etu.sorbonne-universite.fr,-,-,-,-,-,-,-,-,-,-,-
Ngamy,Gianni-Alessandro,3703993,gianni-alessandro.ngamy@etu.sorbonne-universite.fr,Finished,"8 January 2021  4:03 PM","8 January 2021  4:55 PM","52 mins 37 secs",16.89,3.33,2.00,1.33,2.67,3.33,4.22
Nguyen,"Minh Anh",3802621,minh.nguyen.6@etu.sorbonne-universite.fr,Finished,"6 January 2021  10:46 AM","6 January 2021  11:58 AM","1 hour 12 mins",20.00,3.33,4.67,1.33,2.67,3.33,4.67
Niang,Fallou,3803961,fallou.niang@etu.sorbonne-universite.fr,Finished,"8 January 2021  4:16 PM","8 January 2021  5:44 PM","1 hour 27 mins",8.78,3.00,2.67,0.67,1.78,0.67,-
"Normand De La Tranchade",François,3671913,francois.normand_de_la_tranchade@etu.sorbonne-universite.fr,-,-,-,-,-,-,-,-,-,-,-
Oses,Jean-Baptiste,3700565,jean-baptiste.oses@etu.sorbonne-universite.fr,Finished,"8 January 2021  4:04 PM","8 January 2021  4:49 PM","45 mins 6 secs",18.89,3.33,4.00,1.33,2.67,3.33,4.22
Oudjani,Yasmine,3803009,yasmine.oudjani@etu.sorbonne-universite.fr,Finished,"18 January 2021  10:45 AM","18 January 2021  11:53 AM","1 hour 8 mins",20.00,3.33,4.67,1.33,2.67,3.33,4.67
Pareau,Mathilde,3800446,mathilde.pareau@etu.sorbonne-universite.fr,Finished,"4 January 2021  4:09 PM","4 January 2021  5:08 PM","58 mins 46 secs",16.22,3.33,2.00,1.33,2.67,3.33,3.56
Parichault,Antoine,3803454,antoine.parichault@etu.sorbonne-universite.fr,Finished,"6 January 2021  10:46 AM","6 January 2021  11:42 AM","56 mins 46 secs",16.37,3.33,4.67,0.00,2.37,3.33,2.67
Pironin,Julie,3802614,julie.pironin@etu.sorbonne-universite.fr,Finished,"8 January 2021  10:47 AM","8 January 2021  12:23 PM","1 hour 35 mins",19.11,3.33,4.67,0.67,2.67,3.33,4.44
Polit,Titouan,3800511,titouan.polit@etu.sorbonne-universite.fr,Finished,"6 January 2021  10:36 AM","6 January 2021  11:22 AM","45 mins 49 secs",16.33,3.00,4.67,1.33,2.67,2.00,2.67
Popescu,"Diana Elena",28717024,Diana_Elena.Popescu@etu.sorbonne-universite.fr,Finished,"7 January 2021  9:11 PM","7 January 2021  9:42 PM","30 mins 59 secs",15.63,3.33,4.67,0.00,2.07,2.00,3.56
Poulain,Claire,3679357,claire.poulain@etu.sorbonne-universite.fr,Finished,"8 January 2021  12:21 PM","8 January 2021  12:27 PM","6 mins 15 secs",19.48,3.33,4.67,1.33,2.37,3.33,4.44
Prostakov,Andrey,3802515,andrey.prostakov@etu.sorbonne-universite.fr,Finished,"8 January 2021  2:59 PM","8 January 2021  3:12 PM","13 mins 9 secs",19.33,3.33,4.67,1.33,2.67,3.33,4.00
Quest,Alexis,3703346,alexis.quest@etu.sorbonne-universite.fr,Finished,"8 January 2021  10:40 AM","8 January 2021  11:27 AM","47 mins 15 secs",14.63,3.00,2.67,0.67,2.07,3.33,2.89
Queuvin,Thomas,3700185,thomas.queuvin@etu.sorbonne-universite.fr,-,-,-,-,-,-,-,-,-,-,-
Rapaport,Solal,3711387,solal.rapaport@etu.sorbonne-universite.fr,Finished,"8 January 2021  4:02 PM","8 January 2021  4:58 PM","55 mins 24 secs",19.11,3.33,4.67,1.33,2.67,2.67,4.44
Rayon-Richter,Malou,3708307,malou.rayon-richter@etu.sorbonne-universite.fr,-,-,-,-,-,-,-,-,-,-,-
Rebai,Sofiane,3674205,sofiane.rebai@etu.sorbonne-universite.fr,-,-,-,-,-,-,-,-,-,-,-
"Riffaud De Turckheim",Hugo,3800256,hugo.riffaud_de_turckheim@etu.sorbonne-universite.fr,Finished,"6 January 2021  10:48 AM","6 January 2021  11:46 AM","58 mins 24 secs",13.11,2.00,0.67,0.67,2.67,3.33,3.78
Roch,Stuart,3309168,stuart.roch@etu.sorbonne-universite.fr,Finished,"8 January 2021  4:16 PM","8 January 2021  4:41 PM","24 mins 43 secs",18.78,2.33,4.67,1.33,2.67,3.33,4.44
Roqui,David,3873784,david.roqui@etu.sorbonne-universite.fr,Finished,"8 January 2021  4:11 PM","8 January 2021  5:36 PM","1 hour 24 mins",15.26,3.33,4.00,-,2.37,2.00,3.56
Rossi,Johan-Luca,3872354,johan-luca.rossi@etu.sorbonne-universite.fr,Finished,"4 January 2021  4:18 PM","4 January 2021  5:27 PM","1 hour 8 mins",18.67,3.33,4.67,0.67,2.67,3.33,4.00
Rouba,Islam,3802420,islam.rouba@etu.sorbonne-universite.fr,Finished,"8 January 2021  1:01 PM","8 January 2021  1:27 PM","25 mins 31 secs",19.78,3.33,4.67,1.33,2.67,3.33,4.44
Rzeszutko,Kamil,2800282,kamil.rzeszutko@etu.sorbonne-universite.fr,Finished,"18 January 2021  10:46 AM","18 January 2021  12:08 PM","1 hour 21 mins",13.63,3.33,0.67,0.00,2.07,3.33,4.22
Sabatino,Francesco,3811132,francesco.sabatino@etu.sorbonne-universite.fr,Finished,"8 January 2021  3:19 PM","8 January 2021  3:46 PM","26 mins 49 secs",18.81,3.33,4.67,1.33,1.48,3.33,4.67
Saber,Hakim,3415762,hakim.saber@etu.sorbonne-universite.fr,-,-,-,-,-,-,-,-,-,-,-
Saichi,Lina,3803151,lina.saichi@etu.sorbonne-universite.fr,Finished,"8 January 2021  4:39 PM","8 January 2021  5:18 PM","38 mins 46 secs",19.78,3.33,4.67,1.33,2.67,3.33,4.44
Salfati,Elisa,3800104,elisa.salfati@etu.sorbonne-universite.fr,Finished,"6 January 2021  10:57 AM","6 January 2021  11:41 AM","43 mins 35 secs",14.93,3.00,3.33,0.00,2.37,2.67,3.56
Sameur,Samir,3872902,samir.sameur@etu.sorbonne-universite.fr,-,-,-,-,-,-,-,-,-,-,-
Seang,Chea-Jimmy,3703893,chea-jimmy.seang@etu.sorbonne-universite.fr,Finished,"8 January 2021  10:48 AM","8 January 2021  12:06 PM","1 hour 18 mins",19.78,3.33,4.67,1.33,2.67,3.33,4.44
Selliah,Sarujen,3701184,sarujen.selliah@etu.sorbonne-universite.fr,Finished,"7 January 2021  11:30 PM","7 January 2021  11:58 PM","28 mins 33 secs",19.48,3.33,4.67,1.33,2.37,3.33,4.44
Sennour,"Mohammed Wail",28616082,mohammed.sennour@etu.sorbonne-universite.fr,Finished,"8 January 2021  4:09 PM","8 January 2021  5:19 PM","1 hour 10 mins",19.56,3.33,4.67,1.33,2.67,3.33,4.22
Senyuz,"Miray Suzan",3802805,miray.senyuz@etu.sorbonne-universite.fr,Finished,"8 January 2021  4:00 PM","8 January 2021  5:27 PM","1 hour 26 mins",19.78,3.33,4.67,1.33,2.67,3.33,4.44
Serraf,Dan,3971120,dan.serraf@etu.sorbonne-universite.fr,Finished,"8 January 2021  3:47 PM","8 January 2021  4:51 PM","1 hour 4 mins",19.48,3.33,4.67,1.33,2.37,3.33,4.44
Sidia,Amir,3670888,amir.sidia@etu.sorbonne-universite.fr,Finished,"8 January 2021  4:53 PM","8 January 2021  5:39 PM","46 mins 24 secs",19.33,3.33,4.67,1.33,2.67,2.67,4.67
Simion,Mathys,28705217,Mathys.Simion@etu.sorbonne-universite.fr,Finished,"7 January 2021  6:25 PM","7 January 2021  7:11 PM","46 mins 2 secs",13.33,2.67,2.67,0.00,2.67,3.33,2.00
Slimani,Hiba,3703036,hiba.slimani@etu.sorbonne-universite.fr,-,-,-,-,-,-,-,-,-,-,-
Song,Yifei,3970712,yifei.song@etu.sorbonne-universite.fr,Finished,"7 January 2021  10:30 PM","7 January 2021  11:11 PM","40 mins 50 secs",17.11,3.33,4.67,1.33,2.67,1.33,3.78
Soulignadeth,Willy,3800002,willy.soulignadeth@etu.sorbonne-universite.fr,Finished,"8 January 2021  2:58 PM","8 January 2021  3:40 PM","42 mins 12 secs",18.81,3.33,4.67,0.67,2.37,3.33,4.44
Soutil,Aurélien,3700451,aurelien.soutil@etu.sorbonne-universite.fr,Finished,"8 January 2021  4:04 PM","8 January 2021  5:13 PM","1 hour 9 mins",12.22,3.33,0.67,0.00,2.67,3.33,2.22
Sow,Fatou,28503374,fatou.sow.2@etu.sorbonne-universite.fr,Finished,"6 January 2021  10:46 AM","6 January 2021  12:05 PM","1 hour 18 mins",19.78,3.33,4.67,1.33,2.67,3.33,4.44
Suhana,Satria,3800274,satria.suhana@etu.sorbonne-universite.fr,-,-,-,-,-,-,-,-,-,-,-
Sy,"Virak Bot Baramy",3407325,virak.sy@etu.sorbonne-universite.fr,Finished,"8 January 2021  3:59 PM","8 January 2021  5:37 PM","1 hour 37 mins",15.70,3.33,4.67,1.33,2.37,3.33,0.67
Szczerba,Kamil,28614283,kamil.szczerba@etu.sorbonne-universite.fr,Finished,"4 January 2021  4:24 PM","4 January 2021  5:16 PM","51 mins 59 secs",18.44,3.33,4.67,0.67,2.67,3.33,3.78
Taleb,Rida,3804264,rida.taleb@etu.sorbonne-universite.fr,Finished,"8 January 2021  4:20 PM","8 January 2021  5:15 PM","54 mins 39 secs",19.33,3.33,4.67,1.33,2.67,2.67,4.67
Tang,Christophe,3802892,christophe.tang@etu.sorbonne-universite.fr,-,-,-,-,-,-,-,-,-,-,-
Tat,Jonathan,3874133,jonathan.tat@etu.sorbonne-universite.fr,Finished,"8 January 2021  12:34 PM","8 January 2021  12:40 PM","5 mins 52 secs",18.48,3.00,4.67,0.67,2.37,3.33,4.44
Tchen,Clement,3703339,clement.tchen@etu.sorbonne-universite.fr,-,-,-,-,-,-,-,-,-,-,-
Thelineau,Jeremy,3200147,jeremy.thelineau@etu.sorbonne-universite.fr,-,-,-,-,-,-,-,-,-,-,-
Theodosiou,Michalis,3151223,michalis.theodosiou@etu.sorbonne-universite.fr,-,-,-,-,-,-,-,-,-,-,-
Theret,Ingrid,3201608,ingrid.theret@etu.sorbonne-universite.fr,Finished,"8 January 2021  10:48 AM","8 January 2021  12:06 PM","1 hour 17 mins",19.78,3.33,4.67,1.33,2.67,3.33,4.44
Thiam,Mohamed,3672502,mohamed.thiam@etu.sorbonne-universite.fr,Finished,"8 January 2021  4:04 PM","8 January 2021  5:29 PM","1 hour 24 mins",14.67,3.33,2.67,0.00,2.67,3.33,2.67
Thurairajah,Shaithan,3802984,shaithan.thurairajah@etu.sorbonne-universite.fr,Finished,"8 January 2021  4:08 PM","8 January 2021  5:20 PM","1 hour 11 mins",19.48,3.33,4.67,1.33,2.37,3.33,4.44
Tibi,Gad,3801996,gad.tibi@etu.sorbonne-universite.fr,Finished,"8 January 2021  2:39 PM","8 January 2021  3:17 PM","37 mins 17 secs",20.00,3.33,4.67,1.33,2.67,3.33,4.67
Toullalan,Antoine,3706648,antoine.toullalan@etu.sorbonne-universite.fr,Finished,"4 January 2021  6:10 PM","4 January 2021  6:11 PM","10 secs",0.00,-,-,-,-,-,-
Tran,Kevin,3700914,kevin.tran@etu.sorbonne-universite.fr,Finished,"8 January 2021  3:20 PM","8 January 2021  4:28 PM","1 hour 8 mins",17.74,3.00,4.00,0.67,2.07,3.33,4.67
Traore,Khadidja,3800559,khadidja.traore@etu.sorbonne-universite.fr,Finished,"4 January 2021  5:00 PM","4 January 2021  6:43 PM","1 hour 43 mins",11.30,3.00,0.67,0.00,2.07,3.33,2.22
Trouve,Alex,3700052,alex.trouve@etu.sorbonne-universite.fr,Finished,"8 January 2021  10:45 AM","8 January 2021  11:38 AM","52 mins 41 secs",20.00,3.33,4.67,1.33,2.67,3.33,4.67
Ung,Thierry,3804472,thierry.ung@etu.sorbonne-universite.fr,Finished,"8 January 2021  3:58 PM","8 January 2021  4:44 PM","45 mins 57 secs",19.78,3.33,4.67,1.33,2.67,3.33,4.44
"Van Remoortere",Pierre,28007865,pierre.van_remoortere.1@etu.sorbonne-universite.fr,-,-,-,-,-,-,-,-,-,-,-
Vang,Danny,3670334,danny.vang@etu.sorbonne-universite.fr,Finished,"8 January 2021  12:14 PM","8 January 2021  12:17 PM","3 mins 47 secs",19.15,3.00,4.67,1.33,2.37,3.33,4.44
Vanrycke,Loann,3811248,loann.vanrycke@etu.sorbonne-universite.fr,-,-,-,-,-,-,-,-,-,-,-
Villard,Lorenzo,3801327,lorenzo.villard@etu.sorbonne-universite.fr,-,-,-,-,-,-,-,-,-,-,-
Xu,Jin,3700044,jin.xu@etu.sorbonne-universite.fr,Finished,"4 January 2021  5:26 PM","4 January 2021  6:19 PM","52 mins 34 secs",16.93,3.00,4.67,0.00,2.37,3.33,3.56
Yalcin,Mehmet,3702332,mehmet.yalcin@etu.sorbonne-universite.fr,Finished,"8 January 2021  4:16 PM","8 January 2021  5:38 PM","1 hour 22 mins",19.48,3.33,4.67,1.33,2.37,3.33,4.44
Yang,Qing,3872484,qing.yang@etu.sorbonne-universite.fr,Finished,"4 January 2021  4:38 PM","4 January 2021  6:18 PM","1 hour 40 mins",12.59,3.33,1.33,0.00,2.37,2.00,3.56
Yao,Qingyuan,3970770,qingyuan.yao@etu.sorbonne-universite.fr,"Never submitted","18 January 2021  12:07 PM",-,-,-,-,-,-,-,-,-
Ye,William,3413637,william.ye@etu.sorbonne-universite.fr,Finished,"8 January 2021  4:17 PM","8 January 2021  5:06 PM","49 mins 3 secs",18.07,3.33,4.67,0.00,2.07,3.33,4.67
Zerrouki,Elies,3802658,elies.zerrouki@etu.sorbonne-universite.fr,Finished,"8 January 2021  2:25 PM","8 January 2021  3:05 PM","39 mins 53 secs",19.78,3.33,4.67,1.33,2.67,3.33,4.44
Zhang,Kevin,3520893,kevin.zhang@etu.sorbonne-universite.fr,"Never submitted","8 January 2021  5:28 PM",-,-,-,-,-,-,-,-,-
Zhang,Kate,3800131,kate.zhang@etu.sorbonne-universite.fr,Finished,"8 January 2021  4:18 PM","8 January 2021  4:55 PM","36 mins 29 secs",19.48,3.33,4.67,1.33,2.37,3.33,4.44
Zhang,Eric,3800297,eric.zhang@etu.sorbonne-universite.fr,Finished,"8 January 2021  10:46 AM","8 January 2021  11:23 AM","36 mins 57 secs",19.48,3.33,4.67,1.33,2.37,3.33,4.44
Zhao,Cong,2351624,cong.zhao@etu.sorbonne-universite.fr,-,-,-,-,-,-,-,-,-,-,-
Zheng,Luc,3710230,luc.zheng@etu.sorbonne-universite.fr,-,-,-,-,-,-,-,-,-,-,-
Zhou,Jean-Marc,28008879,jean-marc.zhou@etu.sorbonne-universite.fr,Finished,"8 January 2021  3:54 PM","8 January 2021  5:25 PM","1 hour 30 mins",19.00,3.00,4.67,1.33,2.67,3.33,4.00
Ziegler,Clara,3709947,clara.ziegler@etu.sorbonne-universite.fr,Finished,"8 January 2021  4:10 PM","8 January 2021  5:18 PM","1 hour 8 mins",15.81,3.00,2.67,0.67,2.37,3.33,3.78
Zinopoulos-Yannopoulos,Florian,3708962,florian.zinopoulos-yannopoulos@etu.sorbonne-universite.fr,Finished,"4 January 2021  4:12 PM","4 January 2021  5:26 PM","1 hour 14 mins",14.22,3.33,0.67,0.00,2.67,3.33,4.22
"Zou Al Guyna",Louai,3680880,louai.zou_al_guyna@etu.sorbonne-universite.fr,-,-,-,-,-,-,-,-,-,-,-
"Overall average",,,,,,,,17.38,3.21,3.72,0.88,2.49,3.10,3.96
