﻿Surname,"First name","ID number","Email address",State,"Started on",Completed,"Time taken",Grade/20.00,"Q. 1 /3.53","Q. 2 /2.94","Q. 3 /0.59","Q. 4 /0.59","Q. 5 /7.06","Q. 6 /1.18","Q. 7 /2.35","Q. 8 /1.76"
Aallam,Mohamed,3802135,mohamed.aallam@etu.sorbonne-universite.fr,Finished,"28 September 2020  12:32 AM","28 September 2020  1:13 AM","40 mins 46 secs",18.82,3.53,2.94,0.59,0.00,7.06,1.18,2.35,1.18
Abdalaziz,"Youssef Alaa Elsayye",3803619,youssef.abdalaziz@etu.sorbonne-universite.fr,Finished,"25 September 2020  11:22 AM","25 September 2020  12:51 PM","1 hour 28 mins",16.47,2.94,1.18,0.59,0.00,7.06,1.18,2.35,1.18
Abderrahmen,"Mohamed Aziz",3802009,mohamed.abderrahmen@etu.sorbonne-universite.fr,-,-,-,-,-,-,-,-,-,-,-,-,-
Abitbol,Yossef,3804139,yossef.abitbol@etu.sorbonne-universite.fr,Finished,"27 September 2020  1:44 PM","27 September 2020  3:44 PM","1 hour 59 mins",17.06,3.53,2.94,0.59,0.00,7.06,1.18,1.18,0.59
Ajuelos,Emmanuel,3800432,emmanuel.ajuelos@etu.sorbonne-universite.fr,Finished,"22 September 2020  5:30 PM","22 September 2020  6:50 PM","1 hour 19 mins",18.24,2.94,2.94,0.59,0.59,7.06,0.59,2.35,1.18
"Al- Jawhi",Abdullah,28625228,abdullah.al_jawhi@etu.sorbonne-universite.fr,-,-,-,-,-,-,-,-,-,-,-,-,-
Ammour,Amine,3876256,amine.ammour@etu.sorbonne-universite.fr,Finished,"27 September 2020  10:36 PM","27 September 2020  11:07 PM","30 mins 30 secs",16.47,1.76,2.94,0.59,0.59,7.06,1.18,1.76,0.59
Anki-Zuccarello,Kenza,3800473,kenza.anki-zuccarello@etu.sorbonne-universite.fr,-,-,-,-,-,-,-,-,-,-,-,-,-
Anki-Zuccarello,Kenza,28502318,kenza.anki.1@etu.sorbonne-universite.fr,Finished,"26 September 2020  7:05 PM","26 September 2020  8:44 PM","1 hour 39 mins",11.76,1.18,1.18,0.00,0.00,7.06,0.59,1.76,0.00
Aral,Arda,3702388,arda.aral@etu.sorbonne-universite.fr,Finished,"27 September 2020  4:05 PM","27 September 2020  5:00 PM","54 mins 27 secs",14.71,1.76,2.94,0.59,0.59,4.71,1.18,2.35,0.59
Arichandra,Santhos,3802651,santhos.arichandra@etu.sorbonne-universite.fr,Finished,"27 September 2020  4:32 PM","27 September 2020  4:48 PM","15 mins 35 secs",17.65,2.94,2.94,0.59,0.59,7.06,1.18,2.35,0.00
Armenoult,Ludovic,3416871,ludovic.armenoult@etu.sorbonne-universite.fr,Finished,"22 September 2020  5:13 PM","22 September 2020  6:51 PM","1 hour 38 mins",14.71,1.18,1.18,0.59,0.00,7.06,1.18,2.35,1.18
Arrous,Clement,3671634,clement.arrous@etu.sorbonne-universite.fr,Finished,"27 September 2020  7:03 PM","27 September 2020  7:38 PM","35 mins 25 secs",18.82,3.53,2.94,0.59,0.00,7.06,1.18,2.35,1.18
Audoux,Marion,3700108,marion.audoux@etu.sorbonne-universite.fr,Finished,"25 September 2020  6:07 PM","25 September 2020  7:15 PM","1 hour 8 mins",10.59,1.18,0.59,0.00,0.00,7.06,1.18,0.59,0.00
Audras,Antoine,3410283,antoine.audras@etu.sorbonne-universite.fr,Finished,"21 September 2020  7:16 PM","21 September 2020  8:25 PM","1 hour 9 mins",13.53,0.59,1.18,0.59,0.00,7.06,1.18,1.76,1.18
Ayadi,Anis,3802501,anis.ayadi@etu.sorbonne-universite.fr,Finished,"28 September 2020  12:35 AM","28 September 2020  2:14 AM","1 hour 39 mins",19.41,3.53,2.94,0.59,0.59,7.06,1.18,2.35,1.18
Azar,Jane,3803112,jane.azar@etu.sorbonne-universite.fr,Finished,"28 September 2020  12:30 AM","28 September 2020  1:08 AM","37 mins 48 secs",18.82,3.53,2.94,0.59,0.00,7.06,1.18,2.35,1.18
Azoui,Rayane,28710978,Rayane.Azoui@etu.sorbonne-universite.fr,"Never submitted","27 September 2020  4:46 PM",-,-,-,-,-,-,-,-,-,-,-
Badriouiche,Mohamed,3701404,mohamed.badriouiche@etu.sorbonne-universite.fr,Finished,"27 September 2020  11:07 PM","27 September 2020  11:29 PM","22 mins 16 secs",18.82,3.53,2.94,0.59,0.00,7.06,1.18,2.35,1.18
Baker,Thomas,3700144,thomas.baker@etu.sorbonne-universite.fr,Finished,"24 September 2020  4:34 PM","24 September 2020  5:25 PM","51 mins 27 secs",15.29,1.76,2.94,0.00,0.00,7.06,1.18,1.76,0.59
Baraket,Msalem,3804929,msalem.baraket@etu.sorbonne-universite.fr,Finished,"27 September 2020  11:24 PM","28 September 2020  12:52 AM","1 hour 28 mins",16.47,1.76,2.94,0.59,0.59,7.06,1.18,1.76,0.59
Barbier,Marie,3802734,marie.barbier.1@etu.sorbonne-universite.fr,Finished,"27 September 2020  3:22 PM","27 September 2020  4:26 PM","1 hour 4 mins",17.06,1.76,2.94,0.59,0.00,7.06,1.18,2.35,1.18
Belazouz,Bourhan-Eddine,3208353,bourhan-eddine.belazouz@etu.sorbonne-universite.fr,Finished,"26 September 2020  8:08 PM","26 September 2020  9:15 PM","1 hour 6 mins",17.06,1.76,2.94,0.59,0.00,7.06,1.18,2.35,1.18
Bellut,Quentin,3710439,quentin.bellut@etu.sorbonne-universite.fr,Finished,"28 September 2020  1:22 AM","28 September 2020  2:41 AM","1 hour 19 mins",8.82,1.18,1.76,0.59,0.00,1.76,1.18,1.18,1.18
"Ben Attar",Ethan,3670543,ethan.ben_attar@etu.sorbonne-universite.fr,Finished,"27 September 2020  3:43 PM","27 September 2020  4:00 PM","16 mins 29 secs",17.06,3.53,2.35,0.59,0.00,7.06,1.18,1.18,1.18
Benabdallah,Ali,3806311,ali.benabdallah@etu.sorbonne-universite.fr,Finished,"22 September 2020  11:22 AM","22 September 2020  12:29 PM","1 hour 7 mins",17.06,3.53,2.35,0.59,0.00,7.06,1.18,1.76,0.59
Bencherif,Nabil,3710493,nabil.bencherif@etu.sorbonne-universite.fr,Finished,"27 September 2020  1:50 PM","27 September 2020  3:49 PM","1 hour 58 mins",14.12,2.94,1.18,0.59,0.00,7.06,1.18,0.59,0.59
Benjamin-Jeyaseelan,"Benjamin Julius",3671340,benjamin.benjamin-jeyaseelan@etu.sorbonne-universite.fr,Finished,"27 September 2020  4:32 PM","27 September 2020  4:48 PM","16 mins 28 secs",18.24,3.53,2.94,0.59,0.59,7.06,1.18,2.35,0.00
Bensafia,"Chems Eddine",28717430,Chems_Eddine.Bensafia@etu.sorbonne-universite.fr,Finished,"27 September 2020  12:04 PM","27 September 2020  2:04 PM","2 hours",10.59,0.59,1.76,0.00,0.00,7.06,0.00,0.59,0.59
Benyahia,Sami,3677177,sami.benyahia@etu.sorbonne-universite.fr,Finished,"27 September 2020  8:14 PM","27 September 2020  10:12 PM","1 hour 58 mins",10.59,0.59,0.59,0.59,0.00,7.06,0.59,1.18,0.00
Bernier,Téo,3670574,teo.bernier@etu.sorbonne-universite.fr,Finished,"23 September 2020  4:24 AM","23 September 2020  5:23 AM","58 mins 57 secs",14.12,2.35,2.35,0.59,0.00,7.06,1.18,0.59,0.00
Bettahar,"Mohamed El Amine",28616068,mohamed.bettahar@etu.sorbonne-universite.fr,Finished,"27 September 2020  10:34 PM","28 September 2020  12:34 AM","1 hour 59 mins",18.82,3.53,2.94,0.59,0.00,7.06,1.18,2.35,1.18
Boubrik,Ihsane,3670795,ihsane.boubrik@etu.sorbonne-universite.fr,Finished,"24 September 2020  1:18 PM","24 September 2020  1:54 PM","35 mins 56 secs",12.35,1.76,1.76,0.00,0.00,7.06,1.18,0.00,0.59
Boudarene,Samy,3801935,samy.boudarene@etu.sorbonne-universite.fr,Finished,"27 September 2020  11:04 PM","28 September 2020  12:10 AM","1 hour 6 mins",14.12,0.59,0.59,0.59,0.59,7.06,1.18,2.35,1.18
Bougherara,Adan,3680559,adan.bougherara@etu.sorbonne-universite.fr,Finished,"21 September 2020  4:58 PM","21 September 2020  6:57 PM","1 hour 59 mins",14.71,0.00,1.76,0.59,0.59,7.06,1.18,2.35,1.18
Bourekh,Zidane,3677063,zidane.bourekh@etu.sorbonne-universite.fr,Finished,"27 September 2020  8:14 PM","27 September 2020  8:22 PM","7 mins 33 secs",16.47,1.76,2.94,0.59,0.59,7.06,1.18,1.76,0.59
Bourlette,Lucas,3672216,lucas.bourlette@etu.sorbonne-universite.fr,Finished,"24 September 2020  8:42 PM","24 September 2020  9:10 PM","28 mins 7 secs",12.94,1.76,1.76,0.00,0.00,7.06,1.18,0.59,0.59
Bourmault,Adrien,3677850,adrien.bourmault@etu.sorbonne-universite.fr,Finished,"21 September 2020  7:50 PM","21 September 2020  9:09 PM","1 hour 19 mins",4.71,2.94,0.59,0.59,0.00,0.59,-,-,-
Bouyoucef,Assirem,3971113,assirem.bouyoucef@etu.sorbonne-universite.fr,Finished,"27 September 2020  9:13 PM","27 September 2020  10:51 PM","1 hour 38 mins",16.47,1.76,2.94,0.59,0.00,7.06,1.18,2.35,0.59
Bouzouaoui,Anes,28616582,anes.bouzouaoui@etu.sorbonne-universite.fr,Finished,"23 September 2020  9:58 PM","23 September 2020  11:51 PM","1 hour 52 mins",10.59,1.76,1.18,0.00,0.00,7.06,0.59,0.00,0.00
Boyadjiev,Todor,28507548,todor.boyadjiev.2@etu.sorbonne-universite.fr,Finished,"27 September 2020  9:16 PM","27 September 2020  10:31 PM","1 hour 15 mins",10.00,0.59,0.00,0.00,0.00,7.06,1.18,0.00,1.18
Brasseur,Gaëtan,3802696,gaetan.brasseur@etu.sorbonne-universite.fr,Finished,"26 September 2020  11:14 AM","26 September 2020  11:46 AM","31 mins 49 secs",11.18,1.18,1.76,0.59,0.00,7.06,0.00,0.00,0.59
Brihmouche,Yacine,28717951,Yacine.Brihmouche@etu.sorbonne-universite.fr,-,-,-,-,-,-,-,-,-,-,-,-,-
Buisson,Marc,28614429,marc.buisson@etu.sorbonne-universite.fr,Finished,"22 September 2020  3:42 PM","22 September 2020  4:51 PM","1 hour 9 mins",11.18,0.59,0.59,0.59,0.59,7.06,0.00,1.18,0.59
Canitrot,Julien,3803521,julien.canitrot@etu.sorbonne-universite.fr,"Never submitted","27 September 2020  9:28 PM",-,-,-,-,-,-,-,-,-,-,-
Carton,Lorris,3521310,lorris.carton@etu.sorbonne-universite.fr,Finished,"25 September 2020  3:06 PM","25 September 2020  4:12 PM","1 hour 6 mins",11.76,1.76,0.59,0.00,0.00,7.06,1.18,0.59,0.59
Carvalho,Lorenzo,3700288,lorenzo.carvalho@etu.sorbonne-universite.fr,Finished,"27 September 2020  1:34 PM","27 September 2020  3:06 PM","1 hour 31 mins",9.41,1.76,1.18,0.00,0.00,3.53,1.18,1.18,0.59
Cassan,Jules,3810883,jules.cassan@etu.sorbonne-universite.fr,Finished,"21 September 2020  4:58 PM","21 September 2020  6:57 PM","1 hour 59 mins",14.12,0.00,1.76,0.59,0.00,7.06,1.18,2.35,1.18
Chafai,Tinhinane,3802927,tinhinane.chafai@etu.sorbonne-universite.fr,Finished,"28 September 2020  7:57 AM","28 September 2020  8:18 AM","20 mins 55 secs",19.41,3.53,2.94,0.59,0.59,7.06,1.18,2.35,1.18
"Chan Yip Hon",Boris,3706553,boris.chan_yip_hon@etu.sorbonne-universite.fr,Finished,"27 September 2020  3:06 PM","27 September 2020  5:03 PM","1 hour 57 mins",9.41,1.76,0.59,0.59,0.00,3.53,1.18,1.18,0.59
Chea,Sophie,3708951,sophie.chea@etu.sorbonne-universite.fr,Finished,"27 September 2020  10:18 PM","27 September 2020  11:15 PM","56 mins 38 secs",15.88,3.53,2.94,0.00,0.00,7.06,1.18,0.59,0.59
Chen,Jinhe,3802503,jinhe.chen@etu.sorbonne-universite.fr,-,-,-,-,-,-,-,-,-,-,-,-,-
Cherfaoui,Sarah,3874223,sarah.cherfaoui@etu.sorbonne-universite.fr,-,-,-,-,-,-,-,-,-,-,-,-,-
Cherfaoui,Melissa,28720090,Melissa.Cherfaoui@etu.sorbonne-universite.fr,-,-,-,-,-,-,-,-,-,-,-,-,-
Chitu,Alex,3701943,alex.chitu@etu.sorbonne-universite.fr,Finished,"27 September 2020  6:32 PM","27 September 2020  8:19 PM","1 hour 47 mins",15.29,2.94,2.35,0.59,0.00,7.06,1.18,0.59,0.59
Cineus,Dylan,3302425,dylan.cineus@etu.sorbonne-universite.fr,Finished,"22 September 2020  6:14 PM","22 September 2020  7:02 PM","48 mins 8 secs",4.71,0.59,0.59,0.59,0.00,-,1.18,1.18,0.59
Ciocan,Clara,3801875,clara.ciocan@etu.sorbonne-universite.fr,Finished,"27 September 2020  11:09 AM","27 September 2020  12:22 PM","1 hour 13 mins",15.29,1.76,2.35,0.59,0.00,7.06,1.18,1.18,1.18
Cleuziou,Karl,3800455,karl.cleuziou@etu.sorbonne-universite.fr,Finished,"26 September 2020  5:37 PM","26 September 2020  7:16 PM","1 hour 39 mins",18.82,3.53,2.94,0.59,0.00,7.06,1.18,2.35,1.18
Colin,Jacques,3700584,jacques.colin@etu.sorbonne-universite.fr,Finished,"27 September 2020  3:48 PM","27 September 2020  4:01 PM","12 mins 17 secs",18.82,3.53,2.94,0.59,0.00,7.06,1.18,2.35,1.18
Coudert,Louis,3800333,louis.coudert@etu.sorbonne-universite.fr,Finished,"24 September 2020  3:34 PM","24 September 2020  5:33 PM","1 hour 58 mins",11.76,0.00,0.00,0.59,0.59,7.06,1.18,1.76,0.59
Dauvet,Haron,3700463,haron.dauvet@etu.sorbonne-universite.fr,Finished,"28 September 2020  8:47 AM","28 September 2020  9:36 AM","49 mins 1 sec",12.35,1.18,2.35,0.00,0.00,7.06,1.18,0.59,0.00
"De Castelbajac",Matthieu,3800411,matthieu.de_castelbajac@etu.sorbonne-universite.fr,Finished,"23 September 2020  8:33 PM","23 September 2020  9:47 PM","1 hour 14 mins",16.47,2.94,1.76,0.59,0.59,7.06,1.18,1.76,0.59
Delgado,Thomas,3407716,thomas.delgado@etu.sorbonne-universite.fr,"Never submitted","25 September 2020  1:16 PM",-,-,-,-,-,-,-,-,-,-,-
Demeulenaere,Vivien,3706539,vivien.demeulenaere@etu.sorbonne-universite.fr,Finished,"21 September 2020  4:58 PM","21 September 2020  6:57 PM","1 hour 59 mins",14.71,0.00,1.76,0.59,0.59,7.06,1.18,2.35,1.18
Djouahra,"Mohamed Akram",28718098,Mohamed_Akram.Djouahra@etu.sorbonne-universite.fr,Finished,"28 October 2020  10:54 PM","28 October 2020  11:30 PM","35 mins 52 secs",18.82,3.53,2.94,0.59,0.59,7.06,0.00,2.35,1.76
Djouder,Sarah,3970876,sarah.djouder@etu.sorbonne-universite.fr,Finished,"28 September 2020  1:46 AM","28 September 2020  2:20 AM","34 mins 54 secs",19.41,3.53,2.94,0.59,0.59,7.06,1.18,2.35,1.18
Doucouré,Dramane,3520680,dramane.doucoure@etu.sorbonne-universite.fr,Finished,"27 September 2020  10:28 PM","27 September 2020  10:40 PM","12 mins",16.47,1.76,2.94,0.59,0.59,7.06,1.18,1.76,0.59
Drouin,Reza,3800042,reza.drouin@etu.sorbonne-universite.fr,Finished,"27 September 2020  3:49 PM","27 September 2020  5:34 PM","1 hour 44 mins",13.53,2.35,1.76,0.59,-,7.06,0.00,1.76,-
Du,Qian,3520431,qian.du@etu.sorbonne-universite.fr,Finished,"23 September 2020  12:49 PM","23 September 2020  2:44 PM","1 hour 54 mins",16.47,3.53,2.94,0.00,-,7.06,1.18,0.59,1.18
Dubreuil,Jules,3800417,jules.dubreuil@etu.sorbonne-universite.fr,Finished,"23 September 2020  4:22 PM","23 September 2020  5:41 PM","1 hour 18 mins",16.47,3.53,2.94,0.59,0.00,7.06,1.18,0.59,0.59
Dufeutrelle,Hugo,3520375,hugo.dufeutrelle@etu.sorbonne-universite.fr,Finished,"26 September 2020  11:18 AM","26 September 2020  12:35 PM","1 hour 16 mins",11.18,0.59,0.59,0.00,0.00,7.06,1.18,0.59,1.18
Dumoulin,Zoé,3702742,zoe.dumoulin@etu.sorbonne-universite.fr,Finished,"27 September 2020  8:37 PM","27 September 2020  10:06 PM","1 hour 28 mins",18.24,3.53,2.94,0.59,0.00,7.06,1.18,2.35,0.59
Duval,Aurelien,3872455,aurelien.duval@etu.sorbonne-universite.fr,Finished,"27 September 2020  3:40 PM","27 September 2020  4:54 PM","1 hour 14 mins",18.82,2.94,2.94,0.59,0.59,7.06,1.18,2.35,1.18
Dziri,Hakim,3800075,hakim.dziri@etu.sorbonne-universite.fr,-,-,-,-,-,-,-,-,-,-,-,-,-
"El Fahdi",Ismaël,3802719,ismael.el_fahdi@etu.sorbonne-universite.fr,Finished,"26 September 2020  8:37 PM","26 September 2020  9:23 PM","46 mins 18 secs",5.88,1.18,1.76,0.59,0.00,-,1.18,0.59,0.59
"El Ghali",Yosr,3802466,yosr.elghali@etu.sorbonne-universite.fr,Finished,"27 September 2020  8:52 PM","27 September 2020  9:42 PM","49 mins 51 secs",11.18,-,-,-,-,7.06,0.59,2.35,1.18
"El Ghazzi",Sarah,3671094,sarah.el_ghazzi@etu.sorbonne-universite.fr,Finished,"21 September 2020  9:14 PM","21 September 2020  11:12 PM","1 hour 58 mins",10.59,0.59,1.76,0.59,0.00,7.06,0.00,0.59,0.00
"El Ghoul",Elio,3803565,elio.el_ghoul@etu.sorbonne-universite.fr,Finished,"28 September 2020  5:58 AM","28 September 2020  7:24 AM","1 hour 26 mins",18.82,3.53,2.94,0.59,0.00,7.06,1.18,2.35,1.18
Elatri,Sami,3801805,sami.elatri@etu.sorbonne-universite.fr,-,-,-,-,-,-,-,-,-,-,-,-,-
Ergun,Yavuz,3670777,yavuz.ergun@etu.sorbonne-universite.fr,Finished,"27 September 2020  10:13 PM","27 September 2020  10:29 PM","15 mins 11 secs",16.47,1.76,2.94,0.59,0.59,7.06,1.18,1.76,0.59
Felix,Wycherley-Kassel,3702385,wycherley-kassel.felix@etu.sorbonne-universite.fr,"Never submitted","28 September 2020  2:26 AM",-,-,-,-,-,-,-,-,-,-,-
Ferdaoui,Sheïmâa,3802999,sheimaa.ferdaoui@etu.sorbonne-universite.fr,Finished,"26 September 2020  12:49 PM","26 September 2020  12:58 PM","9 mins 2 secs",16.47,3.53,2.94,0.59,0.00,7.06,1.18,0.59,0.59
Gabour,Smail,3700149,smail.gabour@etu.sorbonne-universite.fr,Finished,"27 September 2020  4:32 PM","27 September 2020  4:37 PM","5 mins",15.88,1.18,2.94,0.59,0.59,7.06,1.18,1.76,0.59
Gaillon,Gregoire,3670241,gregoire.gaillon@etu.sorbonne-universite.fr,Finished,"21 September 2020  9:02 PM","21 September 2020  9:51 PM","49 mins 16 secs",17.06,1.76,2.94,0.59,0.59,7.06,1.18,1.76,1.18
Galliot,Jules,3802342,jules.galliot@etu.sorbonne-universite.fr,Finished,"23 September 2020  4:15 PM","23 September 2020  5:41 PM","1 hour 26 mins",16.47,3.53,2.94,0.59,0.00,7.06,1.18,0.59,0.59
Gigacz,"Kiara Ting Yung Chin",3803025,kiara.gigacz@etu.sorbonne-universite.fr,Finished,"27 September 2020  11:01 PM","28 September 2020  1:02 AM","2 hours",14.71,1.76,1.18,0.59,0.00,7.06,1.18,2.35,0.59
Goulmot,Cedric,3971371,cedric.goulmot@etu.sorbonne-universite.fr,-,-,-,-,-,-,-,-,-,-,-,-,-
Grech,Anna,3800494,anna.grech@etu.sorbonne-universite.fr,Finished,"28 September 2020  1:10 AM","28 September 2020  2:55 AM","1 hour 45 mins",15.88,1.76,2.94,0.59,0.00,7.06,1.18,1.18,1.18
Gruman,Pierre-Alexandre,28507556,pierre-alexandre.gruman.2@etu.sorbonne-universite.fr,Finished,"27 September 2020  5:27 PM","27 September 2020  6:59 PM","1 hour 32 mins",14.12,1.76,1.18,0.00,0.00,7.06,1.18,2.35,0.59
Guio,Clément,3413360,clement.guio@etu.sorbonne-universite.fr,Finished,"23 September 2020  6:44 PM","23 September 2020  8:10 PM","1 hour 25 mins",17.65,2.94,2.35,0.59,0.00,7.06,1.18,2.35,1.18
Hadj-Arab,Ludmila,3971280,ludmila.hadj-arab@etu.sorbonne-universite.fr,Finished,"27 September 2020  3:06 PM","27 September 2020  4:05 PM","58 mins 38 secs",15.29,1.76,1.18,0.59,0.00,7.06,1.18,2.35,1.18
Hadji,Mohamed,3702996,mohamed.hadji@etu.sorbonne-universite.fr,Finished,"27 September 2020  4:37 PM","27 September 2020  5:51 PM","1 hour 14 mins",16.47,1.76,2.94,0.59,0.00,7.06,1.18,2.35,0.59
Hamdad,Khellaf,3802811,khellaf.hamdad@etu.sorbonne-universite.fr,Finished,"27 September 2020  9:38 PM","27 September 2020  10:51 PM","1 hour 13 mins",16.47,1.76,2.94,0.59,0.00,7.06,1.18,2.35,0.59
Hannachi,Dina,3801528,dina.hannachi@etu.sorbonne-universite.fr,Finished,"27 September 2020  1:22 PM","27 September 2020  2:42 PM","1 hour 19 mins",15.29,2.35,0.59,0.59,0.00,7.06,1.18,2.35,1.18
Herman,Margot,28716768,Margot.Herman@etu.sorbonne-universite.fr,Finished,"27 September 2020  9:52 PM","27 September 2020  11:42 PM","1 hour 49 mins",10.00,1.18,1.76,0.59,0.59,3.53,1.18,0.59,0.59
"Hernandez Adan","Oriana Rafaela",3802881,oriana.hernandez_adan@etu.sorbonne-universite.fr,Finished,"26 September 2020  2:09 PM","26 September 2020  3:57 PM","1 hour 47 mins",17.06,1.76,2.94,0.59,0.00,7.06,1.18,2.35,1.18
Huang,Xinyu,3803966,xinyiu.huang@etu.sorbonne-universite.fr,Finished,"23 September 2020  11:50 AM","23 September 2020  1:41 PM","1 hour 51 mins",13.53,1.18,1.76,0.59,0.00,7.06,1.18,0.59,1.18
Huang,Junyang,2302854,junyang.huang@etu.sorbonne-universite.fr,-,-,-,-,-,-,-,-,-,-,-,-,-
Huant,Raphael,3709095,raphael.huant@etu.sorbonne-universite.fr,Finished,"21 September 2020  4:04 PM","21 September 2020  5:27 PM","1 hour 23 mins",14.12,1.18,1.18,0.59,0.00,7.06,1.18,2.35,0.59
"Ibobi Sambila",Osee,3704090,osee.ibobi_sambila@etu.sorbonne-universite.fr,Finished,"27 September 2020  8:22 PM","27 September 2020  9:10 PM","48 mins 18 secs",9.41,0.59,0.59,0.00,0.00,7.06,1.18,0.00,0.00
Ikhlef,Nadjia,28718372,Nadjia.Ikhlef@etu.sorbonne-universite.fr,-,-,-,-,-,-,-,-,-,-,-,-,-
Ith,Marc,3302184,marc.ith@etu.sorbonne-universite.fr,Finished,"28 September 2020  1:07 AM","28 September 2020  3:06 AM","1 hour 59 mins",10.59,1.18,0.59,0.00,0.00,7.06,1.18,0.59,0.00
Jday,Achraf,3802410,achraf.jday@etu.sorbonne-universite.fr,Finished,"25 September 2020  4:50 PM","25 September 2020  6:11 PM","1 hour 21 mins",15.88,1.76,2.94,0.59,0.59,7.06,1.18,1.76,0.00
Jebari,Firas,3802713,firas.jebari@etu.sorbonne-universite.fr,"Never submitted","27 September 2020  11:58 PM",-,-,-,-,-,-,-,-,-,-,-
Kaci-Chaouche,Omar,3521322,omar.kaci-chaouche@etu.sorbonne-universite.fr,Finished,"27 September 2020  2:45 PM","27 September 2020  4:43 PM","1 hour 58 mins",11.76,1.18,1.76,0.00,0.00,7.06,1.18,0.59,0.00
Kahil,Amine,28616887,amine.kahil@etu.sorbonne-universite.fr,Finished,"25 September 2020  3:15 PM","25 September 2020  4:35 PM","1 hour 20 mins",13.53,1.18,0.59,0.59,0.00,7.06,1.18,2.35,0.59
Kaïdouchi,Amira,3700530,amira.kaidouchi@etu.sorbonne-universite.fr,Finished,"27 September 2020  9:35 PM","27 September 2020  11:15 PM","1 hour 40 mins",15.88,3.53,2.94,0.00,0.00,7.06,1.18,0.59,0.59
Kandeepan,Mathuran,3800103,mathuran.kandeepan@etu.sorbonne-universite.fr,Finished,"24 September 2020  12:52 PM","24 September 2020  2:51 PM","1 hour 59 mins",15.88,2.94,2.35,0.59,0.00,7.06,1.18,1.18,0.59
Kassab,Mouad,3700640,mouad.kassab@etu.sorbonne-universite.fr,Finished,"28 September 2020  8:47 AM","28 September 2020  10:15 AM","1 hour 28 mins",15.29,1.18,2.35,0.59,0.00,7.06,1.18,2.35,0.59
Kasten,Harold,3805644,harold.kasten@etu.sorbonne-universite.fr,Finished,"23 September 2020  4:11 PM","23 September 2020  5:41 PM","1 hour 29 mins",16.47,3.53,2.94,0.59,0.00,7.06,1.18,0.59,0.59
Kaya,Delphine,3800099,delphine.kaya@etu.sorbonne-universite.fr,Finished,"22 September 2020  5:06 PM","22 September 2020  6:56 PM","1 hour 49 mins",16.47,3.53,2.94,0.59,0.00,7.06,1.18,0.59,0.59
Kerdouche,Nabil,3802336,nabil.kerdouche@etu.sorbonne-universite.fr,Finished,"28 September 2020  6:40 AM","28 September 2020  7:54 AM","1 hour 13 mins",16.47,1.76,2.94,0.59,0.00,7.06,1.18,2.35,0.59
Kettouche,Tinhinane,3803639,tinhinane.kettouche@etu.sorbonne-universite.fr,-,-,-,-,-,-,-,-,-,-,-,-,-
Khalid,Ruhma,3710442,ruhma.khalid@etu.sorbonne-universite.fr,-,-,-,-,-,-,-,-,-,-,-,-,-
Kharbouche,Ibrahim,3671035,ibrahim.kharbouche@etu.sorbonne-universite.fr,"Never submitted","26 September 2020  2:14 PM",-,-,-,-,-,-,-,-,-,-,-
Kireche,Koceila,28717834,Koceila.Kireche@etu.sorbonne-universite.fr,Finished,"28 September 2020  1:44 AM","28 September 2020  2:31 AM","46 mins 30 secs",16.47,3.53,1.76,0.59,0.00,7.06,1.18,1.76,0.59
Kling,Paul,3670056,paul.kling@etu.sorbonne-universite.fr,Finished,"26 September 2020  2:14 PM","26 September 2020  3:14 PM","1 hour",11.18,1.18,1.18,0.00,0.00,7.06,1.18,0.59,0.00
Komen,Dimitri,3603619,dimitri.komen@etu.sorbonne-universite.fr,-,-,-,-,-,-,-,-,-,-,-,-,-
Kordon,Djeser,3772433,djeser.kordon@etu.sorbonne-universite.fr,Finished,"25 September 2020  1:47 PM","25 September 2020  2:40 PM","53 mins 6 secs",12.35,1.18,1.18,0.59,0.00,7.06,1.18,1.18,0.00
Koroglu,Mathis,3711799,mathis.koroglu@etu.sorbonne-universite.fr,Finished,"27 September 2020  10:22 PM","27 September 2020  11:08 PM","46 mins 4 secs",18.82,3.53,2.94,0.59,0.00,7.06,1.18,2.35,1.18
Kostadinovic,Nikola,3801695,nikola.kostadinovic@etu.sorbonne-universite.fr,Finished,"25 September 2020  10:13 PM","25 September 2020  10:59 PM","45 mins 43 secs",18.24,3.53,2.94,0.59,0.00,7.06,1.18,2.35,0.59
Krisni,Almehdi,3800519,almehdi.krisni@etu.sorbonne-universite.fr,Finished,"28 September 2020  12:07 AM","28 September 2020  12:32 AM","24 mins 55 secs",15.88,1.76,2.94,0.59,0.59,7.06,0.59,1.76,0.59
Kwonn,Simon,3709743,simon.kwonn@etu.sorbonne-universite.fr,-,-,-,-,-,-,-,-,-,-,-,-,-
Lachemot,Cédric,3705179,cedric.lachemot@etu.sorbonne-universite.fr,Finished,"27 September 2020  10:15 PM","27 September 2020  11:34 PM","1 hour 18 mins",17.65,2.94,2.35,0.59,0.00,7.06,1.18,2.35,1.18
Lachgar,Amine,3802257,amine.lachgar@etu.sorbonne-universite.fr,Finished,"27 September 2020  5:08 PM","27 September 2020  5:46 PM","37 mins 26 secs",10.59,1.18,0.59,0.00,0.00,7.06,0.00,1.18,0.59
Lahfa,Samy,3706599,samy.lahfa@etu.sorbonne-universite.fr,Finished,"25 September 2020  4:41 PM","25 September 2020  6:34 PM","1 hour 53 mins",12.35,1.76,1.18,0.59,0.59,7.06,0.00,1.18,0.00
"Lam A",Leo,28712991,Leo.Lam_A@etu.sorbonne-universite.fr,Finished,"27 September 2020  5:00 PM","27 September 2020  6:34 PM","1 hour 33 mins",19.41,3.53,2.94,0.59,0.59,7.06,1.18,2.35,1.18
Lange,Mathilde,28504995,mathilde.lange.2@etu.sorbonne-universite.fr,Finished,"24 September 2020  12:01 PM","24 September 2020  12:53 PM","51 mins 40 secs",8.82,3.53,2.94,0.00,0.00,1.76,0.00,0.59,0.00
Langlais,Rafaël,3520624,rafael.langlais@etu.sorbonne-universite.fr,Finished,"22 September 2020  1:51 PM","22 September 2020  3:41 PM","1 hour 49 mins",9.41,2.94,2.35,0.59,0.00,-,1.18,2.35,0.00
Larbi,Melissa,3971141,melissa.larbi@etu.sorbonne-universite.fr,Finished,"27 September 2020  4:43 PM","27 September 2020  6:43 PM","2 hours",7.65,0.00,0.00,0.59,0.00,4.12,1.18,0.59,1.18
Lassadi,Nassim,3707173,nassim.lassadi@etu.sorbonne-universite.fr,Finished,"27 September 2020  10:41 PM","27 September 2020  11:01 PM","20 mins 4 secs",16.47,1.76,2.94,0.59,0.59,7.06,1.18,1.76,0.59
Lay,Kenny,3801173,kenny.lay@etu.sorbonne-universite.fr,Finished,"22 September 2020  12:44 PM","22 September 2020  2:15 PM","1 hour 31 mins",14.71,1.18,1.76,0.59,0.00,7.06,1.18,1.76,1.18
Le,"Hai Nam",28613397,hai.le@etu.sorbonne-universite.fr,Finished,"21 September 2020  10:09 PM","21 September 2020  11:40 PM","1 hour 31 mins",18.82,3.53,2.94,0.59,0.59,7.06,1.18,2.35,0.59
Le,Doan,3875020,doan.le@etu.sorbonne-universite.fr,Finished,"26 September 2020  11:55 PM","27 September 2020  1:20 AM","1 hour 24 mins",16.47,3.53,0.59,0.59,0.59,7.06,1.18,1.76,1.18
Lebazda--Gauthier,Benoît,3702867,benoit.lebazda--gauthier@etu.sorbonne-universite.fr,Finished,"23 September 2020  9:28 AM","23 September 2020  11:22 AM","1 hour 54 mins",5.88,1.18,0.59,0.59,0.00,3.53,-,-,-
Lecocq,Yoann,3708077,yoann.lecocq@etu.sorbonne-universite.fr,Finished,"27 September 2020  3:10 PM","27 September 2020  4:48 PM","1 hour 37 mins",6.47,1.18,1.76,0.00,0.00,-,1.18,1.76,0.59
Lefebure,Pierre,3674815,pierre.lefebure@etu.sorbonne-universite.fr,-,-,-,-,-,-,-,-,-,-,-,-,-
Lefevre,Manon,3800422,manon.lefevre@etu.sorbonne-universite.fr,Finished,"22 September 2020  5:07 PM","22 September 2020  6:56 PM","1 hour 49 mins",16.47,3.53,2.94,0.59,0.00,7.06,1.18,0.59,0.59
Lemaitre,Alexandre,3876023,alexandre.lemaitre@etu.sorbonne-universite.fr,-,-,-,-,-,-,-,-,-,-,-,-,-
Li,Ziyou,3802432,ziyou.li@etu.sorbonne-universite.fr,"Never submitted","27 September 2020  11:44 AM",-,-,-,-,-,-,-,-,-,-,-
Lifsal,Loubna,3309154,loubna.lifsal@etu.sorbonne-universite.fr,Finished,"28 September 2020  8:43 AM","28 September 2020  10:41 AM","1 hour 58 mins",3.53,0.59,0.59,0.00,0.00,2.35,-,-,-
Lin,Daniel,3700421,daniel.lin@etu.sorbonne-universite.fr,Finished,"22 September 2020  11:31 AM","22 September 2020  1:13 PM","1 hour 41 mins",8.24,0.00,0.00,0.00,0.00,4.71,1.18,1.18,1.18
Loi,Alessia,3971668,alessia.loi@etu.sorbonne-universite.fr,Finished,"27 September 2020  10:10 PM","27 September 2020  11:41 PM","1 hour 31 mins",14.71,1.76,1.18,0.00,0.00,7.06,1.18,2.35,1.18
Lu,Raymond,3700479,raymond.lu@etu.sorbonne-universite.fr,Finished,"24 September 2020  5:25 PM","24 September 2020  6:09 PM","44 mins 14 secs",15.29,1.76,2.94,0.00,0.00,7.06,1.18,1.76,0.59
Lu,Alexandra,3700615,alexandra.lu@etu.sorbonne-universite.fr,Finished,"27 September 2020  9:20 PM","27 September 2020  10:14 PM","53 mins 39 secs",18.24,3.53,2.94,0.59,0.00,7.06,1.18,2.35,0.59
Ly,Sylvie,3522190,sylvie.ly@etu.sorbonne-universite.fr,Finished,"26 September 2020  1:54 PM","26 September 2020  3:26 PM","1 hour 32 mins",10.59,0.59,0.59,0.00,0.00,7.06,1.18,1.18,0.00
M'Barek,Heikel,3201218,heikel.mbarek@etu.sorbonne-universite.fr,Finished,"27 September 2020  10:07 PM","27 September 2020  11:31 PM","1 hour 24 mins",14.71,2.35,0.59,0.59,0.00,7.06,0.59,2.35,1.18
Maafa,Zin,3803950,zin.maafa@etu.sorbonne-universite.fr,Finished,"28 September 2020  12:18 AM","28 September 2020  12:58 AM","40 mins 23 secs",16.47,1.76,2.94,0.59,0.59,7.06,1.18,1.76,0.59
"Mahad Ismail",Roukia,3874897,roukia.mahad-ismail@etu.sorbonne-universite.fr,Finished,"27 September 2020  11:33 PM","28 September 2020  12:04 AM","30 mins 18 secs",8.82,1.18,1.76,0.00,0.00,5.29,0.59,0.00,0.00
Manimtim,Alexandre,3407834,alexandre.manimtim@etu.sorbonne-universite.fr,-,-,-,-,-,-,-,-,-,-,-,-,-
Mariller,Vincent,3700041,vincent.mariller@etu.sorbonne-universite.fr,Finished,"23 September 2020  12:27 PM","23 September 2020  12:56 PM","29 mins 9 secs",12.35,0.00,0.59,0.59,0.59,7.06,1.18,1.76,0.59
Marzougui,Syrine,3803611,syrine.marzougui@etu.sorbonne-universite.fr,Finished,"28 September 2020  8:44 AM","28 September 2020  9:41 AM","56 mins 52 secs",19.41,3.53,2.94,0.59,0.59,7.06,1.18,2.35,1.18
Maurel,Perrine,28502791,perrine.maurel.2@etu.sorbonne-universite.fr,Finished,"25 September 2020  5:03 PM","25 September 2020  5:52 PM","48 mins 52 secs",11.76,1.18,1.18,0.00,0.00,7.06,0.59,1.76,0.00
Mehdi,Sarah,3971165,sarah.mehdi.1@etu.sorbonne-universite.fr,Finished,"28 September 2020  10:30 AM","28 September 2020  10:35 AM","5 mins 23 secs",15.29,1.76,1.18,0.59,0.00,7.06,1.18,2.35,1.18
Mellul,Yona,3800646,yona.mellul@etu.sorbonne-universite.fr,Finished,"25 September 2020  3:04 PM","25 September 2020  3:52 PM","48 mins 23 secs",12.94,1.76,0.59,0.00,0.00,7.06,1.18,2.35,-
Mendas,Rosa,3802558,rosa.mendas@etu.sorbonne-universite.fr,Finished,"28 September 2020  12:25 AM","28 September 2020  1:35 AM","1 hour 10 mins",18.82,3.53,2.94,0.59,0.00,7.06,1.18,2.35,1.18
Mendes,Hugo,3670527,hugo.mendes@etu.sorbonne-universite.fr,Finished,"26 September 2020  4:27 PM","26 September 2020  5:40 PM","1 hour 13 mins",9.41,0.00,0.59,0.00,0.00,7.06,1.18,0.59,0.00
Merle-Remond,Julian,3700191,julian.merle-remond@etu.sorbonne-universite.fr,Finished,"21 September 2020  7:07 PM","21 September 2020  8:38 PM","1 hour 30 mins",17.06,1.76,2.94,0.59,0.59,7.06,1.18,1.76,1.18
Merzouk,Kenza,3803468,kenza.merzouk@etu.sorbonne-universite.fr,Finished,"28 September 2020  8:34 AM","28 September 2020  9:21 AM","46 mins 51 secs",17.65,3.53,2.35,0.59,0.00,7.06,1.18,1.76,1.18
Meziane,Mohamed,3802500,mohamed.meziane@etu.sorbonne-universite.fr,Finished,"28 September 2020  12:36 AM","28 September 2020  2:08 AM","1 hour 32 mins",19.41,3.53,2.94,0.59,0.59,7.06,1.18,2.35,1.18
Mistry,Manishkumar,3671086,manishkumar.mistry@etu.sorbonne-universite.fr,Finished,"23 September 2020  9:23 PM","23 September 2020  10:24 PM","1 hour",16.47,1.76,2.94,0.59,0.59,7.06,1.18,2.35,0.00
Mistry,Darshan,3670280,darshan.mistry@etu.sorbonne-universite.fr,Finished,"24 September 2020  10:06 AM","24 September 2020  10:49 AM","42 mins 47 secs",15.29,1.76,2.94,0.59,0.59,7.06,0.59,1.76,0.00
Mohammedi,Vanessa,3671439,vanessa.mohammedi@etu.sorbonne-universite.fr,Finished,"26 September 2020  7:53 PM","26 September 2020  9:54 PM","2 hours",15.29,3.53,2.94,0.59,0.00,7.06,0.00,0.59,0.59
Mohellebi,Melissa,3971070,melissa.mohellebi@etu.sorbonne-universite.fr,Finished,"28 September 2020  1:12 AM","28 September 2020  2:18 AM","1 hour 6 mins",19.41,3.53,2.94,0.59,0.59,7.06,1.18,2.35,1.18
Monnereau,Irena,3670050,irena.monnereau@etu.sorbonne-universite.fr,Finished,"25 September 2020  2:39 PM","25 September 2020  2:42 PM","3 mins 40 secs",16.47,1.76,2.94,0.59,0.59,7.06,1.18,1.76,0.59
Moreau,Léonard,3800364,leonard.moreau@etu.sorbonne-universite.fr,Finished,"27 September 2020  10:03 PM","27 September 2020  10:59 PM","55 mins 59 secs",15.88,3.53,2.35,0.59,0.00,7.06,1.18,0.59,0.59
Mosgoreanu,"Alexandru Zaharia",28717021,Alexandru_Zaharia.Mosgoreanu@etu.sorbonne-universite.fr,Finished,"27 September 2020  9:05 PM","27 September 2020  9:46 PM","40 mins 20 secs",17.65,3.53,2.94,0.59,0.00,7.06,1.18,1.18,1.18
Moulouel,Myriem,3802291,myriem.moulouel@etu.sorbonne-universite.fr,Finished,"28 September 2020  3:05 AM","28 September 2020  4:42 AM","1 hour 36 mins",17.06,2.94,2.94,0.59,0.00,7.06,1.18,1.18,1.18
Moyet,Candice,3801474,candice.moyet@etu.sorbonne-universite.fr,Finished,"25 September 2020  3:51 PM","25 September 2020  5:43 PM","1 hour 52 mins",13.53,0.59,0.59,0.59,0.59,7.06,1.18,2.35,0.59
Nam,Maxime,3301246,maxime.nam@etu.sorbonne-universite.fr,Finished,"27 September 2020  5:50 PM","27 September 2020  6:49 PM","58 mins 48 secs",17.06,3.53,2.94,0.59,0.00,7.06,1.18,1.18,0.59
Naumenko,Polina,3521154,polina.naumenko@etu.sorbonne-universite.fr,-,-,-,-,-,-,-,-,-,-,-,-,-
Ngamy,Gianni-Alessandro,3703993,gianni-alessandro.ngamy@etu.sorbonne-universite.fr,Finished,"26 September 2020  7:03 PM","26 September 2020  7:45 PM","41 mins 59 secs",6.47,1.18,0.59,0.59,0.00,2.35,1.18,0.59,0.00
Nguyen,"Minh Anh",3802621,minh.nguyen.6@etu.sorbonne-universite.fr,Finished,"27 September 2020  9:48 PM","27 September 2020  11:42 PM","1 hour 54 mins",17.65,3.53,2.94,0.59,0.00,7.06,1.18,1.76,0.59
Niang,Fallou,3803961,fallou.niang@etu.sorbonne-universite.fr,Finished,"28 September 2020  12:26 AM","28 September 2020  1:12 AM","46 mins 5 secs",11.76,1.18,0.59,0.00,-,6.47,1.18,2.35,-
"Normand De La Tranchade",François,3671913,francois.normand_de_la_tranchade@etu.sorbonne-universite.fr,Finished,"26 September 2020  6:59 PM","26 September 2020  8:23 PM","1 hour 24 mins",7.65,3.53,2.94,0.59,0.00,-,0.59,-,-
Oses,Jean-Baptiste,3700565,jean-baptiste.oses@etu.sorbonne-universite.fr,Finished,"21 September 2020  7:55 PM","21 September 2020  8:57 PM","1 hour 1 min",12.94,1.18,1.76,0.00,0.00,7.06,0.59,1.18,1.18
Oudjani,Yasmine,3803009,yasmine.oudjani@etu.sorbonne-universite.fr,Finished,"26 September 2020  9:50 PM","26 September 2020  10:18 PM","28 mins 6 secs",12.94,0.59,0.59,0.00,0.00,7.06,1.18,2.35,1.18
Pareau,Mathilde,3800446,mathilde.pareau@etu.sorbonne-universite.fr,Finished,"24 September 2020  3:34 PM","24 September 2020  5:34 PM","2 hours",11.76,0.00,0.00,0.59,0.59,7.06,1.18,1.76,0.59
Parichault,Antoine,3803454,antoine.parichault@etu.sorbonne-universite.fr,Finished,"27 September 2020  10:47 PM","27 September 2020  11:23 PM","35 mins 48 secs",15.88,2.94,1.76,0.59,0.00,7.06,0.59,1.76,1.18
Pironin,Julie,3802614,julie.pironin@etu.sorbonne-universite.fr,Finished,"27 September 2020  10:50 PM","28 September 2020  12:17 AM","1 hour 27 mins",15.29,3.53,0.59,0.59,0.00,7.06,1.18,1.18,1.18
Polit,Titouan,3800511,titouan.polit@etu.sorbonne-universite.fr,Finished,"27 September 2020  11:43 AM","27 September 2020  1:26 PM","1 hour 42 mins",15.88,2.94,2.35,0.59,0.00,7.06,1.18,1.18,0.59
Popescu,"Diana Elena",28717024,Diana_Elena.Popescu@etu.sorbonne-universite.fr,Finished,"27 September 2020  5:15 PM","27 September 2020  7:14 PM","1 hour 58 mins",17.65,2.94,2.35,0.59,0.59,7.06,1.18,2.35,0.59
Poulain,Claire,3679357,claire.poulain@etu.sorbonne-universite.fr,Finished,"25 September 2020  12:40 PM","25 September 2020  1:07 PM","27 mins 9 secs",15.29,1.76,2.94,0.59,0.00,7.06,1.18,0.59,1.18
Prostakov,Andrey,3802515,andrey.prostakov@etu.sorbonne-universite.fr,Finished,"27 September 2020  11:38 PM","27 September 2020  11:45 PM","7 mins 33 secs",14.71,2.35,0.59,0.59,0.00,7.06,1.18,1.76,1.18
Quest,Alexis,3703346,alexis.quest@etu.sorbonne-universite.fr,Finished,"27 September 2020  4:39 PM","27 September 2020  5:25 PM","46 mins 46 secs",13.53,0.59,1.76,0.59,0.00,7.06,1.18,1.76,0.59
Queuvin,Thomas,3700185,thomas.queuvin@etu.sorbonne-universite.fr,Finished,"21 September 2020  5:18 PM","21 September 2020  6:24 PM","1 hour 5 mins",10.59,1.18,-,-,-,7.06,1.18,0.59,0.59
Rapaport,Solal,3711387,solal.rapaport@etu.sorbonne-universite.fr,Finished,"28 September 2020  12:00 AM","28 September 2020  12:54 AM","53 mins 49 secs",18.82,3.53,2.94,0.59,0.00,7.06,1.18,2.35,1.18
Rayon-Richter,Malou,3708307,malou.rayon-richter@etu.sorbonne-universite.fr,-,-,-,-,-,-,-,-,-,-,-,-,-
Rebai,Sofiane,3674205,sofiane.rebai@etu.sorbonne-universite.fr,Finished,"28 September 2020  5:29 AM","28 September 2020  6:14 AM","45 mins",5.88,2.35,1.18,0.59,0.00,-,1.18,0.59,-
"Riffaud De Turckheim",Hugo,3800256,hugo.riffaud_de_turckheim@etu.sorbonne-universite.fr,Finished,"26 September 2020  10:08 AM","26 September 2020  10:42 AM","33 mins 50 secs",12.35,1.18,0.59,0.59,0.00,7.06,1.18,0.59,1.18
Roch,Stuart,3309168,stuart.roch@etu.sorbonne-universite.fr,Finished,"27 September 2020  3:53 PM","27 September 2020  5:12 PM","1 hour 18 mins",3.53,0.00,0.00,0.59,0.00,1.76,1.18,-,-
Roqui,David,3873784,david.roqui@etu.sorbonne-universite.fr,Finished,"27 September 2020  8:23 PM","27 September 2020  10:18 PM","1 hour 55 mins",7.65,0.00,0.00,0.59,0.00,7.06,0.00,0.00,0.00
Rossi,Johan-Luca,3872354,johan-luca.rossi@etu.sorbonne-universite.fr,Finished,"27 September 2020  6:09 PM","27 September 2020  7:46 PM","1 hour 36 mins",13.53,1.18,2.35,0.00,0.00,7.06,1.18,0.59,1.18
Rouba,Islam,3802420,islam.rouba@etu.sorbonne-universite.fr,Finished,"28 September 2020  1:51 AM","28 September 2020  2:14 AM","22 mins 20 secs",19.41,3.53,2.94,0.59,0.59,7.06,1.18,2.35,1.18
Rzeszutko,Kamil,2800282,kamil.rzeszutko@etu.sorbonne-universite.fr,Finished,"27 September 2020  9:50 PM","27 September 2020  11:50 PM","2 hours",5.29,0.00,0.00,0.59,0.00,4.71,-,-,-
Sabatino,Francesco,3811132,francesco.sabatino@etu.sorbonne-universite.fr,Finished,"24 September 2020  10:10 AM","24 September 2020  11:55 AM","1 hour 44 mins",11.76,0.59,1.18,0.59,0.00,7.06,1.18,1.18,0.00
Saber,Hakim,3415762,hakim.saber@etu.sorbonne-universite.fr,-,-,-,-,-,-,-,-,-,-,-,-,-
Saichi,Lina,3803151,lina.saichi@etu.sorbonne-universite.fr,Finished,"28 September 2020  12:08 AM","28 September 2020  1:14 AM","1 hour 5 mins",18.82,3.53,2.94,0.59,0.00,7.06,1.18,2.35,1.18
Salfati,Elisa,3800104,elisa.salfati@etu.sorbonne-universite.fr,Finished,"24 September 2020  3:48 PM","24 September 2020  5:09 PM","1 hour 21 mins",13.53,2.35,1.76,0.00,0.00,7.06,1.18,0.59,0.59
Sameur,Samir,3872902,samir.sameur@etu.sorbonne-universite.fr,Finished,"22 September 2020  2:39 PM","22 September 2020  3:42 PM","1 hour 3 mins",11.18,0.00,0.59,0.59,0.00,7.06,0.59,1.18,1.18
Seang,Chea-Jimmy,3703893,chea-jimmy.seang@etu.sorbonne-universite.fr,Finished,"21 September 2020  7:10 PM","21 September 2020  8:38 PM","1 hour 27 mins",16.47,1.76,2.94,0.59,0.00,7.06,1.18,1.76,1.18
Selliah,Sarujen,3701184,sarujen.selliah@etu.sorbonne-universite.fr,Finished,"25 September 2020  9:46 PM","25 September 2020  11:34 PM","1 hour 48 mins",8.24,0.00,0.00,0.00,0.00,7.06,1.18,0.00,0.00
Sennour,"Mohammed Wail",28616082,mohammed.sennour@etu.sorbonne-universite.fr,Finished,"27 September 2020  10:30 PM","27 September 2020  11:25 PM","54 mins 45 secs",17.65,3.53,2.94,0.59,0.00,7.06,1.18,1.76,0.59
Senyuz,"Miray Suzan",3802805,miray.senyuz@etu.sorbonne-universite.fr,Finished,"27 September 2020  6:01 PM","27 September 2020  7:21 PM","1 hour 19 mins",18.82,3.53,2.94,0.59,0.00,7.06,1.18,2.35,1.18
Serraf,Dan,3971120,dan.serraf@etu.sorbonne-universite.fr,Finished,"27 September 2020  4:22 PM","27 September 2020  6:22 PM","2 hours",17.65,3.53,2.94,0.59,0.00,7.06,1.18,1.18,1.18
Sidia,Amir,3670888,amir.sidia@etu.sorbonne-universite.fr,-,-,-,-,-,-,-,-,-,-,-,-,-
Simion,Mathys,28705217,Mathys.Simion@etu.sorbonne-universite.fr,-,-,-,-,-,-,-,-,-,-,-,-,-
Slimani,Hiba,3703036,hiba.slimani@etu.sorbonne-universite.fr,-,-,-,-,-,-,-,-,-,-,-,-,-
Song,Yifei,3970712,yifei.song@etu.sorbonne-universite.fr,Finished,"26 September 2020  11:42 AM","26 September 2020  1:17 PM","1 hour 34 mins",16.47,3.53,1.76,0.59,0.59,7.06,1.18,0.59,1.18
Soulignadeth,Willy,3800002,willy.soulignadeth@etu.sorbonne-universite.fr,Finished,"25 September 2020  2:29 PM","25 September 2020  2:38 PM","8 mins 45 secs",16.47,1.76,2.94,0.59,0.59,7.06,1.18,1.76,0.59
Soutil,Aurélien,3700451,aurelien.soutil@etu.sorbonne-universite.fr,Finished,"24 September 2020  10:24 AM","24 September 2020  11:13 AM","49 mins 5 secs",5.88,1.18,0.59,0.00,0.00,2.35,1.18,0.59,0.00
Sow,Fatou,28503374,fatou.sow.2@etu.sorbonne-universite.fr,Finished,"27 September 2020  1:22 PM","27 September 2020  3:20 PM","1 hour 57 mins",3.53,1.18,0.00,0.00,0.00,-,1.18,0.59,0.59
Suhana,Satria,3800274,satria.suhana@etu.sorbonne-universite.fr,Finished,"27 September 2020  3:30 PM","27 September 2020  5:20 PM","1 hour 49 mins",14.71,2.94,2.35,0.00,0.00,7.06,0.00,1.18,1.18
Sy,"Virak Bot Baramy",3407325,virak.sy@etu.sorbonne-universite.fr,Finished,"27 September 2020  3:44 PM","27 September 2020  5:41 PM","1 hour 57 mins",17.65,3.53,2.94,0.59,0.59,7.06,1.18,1.18,0.59
Szczerba,Kamil,28614283,kamil.szczerba@etu.sorbonne-universite.fr,Finished,"22 September 2020  10:17 AM","22 September 2020  11:19 AM","1 hour 1 min",18.82,3.53,2.94,0.59,0.59,7.06,1.18,2.35,0.59
Taleb,Rida,3804264,rida.taleb@etu.sorbonne-universite.fr,Finished,"25 September 2020  4:51 PM","25 September 2020  6:14 PM","1 hour 23 mins",16.47,1.76,2.94,0.59,0.59,7.06,1.18,2.35,0.00
Tang,Christophe,3802892,christophe.tang@etu.sorbonne-universite.fr,Finished,"27 September 2020  7:48 PM","27 September 2020  9:30 PM","1 hour 42 mins",14.12,0.59,0.59,0.59,0.59,7.06,1.18,2.35,1.18
Tat,Jonathan,3874133,jonathan.tat@etu.sorbonne-universite.fr,Finished,"27 September 2020  3:48 PM","27 September 2020  4:01 PM","12 mins 12 secs",18.82,3.53,2.94,0.59,0.00,7.06,1.18,2.35,1.18
Tchen,Clement,3703339,clement.tchen@etu.sorbonne-universite.fr,-,-,-,-,-,-,-,-,-,-,-,-,-
Thelineau,Jeremy,3200147,jeremy.thelineau@etu.sorbonne-universite.fr,-,-,-,-,-,-,-,-,-,-,-,-,-
Theodosiou,Michalis,3151223,michalis.theodosiou@etu.sorbonne-universite.fr,-,-,-,-,-,-,-,-,-,-,-,-,-
Theret,Ingrid,3201608,ingrid.theret@etu.sorbonne-universite.fr,"Never submitted","27 September 2020  2:07 PM",-,-,-,-,-,-,-,-,-,-,-
Thiam,Mohamed,3672502,mohamed.thiam@etu.sorbonne-universite.fr,Finished,"26 September 2020  7:33 AM","26 September 2020  9:13 AM","1 hour 39 mins",12.35,1.18,0.59,0.59,0.00,7.06,1.18,0.59,1.18
Thurairajah,Shaithan,3802984,shaithan.thurairajah@etu.sorbonne-universite.fr,Finished,"27 September 2020  4:47 PM","27 September 2020  6:31 PM","1 hour 43 mins",18.24,3.53,2.94,0.59,0.00,7.06,1.18,2.35,0.59
Tibi,Gad,3801996,gad.tibi@etu.sorbonne-universite.fr,Finished,"27 September 2020  4:21 PM","27 September 2020  4:28 PM","7 mins 15 secs",3.53,1.76,1.76,-,-,-,-,-,-
Toullalan,Antoine,3706648,antoine.toullalan@etu.sorbonne-universite.fr,Finished,"22 September 2020  10:46 AM","22 September 2020  12:06 PM","1 hour 20 mins",14.12,1.76,2.94,0.59,0.00,7.06,1.18,0.59,0.00
Tran,Kevin,3700914,kevin.tran@etu.sorbonne-universite.fr,-,-,-,-,-,-,-,-,-,-,-,-,-
Traore,Khadidja,3800559,khadidja.traore@etu.sorbonne-universite.fr,Finished,"23 September 2020  6:48 PM","23 September 2020  8:02 PM","1 hour 13 mins",12.35,1.18,0.59,0.00,0.00,7.06,0.00,2.35,1.18
Trouve,Alex,3700052,alex.trouve@etu.sorbonne-universite.fr,Finished,"25 September 2020  10:08 AM","25 September 2020  11:23 AM","1 hour 14 mins",11.18,1.18,0.59,0.59,0.00,7.06,1.18,0.59,0.00
Ung,Thierry,3804472,thierry.ung@etu.sorbonne-universite.fr,Finished,"27 September 2020  5:46 PM","27 September 2020  7:30 PM","1 hour 43 mins",18.82,3.53,2.94,0.59,0.00,7.06,1.18,2.35,1.18
"Van Remoortere",Pierre,28007865,pierre.van_remoortere.1@etu.sorbonne-universite.fr,Finished,"25 September 2020  2:10 PM","25 September 2020  3:25 PM","1 hour 15 mins",13.53,1.18,1.18,0.59,0.00,7.06,1.18,1.18,1.18
Vang,Danny,3670334,danny.vang@etu.sorbonne-universite.fr,Finished,"22 September 2020  1:53 PM","22 September 2020  3:35 PM","1 hour 41 mins",14.12,1.76,2.94,0.59,0.00,7.06,1.18,0.59,0.00
Vanrycke,Loann,3811248,loann.vanrycke@etu.sorbonne-universite.fr,Finished,"28 September 2020  9:07 AM","28 September 2020  10:42 AM","1 hour 35 mins",11.76,1.76,1.18,0.00,-,7.06,1.18,0.59,0.00
Villard,Lorenzo,3801327,lorenzo.villard@etu.sorbonne-universite.fr,Finished,"22 September 2020  11:40 AM","22 September 2020  12:43 PM","1 hour 3 mins",14.71,1.76,2.94,0.59,0.59,7.06,0.00,1.76,0.00
Xu,Jin,3700044,jin.xu@etu.sorbonne-universite.fr,Finished,"27 September 2020  3:40 PM","27 September 2020  4:41 PM","1 hour 1 min",11.18,0.59,1.76,0.00,0.00,7.06,1.18,0.59,0.00
Yalcin,Mehmet,3702332,mehmet.yalcin@etu.sorbonne-universite.fr,Finished,"27 September 2020  8:52 PM","27 September 2020  10:15 PM","1 hour 22 mins",17.06,1.76,2.94,0.59,0.00,7.06,1.18,2.35,1.18
Yang,Qing,3872484,qing.yang@etu.sorbonne-universite.fr,Finished,"22 September 2020  9:14 PM","22 September 2020  10:16 PM","1 hour 2 mins",5.29,1.76,2.94,0.00,0.00,-,0.59,-,-
Yao,Qingyuan,3970770,qingyuan.yao@etu.sorbonne-universite.fr,Finished,"27 September 2020  10:43 PM","28 September 2020  12:11 AM","1 hour 28 mins",19.41,3.53,2.94,0.59,0.59,7.06,1.18,2.35,1.18
Ye,William,3413637,william.ye@etu.sorbonne-universite.fr,Finished,"21 September 2020  9:14 PM","21 September 2020  11:13 PM","1 hour 58 mins",8.82,0.59,-,0.59,0.00,7.06,0.00,0.59,0.00
Zerrouki,Elies,3802658,elies.zerrouki@etu.sorbonne-universite.fr,Finished,"27 September 2020  11:34 PM","28 September 2020  12:14 AM","39 mins 52 secs",14.12,0.59,0.59,0.59,0.59,7.06,1.18,2.35,1.18
Zhang,Kevin,3520893,kevin.zhang@etu.sorbonne-universite.fr,-,-,-,-,-,-,-,-,-,-,-,-,-
Zhang,Kate,3800131,kate.zhang@etu.sorbonne-universite.fr,"Never submitted","22 September 2020  2:35 PM",-,-,-,-,-,-,-,-,-,-,-
Zhang,Eric,3800297,eric.zhang@etu.sorbonne-universite.fr,Finished,"27 September 2020  4:49 PM","27 September 2020  6:19 PM","1 hour 30 mins",14.12,3.53,2.94,0.59,0.00,3.53,1.18,1.76,0.59
Zhao,Cong,2351624,cong.zhao@etu.sorbonne-universite.fr,-,-,-,-,-,-,-,-,-,-,-,-,-
Zheng,Luc,3710230,luc.zheng@etu.sorbonne-universite.fr,Finished,"27 September 2020  3:52 PM","27 September 2020  5:48 PM","1 hour 55 mins",15.29,1.76,2.94,0.59,0.00,7.06,1.18,1.18,0.59
Zhou,Jean-Marc,28008879,jean-marc.zhou@etu.sorbonne-universite.fr,"Never submitted","27 September 2020  6:10 PM",-,-,-,-,-,-,-,-,-,-,-
Ziegler,Clara,3709947,clara.ziegler@etu.sorbonne-universite.fr,Finished,"27 September 2020  4:14 PM","27 September 2020  5:38 PM","1 hour 23 mins",16.47,2.94,2.35,0.00,0.00,7.06,1.18,1.76,1.18
Zinopoulos-Yannopoulos,Florian,3708962,florian.zinopoulos-yannopoulos@etu.sorbonne-universite.fr,Finished,"24 September 2020  2:44 PM","24 September 2020  4:37 PM","1 hour 52 mins",18.82,3.53,2.94,0.59,0.00,7.06,1.18,2.35,1.18
"Zou Al Guyna",Louai,3680880,louai.zou_al_guyna@etu.sorbonne-universite.fr,Finished,"22 September 2020  3:28 PM","22 September 2020  4:46 PM","1 hour 18 mins",15.29,1.18,1.76,0.59,0.59,7.06,1.18,2.35,0.59
"Overall average",,,,,,,,14.27,2.06,1.97,0.45,0.15,6.43,1.02,1.50,0.69
