﻿Surname,"First name","ID number","Email address",State,"Started on",Completed,"Time taken",Grade/20.00,"Q. 1 /5.00","Q. 2 /3.00","Q. 3 /4.00","Q. 4 /2.00","Q. 5 /4.00","Q. 6 /1.00","Q. 7 /1.00"
Aallam,Mohamed,3802135,mohamed.aallam@etu.sorbonne-universite.fr,Finished,"4 October 2020  4:14 PM","4 October 2020  4:22 PM","8 mins 4 secs",20.00,5.00,3.00,4.00,2.00,4.00,1.00,1.00
Abdalaziz,"Youssef Alaa Elsayye",3803619,youssef.abdalaziz@etu.sorbonne-universite.fr,Finished,"3 October 2020  12:38 PM","3 October 2020  1:11 PM","33 mins 28 secs",18.89,3.89,3.00,4.00,2.00,4.00,1.00,1.00
Abderrahmen,"Mohamed Aziz",3802009,mohamed.abderrahmen@etu.sorbonne-universite.fr,Finished,"4 October 2020  10:25 PM","5 October 2020  12:08 AM","1 hour 42 mins",16.00,5.00,2.00,3.00,0.00,4.00,1.00,1.00
Abitbol,Yossef,3804139,yossef.abitbol@etu.sorbonne-universite.fr,Finished,"4 October 2020  11:35 PM","5 October 2020  12:45 AM","1 hour 10 mins",20.00,5.00,3.00,4.00,2.00,4.00,1.00,1.00
Ajuelos,Emmanuel,3800432,emmanuel.ajuelos@etu.sorbonne-universite.fr,Finished,"3 October 2020  10:12 PM","3 October 2020  10:29 PM","17 mins 29 secs",15.00,5.00,3.00,4.00,2.00,0.00,0.00,1.00
"Al- Jawhi",Abdullah,28625228,abdullah.al_jawhi@etu.sorbonne-universite.fr,-,-,-,-,-,-,-,-,-,-,-,-
Ammour,Amine,3876256,amine.ammour@etu.sorbonne-universite.fr,Finished,"4 October 2020  10:57 PM","4 October 2020  11:05 PM","8 mins 31 secs",20.00,5.00,3.00,4.00,2.00,4.00,1.00,1.00
Anki-Zuccarello,Kenza,3800473,kenza.anki-zuccarello@etu.sorbonne-universite.fr,-,-,-,-,-,-,-,-,-,-,-,-
Anki-Zuccarello,Kenza,28502318,kenza.anki.1@etu.sorbonne-universite.fr,Finished,"4 October 2020  8:07 PM","4 October 2020  9:03 PM","55 mins 23 secs",15.00,5.00,3.00,4.00,2.00,0.00,1.00,0.00
Aral,Arda,3702388,arda.aral@etu.sorbonne-universite.fr,Finished,"4 October 2020  9:27 PM","4 October 2020  10:50 PM","1 hour 22 mins",4.33,3.33,0.00,0.00,0.00,0.00,1.00,0.00
Arichandra,Santhos,3802651,santhos.arichandra@etu.sorbonne-universite.fr,Finished,"4 October 2020  9:41 PM","4 October 2020  9:43 PM","2 mins 17 secs",20.00,5.00,3.00,4.00,2.00,4.00,1.00,1.00
Armenoult,Ludovic,3416871,ludovic.armenoult@etu.sorbonne-universite.fr,Finished,"29 September 2020  11:24 AM","29 September 2020  11:58 AM","33 mins 50 secs",19.00,5.00,3.00,3.00,2.00,4.00,1.00,1.00
Arrous,Clement,3671634,clement.arrous@etu.sorbonne-universite.fr,Finished,"4 October 2020  1:09 PM","4 October 2020  1:48 PM","39 mins 44 secs",20.00,5.00,3.00,4.00,2.00,4.00,1.00,1.00
Audoux,Marion,3700108,marion.audoux@etu.sorbonne-universite.fr,Finished,"3 October 2020  10:48 AM","3 October 2020  10:52 AM","3 mins 33 secs",20.00,5.00,3.00,4.00,2.00,4.00,1.00,1.00
Audras,Antoine,3410283,antoine.audras@etu.sorbonne-universite.fr,Finished,"4 October 2020  3:21 PM","4 October 2020  3:36 PM","15 mins 17 secs",20.00,5.00,3.00,4.00,2.00,4.00,1.00,1.00
Ayadi,Anis,3802501,anis.ayadi@etu.sorbonne-universite.fr,Finished,"4 October 2020  8:40 PM","4 October 2020  10:08 PM","1 hour 28 mins",20.00,5.00,3.00,4.00,2.00,4.00,1.00,1.00
Azar,Jane,3803112,jane.azar@etu.sorbonne-universite.fr,Finished,"4 October 2020  10:24 PM","4 October 2020  10:44 PM","20 mins 23 secs",20.00,5.00,3.00,4.00,2.00,4.00,1.00,1.00
Azoui,Rayane,28710978,Rayane.Azoui@etu.sorbonne-universite.fr,Finished,"4 October 2020  12:20 PM","4 October 2020  1:07 PM","46 mins 36 secs",20.00,5.00,3.00,4.00,2.00,4.00,1.00,1.00
Badriouiche,Mohamed,3701404,mohamed.badriouiche@etu.sorbonne-universite.fr,Finished,"3 October 2020  11:10 PM","3 October 2020  11:13 PM","3 mins 24 secs",20.00,5.00,3.00,4.00,2.00,4.00,1.00,1.00
Baker,Thomas,3700144,thomas.baker@etu.sorbonne-universite.fr,Finished,"4 October 2020  3:38 PM","4 October 2020  4:06 PM","28 mins 42 secs",20.00,5.00,3.00,4.00,2.00,4.00,1.00,1.00
Baraket,Msalem,3804929,msalem.baraket@etu.sorbonne-universite.fr,Finished,"4 October 2020  9:36 PM","4 October 2020  11:26 PM","1 hour 49 mins",15.00,5.00,3.00,4.00,2.00,0.00,0.00,1.00
Barbier,Marie,3802734,marie.barbier.1@etu.sorbonne-universite.fr,Finished,"4 October 2020  1:58 PM","4 October 2020  2:32 PM","34 mins 31 secs",19.00,5.00,3.00,4.00,2.00,4.00,1.00,0.00
Belazouz,Bourhan-Eddine,3208353,bourhan-eddine.belazouz@etu.sorbonne-universite.fr,Finished,"3 October 2020  6:56 PM","3 October 2020  7:38 PM","41 mins 47 secs",16.00,5.00,3.00,4.00,2.00,0.00,1.00,1.00
Bellut,Quentin,3710439,quentin.bellut@etu.sorbonne-universite.fr,Finished,"5 October 2020  2:10 AM","5 October 2020  2:52 AM","42 mins 5 secs",19.00,5.00,2.00,4.00,2.00,4.00,1.00,1.00
"Ben Attar",Ethan,3670543,ethan.ben_attar@etu.sorbonne-universite.fr,Finished,"2 October 2020  5:02 PM","2 October 2020  5:15 PM","13 mins 53 secs",20.00,5.00,3.00,4.00,2.00,4.00,1.00,1.00
Benabdallah,Ali,3806311,ali.benabdallah@etu.sorbonne-universite.fr,Finished,"4 October 2020  3:20 PM","4 October 2020  3:35 PM","14 mins 27 secs",20.00,5.00,3.00,4.00,2.00,4.00,1.00,1.00
Bencherif,Nabil,3710493,nabil.bencherif@etu.sorbonne-universite.fr,Finished,"4 October 2020  4:00 PM","4 October 2020  5:11 PM","1 hour 10 mins",16.44,4.44,3.00,1.00,2.00,4.00,1.00,1.00
Benjamin-Jeyaseelan,"Benjamin Julius",3671340,benjamin.benjamin-jeyaseelan@etu.sorbonne-universite.fr,Finished,"4 October 2020  10:33 PM","4 October 2020  11:04 PM","31 mins 3 secs",20.00,5.00,3.00,4.00,2.00,4.00,1.00,1.00
Bensafia,"Chems Eddine",28717430,Chems_Eddine.Bensafia@etu.sorbonne-universite.fr,Finished,"4 October 2020  2:47 PM","4 October 2020  4:47 PM","2 hours",20.00,5.00,3.00,4.00,2.00,4.00,1.00,1.00
Benyahia,Sami,3677177,sami.benyahia@etu.sorbonne-universite.fr,Finished,"5 October 2020  8:42 AM","5 October 2020  9:49 AM","1 hour 6 mins",15.00,5.00,3.00,4.00,2.00,0.00,1.00,0.00
Bernier,Téo,3670574,teo.bernier@etu.sorbonne-universite.fr,Finished,"4 October 2020  2:18 PM","4 October 2020  2:39 PM","21 mins 20 secs",20.00,5.00,3.00,4.00,2.00,4.00,1.00,1.00
Bettahar,"Mohamed El Amine",28616068,mohamed.bettahar@etu.sorbonne-universite.fr,Finished,"3 October 2020  7:59 PM","3 October 2020  8:37 PM","37 mins 45 secs",15.00,5.00,3.00,4.00,2.00,0.00,0.00,1.00
Boubrik,Ihsane,3670795,ihsane.boubrik@etu.sorbonne-universite.fr,Finished,"3 October 2020  4:14 PM","3 October 2020  4:15 PM","1 min 36 secs",19.00,5.00,2.00,4.00,2.00,4.00,1.00,1.00
Boudarene,Samy,3801935,samy.boudarene@etu.sorbonne-universite.fr,"Never submitted","4 October 2020  8:43 PM",-,-,-,-,-,-,-,-,-,-
Bougherara,Adan,3680559,adan.bougherara@etu.sorbonne-universite.fr,Finished,"29 September 2020  3:11 PM","29 September 2020  3:46 PM","34 mins 22 secs",15.00,5.00,3.00,4.00,2.00,0.00,0.00,1.00
Bourekh,Zidane,3677063,zidane.bourekh@etu.sorbonne-universite.fr,Finished,"3 October 2020  3:53 PM","3 October 2020  3:59 PM","5 mins 48 secs",18.00,5.00,2.00,3.00,2.00,4.00,1.00,1.00
Bourlette,Lucas,3672216,lucas.bourlette@etu.sorbonne-universite.fr,Finished,"3 October 2020  4:09 PM","3 October 2020  4:14 PM","4 mins 22 secs",19.00,5.00,2.00,4.00,2.00,4.00,1.00,1.00
Bourmault,Adrien,3677850,adrien.bourmault@etu.sorbonne-universite.fr,Finished,"1 October 2020  2:22 PM","1 October 2020  2:45 PM","23 mins 29 secs",13.89,3.89,3.00,4.00,2.00,0.00,0.00,1.00
Bouyoucef,Assirem,3971113,assirem.bouyoucef@etu.sorbonne-universite.fr,Finished,"5 October 2020  7:04 AM","5 October 2020  7:56 AM","51 mins 13 secs",20.00,5.00,3.00,4.00,2.00,4.00,1.00,1.00
Bouzouaoui,Anes,28616582,anes.bouzouaoui@etu.sorbonne-universite.fr,Finished,"5 October 2020  12:20 AM","5 October 2020  1:37 AM","1 hour 16 mins",15.00,5.00,3.00,4.00,2.00,0.00,0.00,1.00
Boyadjiev,Todor,28507548,todor.boyadjiev.2@etu.sorbonne-universite.fr,-,-,-,-,-,-,-,-,-,-,-,-
Brasseur,Gaëtan,3802696,gaetan.brasseur@etu.sorbonne-universite.fr,Finished,"3 October 2020  4:28 PM","3 October 2020  4:39 PM","10 mins 57 secs",12.78,2.78,2.00,4.00,2.00,0.00,1.00,1.00
Brihmouche,Yacine,28717951,Yacine.Brihmouche@etu.sorbonne-universite.fr,Finished,"4 October 2020  11:10 PM","4 October 2020  11:49 PM","38 mins 55 secs",15.00,5.00,3.00,4.00,2.00,0.00,0.00,1.00
Buisson,Marc,28614429,marc.buisson@etu.sorbonne-universite.fr,Finished,"4 October 2020  11:29 PM","4 October 2020  11:46 PM","17 mins 56 secs",20.00,5.00,3.00,4.00,2.00,4.00,1.00,1.00
Canitrot,Julien,3803521,julien.canitrot@etu.sorbonne-universite.fr,Finished,"30 September 2020  6:25 PM","30 September 2020  7:02 PM","37 mins 18 secs",19.44,4.44,3.00,4.00,2.00,4.00,1.00,1.00
Carton,Lorris,3521310,lorris.carton@etu.sorbonne-universite.fr,Finished,"4 October 2020  5:26 PM","4 October 2020  5:35 PM","8 mins 18 secs",9.56,0.56,3.00,4.00,0.00,0.00,1.00,1.00
Carvalho,Lorenzo,3700288,lorenzo.carvalho@etu.sorbonne-universite.fr,Finished,"5 October 2020  9:30 AM","5 October 2020  10:04 AM","33 mins 34 secs",8.56,0.56,3.00,4.00,-,0.00,1.00,0.00
Cassan,Jules,3810883,jules.cassan@etu.sorbonne-universite.fr,Finished,"29 September 2020  3:12 PM","29 September 2020  3:47 PM","35 mins 1 sec",15.00,5.00,3.00,4.00,2.00,0.00,0.00,1.00
Chafai,Tinhinane,3802927,tinhinane.chafai@etu.sorbonne-universite.fr,Finished,"5 October 2020  6:32 AM","5 October 2020  6:43 AM","11 mins 7 secs",20.00,5.00,3.00,4.00,2.00,4.00,1.00,1.00
"Chan Yip Hon",Boris,3706553,boris.chan_yip_hon@etu.sorbonne-universite.fr,Finished,"4 October 2020  4:17 PM","4 October 2020  5:15 PM","57 mins 28 secs",20.00,5.00,3.00,4.00,2.00,4.00,1.00,1.00
Chea,Sophie,3708951,sophie.chea@etu.sorbonne-universite.fr,Finished,"4 October 2020  8:43 PM","4 October 2020  9:32 PM","48 mins 45 secs",20.00,5.00,3.00,4.00,2.00,4.00,1.00,1.00
Chen,Jinhe,3802503,jinhe.chen@etu.sorbonne-universite.fr,-,-,-,-,-,-,-,-,-,-,-,-
Cherfaoui,Sarah,3874223,sarah.cherfaoui@etu.sorbonne-universite.fr,-,-,-,-,-,-,-,-,-,-,-,-
Cherfaoui,Melissa,28720090,Melissa.Cherfaoui@etu.sorbonne-universite.fr,-,-,-,-,-,-,-,-,-,-,-,-
Chitu,Alex,3701943,alex.chitu@etu.sorbonne-universite.fr,Finished,"5 October 2020  9:01 AM","5 October 2020  9:15 AM","13 mins 14 secs",20.00,5.00,3.00,4.00,2.00,4.00,1.00,1.00
Cineus,Dylan,3302425,dylan.cineus@etu.sorbonne-universite.fr,Finished,"2 October 2020  6:11 PM","2 October 2020  7:56 PM","1 hour 44 mins",15.00,5.00,3.00,4.00,2.00,0.00,0.00,1.00
Ciocan,Clara,3801875,clara.ciocan@etu.sorbonne-universite.fr,Finished,"4 October 2020  1:04 PM","4 October 2020  1:43 PM","38 mins 56 secs",20.00,5.00,3.00,4.00,2.00,4.00,1.00,1.00
Cleuziou,Karl,3800455,karl.cleuziou@etu.sorbonne-universite.fr,Finished,"5 October 2020  4:07 AM","5 October 2020  4:53 AM","46 mins 48 secs",13.44,4.44,3.00,4.00,0.00,0.00,1.00,1.00
Colin,Jacques,3700584,jacques.colin@etu.sorbonne-universite.fr,Finished,"4 October 2020  10:48 AM","4 October 2020  10:57 AM","8 mins 22 secs",20.00,5.00,3.00,4.00,2.00,4.00,1.00,1.00
Coudert,Louis,3800333,louis.coudert@etu.sorbonne-universite.fr,Finished,"2 October 2020  10:46 AM","2 October 2020  11:22 AM","36 mins 18 secs",20.00,5.00,3.00,4.00,2.00,4.00,1.00,1.00
Dauvet,Haron,3700463,haron.dauvet@etu.sorbonne-universite.fr,Finished,"3 October 2020  3:21 PM","3 October 2020  3:55 PM","33 mins 5 secs",20.00,5.00,3.00,4.00,2.00,4.00,1.00,1.00
"De Castelbajac",Matthieu,3800411,matthieu.de_castelbajac@etu.sorbonne-universite.fr,"Never submitted","3 October 2020  5:16 PM",-,-,-,-,-,-,-,-,-,-
Delgado,Thomas,3407716,thomas.delgado@etu.sorbonne-universite.fr,Finished,"4 October 2020  1:56 PM","4 October 2020  2:39 PM","43 mins 33 secs",19.00,5.00,2.00,4.00,2.00,4.00,1.00,1.00
Demeulenaere,Vivien,3706539,vivien.demeulenaere@etu.sorbonne-universite.fr,Finished,"29 September 2020  3:11 PM","29 September 2020  3:46 PM","34 mins 25 secs",15.00,5.00,3.00,4.00,2.00,0.00,0.00,1.00
Djouahra,"Mohamed Akram",28718098,Mohamed_Akram.Djouahra@etu.sorbonne-universite.fr,Finished,"29 October 2020  11:18 PM","29 October 2020  11:38 PM","20 mins 21 secs",20.00,5.00,3.00,4.00,2.00,4.00,1.00,1.00
Djouder,Sarah,3970876,sarah.djouder@etu.sorbonne-universite.fr,Finished,"4 October 2020  9:01 PM","4 October 2020  10:32 PM","1 hour 31 mins",20.00,5.00,3.00,4.00,2.00,4.00,1.00,1.00
Doucouré,Dramane,3520680,dramane.doucoure@etu.sorbonne-universite.fr,Finished,"5 October 2020  12:11 AM","5 October 2020  12:16 AM","5 mins 3 secs",20.00,5.00,3.00,4.00,2.00,4.00,1.00,1.00
Drouin,Reza,3800042,reza.drouin@etu.sorbonne-universite.fr,Finished,"4 October 2020  1:38 PM","4 October 2020  2:18 PM","39 mins 55 secs",15.00,5.00,3.00,4.00,2.00,0.00,0.00,1.00
Du,Qian,3520431,qian.du@etu.sorbonne-universite.fr,Finished,"29 September 2020  10:01 PM","29 September 2020  10:32 PM","31 mins",16.00,5.00,3.00,4.00,-,4.00,0.00,0.00
Dubreuil,Jules,3800417,jules.dubreuil@etu.sorbonne-universite.fr,Finished,"4 October 2020  10:50 PM","4 October 2020  11:23 PM","33 mins 6 secs",20.00,5.00,3.00,4.00,2.00,4.00,1.00,1.00
Dufeutrelle,Hugo,3520375,hugo.dufeutrelle@etu.sorbonne-universite.fr,Finished,"4 October 2020  11:12 AM","4 October 2020  12:15 PM","1 hour 2 mins",18.00,5.00,3.00,4.00,0.00,4.00,1.00,1.00
Dumoulin,Zoé,3702742,zoe.dumoulin@etu.sorbonne-universite.fr,Finished,"4 October 2020  6:37 PM","4 October 2020  7:34 PM","57 mins 31 secs",20.00,5.00,3.00,4.00,2.00,4.00,1.00,1.00
Duval,Aurelien,3872455,aurelien.duval@etu.sorbonne-universite.fr,Finished,"4 October 2020  8:41 PM","4 October 2020  10:18 PM","1 hour 36 mins",20.00,5.00,3.00,4.00,2.00,4.00,1.00,1.00
Dziri,Hakim,3800075,hakim.dziri@etu.sorbonne-universite.fr,Finished,"5 October 2020  12:17 AM","5 October 2020  12:24 AM","7 mins 11 secs",19.00,5.00,2.00,4.00,2.00,4.00,1.00,1.00
"El Fahdi",Ismaël,3802719,ismael.el_fahdi@etu.sorbonne-universite.fr,Finished,"4 October 2020  6:23 PM","4 October 2020  6:52 PM","29 mins 19 secs",15.00,5.00,3.00,4.00,2.00,0.00,0.00,1.00
"El Ghali",Yosr,3802466,yosr.elghali@etu.sorbonne-universite.fr,Finished,"4 October 2020  3:02 PM","4 October 2020  4:10 PM","1 hour 8 mins",11.89,3.89,3.00,4.00,0.00,0.00,0.00,1.00
"El Ghazzi",Sarah,3671094,sarah.el_ghazzi@etu.sorbonne-universite.fr,Finished,"4 October 2020  3:40 PM","4 October 2020  4:18 PM","38 mins 21 secs",20.00,5.00,3.00,4.00,2.00,4.00,1.00,1.00
"El Ghoul",Elio,3803565,elio.el_ghoul@etu.sorbonne-universite.fr,"Never submitted","4 October 2020  11:56 PM",-,-,-,-,-,-,-,-,-,-
Elatri,Sami,3801805,sami.elatri@etu.sorbonne-universite.fr,-,-,-,-,-,-,-,-,-,-,-,-
Ergun,Yavuz,3670777,yavuz.ergun@etu.sorbonne-universite.fr,Finished,"3 October 2020  3:55 PM","3 October 2020  4:03 PM","8 mins",19.00,5.00,2.00,4.00,2.00,4.00,1.00,1.00
Felix,Wycherley-Kassel,3702385,wycherley-kassel.felix@etu.sorbonne-universite.fr,Finished,"3 October 2020  3:49 PM","3 October 2020  3:56 PM","7 mins 1 sec",19.00,5.00,2.00,4.00,2.00,4.00,1.00,1.00
Ferdaoui,Sheïmâa,3802999,sheimaa.ferdaoui@etu.sorbonne-universite.fr,Finished,"4 October 2020  11:53 PM","5 October 2020  12:34 AM","40 mins 32 secs",20.00,5.00,3.00,4.00,2.00,4.00,1.00,1.00
Gabour,Smail,3700149,smail.gabour@etu.sorbonne-universite.fr,Finished,"4 October 2020  5:22 PM","4 October 2020  5:30 PM","7 mins 34 secs",20.00,5.00,3.00,4.00,2.00,4.00,1.00,1.00
Gaillon,Gregoire,3670241,gregoire.gaillon@etu.sorbonne-universite.fr,Finished,"28 September 2020  9:43 PM","28 September 2020  10:38 PM","55 mins 20 secs",14.00,5.00,3.00,4.00,0.00,0.00,1.00,1.00
Galliot,Jules,3802342,jules.galliot@etu.sorbonne-universite.fr,Finished,"4 October 2020  10:50 PM","4 October 2020  11:24 PM","33 mins 41 secs",20.00,5.00,3.00,4.00,2.00,4.00,1.00,1.00
Gigacz,"Kiara Ting Yung Chin",3803025,kiara.gigacz@etu.sorbonne-universite.fr,Finished,"4 October 2020  6:08 PM","4 October 2020  7:57 PM","1 hour 48 mins",19.00,5.00,2.00,4.00,2.00,4.00,1.00,1.00
Goulmot,Cedric,3971371,cedric.goulmot@etu.sorbonne-universite.fr,Finished,"5 October 2020  1:36 AM","5 October 2020  2:55 AM","1 hour 18 mins",12.33,3.33,0.00,4.00,0.00,4.00,0.00,1.00
Grech,Anna,3800494,anna.grech@etu.sorbonne-universite.fr,Finished,"5 October 2020  12:06 AM","5 October 2020  12:43 AM","37 mins 32 secs",20.00,5.00,3.00,4.00,2.00,4.00,1.00,1.00
Gruman,Pierre-Alexandre,28507556,pierre-alexandre.gruman.2@etu.sorbonne-universite.fr,Finished,"4 October 2020  11:34 PM","5 October 2020  12:04 AM","30 mins 29 secs",15.00,5.00,3.00,4.00,2.00,0.00,0.00,1.00
Guio,Clément,3413360,clement.guio@etu.sorbonne-universite.fr,"Never submitted","4 October 2020  6:42 PM",-,-,-,-,-,-,-,-,-,-
Hadj-Arab,Ludmila,3971280,ludmila.hadj-arab@etu.sorbonne-universite.fr,Finished,"4 October 2020  1:10 PM","4 October 2020  2:06 PM","56 mins 6 secs",20.00,5.00,3.00,4.00,2.00,4.00,1.00,1.00
Hadji,Mohamed,3702996,mohamed.hadji@etu.sorbonne-universite.fr,Finished,"4 October 2020  1:33 PM","4 October 2020  2:20 PM","46 mins 21 secs",20.00,5.00,3.00,4.00,2.00,4.00,1.00,1.00
Hamdad,Khellaf,3802811,khellaf.hamdad@etu.sorbonne-universite.fr,Finished,"5 October 2020  7:31 AM","5 October 2020  8:06 AM","35 mins 35 secs",20.00,5.00,3.00,4.00,2.00,4.00,1.00,1.00
Hannachi,Dina,3801528,dina.hannachi@etu.sorbonne-universite.fr,Finished,"4 October 2020  11:05 AM","4 October 2020  11:24 AM","18 mins 39 secs",15.00,5.00,3.00,4.00,2.00,0.00,0.00,1.00
Herman,Margot,28716768,Margot.Herman@etu.sorbonne-universite.fr,Finished,"4 October 2020  10:00 PM","4 October 2020  11:42 PM","1 hour 42 mins",17.44,4.44,3.00,4.00,0.00,4.00,1.00,1.00
"Hernandez Adan","Oriana Rafaela",3802881,oriana.hernandez_adan@etu.sorbonne-universite.fr,Finished,"4 October 2020  10:46 AM","4 October 2020  11:20 AM","33 mins 51 secs",20.00,5.00,3.00,4.00,2.00,4.00,1.00,1.00
Huang,Xinyu,3803966,xinyiu.huang@etu.sorbonne-universite.fr,Finished,"4 October 2020  6:37 PM","4 October 2020  8:19 PM","1 hour 41 mins",20.00,5.00,3.00,4.00,2.00,4.00,1.00,1.00
Huang,Junyang,2302854,junyang.huang@etu.sorbonne-universite.fr,-,-,-,-,-,-,-,-,-,-,-,-
Huant,Raphael,3709095,raphael.huant@etu.sorbonne-universite.fr,Finished,"30 September 2020  9:31 AM","30 September 2020  9:48 AM","16 mins 27 secs",15.00,5.00,3.00,4.00,2.00,0.00,0.00,1.00
"Ibobi Sambila",Osee,3704090,osee.ibobi_sambila@etu.sorbonne-universite.fr,Finished,"4 October 2020  5:16 PM","4 October 2020  5:47 PM","31 mins 30 secs",19.44,4.44,3.00,4.00,2.00,4.00,1.00,1.00
Ikhlef,Nadjia,28718372,Nadjia.Ikhlef@etu.sorbonne-universite.fr,Finished,"3 October 2020  5:26 PM","3 October 2020  6:42 PM","1 hour 15 mins",15.44,4.44,3.00,4.00,0.00,4.00,0.00,0.00
Ith,Marc,3302184,marc.ith@etu.sorbonne-universite.fr,Finished,"5 October 2020  5:03 AM","5 October 2020  6:59 AM","1 hour 55 mins",8.56,0.56,3.00,4.00,0.00,0.00,0.00,1.00
Jday,Achraf,3802410,achraf.jday@etu.sorbonne-universite.fr,Finished,"3 October 2020  4:29 PM","3 October 2020  4:47 PM","18 mins 3 secs",15.00,5.00,3.00,4.00,2.00,0.00,0.00,1.00
Jebari,Firas,3802713,firas.jebari@etu.sorbonne-universite.fr,Finished,"3 October 2020  4:09 PM","3 October 2020  5:31 PM","1 hour 21 mins",15.00,5.00,3.00,4.00,2.00,0.00,0.00,1.00
Kaci-Chaouche,Omar,3521322,omar.kaci-chaouche@etu.sorbonne-universite.fr,Finished,"5 October 2020  2:28 AM","5 October 2020  2:47 AM","18 mins 55 secs",20.00,5.00,3.00,4.00,2.00,4.00,1.00,1.00
Kahil,Amine,28616887,amine.kahil@etu.sorbonne-universite.fr,Finished,"4 October 2020  4:55 PM","4 October 2020  5:57 PM","1 hour 1 min",13.33,3.33,3.00,4.00,2.00,0.00,0.00,1.00
Kaïdouchi,Amira,3700530,amira.kaidouchi@etu.sorbonne-universite.fr,Finished,"4 October 2020  5:47 PM","4 October 2020  6:50 PM","1 hour 3 mins",20.00,5.00,3.00,4.00,2.00,4.00,1.00,1.00
Kandeepan,Mathuran,3800103,mathuran.kandeepan@etu.sorbonne-universite.fr,Finished,"3 October 2020  10:17 AM","3 October 2020  10:54 AM","36 mins 36 secs",19.44,4.44,3.00,4.00,2.00,4.00,1.00,1.00
Kassab,Mouad,3700640,mouad.kassab@etu.sorbonne-universite.fr,Finished,"4 October 2020  10:44 PM","5 October 2020  12:40 AM","1 hour 55 mins",20.00,5.00,3.00,4.00,2.00,4.00,1.00,1.00
Kasten,Harold,3805644,harold.kasten@etu.sorbonne-universite.fr,Finished,"4 October 2020  10:50 PM","4 October 2020  11:21 PM","31 mins 5 secs",20.00,5.00,3.00,4.00,2.00,4.00,1.00,1.00
Kaya,Delphine,3800099,delphine.kaya@etu.sorbonne-universite.fr,Finished,"3 October 2020  2:35 PM","3 October 2020  3:31 PM","56 mins 21 secs",20.00,5.00,3.00,4.00,2.00,4.00,1.00,1.00
Kerdouche,Nabil,3802336,nabil.kerdouche@etu.sorbonne-universite.fr,Finished,"4 October 2020  1:45 PM","4 October 2020  3:13 PM","1 hour 28 mins",20.00,5.00,3.00,4.00,2.00,4.00,1.00,1.00
Kettouche,Tinhinane,3803639,tinhinane.kettouche@etu.sorbonne-universite.fr,-,-,-,-,-,-,-,-,-,-,-,-
Khalid,Ruhma,3710442,ruhma.khalid@etu.sorbonne-universite.fr,-,-,-,-,-,-,-,-,-,-,-,-
Kharbouche,Ibrahim,3671035,ibrahim.kharbouche@etu.sorbonne-universite.fr,Finished,"4 October 2020  10:28 PM","4 October 2020  11:12 PM","43 mins 51 secs",16.00,5.00,3.00,4.00,2.00,0.00,1.00,1.00
Kireche,Koceila,28717834,Koceila.Kireche@etu.sorbonne-universite.fr,Finished,"4 October 2020  7:54 PM","4 October 2020  9:54 PM","1 hour 59 mins",16.00,5.00,3.00,4.00,2.00,0.00,1.00,1.00
Kling,Paul,3670056,paul.kling@etu.sorbonne-universite.fr,Finished,"4 October 2020  8:50 PM","4 October 2020  9:48 PM","58 mins 14 secs",20.00,5.00,3.00,4.00,2.00,4.00,1.00,1.00
Komen,Dimitri,3603619,dimitri.komen@etu.sorbonne-universite.fr,Finished,"3 October 2020  3:11 PM","3 October 2020  4:25 PM","1 hour 13 mins",15.56,0.56,3.00,4.00,2.00,4.00,1.00,1.00
Kordon,Djeser,3772433,djeser.kordon@etu.sorbonne-universite.fr,Finished,"3 October 2020  3:22 PM","3 October 2020  3:55 PM","33 mins 2 secs",20.00,5.00,3.00,4.00,2.00,4.00,1.00,1.00
Koroglu,Mathis,3711799,mathis.koroglu@etu.sorbonne-universite.fr,Finished,"4 October 2020  10:49 PM","4 October 2020  11:10 PM","20 mins 36 secs",20.00,5.00,3.00,4.00,2.00,4.00,1.00,1.00
Kostadinovic,Nikola,3801695,nikola.kostadinovic@etu.sorbonne-universite.fr,Finished,"2 October 2020  11:16 PM","2 October 2020  11:26 PM","10 mins 45 secs",15.00,5.00,3.00,4.00,2.00,0.00,0.00,1.00
Krisni,Almehdi,3800519,almehdi.krisni@etu.sorbonne-universite.fr,Finished,"4 October 2020  11:27 PM","5 October 2020  12:07 AM","40 mins 5 secs",16.00,5.00,3.00,4.00,2.00,0.00,1.00,1.00
Kwonn,Simon,3709743,simon.kwonn@etu.sorbonne-universite.fr,Finished,"30 September 2020  11:57 AM","30 September 2020  12:12 PM","15 mins 12 secs",15.00,5.00,3.00,4.00,2.00,0.00,0.00,1.00
Lachemot,Cédric,3705179,cedric.lachemot@etu.sorbonne-universite.fr,Finished,"4 October 2020  11:19 PM","5 October 2020  12:10 AM","51 mins 10 secs",20.00,5.00,3.00,4.00,2.00,4.00,1.00,1.00
Lachgar,Amine,3802257,amine.lachgar@etu.sorbonne-universite.fr,-,-,-,-,-,-,-,-,-,-,-,-
Lahfa,Samy,3706599,samy.lahfa@etu.sorbonne-universite.fr,Finished,"5 October 2020  12:08 AM","5 October 2020  12:36 AM","28 mins 4 secs",15.00,5.00,3.00,4.00,2.00,0.00,0.00,1.00
"Lam A",Leo,28712991,Leo.Lam_A@etu.sorbonne-universite.fr,Finished,"4 October 2020  10:22 PM","4 October 2020  10:46 PM","23 mins 32 secs",20.00,5.00,3.00,4.00,2.00,4.00,1.00,1.00
Lange,Mathilde,28504995,mathilde.lange.2@etu.sorbonne-universite.fr,Finished,"4 October 2020  3:05 PM","4 October 2020  4:36 PM","1 hour 31 mins",20.00,5.00,3.00,4.00,2.00,4.00,1.00,1.00
Langlais,Rafaël,3520624,rafael.langlais@etu.sorbonne-universite.fr,Finished,"29 September 2020  2:15 PM","29 September 2020  3:15 PM","59 mins 28 secs",20.00,5.00,3.00,4.00,2.00,4.00,1.00,1.00
Larbi,Melissa,3971141,melissa.larbi@etu.sorbonne-universite.fr,Finished,"4 October 2020  9:48 PM","4 October 2020  10:29 PM","41 mins 1 sec",15.00,5.00,3.00,4.00,2.00,0.00,0.00,1.00
Lassadi,Nassim,3707173,nassim.lassadi@etu.sorbonne-universite.fr,Finished,"5 October 2020  9:30 AM","5 October 2020  9:57 AM","27 mins 58 secs",19.00,5.00,2.00,4.00,2.00,4.00,1.00,1.00
Lay,Kenny,3801173,kenny.lay@etu.sorbonne-universite.fr,Finished,"29 September 2020  3:11 PM","29 September 2020  3:47 PM","35 mins 18 secs",15.00,5.00,3.00,4.00,2.00,0.00,0.00,1.00
Le,"Hai Nam",28613397,hai.le@etu.sorbonne-universite.fr,Finished,"3 October 2020  9:14 AM","3 October 2020  9:35 AM","20 mins 17 secs",17.00,5.00,3.00,4.00,0.00,4.00,0.00,1.00
Le,Doan,3875020,doan.le@etu.sorbonne-universite.fr,Finished,"4 October 2020  9:47 PM","4 October 2020  10:25 PM","37 mins 15 secs",14.44,4.44,3.00,4.00,2.00,0.00,0.00,1.00
Lebazda--Gauthier,Benoît,3702867,benoit.lebazda--gauthier@etu.sorbonne-universite.fr,Finished,"3 October 2020  5:23 PM","3 October 2020  5:37 PM","13 mins 35 secs",13.89,3.89,3.00,4.00,2.00,0.00,0.00,1.00
Lecocq,Yoann,3708077,yoann.lecocq@etu.sorbonne-universite.fr,Finished,"5 October 2020  8:47 AM","5 October 2020  8:55 AM","7 mins 35 secs",20.00,5.00,3.00,4.00,2.00,4.00,1.00,1.00
Lefebure,Pierre,3674815,pierre.lefebure@etu.sorbonne-universite.fr,-,-,-,-,-,-,-,-,-,-,-,-
Lefevre,Manon,3800422,manon.lefevre@etu.sorbonne-universite.fr,Finished,"3 October 2020  2:35 PM","3 October 2020  3:31 PM","56 mins 26 secs",20.00,5.00,3.00,4.00,2.00,4.00,1.00,1.00
Lemaitre,Alexandre,3876023,alexandre.lemaitre@etu.sorbonne-universite.fr,-,-,-,-,-,-,-,-,-,-,-,-
Li,Ziyou,3802432,ziyou.li@etu.sorbonne-universite.fr,Finished,"5 October 2020  8:52 AM","5 October 2020  9:07 AM","15 mins 25 secs",18.00,5.00,3.00,4.00,0.00,4.00,1.00,1.00
Lifsal,Loubna,3309154,loubna.lifsal@etu.sorbonne-universite.fr,Finished,"5 October 2020  9:37 AM","5 October 2020  10:42 AM","1 hour 4 mins",18.89,3.89,3.00,4.00,2.00,4.00,1.00,1.00
Lin,Daniel,3700421,daniel.lin@etu.sorbonne-universite.fr,Finished,"3 October 2020  1:24 PM","3 October 2020  2:08 PM","44 mins 43 secs",15.56,0.56,3.00,4.00,2.00,4.00,1.00,1.00
Loi,Alessia,3971668,alessia.loi@etu.sorbonne-universite.fr,Finished,"4 October 2020  11:39 PM","5 October 2020  1:06 AM","1 hour 26 mins",20.00,5.00,3.00,4.00,2.00,4.00,1.00,1.00
Lu,Raymond,3700479,raymond.lu@etu.sorbonne-universite.fr,Finished,"4 October 2020  2:42 PM","4 October 2020  4:07 PM","1 hour 24 mins",20.00,5.00,3.00,4.00,2.00,4.00,1.00,1.00
Lu,Alexandra,3700615,alexandra.lu@etu.sorbonne-universite.fr,"Never submitted","4 October 2020  6:37 PM",-,-,-,-,-,-,-,-,-,-
Ly,Sylvie,3522190,sylvie.ly@etu.sorbonne-universite.fr,Finished,"4 October 2020  5:01 PM","4 October 2020  5:17 PM","16 mins 2 secs",20.00,5.00,3.00,4.00,2.00,4.00,1.00,1.00
M'Barek,Heikel,3201218,heikel.mbarek@etu.sorbonne-universite.fr,Finished,"5 October 2020  12:49 AM","5 October 2020  1:50 AM","1 hour",20.00,5.00,3.00,4.00,2.00,4.00,1.00,1.00
Maafa,Zin,3803950,zin.maafa@etu.sorbonne-universite.fr,Finished,"4 October 2020  10:41 PM","4 October 2020  11:13 PM","32 mins 18 secs",20.00,5.00,3.00,4.00,2.00,4.00,1.00,1.00
"Mahad Ismail",Roukia,3874897,roukia.mahad-ismail@etu.sorbonne-universite.fr,Finished,"5 October 2020  8:31 AM","5 October 2020  9:33 AM","1 hour 1 min",15.00,-,3.00,4.00,2.00,4.00,1.00,1.00
Manimtim,Alexandre,3407834,alexandre.manimtim@etu.sorbonne-universite.fr,-,-,-,-,-,-,-,-,-,-,-,-
Mariller,Vincent,3700041,vincent.mariller@etu.sorbonne-universite.fr,-,-,-,-,-,-,-,-,-,-,-,-
Marzougui,Syrine,3803611,syrine.marzougui@etu.sorbonne-universite.fr,Finished,"5 October 2020  8:09 AM","5 October 2020  8:32 AM","23 mins 25 secs",20.00,5.00,3.00,4.00,2.00,4.00,1.00,1.00
Maurel,Perrine,28502791,perrine.maurel.2@etu.sorbonne-universite.fr,Finished,"30 September 2020  12:08 PM","30 September 2020  12:27 PM","18 mins 43 secs",18.00,5.00,3.00,4.00,0.00,4.00,1.00,1.00
Mehdi,Sarah,3971165,sarah.mehdi.1@etu.sorbonne-universite.fr,Finished,"5 October 2020  12:17 AM","5 October 2020  12:54 AM","37 mins 29 secs",20.00,5.00,3.00,4.00,2.00,4.00,1.00,1.00
Mellul,Yona,3800646,yona.mellul@etu.sorbonne-universite.fr,Finished,"4 October 2020  8:56 PM","4 October 2020  9:02 PM","6 mins 22 secs",20.00,5.00,3.00,4.00,2.00,4.00,1.00,1.00
Mendas,Rosa,3802558,rosa.mendas@etu.sorbonne-universite.fr,Finished,"4 October 2020  10:27 PM","4 October 2020  11:03 PM","35 mins 59 secs",20.00,5.00,3.00,4.00,2.00,4.00,1.00,1.00
Mendes,Hugo,3670527,hugo.mendes@etu.sorbonne-universite.fr,Finished,"4 October 2020  3:10 PM","4 October 2020  3:47 PM","37 mins 4 secs",20.00,5.00,3.00,4.00,2.00,4.00,1.00,1.00
Merle-Remond,Julian,3700191,julian.merle-remond@etu.sorbonne-universite.fr,Finished,"28 September 2020  9:48 PM","28 September 2020  10:35 PM","46 mins 43 secs",14.00,5.00,3.00,4.00,0.00,0.00,1.00,1.00
Merzouk,Kenza,3803468,kenza.merzouk@etu.sorbonne-universite.fr,Finished,"5 October 2020  6:16 AM","5 October 2020  8:20 AM","2 hours 4 mins",20.00,5.00,3.00,4.00,2.00,4.00,1.00,1.00
Meziane,Mohamed,3802500,mohamed.meziane@etu.sorbonne-universite.fr,Finished,"4 October 2020  9:29 PM","4 October 2020  10:07 PM","38 mins 11 secs",20.00,5.00,3.00,4.00,2.00,4.00,1.00,1.00
Mistry,Manishkumar,3671086,manishkumar.mistry@etu.sorbonne-universite.fr,Finished,"3 October 2020  10:00 PM","3 October 2020  10:32 PM","31 mins 26 secs",20.00,5.00,3.00,4.00,2.00,4.00,1.00,1.00
Mistry,Darshan,3670280,darshan.mistry@etu.sorbonne-universite.fr,Finished,"4 October 2020  10:57 AM","4 October 2020  11:39 AM","41 mins 13 secs",20.00,5.00,3.00,4.00,2.00,4.00,1.00,1.00
Mohammedi,Vanessa,3671439,vanessa.mohammedi@etu.sorbonne-universite.fr,Finished,"4 October 2020  8:28 PM","4 October 2020  9:57 PM","1 hour 29 mins",20.00,5.00,3.00,4.00,2.00,4.00,1.00,1.00
Mohellebi,Melissa,3971070,melissa.mohellebi@etu.sorbonne-universite.fr,"Never submitted","4 October 2020  10:55 PM",-,-,-,-,-,-,-,-,-,-
Monnereau,Irena,3670050,irena.monnereau@etu.sorbonne-universite.fr,Finished,"4 October 2020  10:45 AM","4 October 2020  11:10 AM","25 mins 8 secs",15.00,5.00,3.00,4.00,2.00,0.00,0.00,1.00
Moreau,Léonard,3800364,leonard.moreau@etu.sorbonne-universite.fr,Finished,"4 October 2020  11:13 PM","4 October 2020  11:47 PM","34 mins 27 secs",20.00,5.00,3.00,4.00,2.00,4.00,1.00,1.00
Mosgoreanu,"Alexandru Zaharia",28717021,Alexandru_Zaharia.Mosgoreanu@etu.sorbonne-universite.fr,Finished,"4 October 2020  6:59 PM","4 October 2020  7:45 PM","45 mins 58 secs",20.00,5.00,3.00,4.00,2.00,4.00,1.00,1.00
Moulouel,Myriem,3802291,myriem.moulouel@etu.sorbonne-universite.fr,Finished,"5 October 2020  7:51 AM","5 October 2020  8:56 AM","1 hour 5 mins",20.00,5.00,3.00,4.00,2.00,4.00,1.00,1.00
Moyet,Candice,3801474,candice.moyet@etu.sorbonne-universite.fr,Finished,"3 October 2020  3:50 PM","3 October 2020  4:34 PM","44 mins 11 secs",13.89,3.89,3.00,4.00,2.00,0.00,0.00,1.00
Nam,Maxime,3301246,maxime.nam@etu.sorbonne-universite.fr,Finished,"4 October 2020  5:00 PM","4 October 2020  6:48 PM","1 hour 47 mins",18.33,3.33,3.00,4.00,2.00,4.00,1.00,1.00
Naumenko,Polina,3521154,polina.naumenko@etu.sorbonne-universite.fr,Finished,"5 October 2020  8:40 AM","5 October 2020  9:07 AM","26 mins 55 secs",20.00,5.00,3.00,4.00,2.00,4.00,1.00,1.00
Ngamy,Gianni-Alessandro,3703993,gianni-alessandro.ngamy@etu.sorbonne-universite.fr,Finished,"4 October 2020  6:23 PM","4 October 2020  6:53 PM","29 mins 43 secs",15.00,5.00,3.00,4.00,2.00,0.00,0.00,1.00
Nguyen,"Minh Anh",3802621,minh.nguyen.6@etu.sorbonne-universite.fr,Finished,"4 October 2020  3:35 PM","4 October 2020  4:04 PM","28 mins 12 secs",19.00,5.00,3.00,3.00,2.00,4.00,1.00,1.00
Niang,Fallou,3803961,fallou.niang@etu.sorbonne-universite.fr,Finished,"4 October 2020  11:35 PM","5 October 2020  12:05 AM","29 mins 41 secs",18.89,3.89,3.00,4.00,2.00,4.00,1.00,1.00
"Normand De La Tranchade",François,3671913,francois.normand_de_la_tranchade@etu.sorbonne-universite.fr,Finished,"4 October 2020  8:18 PM","4 October 2020  8:56 PM","38 mins",12.00,5.00,0.00,4.00,2.00,0.00,0.00,1.00
Oses,Jean-Baptiste,3700565,jean-baptiste.oses@etu.sorbonne-universite.fr,Finished,"4 October 2020  9:43 PM","4 October 2020  10:15 PM","31 mins 35 secs",19.44,4.44,3.00,4.00,2.00,4.00,1.00,1.00
Oudjani,Yasmine,3803009,yasmine.oudjani@etu.sorbonne-universite.fr,Finished,"4 October 2020  10:47 PM","4 October 2020  11:02 PM","14 mins 28 secs",19.00,5.00,3.00,4.00,2.00,4.00,0.00,1.00
Pareau,Mathilde,3800446,mathilde.pareau@etu.sorbonne-universite.fr,Finished,"2 October 2020  10:46 AM","2 October 2020  11:22 AM","36 mins 16 secs",20.00,5.00,3.00,4.00,2.00,4.00,1.00,1.00
Parichault,Antoine,3803454,antoine.parichault@etu.sorbonne-universite.fr,Finished,"5 October 2020  12:10 AM","5 October 2020  12:32 AM","21 mins 32 secs",13.00,5.00,3.00,4.00,0.00,0.00,0.00,1.00
Pironin,Julie,3802614,julie.pironin@etu.sorbonne-universite.fr,Finished,"4 October 2020  2:34 PM","4 October 2020  3:12 PM","38 mins 50 secs",18.00,5.00,3.00,4.00,0.00,4.00,1.00,1.00
Polit,Titouan,3800511,titouan.polit@etu.sorbonne-universite.fr,Finished,"2 October 2020  3:58 PM","2 October 2020  4:40 PM","41 mins 50 secs",20.00,5.00,3.00,4.00,2.00,4.00,1.00,1.00
Popescu,"Diana Elena",28717024,Diana_Elena.Popescu@etu.sorbonne-universite.fr,Finished,"4 October 2020  7:57 PM","4 October 2020  8:33 PM","35 mins 20 secs",20.00,5.00,3.00,4.00,2.00,4.00,1.00,1.00
Poulain,Claire,3679357,claire.poulain@etu.sorbonne-universite.fr,Finished,"4 October 2020  10:00 AM","4 October 2020  10:10 AM","10 mins 16 secs",20.00,5.00,3.00,4.00,2.00,4.00,1.00,1.00
Prostakov,Andrey,3802515,andrey.prostakov@etu.sorbonne-universite.fr,Finished,"4 October 2020  10:19 PM","4 October 2020  10:26 PM","6 mins 25 secs",15.00,5.00,3.00,4.00,2.00,0.00,0.00,1.00
Quest,Alexis,3703346,alexis.quest@etu.sorbonne-universite.fr,Finished,"4 October 2020  12:29 PM","4 October 2020  1:04 PM","35 mins 20 secs",20.00,5.00,3.00,4.00,2.00,4.00,1.00,1.00
Queuvin,Thomas,3700185,thomas.queuvin@etu.sorbonne-universite.fr,-,-,-,-,-,-,-,-,-,-,-,-
Rapaport,Solal,3711387,solal.rapaport@etu.sorbonne-universite.fr,Finished,"4 October 2020  9:53 PM","4 October 2020  10:24 PM","31 mins 45 secs",18.00,5.00,2.00,3.00,2.00,4.00,1.00,1.00
Rayon-Richter,Malou,3708307,malou.rayon-richter@etu.sorbonne-universite.fr,Finished,"4 October 2020  8:51 PM","4 October 2020  9:02 PM","10 mins 31 secs",16.00,5.00,3.00,4.00,0.00,4.00,0.00,0.00
Rebai,Sofiane,3674205,sofiane.rebai@etu.sorbonne-universite.fr,Finished,"5 October 2020  8:41 AM","5 October 2020  9:05 AM","24 mins 10 secs",20.00,5.00,3.00,4.00,2.00,4.00,1.00,1.00
"Riffaud De Turckheim",Hugo,3800256,hugo.riffaud_de_turckheim@etu.sorbonne-universite.fr,Finished,"3 October 2020  3:39 PM","3 October 2020  4:33 PM","54 mins 26 secs",13.89,3.89,3.00,4.00,2.00,0.00,0.00,1.00
Roch,Stuart,3309168,stuart.roch@etu.sorbonne-universite.fr,Finished,"4 October 2020  5:07 PM","4 October 2020  5:53 PM","45 mins 13 secs",15.00,5.00,3.00,4.00,2.00,0.00,0.00,1.00
Roqui,David,3873784,david.roqui@etu.sorbonne-universite.fr,Finished,"4 October 2020  8:25 PM","4 October 2020  9:54 PM","1 hour 29 mins",15.33,3.33,3.00,4.00,0.00,4.00,1.00,0.00
Rossi,Johan-Luca,3872354,johan-luca.rossi@etu.sorbonne-universite.fr,Finished,"3 October 2020  3:22 PM","3 October 2020  3:55 PM","33 mins 6 secs",20.00,5.00,3.00,4.00,2.00,4.00,1.00,1.00
Rouba,Islam,3802420,islam.rouba@etu.sorbonne-universite.fr,Finished,"4 October 2020  10:57 PM","4 October 2020  11:16 PM","19 mins 21 secs",20.00,5.00,3.00,4.00,2.00,4.00,1.00,1.00
Rzeszutko,Kamil,2800282,kamil.rzeszutko@etu.sorbonne-universite.fr,Finished,"5 October 2020  8:49 AM","5 October 2020  10:45 AM","1 hour 56 mins",6.44,4.44,1.00,-,-,-,1.00,0.00
Sabatino,Francesco,3811132,francesco.sabatino@etu.sorbonne-universite.fr,Finished,"4 October 2020  6:48 PM","4 October 2020  7:10 PM","21 mins 54 secs",18.00,5.00,3.00,4.00,2.00,4.00,0.00,0.00
Saber,Hakim,3415762,hakim.saber@etu.sorbonne-universite.fr,-,-,-,-,-,-,-,-,-,-,-,-
Saichi,Lina,3803151,lina.saichi@etu.sorbonne-universite.fr,Finished,"4 October 2020  11:27 PM","5 October 2020  12:27 AM","59 mins 47 secs",20.00,5.00,3.00,4.00,2.00,4.00,1.00,1.00
Salfati,Elisa,3800104,elisa.salfati@etu.sorbonne-universite.fr,Finished,"1 October 2020  4:49 PM","1 October 2020  5:34 PM","44 mins 39 secs",18.00,5.00,3.00,4.00,2.00,4.00,0.00,0.00
Sameur,Samir,3872902,samir.sameur@etu.sorbonne-universite.fr,Finished,"29 September 2020  7:23 PM","29 September 2020  8:42 PM","1 hour 19 mins",8.33,3.33,3.00,1.00,0.00,0.00,0.00,1.00
Seang,Chea-Jimmy,3703893,chea-jimmy.seang@etu.sorbonne-universite.fr,Finished,"28 September 2020  9:51 PM","28 September 2020  10:37 PM","45 mins 40 secs",14.00,5.00,3.00,4.00,0.00,0.00,1.00,1.00
Selliah,Sarujen,3701184,sarujen.selliah@etu.sorbonne-universite.fr,Finished,"3 October 2020  12:39 PM","3 October 2020  1:09 PM","30 mins 53 secs",18.33,3.33,3.00,4.00,2.00,4.00,1.00,1.00
Sennour,"Mohammed Wail",28616082,mohammed.sennour@etu.sorbonne-universite.fr,Finished,"4 October 2020  10:16 PM","4 October 2020  10:29 PM","12 mins 54 secs",20.00,5.00,3.00,4.00,2.00,4.00,1.00,1.00
Senyuz,"Miray Suzan",3802805,miray.senyuz@etu.sorbonne-universite.fr,Finished,"4 October 2020  8:32 PM","4 October 2020  10:23 PM","1 hour 50 mins",20.00,5.00,3.00,4.00,2.00,4.00,1.00,1.00
Serraf,Dan,3971120,dan.serraf@etu.sorbonne-universite.fr,Finished,"5 October 2020  12:11 AM","5 October 2020  1:12 AM","1 hour",20.00,5.00,3.00,4.00,2.00,4.00,1.00,1.00
Sidia,Amir,3670888,amir.sidia@etu.sorbonne-universite.fr,Finished,"5 October 2020  12:25 AM","5 October 2020  1:19 AM","54 mins 33 secs",20.00,5.00,3.00,4.00,2.00,4.00,1.00,1.00
Simion,Mathys,28705217,Mathys.Simion@etu.sorbonne-universite.fr,-,-,-,-,-,-,-,-,-,-,-,-
Slimani,Hiba,3703036,hiba.slimani@etu.sorbonne-universite.fr,Finished,"5 October 2020  1:01 AM","5 October 2020  2:27 AM","1 hour 26 mins",10.67,1.67,2.00,3.00,2.00,0.00,1.00,1.00
Song,Yifei,3970712,yifei.song@etu.sorbonne-universite.fr,Finished,"4 October 2020  5:14 PM","4 October 2020  6:35 PM","1 hour 21 mins",20.00,5.00,3.00,4.00,2.00,4.00,1.00,1.00
Soulignadeth,Willy,3800002,willy.soulignadeth@etu.sorbonne-universite.fr,Finished,"4 October 2020  11:03 PM","4 October 2020  11:06 PM","3 mins 35 secs",19.00,5.00,3.00,3.00,2.00,4.00,1.00,1.00
Soutil,Aurélien,3700451,aurelien.soutil@etu.sorbonne-universite.fr,Finished,"1 October 2020  2:02 PM","1 October 2020  2:20 PM","18 mins 9 secs",15.00,5.00,3.00,4.00,2.00,0.00,0.00,1.00
Sow,Fatou,28503374,fatou.sow.2@etu.sorbonne-universite.fr,Finished,"4 October 2020  2:26 PM","4 October 2020  4:26 PM","1 hour 59 mins",18.00,5.00,3.00,4.00,2.00,4.00,0.00,-
Suhana,Satria,3800274,satria.suhana@etu.sorbonne-universite.fr,Finished,"4 October 2020  6:47 PM","4 October 2020  7:57 PM","1 hour 9 mins",17.00,5.00,3.00,4.00,0.00,4.00,0.00,1.00
Sy,"Virak Bot Baramy",3407325,virak.sy@etu.sorbonne-universite.fr,Finished,"4 October 2020  11:19 PM","5 October 2020  12:35 AM","1 hour 16 mins",20.00,5.00,3.00,4.00,2.00,4.00,1.00,1.00
Szczerba,Kamil,28614283,kamil.szczerba@etu.sorbonne-universite.fr,Finished,"28 September 2020  8:53 PM","28 September 2020  9:07 PM","14 mins 18 secs",16.00,5.00,3.00,4.00,2.00,0.00,1.00,1.00
Taleb,Rida,3804264,rida.taleb@etu.sorbonne-universite.fr,Finished,"3 October 2020  4:30 PM","3 October 2020  4:42 PM","11 mins 35 secs",15.00,5.00,3.00,4.00,2.00,0.00,0.00,1.00
Tang,Christophe,3802892,christophe.tang@etu.sorbonne-universite.fr,Finished,"4 October 2020  6:08 PM","4 October 2020  7:34 PM","1 hour 26 mins",20.00,5.00,3.00,4.00,2.00,4.00,1.00,1.00
Tat,Jonathan,3874133,jonathan.tat@etu.sorbonne-universite.fr,Finished,"4 October 2020  9:25 PM","4 October 2020  10:12 PM","46 mins 28 secs",19.00,5.00,2.00,4.00,2.00,4.00,1.00,1.00
Tchen,Clement,3703339,clement.tchen@etu.sorbonne-universite.fr,Finished,"5 October 2020  10:16 AM","5 October 2020  10:44 AM","28 mins",6.00,0.00,3.00,2.00,0.00,0.00,0.00,1.00
Thelineau,Jeremy,3200147,jeremy.thelineau@etu.sorbonne-universite.fr,-,-,-,-,-,-,-,-,-,-,-,-
Theodosiou,Michalis,3151223,michalis.theodosiou@etu.sorbonne-universite.fr,-,-,-,-,-,-,-,-,-,-,-,-
Theret,Ingrid,3201608,ingrid.theret@etu.sorbonne-universite.fr,Finished,"4 October 2020  2:25 PM","4 October 2020  2:43 PM","18 mins 4 secs",20.00,5.00,3.00,4.00,2.00,4.00,1.00,1.00
Thiam,Mohamed,3672502,mohamed.thiam@etu.sorbonne-universite.fr,Finished,"4 October 2020  1:11 PM","4 October 2020  1:46 PM","34 mins 48 secs",20.00,5.00,3.00,4.00,2.00,4.00,1.00,1.00
Thurairajah,Shaithan,3802984,shaithan.thurairajah@etu.sorbonne-universite.fr,Finished,"3 October 2020  4:45 PM","3 October 2020  5:05 PM","19 mins 56 secs",20.00,5.00,3.00,4.00,2.00,4.00,1.00,1.00
Tibi,Gad,3801996,gad.tibi@etu.sorbonne-universite.fr,Finished,"4 October 2020  8:28 PM","4 October 2020  8:33 PM","4 mins 35 secs",18.00,5.00,3.00,4.00,2.00,4.00,0.00,0.00
Toullalan,Antoine,3706648,antoine.toullalan@etu.sorbonne-universite.fr,Finished,"3 October 2020  9:01 PM","3 October 2020  9:32 PM","31 mins 24 secs",13.33,3.33,3.00,4.00,2.00,0.00,0.00,1.00
Tran,Kevin,3700914,kevin.tran@etu.sorbonne-universite.fr,Finished,"4 October 2020  9:19 PM","4 October 2020  9:29 PM","10 mins 14 secs",20.00,5.00,3.00,4.00,2.00,4.00,1.00,1.00
Traore,Khadidja,3800559,khadidja.traore@etu.sorbonne-universite.fr,Finished,"4 October 2020  6:44 PM","4 October 2020  7:13 PM","28 mins 44 secs",19.00,5.00,3.00,4.00,2.00,4.00,1.00,0.00
Trouve,Alex,3700052,alex.trouve@etu.sorbonne-universite.fr,Finished,"2 October 2020  12:56 PM","2 October 2020  1:28 PM","32 mins 20 secs",15.00,5.00,3.00,4.00,2.00,0.00,0.00,1.00
Ung,Thierry,3804472,thierry.ung@etu.sorbonne-universite.fr,Finished,"4 October 2020  6:52 PM","4 October 2020  7:36 PM","43 mins 54 secs",20.00,5.00,3.00,4.00,2.00,4.00,1.00,1.00
"Van Remoortere",Pierre,28007865,pierre.van_remoortere.1@etu.sorbonne-universite.fr,"Never submitted","4 October 2020  7:57 PM",-,-,-,-,-,-,-,-,-,-
Vang,Danny,3670334,danny.vang@etu.sorbonne-universite.fr,Finished,"2 October 2020  5:38 PM","2 October 2020  5:51 PM","13 mins",15.00,5.00,3.00,4.00,2.00,0.00,0.00,1.00
Vanrycke,Loann,3811248,loann.vanrycke@etu.sorbonne-universite.fr,Finished,"4 October 2020  6:32 PM","4 October 2020  7:13 PM","40 mins 15 secs",18.89,3.89,3.00,4.00,2.00,4.00,1.00,1.00
Villard,Lorenzo,3801327,lorenzo.villard@etu.sorbonne-universite.fr,-,-,-,-,-,-,-,-,-,-,-,-
Xu,Jin,3700044,jin.xu@etu.sorbonne-universite.fr,Finished,"4 October 2020  8:00 PM","4 October 2020  8:31 PM","31 mins 2 secs",10.89,3.89,3.00,4.00,0.00,0.00,0.00,0.00
Yalcin,Mehmet,3702332,mehmet.yalcin@etu.sorbonne-universite.fr,Finished,"4 October 2020  9:44 PM","4 October 2020  11:10 PM","1 hour 25 mins",20.00,5.00,3.00,4.00,2.00,4.00,1.00,1.00
Yang,Qing,3872484,qing.yang@etu.sorbonne-universite.fr,-,-,-,-,-,-,-,-,-,-,-,-
Yao,Qingyuan,3970770,qingyuan.yao@etu.sorbonne-universite.fr,Finished,"4 October 2020  9:40 PM","4 October 2020  10:03 PM","23 mins 14 secs",16.00,5.00,3.00,4.00,2.00,0.00,1.00,1.00
Ye,William,3413637,william.ye@etu.sorbonne-universite.fr,Finished,"4 October 2020  3:40 PM","4 October 2020  4:21 PM","41 mins 27 secs",20.00,5.00,3.00,4.00,2.00,4.00,1.00,1.00
Zerrouki,Elies,3802658,elies.zerrouki@etu.sorbonne-universite.fr,Finished,"4 October 2020  7:11 PM","4 October 2020  8:12 PM","1 hour",20.00,5.00,3.00,4.00,2.00,4.00,1.00,1.00
Zhang,Kevin,3520893,kevin.zhang@etu.sorbonne-universite.fr,Finished,"4 October 2020  8:45 PM","4 October 2020  9:21 PM","35 mins 59 secs",20.00,5.00,3.00,4.00,2.00,4.00,1.00,1.00
Zhang,Kate,3800131,kate.zhang@etu.sorbonne-universite.fr,Finished,"2 October 2020  9:35 PM","2 October 2020  10:12 PM","36 mins 11 secs",19.44,4.44,3.00,4.00,2.00,4.00,1.00,1.00
Zhang,Eric,3800297,eric.zhang@etu.sorbonne-universite.fr,Finished,"4 October 2020  10:45 AM","4 October 2020  11:09 AM","23 mins 20 secs",19.44,4.44,3.00,4.00,2.00,4.00,1.00,1.00
Zhao,Cong,2351624,cong.zhao@etu.sorbonne-universite.fr,Finished,"4 October 2020  8:42 PM","4 October 2020  9:29 PM","47 mins 30 secs",9.11,1.11,3.00,4.00,0.00,0.00,0.00,1.00
Zheng,Luc,3710230,luc.zheng@etu.sorbonne-universite.fr,Finished,"5 October 2020  8:19 AM","5 October 2020  9:09 AM","49 mins 52 secs",16.00,5.00,3.00,4.00,2.00,0.00,1.00,1.00
Zhou,Jean-Marc,28008879,jean-marc.zhou@etu.sorbonne-universite.fr,Finished,"5 October 2020  1:28 AM","5 October 2020  3:08 AM","1 hour 40 mins",12.00,5.00,3.00,4.00,-,0.00,0.00,0.00
Ziegler,Clara,3709947,clara.ziegler@etu.sorbonne-universite.fr,Finished,"3 October 2020  9:23 AM","3 October 2020  9:52 AM","29 mins 18 secs",19.44,4.44,3.00,4.00,2.00,4.00,1.00,1.00
Zinopoulos-Yannopoulos,Florian,3708962,florian.zinopoulos-yannopoulos@etu.sorbonne-universite.fr,Finished,"4 October 2020  5:34 PM","4 October 2020  6:13 PM","39 mins 12 secs",20.00,5.00,3.00,4.00,2.00,4.00,1.00,1.00
"Zou Al Guyna",Louai,3680880,louai.zou_al_guyna@etu.sorbonne-universite.fr,Finished,"3 October 2020  12:41 PM","3 October 2020  12:56 PM","15 mins 24 secs",19.00,5.00,3.00,3.00,2.00,4.00,1.00,1.00
"Overall average",,,,,,,,17.68,4.67,2.88,3.89,1.74,2.84,0.75,0.92
