﻿Surname,"First name","ID number","Email address",State,"Started on",Completed,"Time taken",Grade/20.00,"Q. 1 /1.33","Q. 2 /5.33","Q. 3 /5.33","Q. 4 /1.33","Q. 5 /4.00","Q. 6 /1.33","Q. 7 /1.33"
Aallam,Mohamed,3802135,mohamed.aallam@etu.sorbonne-universite.fr,Finished,"12 October 2020  12:02 AM","12 October 2020  12:34 AM","32 mins 46 secs",20.00,1.33,5.33,5.33,1.33,4.00,1.33,1.33
Abdalaziz,"Youssef Alaa Elsayye",3803619,youssef.abdalaziz@etu.sorbonne-universite.fr,Finished,"10 October 2020  4:05 PM","10 October 2020  5:07 PM","1 hour 1 min",8.00,0.00,2.00,0.00,0.00,3.33,1.33,1.33
Abderrahmen,"Mohamed Aziz",3802009,mohamed.abderrahmen@etu.sorbonne-universite.fr,Finished,"12 October 2020  3:02 AM","12 October 2020  4:46 AM","1 hour 43 mins",18.67,0.00,5.33,5.33,1.33,4.00,1.33,1.33
Abitbol,Yossef,3804139,yossef.abitbol@etu.sorbonne-universite.fr,Finished,"11 October 2020  10:36 PM","12 October 2020  12:07 AM","1 hour 31 mins",20.00,1.33,5.33,5.33,1.33,4.00,1.33,1.33
Ajuelos,Emmanuel,3800432,emmanuel.ajuelos@etu.sorbonne-universite.fr,Finished,"11 October 2020  7:39 PM","11 October 2020  8:18 PM","38 mins 10 secs",20.00,1.33,5.33,5.33,1.33,4.00,1.33,1.33
"Al- Jawhi",Abdullah,28625228,abdullah.al_jawhi@etu.sorbonne-universite.fr,"Never submitted","11 October 2020  8:31 PM",-,-,-,-,-,-,-,-,-,-
Ammour,Amine,3876256,amine.ammour@etu.sorbonne-universite.fr,Finished,"11 October 2020  9:50 PM","11 October 2020  10:23 PM","32 mins 34 secs",20.00,1.33,5.33,5.33,1.33,4.00,1.33,1.33
Anki-Zuccarello,Kenza,3800473,kenza.anki-zuccarello@etu.sorbonne-universite.fr,-,-,-,-,-,-,-,-,-,-,-,-
Anki-Zuccarello,Kenza,28502318,kenza.anki.1@etu.sorbonne-universite.fr,Finished,"10 October 2020  8:30 PM","10 October 2020  10:10 PM","1 hour 39 mins",8.67,0.00,2.67,0.00,0.00,3.33,1.33,1.33
Aral,Arda,3702388,arda.aral@etu.sorbonne-universite.fr,"Never submitted","12 October 2020  10:29 AM",-,-,-,-,-,-,-,-,-,-
Arichandra,Santhos,3802651,santhos.arichandra@etu.sorbonne-universite.fr,Finished,"11 October 2020  6:35 PM","11 October 2020  6:39 PM","4 mins 25 secs",20.00,1.33,5.33,5.33,1.33,4.00,1.33,1.33
Armenoult,Ludovic,3416871,ludovic.armenoult@etu.sorbonne-universite.fr,Finished,"5 October 2020  5:27 PM","5 October 2020  6:31 PM","1 hour 3 mins",9.00,0.00,2.67,0.00,1.33,3.33,1.33,0.33
Arrous,Clement,3671634,clement.arrous@etu.sorbonne-universite.fr,Finished,"11 October 2020  8:27 PM","11 October 2020  8:41 PM","13 mins 48 secs",17.33,1.33,5.33,2.67,1.33,4.00,1.33,1.33
Audoux,Marion,3700108,marion.audoux@etu.sorbonne-universite.fr,Finished,"11 October 2020  5:29 PM","11 October 2020  5:34 PM","5 mins 32 secs",20.00,1.33,5.33,5.33,1.33,4.00,1.33,1.33
Audras,Antoine,3410283,antoine.audras@etu.sorbonne-universite.fr,Finished,"11 October 2020  10:32 PM","11 October 2020  10:52 PM","20 mins 17 secs",19.00,1.33,5.33,5.33,1.33,3.33,1.00,1.33
Ayadi,Anis,3802501,anis.ayadi@etu.sorbonne-universite.fr,Finished,"12 October 2020  12:41 AM","12 October 2020  1:34 AM","53 mins 5 secs",20.00,1.33,5.33,5.33,1.33,4.00,1.33,1.33
Azar,Jane,3803112,jane.azar@etu.sorbonne-universite.fr,Finished,"11 October 2020  8:30 PM","11 October 2020  8:40 PM","9 mins 44 secs",20.00,1.33,5.33,5.33,1.33,4.00,1.33,1.33
Azoui,Rayane,28710978,Rayane.Azoui@etu.sorbonne-universite.fr,Finished,"11 October 2020  12:38 AM","11 October 2020  2:10 AM","1 hour 32 mins",9.78,0.00,2.67,0.00,0.44,4.00,1.33,1.33
Badriouiche,Mohamed,3701404,mohamed.badriouiche@etu.sorbonne-universite.fr,Finished,"11 October 2020  4:03 PM","11 October 2020  4:30 PM","26 mins 26 secs",20.00,1.33,5.33,5.33,1.33,4.00,1.33,1.33
Baker,Thomas,3700144,thomas.baker@etu.sorbonne-universite.fr,Finished,"11 October 2020  4:24 PM","11 October 2020  5:03 PM","38 mins 54 secs",20.00,1.33,5.33,5.33,1.33,4.00,1.33,1.33
Baraket,Msalem,3804929,msalem.baraket@etu.sorbonne-universite.fr,"Never submitted","12 October 2020  12:13 AM",-,-,-,-,-,-,-,-,-,-
Barbier,Marie,3802734,marie.barbier.1@etu.sorbonne-universite.fr,Finished,"11 October 2020  9:48 AM","11 October 2020  10:49 AM","1 hour 1 min",11.33,1.33,2.67,0.00,1.33,4.00,1.00,1.00
Belazouz,Bourhan-Eddine,3208353,bourhan-eddine.belazouz@etu.sorbonne-universite.fr,Finished,"10 October 2020  8:06 PM","10 October 2020  9:45 PM","1 hour 39 mins",14.67,1.33,5.33,0.00,1.33,4.00,1.33,1.33
Bellut,Quentin,3710439,quentin.bellut@etu.sorbonne-universite.fr,Finished,"12 October 2020  8:30 AM","12 October 2020  9:05 AM","35 mins 31 secs",10.67,0.00,2.67,0.00,1.33,4.00,1.33,1.33
"Ben Attar",Ethan,3670543,ethan.ben_attar@etu.sorbonne-universite.fr,Finished,"11 October 2020  10:05 PM","11 October 2020  10:45 PM","39 mins 35 secs",12.00,1.33,2.67,0.00,1.33,4.00,1.33,1.33
Benabdallah,Ali,3806311,ali.benabdallah@etu.sorbonne-universite.fr,Finished,"11 October 2020  8:20 PM","11 October 2020  8:22 PM","1 min 39 secs",17.33,1.33,5.33,2.67,1.33,4.00,1.33,1.33
Bencherif,Nabil,3710493,nabil.bencherif@etu.sorbonne-universite.fr,Finished,"11 October 2020  10:43 PM","11 October 2020  11:49 PM","1 hour 6 mins",14.67,1.33,5.33,0.00,1.33,4.00,1.33,1.33
Benjamin-Jeyaseelan,"Benjamin Julius",3671340,benjamin.benjamin-jeyaseelan@etu.sorbonne-universite.fr,Finished,"11 October 2020  6:20 PM","11 October 2020  6:37 PM","17 mins 23 secs",20.00,1.33,5.33,5.33,1.33,4.00,1.33,1.33
Bensafia,"Chems Eddine",28717430,Chems_Eddine.Bensafia@etu.sorbonne-universite.fr,Finished,"11 October 2020  11:34 PM","12 October 2020  1:03 AM","1 hour 29 mins",20.00,1.33,5.33,5.33,1.33,4.00,1.33,1.33
Benyahia,Sami,3677177,sami.benyahia@etu.sorbonne-universite.fr,Finished,"12 October 2020  8:58 AM","12 October 2020  10:22 AM","1 hour 24 mins",19.33,1.33,5.33,5.33,1.33,4.00,1.00,1.00
Bernier,Téo,3670574,teo.bernier@etu.sorbonne-universite.fr,Finished,"12 October 2020  2:08 AM","12 October 2020  2:26 AM","18 mins 33 secs",16.00,1.33,2.67,5.33,0.00,4.00,1.33,1.33
Bettahar,"Mohamed El Amine",28616068,mohamed.bettahar@etu.sorbonne-universite.fr,Finished,"11 October 2020  8:32 PM","11 October 2020  9:56 PM","1 hour 24 mins",20.00,1.33,5.33,5.33,1.33,4.00,1.33,1.33
Boubrik,Ihsane,3670795,ihsane.boubrik@etu.sorbonne-universite.fr,Finished,"9 October 2020  4:20 PM","9 October 2020  4:22 PM","2 mins 23 secs",20.00,1.33,5.33,5.33,1.33,4.00,1.33,1.33
Boudarene,Samy,3801935,samy.boudarene@etu.sorbonne-universite.fr,Finished,"11 October 2020  8:09 PM","11 October 2020  8:27 PM","18 mins 11 secs",19.33,1.33,4.67,5.33,1.33,4.00,1.33,1.33
Bougherara,Adan,3680559,adan.bougherara@etu.sorbonne-universite.fr,Finished,"6 October 2020  2:32 PM","6 October 2020  3:32 PM","59 mins 36 secs",11.67,1.33,2.67,0.00,1.33,4.00,1.00,1.33
Bougherara,Adan,3680559,adan.bougherara@etu.sorbonne-universite.fr,Finished,"6 October 2020  3:35 PM","6 October 2020  3:38 PM","3 mins 2 secs",17.33,1.33,5.33,2.67,1.33,4.00,1.33,1.33
Bougherara,Adan,3680559,adan.bougherara@etu.sorbonne-universite.fr,Finished,"6 October 2020  3:39 PM","6 October 2020  3:40 PM","1 min 7 secs",20.00,1.33,5.33,5.33,1.33,4.00,1.33,1.33
Bourekh,Zidane,3677063,zidane.bourekh@etu.sorbonne-universite.fr,Finished,"11 October 2020  4:10 PM","11 October 2020  4:19 PM","8 mins 34 secs",20.00,1.33,5.33,5.33,1.33,4.00,1.33,1.33
Bourlette,Lucas,3672216,lucas.bourlette@etu.sorbonne-universite.fr,Finished,"9 October 2020  1:39 PM","9 October 2020  1:41 PM","2 mins 49 secs",19.33,1.33,4.67,5.33,1.33,4.00,1.33,1.33
Bourmault,Adrien,3677850,adrien.bourmault@etu.sorbonne-universite.fr,Finished,"11 October 2020  6:00 PM","11 October 2020  6:32 PM","32 mins",11.33,1.33,2.67,0.00,1.33,4.00,1.00,1.00
Bouyoucef,Assirem,3971113,assirem.bouyoucef@etu.sorbonne-universite.fr,Finished,"12 October 2020  7:04 AM","12 October 2020  7:13 AM","9 mins 35 secs",20.00,1.33,5.33,5.33,1.33,4.00,1.33,1.33
Bouzouaoui,Anes,28616582,anes.bouzouaoui@etu.sorbonne-universite.fr,Finished,"12 October 2020  3:42 AM","12 October 2020  4:14 AM","32 mins 5 secs",20.00,1.33,5.33,5.33,1.33,4.00,1.33,1.33
Boyadjiev,Todor,28507548,todor.boyadjiev.2@etu.sorbonne-universite.fr,Finished,"11 October 2020  4:57 PM","11 October 2020  6:39 PM","1 hour 41 mins",4.67,0.00,0.00,0.00,0.00,2.33,1.00,1.33
Brasseur,Gaëtan,3802696,gaetan.brasseur@etu.sorbonne-universite.fr,Finished,"10 October 2020  1:05 PM","10 October 2020  1:13 PM","8 mins 35 secs",4.33,0.00,0.00,0.00,0.00,2.00,1.00,1.33
Brihmouche,Yacine,28717951,Yacine.Brihmouche@etu.sorbonne-universite.fr,Finished,"11 October 2020  10:07 PM","11 October 2020  11:18 PM","1 hour 10 mins",18.33,1.33,5.33,5.33,0.00,4.00,1.00,1.33
Buisson,Marc,28614429,marc.buisson@etu.sorbonne-universite.fr,-,-,-,-,-,-,-,-,-,-,-,-
Canitrot,Julien,3803521,julien.canitrot@etu.sorbonne-universite.fr,Finished,"11 October 2020  8:08 PM","11 October 2020  8:18 PM","9 mins 13 secs",12.00,0.00,5.33,0.00,0.00,4.00,1.33,1.33
Carton,Lorris,3521310,lorris.carton@etu.sorbonne-universite.fr,Finished,"11 October 2020  8:44 PM","11 October 2020  9:08 PM","23 mins 55 secs",9.00,1.33,0.00,0.00,1.33,4.00,1.00,1.33
Carvalho,Lorenzo,3700288,lorenzo.carvalho@etu.sorbonne-universite.fr,Finished,"12 October 2020  9:20 AM","12 October 2020  10:07 AM","46 mins 21 secs",8.78,0.00,2.67,0.00,0.44,4.00,1.33,0.33
Cassan,Jules,3810883,jules.cassan@etu.sorbonne-universite.fr,Finished,"6 October 2020  2:32 PM","6 October 2020  3:32 PM","59 mins 46 secs",11.67,1.33,2.67,0.00,1.33,4.00,1.00,1.33
Cassan,Jules,3810883,jules.cassan@etu.sorbonne-universite.fr,Finished,"6 October 2020  3:37 PM","6 October 2020  3:40 PM","3 mins 7 secs",19.33,1.33,4.67,5.33,1.33,4.00,1.33,1.33
Cassan,Jules,3810883,jules.cassan@etu.sorbonne-universite.fr,Finished,"6 October 2020  3:41 PM","6 October 2020  3:46 PM","5 mins 31 secs",20.00,1.33,5.33,5.33,1.33,4.00,1.33,1.33
Chafai,Tinhinane,3802927,tinhinane.chafai@etu.sorbonne-universite.fr,Finished,"12 October 2020  9:03 AM","12 October 2020  9:17 AM","13 mins 52 secs",20.00,1.33,5.33,5.33,1.33,4.00,1.33,1.33
"Chan Yip Hon",Boris,3706553,boris.chan_yip_hon@etu.sorbonne-universite.fr,Finished,"11 October 2020  3:19 PM","11 October 2020  5:18 PM","1 hour 59 mins",11.67,0.00,2.67,2.67,0.00,4.00,1.00,1.33
Chea,Sophie,3708951,sophie.chea@etu.sorbonne-universite.fr,Finished,"11 October 2020  9:48 PM","11 October 2020  10:51 PM","1 hour 2 mins",20.00,1.33,5.33,5.33,1.33,4.00,1.33,1.33
Chen,Jinhe,3802503,jinhe.chen@etu.sorbonne-universite.fr,-,-,-,-,-,-,-,-,-,-,-,-
Cherfaoui,Sarah,3874223,sarah.cherfaoui@etu.sorbonne-universite.fr,-,-,-,-,-,-,-,-,-,-,-,-
Cherfaoui,Melissa,28720090,Melissa.Cherfaoui@etu.sorbonne-universite.fr,-,-,-,-,-,-,-,-,-,-,-,-
Chitu,Alex,3701943,alex.chitu@etu.sorbonne-universite.fr,"Never submitted","12 October 2020  9:50 AM",-,-,-,-,-,-,-,-,-,-
Cineus,Dylan,3302425,dylan.cineus@etu.sorbonne-universite.fr,Finished,"12 October 2020  2:52 AM","12 October 2020  3:42 AM","50 mins 16 secs",12.33,0.00,5.33,0.00,1.33,4.00,0.67,1.00
Ciocan,Clara,3801875,clara.ciocan@etu.sorbonne-universite.fr,Finished,"7 October 2020  5:13 PM","7 October 2020  6:27 PM","1 hour 14 mins",17.78,0.00,5.33,5.33,0.44,4.00,1.33,1.33
Cleuziou,Karl,3800455,karl.cleuziou@etu.sorbonne-universite.fr,Finished,"12 October 2020  1:39 AM","12 October 2020  2:49 AM","1 hour 9 mins",12.44,0.00,5.33,0.00,0.44,4.00,1.33,1.33
Colin,Jacques,3700584,jacques.colin@etu.sorbonne-universite.fr,Finished,"6 October 2020  11:27 AM","6 October 2020  11:32 AM","4 mins 39 secs",20.00,1.33,5.33,5.33,1.33,4.00,1.33,1.33
Coudert,Louis,3800333,louis.coudert@etu.sorbonne-universite.fr,Finished,"9 October 2020  7:27 PM","9 October 2020  7:49 PM","22 mins",10.67,1.33,2.67,0.00,0.00,4.00,1.33,1.33
Dauvet,Haron,3700463,haron.dauvet@etu.sorbonne-universite.fr,Finished,"10 October 2020  2:58 PM","10 October 2020  4:38 PM","1 hour 40 mins",11.56,1.33,2.67,0.00,0.89,4.00,1.33,1.33
"De Castelbajac",Matthieu,3800411,matthieu.de_castelbajac@etu.sorbonne-universite.fr,Finished,"7 October 2020  10:18 AM","7 October 2020  10:59 AM","40 mins 37 secs",19.67,1.33,5.33,5.33,1.33,4.00,1.00,1.33
"De Castelbajac",Matthieu,3800411,matthieu.de_castelbajac@etu.sorbonne-universite.fr,Finished,"7 October 2020  11:13 AM","7 October 2020  11:17 AM","4 mins 26 secs",20.00,1.33,5.33,5.33,1.33,4.00,1.33,1.33
Delgado,Thomas,3407716,thomas.delgado@etu.sorbonne-universite.fr,Finished,"11 October 2020  10:00 PM","11 October 2020  10:50 PM","49 mins 23 secs",10.00,0.00,2.00,0.00,1.33,4.00,1.33,1.33
Demeulenaere,Vivien,3706539,vivien.demeulenaere@etu.sorbonne-universite.fr,Finished,"6 October 2020  2:32 PM","6 October 2020  3:36 PM","1 hour 3 mins",20.00,1.33,5.33,5.33,1.33,4.00,1.33,1.33
Djouahra,"Mohamed Akram",28718098,Mohamed_Akram.Djouahra@etu.sorbonne-universite.fr,"Never submitted","11 October 2020  11:32 PM",-,-,-,-,-,-,-,-,-,-
Djouahra,"Mohamed Akram",28718098,Mohamed_Akram.Djouahra@etu.sorbonne-universite.fr,Finished,"29 October 2020  10:49 PM","29 October 2020  11:11 PM","21 mins 56 secs",18.00,-,5.33,5.33,1.33,4.00,1.33,0.67
Djouder,Sarah,3970876,sarah.djouder@etu.sorbonne-universite.fr,Finished,"12 October 2020  1:41 AM","12 October 2020  2:05 AM","23 mins 17 secs",20.00,1.33,5.33,5.33,1.33,4.00,1.33,1.33
Doucouré,Dramane,3520680,dramane.doucoure@etu.sorbonne-universite.fr,Finished,"11 October 2020  3:13 PM","11 October 2020  3:20 PM","7 mins 37 secs",20.00,1.33,5.33,5.33,1.33,4.00,1.33,1.33
Drouin,Reza,3800042,reza.drouin@etu.sorbonne-universite.fr,Finished,"12 October 2020  8:20 AM","12 October 2020  9:06 AM","46 mins 51 secs",16.44,1.33,2.67,5.33,0.44,4.00,1.33,1.33
Du,Qian,3520431,qian.du@etu.sorbonne-universite.fr,Finished,"6 October 2020  1:23 PM","6 October 2020  2:12 PM","49 mins 27 secs",13.00,1.33,5.33,0.00,0.00,4.00,1.00,1.33
Du,Qian,3520431,qian.du@etu.sorbonne-universite.fr,Finished,"6 October 2020  2:14 PM","6 October 2020  2:17 PM","3 mins 16 secs",13.33,1.33,5.33,0.00,0.00,4.00,1.33,1.33
Dubreuil,Jules,3800417,jules.dubreuil@etu.sorbonne-universite.fr,Finished,"11 October 2020  9:43 PM","11 October 2020  10:37 PM","53 mins 58 secs",16.00,1.33,1.33,5.33,1.33,4.00,1.33,1.33
Dufeutrelle,Hugo,3520375,hugo.dufeutrelle@etu.sorbonne-universite.fr,Finished,"11 October 2020  1:27 PM","11 October 2020  2:30 PM","1 hour 3 mins",10.67,1.33,2.67,0.00,0.00,4.00,1.33,1.33
Dumoulin,Zoé,3702742,zoe.dumoulin@etu.sorbonne-universite.fr,Finished,"11 October 2020  5:49 PM","11 October 2020  6:24 PM","35 mins 48 secs",20.00,1.33,5.33,5.33,1.33,4.00,1.33,1.33
Duval,Aurelien,3872455,aurelien.duval@etu.sorbonne-universite.fr,Finished,"11 October 2020  3:30 PM","11 October 2020  4:59 PM","1 hour 28 mins",19.67,1.33,5.33,5.33,1.33,4.00,1.00,1.33
Dziri,Hakim,3800075,hakim.dziri@etu.sorbonne-universite.fr,-,-,-,-,-,-,-,-,-,-,-,-
"El Fahdi",Ismaël,3802719,ismael.el_fahdi@etu.sorbonne-universite.fr,Finished,"11 October 2020  8:03 PM","11 October 2020  9:06 PM","1 hour 2 mins",14.67,1.33,5.33,0.00,1.33,4.00,1.33,1.33
"El Ghali",Yosr,3802466,yosr.elghali@etu.sorbonne-universite.fr,Finished,"9 October 2020  8:44 PM","9 October 2020  10:12 PM","1 hour 27 mins",7.33,1.33,-,0.00,0.00,4.00,0.67,1.33
"El Ghazzi",Sarah,3671094,sarah.el_ghazzi@etu.sorbonne-universite.fr,Finished,"11 October 2020  1:46 PM","11 October 2020  2:23 PM","37 mins 39 secs",18.67,0.00,5.33,5.33,1.33,4.00,1.33,1.33
"El Ghoul",Elio,3803565,elio.el_ghoul@etu.sorbonne-universite.fr,Finished,"11 October 2020  8:53 PM","11 October 2020  9:32 PM","38 mins 35 secs",20.00,1.33,5.33,5.33,1.33,4.00,1.33,1.33
Elatri,Sami,3801805,sami.elatri@etu.sorbonne-universite.fr,-,-,-,-,-,-,-,-,-,-,-,-
Ergun,Yavuz,3670777,yavuz.ergun@etu.sorbonne-universite.fr,Finished,"11 October 2020  1:51 PM","11 October 2020  1:54 PM","3 mins 31 secs",19.33,1.33,4.67,5.33,1.33,4.00,1.33,1.33
Felix,Wycherley-Kassel,3702385,wycherley-kassel.felix@etu.sorbonne-universite.fr,Finished,"11 October 2020  5:36 PM","11 October 2020  6:17 PM","40 mins 32 secs",20.00,1.33,5.33,5.33,1.33,4.00,1.33,1.33
Ferdaoui,Sheïmâa,3802999,sheimaa.ferdaoui@etu.sorbonne-universite.fr,Finished,"11 October 2020  10:39 PM","11 October 2020  11:31 PM","51 mins 45 secs",16.00,1.33,1.33,5.33,1.33,4.00,1.33,1.33
Gabour,Smail,3700149,smail.gabour@etu.sorbonne-universite.fr,Finished,"11 October 2020  3:17 PM","11 October 2020  3:22 PM","4 mins 58 secs",18.67,-,5.33,5.33,1.33,4.00,1.33,1.33
Gaillon,Gregoire,3670241,gregoire.gaillon@etu.sorbonne-universite.fr,Finished,"5 October 2020  9:17 PM","5 October 2020  10:18 PM","1 hour 1 min",20.00,1.33,5.33,5.33,1.33,4.00,1.33,1.33
Galliot,Jules,3802342,jules.galliot@etu.sorbonne-universite.fr,Finished,"11 October 2020  9:42 PM","11 October 2020  10:37 PM","54 mins 49 secs",16.00,1.33,1.33,5.33,1.33,4.00,1.33,1.33
Gigacz,"Kiara Ting Yung Chin",3803025,kiara.gigacz@etu.sorbonne-universite.fr,Finished,"5 October 2020  10:24 PM","5 October 2020  11:26 PM","1 hour 2 mins",19.33,1.33,4.67,5.33,1.33,4.00,1.33,1.33
Gigacz,"Kiara Ting Yung Chin",3803025,kiara.gigacz@etu.sorbonne-universite.fr,Finished,"5 October 2020  11:31 PM","5 October 2020  11:34 PM","2 mins 52 secs",20.00,1.33,5.33,5.33,1.33,4.00,1.33,1.33
Goulmot,Cedric,3971371,cedric.goulmot@etu.sorbonne-universite.fr,Finished,"11 October 2020  5:06 PM","11 October 2020  6:23 PM","1 hour 16 mins",12.00,1.33,2.67,0.00,1.33,4.00,1.33,1.33
Grech,Anna,3800494,anna.grech@etu.sorbonne-universite.fr,Finished,"11 October 2020  3:16 PM","11 October 2020  4:04 PM","48 mins 5 secs",13.33,0.00,0.00,5.33,1.33,4.00,1.33,1.33
Gruman,Pierre-Alexandre,28507556,pierre-alexandre.gruman.2@etu.sorbonne-universite.fr,Finished,"11 October 2020  2:00 PM","11 October 2020  2:47 PM","46 mins 45 secs",16.11,1.33,5.33,5.33,0.44,1.00,1.33,1.33
Guio,Clément,3413360,clement.guio@etu.sorbonne-universite.fr,Finished,"10 October 2020  4:55 PM","10 October 2020  5:41 PM","45 mins 38 secs",10.67,1.33,2.67,0.00,0.00,4.00,1.33,1.33
Hadj-Arab,Ludmila,3971280,ludmila.hadj-arab@etu.sorbonne-universite.fr,Finished,"10 October 2020  3:27 PM","10 October 2020  3:40 PM","13 mins 20 secs",14.67,1.33,5.33,0.00,1.33,4.00,1.33,1.33
Hadji,Mohamed,3702996,mohamed.hadji@etu.sorbonne-universite.fr,Finished,"11 October 2020  2:09 AM","11 October 2020  2:21 AM","12 mins",20.00,1.33,5.33,5.33,1.33,4.00,1.33,1.33
Hamdad,Khellaf,3802811,khellaf.hamdad@etu.sorbonne-universite.fr,Finished,"12 October 2020  10:13 AM","12 October 2020  10:17 AM","3 mins 47 secs",20.00,1.33,5.33,5.33,1.33,4.00,1.33,1.33
Hannachi,Dina,3801528,dina.hannachi@etu.sorbonne-universite.fr,Finished,"12 October 2020  5:49 AM","12 October 2020  6:01 AM","11 mins 35 secs",20.00,1.33,5.33,5.33,1.33,4.00,1.33,1.33
Herman,Margot,28716768,Margot.Herman@etu.sorbonne-universite.fr,Finished,"11 October 2020  10:54 PM","12 October 2020  12:34 AM","1 hour 40 mins",14.67,1.33,5.33,0.00,1.33,4.00,1.33,1.33
"Hernandez Adan","Oriana Rafaela",3802881,oriana.hernandez_adan@etu.sorbonne-universite.fr,Finished,"11 October 2020  8:21 PM","11 October 2020  9:15 PM","53 mins 28 secs",14.67,1.33,5.33,0.00,1.33,4.00,1.33,1.33
Huang,Xinyu,3803966,xinyiu.huang@etu.sorbonne-universite.fr,Finished,"10 October 2020  6:17 PM","10 October 2020  8:07 PM","1 hour 50 mins",20.00,1.33,5.33,5.33,1.33,4.00,1.33,1.33
Huang,Junyang,2302854,junyang.huang@etu.sorbonne-universite.fr,-,-,-,-,-,-,-,-,-,-,-,-
Huant,Raphael,3709095,raphael.huant@etu.sorbonne-universite.fr,Finished,"7 October 2020  9:44 AM","7 October 2020  10:03 AM","18 mins 29 secs",10.33,1.33,2.67,0.00,0.00,4.00,1.00,1.33
Huant,Raphael,3709095,raphael.huant@etu.sorbonne-universite.fr,Finished,"7 October 2020  11:21 AM","7 October 2020  11:24 AM","3 mins 46 secs",20.00,1.33,5.33,5.33,1.33,4.00,1.33,1.33
"Ibobi Sambila",Osee,3704090,osee.ibobi_sambila@etu.sorbonne-universite.fr,Finished,"11 October 2020  5:26 PM","11 October 2020  6:43 PM","1 hour 16 mins",14.67,1.33,5.33,0.00,1.33,4.00,1.33,1.33
Ikhlef,Nadjia,28718372,Nadjia.Ikhlef@etu.sorbonne-universite.fr,Finished,"10 October 2020  5:38 PM","10 October 2020  7:35 PM","1 hour 57 mins",10.00,1.33,2.67,0.00,0.00,4.00,1.00,1.00
Ith,Marc,3302184,marc.ith@etu.sorbonne-universite.fr,Finished,"12 October 2020  7:23 AM","12 October 2020  8:11 AM","48 mins",8.67,0.00,2.67,0.00,0.00,4.00,1.33,0.67
Jday,Achraf,3802410,achraf.jday@etu.sorbonne-universite.fr,Finished,"10 October 2020  11:42 PM","10 October 2020  11:50 PM","8 mins 32 secs",20.00,1.33,5.33,5.33,1.33,4.00,1.33,1.33
Jebari,Firas,3802713,firas.jebari@etu.sorbonne-universite.fr,Finished,"11 October 2020  10:34 PM","11 October 2020  10:49 PM","14 mins 41 secs",19.33,1.33,4.67,5.33,1.33,4.00,1.33,1.33
Kaci-Chaouche,Omar,3521322,omar.kaci-chaouche@etu.sorbonne-universite.fr,Finished,"12 October 2020  4:05 AM","12 October 2020  6:02 AM","1 hour 57 mins",13.11,1.33,0.00,5.33,0.44,4.00,1.33,0.67
Kahil,Amine,28616887,amine.kahil@etu.sorbonne-universite.fr,Finished,"11 October 2020  5:36 PM","11 October 2020  6:38 PM","1 hour 1 min",20.00,1.33,5.33,5.33,1.33,4.00,1.33,1.33
Kaïdouchi,Amira,3700530,amira.kaidouchi@etu.sorbonne-universite.fr,Finished,"11 October 2020  8:01 PM","11 October 2020  9:20 PM","1 hour 18 mins",20.00,1.33,5.33,5.33,1.33,4.00,1.33,1.33
Kandeepan,Mathuran,3800103,mathuran.kandeepan@etu.sorbonne-universite.fr,Finished,"11 October 2020  12:04 PM","11 October 2020  12:36 PM","32 mins 44 secs",11.67,1.33,2.67,0.00,1.33,4.00,1.00,1.33
Kassab,Mouad,3700640,mouad.kassab@etu.sorbonne-universite.fr,Finished,"11 October 2020  8:30 PM","11 October 2020  10:00 PM","1 hour 29 mins",20.00,1.33,5.33,5.33,1.33,4.00,1.33,1.33
Kasten,Harold,3805644,harold.kasten@etu.sorbonne-universite.fr,Finished,"11 October 2020  9:42 PM","11 October 2020  10:38 PM","56 mins 3 secs",16.00,1.33,1.33,5.33,1.33,4.00,1.33,1.33
Kaya,Delphine,3800099,delphine.kaya@etu.sorbonne-universite.fr,Finished,"9 October 2020  10:28 PM","9 October 2020  11:21 PM","52 mins 22 secs",13.00,1.33,5.33,0.00,0.00,4.00,1.00,1.33
Kerdouche,Nabil,3802336,nabil.kerdouche@etu.sorbonne-universite.fr,Finished,"11 October 2020  10:03 PM","11 October 2020  11:57 PM","1 hour 53 mins",20.00,1.33,5.33,5.33,1.33,4.00,1.33,1.33
Kettouche,Tinhinane,3803639,tinhinane.kettouche@etu.sorbonne-universite.fr,-,-,-,-,-,-,-,-,-,-,-,-
Khalid,Ruhma,3710442,ruhma.khalid@etu.sorbonne-universite.fr,-,-,-,-,-,-,-,-,-,-,-,-
Kharbouche,Ibrahim,3671035,ibrahim.kharbouche@etu.sorbonne-universite.fr,Finished,"11 October 2020  3:36 PM","11 October 2020  5:28 PM","1 hour 52 mins",18.67,1.33,4.00,5.33,1.33,4.00,1.33,1.33
Kireche,Koceila,28717834,Koceila.Kireche@etu.sorbonne-universite.fr,Finished,"12 October 2020  5:24 AM","12 October 2020  5:42 AM","17 mins 44 secs",20.00,1.33,5.33,5.33,1.33,4.00,1.33,1.33
Kling,Paul,3670056,paul.kling@etu.sorbonne-universite.fr,Finished,"12 October 2020  12:08 AM","12 October 2020  12:36 AM","28 mins 27 secs",8.11,0.00,2.00,0.00,0.44,4.00,1.33,0.33
Komen,Dimitri,3603619,dimitri.komen@etu.sorbonne-universite.fr,Finished,"9 October 2020  3:59 PM","9 October 2020  4:38 PM","38 mins 56 secs",14.67,1.33,5.33,0.00,1.33,4.00,1.33,1.33
Kordon,Djeser,3772433,djeser.kordon@etu.sorbonne-universite.fr,Finished,"10 October 2020  2:58 PM","10 October 2020  4:38 PM","1 hour 39 mins",12.00,1.33,2.67,0.00,1.33,4.00,1.33,1.33
Koroglu,Mathis,3711799,mathis.koroglu@etu.sorbonne-universite.fr,Finished,"11 October 2020  10:05 PM","11 October 2020  10:58 PM","53 mins 16 secs",20.00,1.33,5.33,5.33,1.33,4.00,1.33,1.33
Kostadinovic,Nikola,3801695,nikola.kostadinovic@etu.sorbonne-universite.fr,Finished,"11 October 2020  7:38 PM","11 October 2020  8:17 PM","39 mins 14 secs",20.00,1.33,5.33,5.33,1.33,4.00,1.33,1.33
Krisni,Almehdi,3800519,almehdi.krisni@etu.sorbonne-universite.fr,Finished,"12 October 2020  2:42 AM","12 October 2020  2:49 AM","7 mins 30 secs",20.00,1.33,5.33,5.33,1.33,4.00,1.33,1.33
Kwonn,Simon,3709743,simon.kwonn@etu.sorbonne-universite.fr,Finished,"11 October 2020  6:40 PM","11 October 2020  7:15 PM","34 mins 31 secs",10.00,0.00,2.67,0.00,1.33,4.00,0.67,1.33
Lachemot,Cédric,3705179,cedric.lachemot@etu.sorbonne-universite.fr,Finished,"11 October 2020  11:33 PM","12 October 2020  12:45 AM","1 hour 11 mins",20.00,1.33,5.33,5.33,1.33,4.00,1.33,1.33
Lachgar,Amine,3802257,amine.lachgar@etu.sorbonne-universite.fr,-,-,-,-,-,-,-,-,-,-,-,-
Lahfa,Samy,3706599,samy.lahfa@etu.sorbonne-universite.fr,Finished,"11 October 2020  9:31 PM","11 October 2020  11:03 PM","1 hour 31 mins",20.00,1.33,5.33,5.33,1.33,4.00,1.33,1.33
"Lam A",Leo,28712991,Leo.Lam_A@etu.sorbonne-universite.fr,Finished,"11 October 2020  10:24 PM","11 October 2020  10:59 PM","35 mins 18 secs",20.00,1.33,5.33,5.33,1.33,4.00,1.33,1.33
Lange,Mathilde,28504995,mathilde.lange.2@etu.sorbonne-universite.fr,Finished,"11 October 2020  3:08 PM","11 October 2020  4:04 PM","55 mins 45 secs",10.78,1.33,2.67,0.00,0.44,4.00,1.00,1.33
Langlais,Rafaël,3520624,rafael.langlais@etu.sorbonne-universite.fr,Finished,"9 October 2020  11:48 AM","9 October 2020  1:16 PM","1 hour 27 mins",11.33,1.33,2.67,0.00,1.33,4.00,1.00,1.00
Larbi,Melissa,3971141,melissa.larbi@etu.sorbonne-universite.fr,Finished,"11 October 2020  9:45 PM","11 October 2020  10:20 PM","35 mins 1 sec",20.00,1.33,5.33,5.33,1.33,4.00,1.33,1.33
Lassadi,Nassim,3707173,nassim.lassadi@etu.sorbonne-universite.fr,Finished,"11 October 2020  9:11 PM","11 October 2020  10:20 PM","1 hour 9 mins",20.00,1.33,5.33,5.33,1.33,4.00,1.33,1.33
Lay,Kenny,3801173,kenny.lay@etu.sorbonne-universite.fr,Finished,"6 October 2020  2:43 PM","6 October 2020  3:38 PM","54 mins 44 secs",20.00,1.33,5.33,5.33,1.33,4.00,1.33,1.33
Le,"Hai Nam",28613397,hai.le@etu.sorbonne-universite.fr,Finished,"5 October 2020  3:36 PM","5 October 2020  4:03 PM","27 mins 45 secs",20.00,1.33,5.33,5.33,1.33,4.00,1.33,1.33
Le,Doan,3875020,doan.le@etu.sorbonne-universite.fr,Finished,"12 October 2020  12:10 AM","12 October 2020  1:18 AM","1 hour 7 mins",12.00,1.33,2.67,0.00,1.33,4.00,1.33,1.33
Lebazda--Gauthier,Benoît,3702867,benoit.lebazda--gauthier@etu.sorbonne-universite.fr,Finished,"11 October 2020  9:43 PM","11 October 2020  10:08 PM","25 mins 5 secs",13.33,0.00,5.33,0.00,1.33,4.00,1.33,1.33
Lecocq,Yoann,3708077,yoann.lecocq@etu.sorbonne-universite.fr,Finished,"11 October 2020  11:36 PM","11 October 2020  11:46 PM","10 mins 39 secs",20.00,1.33,5.33,5.33,1.33,4.00,1.33,1.33
Lefebure,Pierre,3674815,pierre.lefebure@etu.sorbonne-universite.fr,-,-,-,-,-,-,-,-,-,-,-,-
Lefevre,Manon,3800422,manon.lefevre@etu.sorbonne-universite.fr,Finished,"9 October 2020  5:02 PM","9 October 2020  6:14 PM","1 hour 11 mins",11.33,1.33,3.33,0.00,1.33,4.00,0.67,0.67
Lemaitre,Alexandre,3876023,alexandre.lemaitre@etu.sorbonne-universite.fr,Finished,"12 October 2020  8:55 AM","12 October 2020  10:08 AM","1 hour 13 mins",9.67,0.00,2.00,-,1.33,4.00,1.33,1.00
Li,Ziyou,3802432,ziyou.li@etu.sorbonne-universite.fr,Finished,"11 October 2020  4:12 PM","11 October 2020  4:45 PM","32 mins 33 secs",10.00,1.33,2.67,0.00,0.00,3.33,1.33,1.33
Lifsal,Loubna,3309154,loubna.lifsal@etu.sorbonne-universite.fr,Finished,"12 October 2020  9:22 AM","12 October 2020  10:44 AM","1 hour 22 mins",6.67,0.00,0.00,-,0.00,4.00,1.33,1.33
Lin,Daniel,3700421,daniel.lin@etu.sorbonne-universite.fr,Finished,"10 October 2020  2:04 PM","10 October 2020  2:56 PM","51 mins 58 secs",6.67,1.33,-,-,0.00,4.00,0.67,0.67
Loi,Alessia,3971668,alessia.loi@etu.sorbonne-universite.fr,Finished,"11 October 2020  7:21 PM","11 October 2020  8:44 PM","1 hour 23 mins",20.00,1.33,5.33,5.33,1.33,4.00,1.33,1.33
Lu,Raymond,3700479,raymond.lu@etu.sorbonne-universite.fr,Finished,"11 October 2020  4:23 PM","11 October 2020  5:07 PM","43 mins 20 secs",20.00,1.33,5.33,5.33,1.33,4.00,1.33,1.33
Lu,Alexandra,3700615,alexandra.lu@etu.sorbonne-universite.fr,Finished,"5 October 2020  9:18 PM","5 October 2020  10:21 PM","1 hour 2 mins",20.00,1.33,5.33,5.33,1.33,4.00,1.33,1.33
Ly,Sylvie,3522190,sylvie.ly@etu.sorbonne-universite.fr,Finished,"11 October 2020  10:49 PM","11 October 2020  11:32 PM","42 mins 42 secs",19.67,1.33,5.33,5.33,1.33,4.00,1.33,1.00
M'Barek,Heikel,3201218,heikel.mbarek@etu.sorbonne-universite.fr,Finished,"11 October 2020  7:39 PM","11 October 2020  9:17 PM","1 hour 38 mins",11.33,1.33,2.67,0.00,1.33,4.00,1.33,0.67
Maafa,Zin,3803950,zin.maafa@etu.sorbonne-universite.fr,Finished,"10 October 2020  6:26 PM","10 October 2020  6:46 PM","20 mins 31 secs",20.00,1.33,5.33,5.33,1.33,4.00,1.33,1.33
"Mahad Ismail",Roukia,3874897,roukia.mahad-ismail@etu.sorbonne-universite.fr,Finished,"12 October 2020  8:06 AM","12 October 2020  10:05 AM","1 hour 58 mins",9.33,1.33,1.33,0.00,0.00,4.00,1.33,1.33
Manimtim,Alexandre,3407834,alexandre.manimtim@etu.sorbonne-universite.fr,-,-,-,-,-,-,-,-,-,-,-,-
Mariller,Vincent,3700041,vincent.mariller@etu.sorbonne-universite.fr,-,-,-,-,-,-,-,-,-,-,-,-
Marzougui,Syrine,3803611,syrine.marzougui@etu.sorbonne-universite.fr,Finished,"12 October 2020  8:42 AM","12 October 2020  9:10 AM","27 mins 54 secs",20.00,1.33,5.33,5.33,1.33,4.00,1.33,1.33
Maurel,Perrine,28502791,perrine.maurel.2@etu.sorbonne-universite.fr,Finished,"11 October 2020  10:32 PM","11 October 2020  10:45 PM","13 mins 2 secs",17.33,1.33,4.00,5.33,0.00,4.00,1.33,1.33
Mehdi,Sarah,3971165,sarah.mehdi.1@etu.sorbonne-universite.fr,Finished,"12 October 2020  12:46 AM","12 October 2020  1:26 AM","40 mins 17 secs",20.00,1.33,5.33,5.33,1.33,4.00,1.33,1.33
Mellul,Yona,3800646,yona.mellul@etu.sorbonne-universite.fr,Finished,"11 October 2020  9:21 PM","11 October 2020  9:34 PM","13 mins 32 secs",20.00,1.33,5.33,5.33,1.33,4.00,1.33,1.33
Mendas,Rosa,3802558,rosa.mendas@etu.sorbonne-universite.fr,Finished,"12 October 2020  1:07 AM","12 October 2020  2:10 AM","1 hour 2 mins",20.00,1.33,5.33,5.33,1.33,4.00,1.33,1.33
Mendes,Hugo,3670527,hugo.mendes@etu.sorbonne-universite.fr,Finished,"11 October 2020  10:48 PM","11 October 2020  10:53 PM","4 mins 19 secs",20.00,1.33,5.33,5.33,1.33,4.00,1.33,1.33
Merle-Remond,Julian,3700191,julian.merle-remond@etu.sorbonne-universite.fr,Finished,"5 October 2020  9:16 PM","5 October 2020  10:17 PM","1 hour 1 min",19.67,1.33,5.33,5.33,1.33,4.00,1.00,1.33
Merzouk,Kenza,3803468,kenza.merzouk@etu.sorbonne-universite.fr,"Never submitted","11 October 2020  11:26 PM",-,-,-,-,-,-,-,-,-,-
Meziane,Mohamed,3802500,mohamed.meziane@etu.sorbonne-universite.fr,Finished,"11 October 2020  11:21 PM","12 October 2020  12:49 AM","1 hour 27 mins",20.00,1.33,5.33,5.33,1.33,4.00,1.33,1.33
Mistry,Manishkumar,3671086,manishkumar.mistry@etu.sorbonne-universite.fr,Finished,"10 October 2020  10:57 PM","10 October 2020  11:25 PM","28 mins 6 secs",20.00,1.33,5.33,5.33,1.33,4.00,1.33,1.33
Mistry,Darshan,3670280,darshan.mistry@etu.sorbonne-universite.fr,Finished,"11 October 2020  10:52 AM","11 October 2020  11:16 AM","23 mins 58 secs",20.00,1.33,5.33,5.33,1.33,4.00,1.33,1.33
Mohammedi,Vanessa,3671439,vanessa.mohammedi@etu.sorbonne-universite.fr,Finished,"12 October 2020  8:53 AM","12 October 2020  10:42 AM","1 hour 49 mins",12.44,0.00,5.33,0.00,0.44,4.00,1.33,1.33
Mohellebi,Melissa,3971070,melissa.mohellebi@etu.sorbonne-universite.fr,Finished,"11 October 2020  10:47 PM","12 October 2020  12:45 AM","1 hour 58 mins",20.00,1.33,5.33,5.33,1.33,4.00,1.33,1.33
Monnereau,Irena,3670050,irena.monnereau@etu.sorbonne-universite.fr,Finished,"10 October 2020  11:19 AM","10 October 2020  11:24 AM","5 mins 18 secs",20.00,1.33,5.33,5.33,1.33,4.00,1.33,1.33
Moreau,Léonard,3800364,leonard.moreau@etu.sorbonne-universite.fr,Finished,"12 October 2020  9:33 AM","12 October 2020  9:55 AM","22 mins 4 secs",12.00,1.33,2.67,0.00,1.33,4.00,1.33,1.33
Mosgoreanu,"Alexandru Zaharia",28717021,Alexandru_Zaharia.Mosgoreanu@etu.sorbonne-universite.fr,Finished,"12 October 2020  8:54 AM","12 October 2020  9:13 AM","19 mins 17 secs",11.67,1.33,2.67,0.00,1.33,4.00,1.33,1.00
Moulouel,Myriem,3802291,myriem.moulouel@etu.sorbonne-universite.fr,Finished,"12 October 2020  1:18 AM","12 October 2020  1:42 AM","23 mins 35 secs",17.33,1.33,2.67,5.33,1.33,4.00,1.33,1.33
Moyet,Candice,3801474,candice.moyet@etu.sorbonne-universite.fr,Finished,"9 October 2020  5:28 PM","9 October 2020  6:17 PM","48 mins 31 secs",16.00,0.00,2.67,5.33,1.33,4.00,1.33,1.33
Nam,Maxime,3301246,maxime.nam@etu.sorbonne-universite.fr,Finished,"11 October 2020  9:02 PM","11 October 2020  10:48 PM","1 hour 46 mins",14.67,1.33,5.33,0.00,1.33,4.00,1.33,1.33
Naumenko,Polina,3521154,polina.naumenko@etu.sorbonne-universite.fr,Finished,"12 October 2020  9:45 AM","12 October 2020  10:28 AM","42 mins 51 secs",17.33,1.33,2.67,5.33,1.33,4.00,1.33,1.33
Ngamy,Gianni-Alessandro,3703993,gianni-alessandro.ngamy@etu.sorbonne-universite.fr,Finished,"11 October 2020  8:03 PM","11 October 2020  9:06 PM","1 hour 2 mins",14.00,1.33,4.67,0.00,1.33,4.00,1.33,1.33
Nguyen,"Minh Anh",3802621,minh.nguyen.6@etu.sorbonne-universite.fr,Finished,"11 October 2020  1:37 PM","11 October 2020  3:28 PM","1 hour 50 mins",13.78,1.33,5.33,0.00,0.44,4.00,1.33,1.33
Niang,Fallou,3803961,fallou.niang@etu.sorbonne-universite.fr,Finished,"11 October 2020  11:24 PM","11 October 2020  11:39 PM","14 mins 14 secs",20.00,1.33,5.33,5.33,1.33,4.00,1.33,1.33
"Normand De La Tranchade",François,3671913,francois.normand_de_la_tranchade@etu.sorbonne-universite.fr,-,-,-,-,-,-,-,-,-,-,-,-
Oses,Jean-Baptiste,3700565,jean-baptiste.oses@etu.sorbonne-universite.fr,Finished,"12 October 2020  5:28 AM","12 October 2020  7:01 AM","1 hour 33 mins",8.44,0.00,2.00,0.00,0.44,4.00,1.33,0.67
Oudjani,Yasmine,3803009,yasmine.oudjani@etu.sorbonne-universite.fr,Finished,"12 October 2020  1:13 AM","12 October 2020  1:38 AM","24 mins 21 secs",8.67,1.33,2.67,0.00,0.00,2.33,1.00,1.33
Pareau,Mathilde,3800446,mathilde.pareau@etu.sorbonne-universite.fr,Finished,"8 October 2020  4:51 PM","8 October 2020  6:12 PM","1 hour 20 mins",16.11,0.00,4.67,5.33,0.44,4.00,0.67,1.00
Parichault,Antoine,3803454,antoine.parichault@etu.sorbonne-universite.fr,Finished,"11 October 2020  11:22 PM","11 October 2020  11:45 PM","23 mins 38 secs",10.00,0.00,2.67,0.00,1.33,4.00,1.33,0.67
Pironin,Julie,3802614,julie.pironin@etu.sorbonne-universite.fr,Finished,"11 October 2020  11:03 PM","12 October 2020  12:20 AM","1 hour 16 mins",13.11,1.33,4.67,0.00,0.44,4.00,1.33,1.33
Polit,Titouan,3800511,titouan.polit@etu.sorbonne-universite.fr,Finished,"11 October 2020  5:51 PM","11 October 2020  7:44 PM","1 hour 53 mins",10.67,0.00,2.67,0.00,1.33,4.00,1.33,1.33
Popescu,"Diana Elena",28717024,Diana_Elena.Popescu@etu.sorbonne-universite.fr,Finished,"10 October 2020  4:06 PM","10 October 2020  5:27 PM","1 hour 20 mins",11.67,1.33,2.67,0.00,1.33,4.00,1.33,1.00
Poulain,Claire,3679357,claire.poulain@etu.sorbonne-universite.fr,Finished,"12 October 2020  9:15 AM","12 October 2020  9:19 AM","3 mins 40 secs",16.67,1.33,2.67,5.33,1.33,3.33,1.33,1.33
Prostakov,Andrey,3802515,andrey.prostakov@etu.sorbonne-universite.fr,Finished,"11 October 2020  5:01 PM","11 October 2020  6:32 PM","1 hour 31 mins",20.00,1.33,5.33,5.33,1.33,4.00,1.33,1.33
Quest,Alexis,3703346,alexis.quest@etu.sorbonne-universite.fr,Finished,"11 October 2020  4:15 PM","11 October 2020  4:42 PM","26 mins 43 secs",10.78,1.33,2.67,0.00,0.44,4.00,1.33,1.00
Queuvin,Thomas,3700185,thomas.queuvin@etu.sorbonne-universite.fr,-,-,-,-,-,-,-,-,-,-,-,-
Rapaport,Solal,3711387,solal.rapaport@etu.sorbonne-universite.fr,Finished,"11 October 2020  10:06 PM","11 October 2020  10:22 PM","16 mins 6 secs",20.00,1.33,5.33,5.33,1.33,4.00,1.33,1.33
Rayon-Richter,Malou,3708307,malou.rayon-richter@etu.sorbonne-universite.fr,Finished,"11 October 2020  8:17 PM","11 October 2020  8:30 PM","12 mins 49 secs",9.00,1.33,2.67,0.00,0.00,4.00,0.33,0.67
Rebai,Sofiane,3674205,sofiane.rebai@etu.sorbonne-universite.fr,Finished,"12 October 2020  9:52 AM","12 October 2020  10:13 AM","21 mins 45 secs",8.00,-,-,-,1.33,4.00,1.33,1.33
"Riffaud De Turckheim",Hugo,3800256,hugo.riffaud_de_turckheim@etu.sorbonne-universite.fr,Finished,"10 October 2020  5:34 PM","10 October 2020  6:16 PM","41 mins 29 secs",11.33,0.00,3.33,0.00,1.33,4.00,1.33,1.33
Roch,Stuart,3309168,stuart.roch@etu.sorbonne-universite.fr,Finished,"11 October 2020  8:03 PM","11 October 2020  9:06 PM","1 hour 3 mins",14.67,1.33,5.33,0.00,1.33,4.00,1.33,1.33
Roqui,David,3873784,david.roqui@etu.sorbonne-universite.fr,Finished,"11 October 2020  2:31 PM","11 October 2020  3:45 PM","1 hour 13 mins",9.67,1.33,2.00,0.00,0.00,3.67,1.33,1.33
Rossi,Johan-Luca,3872354,johan-luca.rossi@etu.sorbonne-universite.fr,Finished,"10 October 2020  2:58 PM","10 October 2020  4:39 PM","1 hour 40 mins",12.00,1.33,2.67,0.00,1.33,4.00,1.33,1.33
Rouba,Islam,3802420,islam.rouba@etu.sorbonne-universite.fr,Finished,"12 October 2020  12:32 AM","12 October 2020  12:51 AM","19 mins 37 secs",20.00,1.33,5.33,5.33,1.33,4.00,1.33,1.33
Rzeszutko,Kamil,2800282,kamil.rzeszutko@etu.sorbonne-universite.fr,Finished,"12 October 2020  8:35 AM","12 October 2020  10:34 AM","1 hour 59 mins",10.67,0.00,2.67,0.00,1.33,4.00,1.33,1.33
Sabatino,Francesco,3811132,francesco.sabatino@etu.sorbonne-universite.fr,Finished,"11 October 2020  2:30 PM","11 October 2020  3:45 PM","1 hour 14 mins",12.67,1.33,4.67,0.00,0.00,4.00,1.33,1.33
Saber,Hakim,3415762,hakim.saber@etu.sorbonne-universite.fr,-,-,-,-,-,-,-,-,-,-,-,-
Saichi,Lina,3803151,lina.saichi@etu.sorbonne-universite.fr,Finished,"11 October 2020  11:50 PM","12 October 2020  12:59 AM","1 hour 9 mins",20.00,1.33,5.33,5.33,1.33,4.00,1.33,1.33
Salfati,Elisa,3800104,elisa.salfati@etu.sorbonne-universite.fr,Finished,"11 October 2020  12:07 PM","11 October 2020  2:07 PM","2 hours",7.00,1.33,0.00,0.00,0.00,4.00,1.33,0.33
Sameur,Samir,3872902,samir.sameur@etu.sorbonne-universite.fr,Finished,"10 October 2020  4:59 PM","10 October 2020  6:08 PM","1 hour 9 mins",9.33,1.33,2.67,0.00,0.00,3.00,1.00,1.33
Seang,Chea-Jimmy,3703893,chea-jimmy.seang@etu.sorbonne-universite.fr,Finished,"5 October 2020  9:16 PM","5 October 2020  10:22 PM","1 hour 6 mins",20.00,1.33,5.33,5.33,1.33,4.00,1.33,1.33
Selliah,Sarujen,3701184,sarujen.selliah@etu.sorbonne-universite.fr,Finished,"10 October 2020  7:43 PM","10 October 2020  7:53 PM","9 mins 58 secs",20.00,1.33,5.33,5.33,1.33,4.00,1.33,1.33
Sennour,"Mohammed Wail",28616082,mohammed.sennour@etu.sorbonne-universite.fr,Finished,"12 October 2020  1:33 AM","12 October 2020  1:57 AM","23 mins 51 secs",20.00,1.33,5.33,5.33,1.33,4.00,1.33,1.33
Senyuz,"Miray Suzan",3802805,miray.senyuz@etu.sorbonne-universite.fr,Finished,"11 October 2020  10:39 PM","11 October 2020  11:12 PM","32 mins 45 secs",19.33,1.33,5.33,5.33,1.33,3.33,1.33,1.33
Serraf,Dan,3971120,dan.serraf@etu.sorbonne-universite.fr,Finished,"11 October 2020  10:38 PM","12 October 2020  12:30 AM","1 hour 52 mins",20.00,1.33,5.33,5.33,1.33,4.00,1.33,1.33
Sidia,Amir,3670888,amir.sidia@etu.sorbonne-universite.fr,Finished,"12 October 2020  3:18 AM","12 October 2020  3:47 AM","29 mins 27 secs",20.00,1.33,5.33,5.33,1.33,4.00,1.33,1.33
Simion,Mathys,28705217,Mathys.Simion@etu.sorbonne-universite.fr,-,-,-,-,-,-,-,-,-,-,-,-
Slimani,Hiba,3703036,hiba.slimani@etu.sorbonne-universite.fr,Finished,"11 October 2020  8:35 PM","11 October 2020  10:28 PM","1 hour 53 mins",6.67,1.33,0.00,0.00,0.00,4.00,0.33,1.00
Song,Yifei,3970712,yifei.song@etu.sorbonne-universite.fr,Finished,"10 October 2020  9:01 PM","10 October 2020  10:16 PM","1 hour 15 mins",20.00,1.33,5.33,5.33,1.33,4.00,1.33,1.33
Soulignadeth,Willy,3800002,willy.soulignadeth@etu.sorbonne-universite.fr,Finished,"11 October 2020  5:09 PM","11 October 2020  5:11 PM","2 mins 55 secs",20.00,1.33,5.33,5.33,1.33,4.00,1.33,1.33
Soutil,Aurélien,3700451,aurelien.soutil@etu.sorbonne-universite.fr,Finished,"11 October 2020  11:09 PM","11 October 2020  11:18 PM","8 mins 57 secs",17.67,1.33,3.33,5.33,1.33,4.00,1.00,1.33
Sow,Fatou,28503374,fatou.sow.2@etu.sorbonne-universite.fr,Finished,"11 October 2020  8:23 PM","11 October 2020  9:29 PM","1 hour 5 mins",10.67,0.00,5.33,0.00,1.33,4.00,-,-
Suhana,Satria,3800274,satria.suhana@etu.sorbonne-universite.fr,Finished,"11 October 2020  8:44 PM","11 October 2020  10:23 PM","1 hour 38 mins",9.78,0.00,2.67,-,0.44,4.00,1.33,1.33
Sy,"Virak Bot Baramy",3407325,virak.sy@etu.sorbonne-universite.fr,Finished,"11 October 2020  5:10 PM","11 October 2020  6:43 PM","1 hour 32 mins",14.67,1.33,5.33,0.00,1.33,4.00,1.33,1.33
Szczerba,Kamil,28614283,kamil.szczerba@etu.sorbonne-universite.fr,Finished,"6 October 2020  11:04 AM","6 October 2020  11:35 AM","30 mins 46 secs",20.00,1.33,5.33,5.33,1.33,4.00,1.33,1.33
Taleb,Rida,3804264,rida.taleb@etu.sorbonne-universite.fr,Finished,"10 October 2020  11:45 PM","10 October 2020  11:50 PM","5 mins 33 secs",20.00,1.33,5.33,5.33,1.33,4.00,1.33,1.33
Tang,Christophe,3802892,christophe.tang@etu.sorbonne-universite.fr,Finished,"11 October 2020  11:24 PM","12 October 2020  12:27 AM","1 hour 3 mins",20.00,1.33,5.33,5.33,1.33,4.00,1.33,1.33
Tat,Jonathan,3874133,jonathan.tat@etu.sorbonne-universite.fr,Finished,"11 October 2020  10:41 PM","11 October 2020  11:04 PM","22 mins 45 secs",20.00,1.33,5.33,5.33,1.33,4.00,1.33,1.33
Tchen,Clement,3703339,clement.tchen@etu.sorbonne-universite.fr,-,-,-,-,-,-,-,-,-,-,-,-
Thelineau,Jeremy,3200147,jeremy.thelineau@etu.sorbonne-universite.fr,-,-,-,-,-,-,-,-,-,-,-,-
Theodosiou,Michalis,3151223,michalis.theodosiou@etu.sorbonne-universite.fr,-,-,-,-,-,-,-,-,-,-,-,-
Theret,Ingrid,3201608,ingrid.theret@etu.sorbonne-universite.fr,Finished,"11 October 2020  2:55 PM","11 October 2020  3:36 PM","40 mins 24 secs",10.33,0.00,2.67,0.00,1.33,4.00,1.33,1.00
Thiam,Mohamed,3672502,mohamed.thiam@etu.sorbonne-universite.fr,Finished,"11 October 2020  8:24 PM","11 October 2020  9:49 PM","1 hour 24 mins",12.44,0.00,0.00,5.33,0.44,4.00,1.33,1.33
Thurairajah,Shaithan,3802984,shaithan.thurairajah@etu.sorbonne-universite.fr,Finished,"11 October 2020  4:55 PM","11 October 2020  5:43 PM","47 mins 27 secs",20.00,1.33,5.33,5.33,1.33,4.00,1.33,1.33
Tibi,Gad,3801996,gad.tibi@etu.sorbonne-universite.fr,Finished,"12 October 2020  9:02 AM","12 October 2020  9:23 AM","20 mins 12 secs",2.00,0.00,-,-,-,-,1.00,1.00
Toullalan,Antoine,3706648,antoine.toullalan@etu.sorbonne-universite.fr,Finished,"8 October 2020  9:47 AM","8 October 2020  10:25 AM","38 mins 1 sec",15.67,1.33,2.67,5.33,0.00,4.00,1.33,1.00
Tran,Kevin,3700914,kevin.tran@etu.sorbonne-universite.fr,Finished,"11 October 2020  10:59 PM","11 October 2020  11:50 PM","50 mins 43 secs",9.33,1.33,0.00,0.00,1.33,4.00,1.33,1.33
Traore,Khadidja,3800559,khadidja.traore@etu.sorbonne-universite.fr,Finished,"12 October 2020  12:18 AM","12 October 2020  12:43 AM","24 mins 28 secs",7.00,0.00,0.67,0.00,0.00,4.00,1.33,1.00
Trouve,Alex,3700052,alex.trouve@etu.sorbonne-universite.fr,Finished,"11 October 2020  7:38 PM","11 October 2020  8:17 PM","39 mins 10 secs",20.00,1.33,5.33,5.33,1.33,4.00,1.33,1.33
Ung,Thierry,3804472,thierry.ung@etu.sorbonne-universite.fr,Finished,"11 October 2020  5:13 PM","11 October 2020  6:23 PM","1 hour 10 mins",18.67,1.33,4.67,5.33,1.33,3.33,1.33,1.33
"Van Remoortere",Pierre,28007865,pierre.van_remoortere.1@etu.sorbonne-universite.fr,Finished,"11 October 2020  9:34 PM","11 October 2020  10:11 PM","37 mins 10 secs",10.00,1.33,2.67,0.00,0.00,4.00,0.67,1.33
Vang,Danny,3670334,danny.vang@etu.sorbonne-universite.fr,Finished,"5 October 2020  10:48 PM","5 October 2020  10:52 PM","3 mins 42 secs",20.00,1.33,5.33,5.33,1.33,4.00,1.33,1.33
Vanrycke,Loann,3811248,loann.vanrycke@etu.sorbonne-universite.fr,Finished,"11 October 2020  7:13 PM","11 October 2020  8:29 PM","1 hour 16 mins",10.33,1.33,2.67,0.00,0.00,4.00,1.33,1.00
Villard,Lorenzo,3801327,lorenzo.villard@etu.sorbonne-universite.fr,-,-,-,-,-,-,-,-,-,-,-,-
Xu,Jin,3700044,jin.xu@etu.sorbonne-universite.fr,Finished,"11 October 2020  3:06 PM","11 October 2020  4:03 PM","57 mins 37 secs",11.00,1.33,2.67,0.00,1.33,4.00,0.67,1.00
Yalcin,Mehmet,3702332,mehmet.yalcin@etu.sorbonne-universite.fr,Finished,"11 October 2020  10:57 PM","11 October 2020  11:16 PM","18 mins 32 secs",20.00,1.33,5.33,5.33,1.33,4.00,1.33,1.33
Yang,Qing,3872484,qing.yang@etu.sorbonne-universite.fr,-,-,-,-,-,-,-,-,-,-,-,-
Yao,Qingyuan,3970770,qingyuan.yao@etu.sorbonne-universite.fr,Finished,"11 October 2020  2:17 PM","11 October 2020  3:34 PM","1 hour 17 mins",10.33,1.33,2.67,0.00,0.00,4.00,1.33,1.00
Ye,William,3413637,william.ye@etu.sorbonne-universite.fr,Finished,"11 October 2020  1:46 PM","11 October 2020  2:24 PM","37 mins 38 secs",18.67,0.00,5.33,5.33,1.33,4.00,1.33,1.33
Zerrouki,Elies,3802658,elies.zerrouki@etu.sorbonne-universite.fr,Finished,"11 October 2020  11:47 PM","12 October 2020  12:50 AM","1 hour 3 mins",20.00,1.33,5.33,5.33,1.33,4.00,1.33,1.33
Zhang,Kevin,3520893,kevin.zhang@etu.sorbonne-universite.fr,Finished,"11 October 2020  10:21 PM","12 October 2020  12:14 AM","1 hour 53 mins",9.33,1.33,0.00,0.00,1.33,4.00,1.33,1.33
Zhang,Kate,3800131,kate.zhang@etu.sorbonne-universite.fr,Finished,"11 October 2020  5:05 PM","11 October 2020  5:59 PM","53 mins 24 secs",20.00,1.33,5.33,5.33,1.33,4.00,1.33,1.33
Zhang,Eric,3800297,eric.zhang@etu.sorbonne-universite.fr,Finished,"11 October 2020  4:46 PM","11 October 2020  5:35 PM","48 mins 36 secs",20.00,1.33,5.33,5.33,1.33,4.00,1.33,1.33
Zhao,Cong,2351624,cong.zhao@etu.sorbonne-universite.fr,Finished,"11 October 2020  11:26 AM","11 October 2020  12:20 PM","53 mins 30 secs",10.00,1.33,2.67,0.00,0.00,4.00,0.67,1.33
Zheng,Luc,3710230,luc.zheng@etu.sorbonne-universite.fr,Finished,"11 October 2020  7:29 PM","11 October 2020  9:06 PM","1 hour 37 mins",11.67,1.33,2.67,0.00,1.33,4.00,1.00,1.33
Zhou,Jean-Marc,28008879,jean-marc.zhou@etu.sorbonne-universite.fr,Finished,"12 October 2020  6:32 AM","12 October 2020  7:42 AM","1 hour 10 mins",9.33,0.00,2.67,0.00,0.00,4.00,1.33,1.33
Ziegler,Clara,3709947,clara.ziegler@etu.sorbonne-universite.fr,Finished,"11 October 2020  3:05 PM","11 October 2020  3:41 PM","36 mins 20 secs",10.33,0.00,2.67,0.00,1.33,4.00,1.00,1.33
Zinopoulos-Yannopoulos,Florian,3708962,florian.zinopoulos-yannopoulos@etu.sorbonne-universite.fr,Finished,"11 October 2020  9:51 AM","11 October 2020  10:57 AM","1 hour 6 mins",18.67,1.33,5.33,5.33,0.00,4.00,1.33,1.33
"Zou Al Guyna",Louai,3680880,louai.zou_al_guyna@etu.sorbonne-universite.fr,Finished,"10 October 2020  6:05 PM","10 October 2020  6:29 PM","23 mins 20 secs",12.44,1.33,4.00,0.00,0.44,4.00,1.33,1.33
"Overall average",,,,,,,,15.71,1.08,4.07,3.10,1.03,3.92,1.25,1.25
