﻿Surname,"First name","ID number","Email address",State,"Started on",Completed,"Time taken",Grade/20.00,"Q. 1 /6.36","Q. 2 /6.36","Q. 3 /5.45","Q. 4 /0.00","Q. 5 /1.82"
Aallam,Mohamed,3802135,mohamed.aallam@etu.sorbonne-universite.fr,Finished,"19 October 2020  12:12 AM","19 October 2020  12:34 AM","21 mins 27 secs",20.00,6.36,6.36,5.45,-,1.82
Abdalaziz,"Youssef Alaa Elsayye",3803619,youssef.abdalaziz@etu.sorbonne-universite.fr,Finished,"12 October 2020  5:30 PM","12 October 2020  6:02 PM","32 mins 11 secs",20.00,6.36,6.36,5.45,-,1.82
Abderrahmen,"Mohamed Aziz",3802009,mohamed.abderrahmen@etu.sorbonne-universite.fr,Finished,"18 October 2020  9:59 PM","18 October 2020  11:45 PM","1 hour 45 mins",15.91,3.18,5.45,5.45,-,1.82
Abitbol,Yossef,3804139,yossef.abitbol@etu.sorbonne-universite.fr,Finished,"18 October 2020  10:22 PM","19 October 2020  12:03 AM","1 hour 40 mins",20.00,6.36,6.36,5.45,-,1.82
Ajuelos,Emmanuel,3800432,emmanuel.ajuelos@etu.sorbonne-universite.fr,Finished,"18 October 2020  9:15 PM","18 October 2020  10:18 PM","1 hour 3 mins",20.00,6.36,6.36,5.45,-,1.82
"Al- Jawhi",Abdullah,28625228,abdullah.al_jawhi@etu.sorbonne-universite.fr,"Never submitted","17 October 2020  5:03 PM",-,-,-,-,-,-,-,-
Ammour,Amine,3876256,amine.ammour@etu.sorbonne-universite.fr,Finished,"19 October 2020  12:22 AM","19 October 2020  12:53 AM","31 mins 5 secs",20.00,6.36,6.36,5.45,-,1.82
Anki-Zuccarello,Kenza,3800473,kenza.anki-zuccarello@etu.sorbonne-universite.fr,-,-,-,-,-,-,-,-,-,-
Anki-Zuccarello,Kenza,28502318,kenza.anki.1@etu.sorbonne-universite.fr,Finished,"18 October 2020  10:34 PM","18 October 2020  11:22 PM","48 mins 22 secs",18.18,4.55,6.36,5.45,-,1.82
Aral,Arda,3702388,arda.aral@etu.sorbonne-universite.fr,Finished,"19 October 2020  2:08 AM","19 October 2020  2:25 AM","17 mins 34 secs",8.41,2.05,2.73,3.64,-,0.00
Arichandra,Santhos,3802651,santhos.arichandra@etu.sorbonne-universite.fr,Finished,"18 October 2020  8:43 PM","18 October 2020  9:04 PM","20 mins 46 secs",20.00,6.36,6.36,5.45,-,1.82
Armenoult,Ludovic,3416871,ludovic.armenoult@etu.sorbonne-universite.fr,Finished,"12 October 2020  5:39 PM","12 October 2020  6:44 PM","1 hour 4 mins",15.00,2.27,5.45,5.45,-,1.82
Arrous,Clement,3671634,clement.arrous@etu.sorbonne-universite.fr,Finished,"18 October 2020  9:53 PM","18 October 2020  10:01 PM","7 mins 49 secs",19.09,5.45,6.36,5.45,-,1.82
Audoux,Marion,3700108,marion.audoux@etu.sorbonne-universite.fr,Finished,"18 October 2020  10:29 AM","18 October 2020  10:33 AM","3 mins 59 secs",14.77,3.86,3.64,5.45,-,1.82
Audras,Antoine,3410283,antoine.audras@etu.sorbonne-universite.fr,Finished,"18 October 2020  11:35 PM","18 October 2020  11:45 PM","10 mins 15 secs",20.00,6.36,6.36,5.45,-,1.82
Ayadi,Anis,3802501,anis.ayadi@etu.sorbonne-universite.fr,Finished,"19 October 2020  12:33 AM","19 October 2020  1:52 AM","1 hour 19 mins",20.00,6.36,6.36,5.45,-,1.82
Azar,Jane,3803112,jane.azar@etu.sorbonne-universite.fr,Finished,"18 October 2020  11:16 PM","19 October 2020  12:07 AM","51 mins 5 secs",20.00,6.36,6.36,5.45,-,1.82
Azoui,Rayane,28710978,Rayane.Azoui@etu.sorbonne-universite.fr,Finished,"18 October 2020  10:18 AM","18 October 2020  11:21 AM","1 hour 3 mins",15.23,4.32,3.64,5.45,-,1.82
Badriouiche,Mohamed,3701404,mohamed.badriouiche@etu.sorbonne-universite.fr,Finished,"18 October 2020  8:17 PM","18 October 2020  9:08 PM","51 mins 33 secs",20.00,6.36,6.36,5.45,-,1.82
Baker,Thomas,3700144,thomas.baker@etu.sorbonne-universite.fr,Finished,"18 October 2020  5:01 PM","18 October 2020  5:16 PM","14 mins 57 secs",16.36,3.64,6.36,4.55,-,1.82
Baraket,Msalem,3804929,msalem.baraket@etu.sorbonne-universite.fr,Finished,"19 October 2020  12:51 AM","19 October 2020  1:54 AM","1 hour 2 mins",20.00,6.36,6.36,5.45,-,1.82
Barbier,Marie,3802734,marie.barbier.1@etu.sorbonne-universite.fr,Finished,"18 October 2020  9:43 PM","18 October 2020  10:00 PM","17 mins 13 secs",20.00,6.36,6.36,5.45,-,1.82
Belazouz,Bourhan-Eddine,3208353,bourhan-eddine.belazouz@etu.sorbonne-universite.fr,Finished,"18 October 2020  8:57 PM","18 October 2020  10:57 PM","1 hour 59 mins",20.00,6.36,6.36,5.45,-,1.82
Bellut,Quentin,3710439,quentin.bellut@etu.sorbonne-universite.fr,Finished,"19 October 2020  9:06 AM","19 October 2020  10:23 AM","1 hour 16 mins",17.05,5.23,6.36,3.64,-,1.82
"Ben Attar",Ethan,3670543,ethan.ben_attar@etu.sorbonne-universite.fr,Finished,"18 October 2020  5:32 PM","18 October 2020  5:43 PM","10 mins 36 secs",10.23,2.50,2.27,3.64,-,1.82
Benabdallah,Ali,3806311,ali.benabdallah@etu.sorbonne-universite.fr,Finished,"18 October 2020  8:50 PM","18 October 2020  8:52 PM","2 mins 30 secs",20.00,6.36,6.36,5.45,-,1.82
Bencherif,Nabil,3710493,nabil.bencherif@etu.sorbonne-universite.fr,Finished,"17 October 2020  8:05 PM","17 October 2020  8:52 PM","46 mins 56 secs",16.82,5.00,4.55,5.45,-,1.82
Benjamin-Jeyaseelan,"Benjamin Julius",3671340,benjamin.benjamin-jeyaseelan@etu.sorbonne-universite.fr,Finished,"18 October 2020  8:58 PM","18 October 2020  9:13 PM","14 mins 49 secs",20.00,6.36,6.36,5.45,-,1.82
Bensafia,"Chems Eddine",28717430,Chems_Eddine.Bensafia@etu.sorbonne-universite.fr,Finished,"18 October 2020  10:56 PM","18 October 2020  11:39 PM","43 mins 34 secs",20.00,6.36,6.36,5.45,-,1.82
Benyahia,Sami,3677177,sami.benyahia@etu.sorbonne-universite.fr,Finished,"19 October 2020  8:32 AM","19 October 2020  10:05 AM","1 hour 32 mins",18.86,5.23,6.36,5.45,-,1.82
Bernier,Téo,3670574,teo.bernier@etu.sorbonne-universite.fr,Finished,"19 October 2020  2:42 AM","19 October 2020  2:53 AM","10 mins 34 secs",20.00,6.36,6.36,5.45,-,1.82
Bettahar,"Mohamed El Amine",28616068,mohamed.bettahar@etu.sorbonne-universite.fr,Finished,"18 October 2020  9:06 PM","18 October 2020  10:35 PM","1 hour 28 mins",20.00,6.36,6.36,5.45,-,1.82
Boubrik,Ihsane,3670795,ihsane.boubrik@etu.sorbonne-universite.fr,Finished,"18 October 2020  2:53 PM","18 October 2020  3:01 PM","8 mins 27 secs",18.86,6.14,6.36,4.55,-,1.82
Boudarene,Samy,3801935,samy.boudarene@etu.sorbonne-universite.fr,Finished,"19 October 2020  12:26 AM","19 October 2020  12:49 AM","22 mins 57 secs",20.00,6.36,6.36,5.45,-,1.82
Bougherara,Adan,3680559,adan.bougherara@etu.sorbonne-universite.fr,Finished,"12 October 2020  4:22 PM","12 October 2020  4:47 PM","25 mins 12 secs",18.41,4.77,6.36,5.45,-,1.82
Bourekh,Zidane,3677063,zidane.bourekh@etu.sorbonne-universite.fr,Finished,"17 October 2020  12:08 PM","17 October 2020  12:44 PM","35 mins 26 secs",14.77,5.23,5.00,4.55,-,0.00
Bourlette,Lucas,3672216,lucas.bourlette@etu.sorbonne-universite.fr,Finished,"18 October 2020  2:43 PM","18 October 2020  2:46 PM","2 mins 53 secs",18.86,6.14,6.36,4.55,-,1.82
Bourmault,Adrien,3677850,adrien.bourmault@etu.sorbonne-universite.fr,-,-,-,-,-,-,-,-,-,-
Bouyoucef,Assirem,3971113,assirem.bouyoucef@etu.sorbonne-universite.fr,Finished,"19 October 2020  10:08 AM","19 October 2020  10:25 AM","17 mins 32 secs",20.00,6.36,6.36,5.45,-,1.82
Bouzouaoui,Anes,28616582,anes.bouzouaoui@etu.sorbonne-universite.fr,Finished,"19 October 2020  12:59 AM","19 October 2020  1:10 AM","11 mins 10 secs",20.00,6.36,6.36,5.45,-,1.82
Boyadjiev,Todor,28507548,todor.boyadjiev.2@etu.sorbonne-universite.fr,Finished,"19 October 2020  10:18 AM","19 October 2020  10:42 AM","24 mins 22 secs",6.14,2.05,2.27,1.82,-,0.00
Brasseur,Gaëtan,3802696,gaetan.brasseur@etu.sorbonne-universite.fr,Finished,"18 October 2020  4:09 PM","18 October 2020  4:22 PM","12 mins 27 secs",8.64,1.82,5.00,1.82,-,0.00
Brihmouche,Yacine,28717951,Yacine.Brihmouche@etu.sorbonne-universite.fr,"Never submitted","18 October 2020  11:05 PM",-,-,-,-,-,-,-,-
Buisson,Marc,28614429,marc.buisson@etu.sorbonne-universite.fr,Finished,"19 October 2020  12:01 AM","19 October 2020  12:12 AM","11 mins 11 secs",19.32,6.14,5.91,5.45,-,1.82
Canitrot,Julien,3803521,julien.canitrot@etu.sorbonne-universite.fr,Finished,"18 October 2020  3:15 PM","18 October 2020  4:00 PM","45 mins 3 secs",18.41,4.77,6.36,5.45,-,1.82
Carton,Lorris,3521310,lorris.carton@etu.sorbonne-universite.fr,-,-,-,-,-,-,-,-,-,-
Carvalho,Lorenzo,3700288,lorenzo.carvalho@etu.sorbonne-universite.fr,Finished,"19 October 2020  8:47 AM","19 October 2020  10:13 AM","1 hour 26 mins",17.95,6.14,6.36,3.64,-,1.82
Cassan,Jules,3810883,jules.cassan@etu.sorbonne-universite.fr,Finished,"12 October 2020  4:21 PM","12 October 2020  4:47 PM","25 mins 28 secs",15.68,4.77,3.64,5.45,-,1.82
Chafai,Tinhinane,3802927,tinhinane.chafai@etu.sorbonne-universite.fr,Finished,"18 October 2020  11:54 PM","19 October 2020  12:08 AM","13 mins 41 secs",18.64,5.00,6.36,5.45,-,1.82
"Chan Yip Hon",Boris,3706553,boris.chan_yip_hon@etu.sorbonne-universite.fr,Finished,"18 October 2020  4:43 PM","18 October 2020  5:50 PM","1 hour 6 mins",15.91,2.27,6.36,5.45,-,1.82
Chea,Sophie,3708951,sophie.chea@etu.sorbonne-universite.fr,Finished,"18 October 2020  11:38 PM","19 October 2020  12:08 AM","29 mins 9 secs",17.95,5.23,5.45,5.45,-,1.82
Chen,Jinhe,3802503,jinhe.chen@etu.sorbonne-universite.fr,-,-,-,-,-,-,-,-,-,-
Cherfaoui,Sarah,3874223,sarah.cherfaoui@etu.sorbonne-universite.fr,-,-,-,-,-,-,-,-,-,-
Cherfaoui,Melissa,28720090,Melissa.Cherfaoui@etu.sorbonne-universite.fr,Finished,"19 October 2020  8:04 AM","19 October 2020  9:00 AM","55 mins 56 secs",10.00,3.18,0.45,4.55,-,1.82
Chitu,Alex,3701943,alex.chitu@etu.sorbonne-universite.fr,Finished,"19 October 2020  9:38 AM","19 October 2020  9:42 AM","4 mins 50 secs",17.27,6.36,6.36,2.73,-,1.82
Cineus,Dylan,3302425,dylan.cineus@etu.sorbonne-universite.fr,Finished,"18 October 2020  11:59 PM","19 October 2020  1:07 AM","1 hour 8 mins",14.09,3.18,3.64,5.45,-,1.82
Ciocan,Clara,3801875,clara.ciocan@etu.sorbonne-universite.fr,Finished,"18 October 2020  11:03 AM","18 October 2020  12:14 PM","1 hour 10 mins",16.82,4.09,6.36,4.55,-,1.82
Cleuziou,Karl,3800455,karl.cleuziou@etu.sorbonne-universite.fr,Finished,"16 October 2020  4:09 AM","16 October 2020  4:31 AM","21 mins 49 secs",20.00,6.36,6.36,5.45,-,1.82
Colin,Jacques,3700584,jacques.colin@etu.sorbonne-universite.fr,Finished,"18 October 2020  12:44 PM","18 October 2020  12:52 PM","7 mins 31 secs",19.09,6.36,6.36,4.55,-,1.82
Coudert,Louis,3800333,louis.coudert@etu.sorbonne-universite.fr,Finished,"15 October 2020  10:00 PM","15 October 2020  10:49 PM","49 mins 13 secs",13.18,5.00,6.36,0.00,-,1.82
Dauvet,Haron,3700463,haron.dauvet@etu.sorbonne-universite.fr,Finished,"19 October 2020  8:43 AM","19 October 2020  9:32 AM","48 mins 30 secs",18.64,5.00,6.36,5.45,-,1.82
"De Castelbajac",Matthieu,3800411,matthieu.de_castelbajac@etu.sorbonne-universite.fr,Finished,"17 October 2020  4:42 PM","17 October 2020  5:14 PM","32 mins 45 secs",18.18,6.36,6.36,3.64,-,1.82
Delgado,Thomas,3407716,thomas.delgado@etu.sorbonne-universite.fr,-,-,-,-,-,-,-,-,-,-
Demeulenaere,Vivien,3706539,vivien.demeulenaere@etu.sorbonne-universite.fr,Finished,"12 October 2020  4:22 PM","12 October 2020  4:47 PM","25 mins 11 secs",18.41,4.77,6.36,5.45,-,1.82
Djouahra,"Mohamed Akram",28718098,Mohamed_Akram.Djouahra@etu.sorbonne-universite.fr,Finished,"19 October 2020  8:51 AM","19 October 2020  10:19 AM","1 hour 28 mins",18.41,4.77,6.36,5.45,-,1.82
Djouder,Sarah,3970876,sarah.djouder@etu.sorbonne-universite.fr,Finished,"19 October 2020  1:10 AM","19 October 2020  1:32 AM","21 mins 35 secs",20.00,6.36,6.36,5.45,-,1.82
Doucouré,Dramane,3520680,dramane.doucoure@etu.sorbonne-universite.fr,Finished,"18 October 2020  11:01 PM","18 October 2020  11:30 PM","29 mins 33 secs",19.09,6.36,6.36,4.55,-,1.82
Drouin,Reza,3800042,reza.drouin@etu.sorbonne-universite.fr,Finished,"19 October 2020  8:09 AM","19 October 2020  9:22 AM","1 hour 12 mins",19.32,5.68,6.36,5.45,-,1.82
Du,Qian,3520431,qian.du@etu.sorbonne-universite.fr,Finished,"12 October 2020  12:32 PM","12 October 2020  1:18 PM","45 mins 16 secs",14.09,0.45,6.36,5.45,-,1.82
Dubreuil,Jules,3800417,jules.dubreuil@etu.sorbonne-universite.fr,Finished,"18 October 2020  11:08 PM","19 October 2020  12:01 AM","53 mins 19 secs",20.00,6.36,6.36,5.45,-,1.82
Dufeutrelle,Hugo,3520375,hugo.dufeutrelle@etu.sorbonne-universite.fr,Finished,"15 October 2020  4:20 PM","15 October 2020  4:48 PM","27 mins 48 secs",15.00,3.18,6.36,3.64,-,1.82
Dumoulin,Zoé,3702742,zoe.dumoulin@etu.sorbonne-universite.fr,Finished,"18 October 2020  9:25 PM","18 October 2020  11:25 PM","2 hours",18.86,5.23,6.36,5.45,-,1.82
Duval,Aurelien,3872455,aurelien.duval@etu.sorbonne-universite.fr,Finished,"18 October 2020  2:03 PM","18 October 2020  2:53 PM","49 mins 29 secs",20.00,6.36,6.36,5.45,-,1.82
Dziri,Hakim,3800075,hakim.dziri@etu.sorbonne-universite.fr,-,-,-,-,-,-,-,-,-,-
"El Fahdi",Ismaël,3802719,ismael.el_fahdi@etu.sorbonne-universite.fr,Finished,"18 October 2020  8:39 PM","18 October 2020  9:11 PM","32 mins 18 secs",20.00,6.36,6.36,5.45,-,1.82
"El Ghali",Yosr,3802466,yosr.elghali@etu.sorbonne-universite.fr,Finished,"19 October 2020  9:18 AM","19 October 2020  10:29 AM","1 hour 11 mins",10.91,3.18,4.09,3.64,-,0.00
"El Ghazzi",Sarah,3671094,sarah.el_ghazzi@etu.sorbonne-universite.fr,Finished,"18 October 2020  8:16 PM","18 October 2020  9:44 PM","1 hour 28 mins",19.77,6.14,6.36,5.45,-,1.82
"El Ghoul",Elio,3803565,elio.el_ghoul@etu.sorbonne-universite.fr,Finished,"19 October 2020  12:24 AM","19 October 2020  1:21 AM","57 mins 38 secs",20.00,6.36,6.36,5.45,-,1.82
Elatri,Sami,3801805,sami.elatri@etu.sorbonne-universite.fr,-,-,-,-,-,-,-,-,-,-
Ergun,Yavuz,3670777,yavuz.ergun@etu.sorbonne-universite.fr,Finished,"18 October 2020  11:13 PM","18 October 2020  11:33 PM","20 mins 36 secs",20.00,6.36,6.36,5.45,-,1.82
Felix,Wycherley-Kassel,3702385,wycherley-kassel.felix@etu.sorbonne-universite.fr,-,-,-,-,-,-,-,-,-,-
Ferdaoui,Sheïmâa,3802999,sheimaa.ferdaoui@etu.sorbonne-universite.fr,Finished,"19 October 2020  12:06 AM","19 October 2020  12:14 AM","8 mins 21 secs",20.00,6.36,6.36,5.45,-,1.82
Gabour,Smail,3700149,smail.gabour@etu.sorbonne-universite.fr,Finished,"18 October 2020  6:05 PM","18 October 2020  6:11 PM","5 mins 47 secs",19.09,6.36,6.36,4.55,-,1.82
Gaillon,Gregoire,3670241,gregoire.gaillon@etu.sorbonne-universite.fr,Finished,"12 October 2020  9:47 PM","12 October 2020  11:07 PM","1 hour 19 mins",18.41,6.14,5.91,4.55,-,1.82
Galliot,Jules,3802342,jules.galliot@etu.sorbonne-universite.fr,Finished,"18 October 2020  11:08 PM","18 October 2020  11:58 PM","49 mins 31 secs",20.00,6.36,6.36,5.45,-,1.82
Gigacz,"Kiara Ting Yung Chin",3803025,kiara.gigacz@etu.sorbonne-universite.fr,Finished,"19 October 2020  4:11 AM","19 October 2020  4:55 AM","44 mins 9 secs",20.00,6.36,6.36,5.45,-,1.82
Goulmot,Cedric,3971371,cedric.goulmot@etu.sorbonne-universite.fr,Finished,"17 October 2020  10:10 AM","17 October 2020  11:12 AM","1 hour 2 mins",14.09,5.91,2.73,5.45,-,0.00
Grech,Anna,3800494,anna.grech@etu.sorbonne-universite.fr,Finished,"18 October 2020  1:51 PM","18 October 2020  2:47 PM","55 mins 47 secs",17.50,3.86,6.36,5.45,-,1.82
Gruman,Pierre-Alexandre,28507556,pierre-alexandre.gruman.2@etu.sorbonne-universite.fr,Finished,"18 October 2020  12:50 PM","18 October 2020  1:54 PM","1 hour 3 mins",13.86,4.77,2.73,4.55,-,1.82
Guio,Clément,3413360,clement.guio@etu.sorbonne-universite.fr,Finished,"17 October 2020  6:11 PM","17 October 2020  6:38 PM","26 mins 44 secs",20.00,6.36,6.36,5.45,-,1.82
Hadj-Arab,Ludmila,3971280,ludmila.hadj-arab@etu.sorbonne-universite.fr,Finished,"17 October 2020  4:06 PM","17 October 2020  4:55 PM","48 mins 55 secs",14.77,3.86,3.64,5.45,-,1.82
Hadji,Mohamed,3702996,mohamed.hadji@etu.sorbonne-universite.fr,Finished,"18 October 2020  9:36 PM","18 October 2020  11:17 PM","1 hour 41 mins",19.77,6.14,6.36,5.45,-,1.82
Hamdad,Khellaf,3802811,khellaf.hamdad@etu.sorbonne-universite.fr,-,-,-,-,-,-,-,-,-,-
Hannachi,Dina,3801528,dina.hannachi@etu.sorbonne-universite.fr,Finished,"19 October 2020  8:54 AM","19 October 2020  9:07 AM","13 mins 30 secs",20.00,6.36,6.36,5.45,-,1.82
Herman,Margot,28716768,Margot.Herman@etu.sorbonne-universite.fr,Finished,"18 October 2020  9:23 PM","18 October 2020  10:46 PM","1 hour 22 mins",17.73,4.09,6.36,5.45,-,1.82
"Hernandez Adan","Oriana Rafaela",3802881,oriana.hernandez_adan@etu.sorbonne-universite.fr,Finished,"18 October 2020  9:52 PM","18 October 2020  10:12 PM","19 mins 58 secs",19.77,6.14,6.36,5.45,-,1.82
Huang,Xinyu,3803966,xinyiu.huang@etu.sorbonne-universite.fr,Finished,"18 October 2020  8:32 PM","18 October 2020  9:58 PM","1 hour 25 mins",18.41,4.77,6.36,5.45,-,1.82
Huang,Junyang,2302854,junyang.huang@etu.sorbonne-universite.fr,-,-,-,-,-,-,-,-,-,-
Huant,Raphael,3709095,raphael.huant@etu.sorbonne-universite.fr,Finished,"12 October 2020  7:47 PM","12 October 2020  8:02 PM","15 mins 16 secs",20.00,6.36,6.36,5.45,-,1.82
"Ibobi Sambila",Osee,3704090,osee.ibobi_sambila@etu.sorbonne-universite.fr,Finished,"18 October 2020  2:41 PM","18 October 2020  4:21 PM","1 hour 39 mins",20.00,6.36,6.36,5.45,-,1.82
Ikhlef,Nadjia,28718372,Nadjia.Ikhlef@etu.sorbonne-universite.fr,Finished,"18 October 2020  2:15 PM","18 October 2020  3:32 PM","1 hour 16 mins",18.64,5.00,6.36,5.45,-,1.82
Ith,Marc,3302184,marc.ith@etu.sorbonne-universite.fr,Finished,"19 October 2020  7:41 AM","19 October 2020  9:12 AM","1 hour 30 mins",10.91,0.91,2.73,5.45,-,1.82
Jday,Achraf,3802410,achraf.jday@etu.sorbonne-universite.fr,Finished,"18 October 2020  8:45 PM","18 October 2020  9:11 PM","26 mins 37 secs",20.00,6.36,6.36,5.45,-,1.82
Jebari,Firas,3802713,firas.jebari@etu.sorbonne-universite.fr,Finished,"18 October 2020  8:28 PM","18 October 2020  8:55 PM","26 mins 13 secs",19.77,6.14,6.36,5.45,-,1.82
Kaci-Chaouche,Omar,3521322,omar.kaci-chaouche@etu.sorbonne-universite.fr,Finished,"19 October 2020  1:06 AM","19 October 2020  2:20 AM","1 hour 14 mins",13.64,2.73,3.64,5.45,-,1.82
Kahil,Amine,28616887,amine.kahil@etu.sorbonne-universite.fr,Finished,"18 October 2020  9:22 PM","18 October 2020  11:10 PM","1 hour 48 mins",20.00,6.36,6.36,5.45,-,1.82
Kaïdouchi,Amira,3700530,amira.kaidouchi@etu.sorbonne-universite.fr,Finished,"18 October 2020  11:23 PM","19 October 2020  12:18 AM","55 mins 33 secs",17.95,5.23,5.45,5.45,-,1.82
Kandeepan,Mathuran,3800103,mathuran.kandeepan@etu.sorbonne-universite.fr,Finished,"17 October 2020  4:28 PM","17 October 2020  5:32 PM","1 hour 3 mins",18.41,4.77,6.36,5.45,-,1.82
Kassab,Mouad,3700640,mouad.kassab@etu.sorbonne-universite.fr,Finished,"18 October 2020  11:11 PM","19 October 2020  12:38 AM","1 hour 26 mins",20.00,6.36,6.36,5.45,-,1.82
Kasten,Harold,3805644,harold.kasten@etu.sorbonne-universite.fr,Finished,"18 October 2020  11:09 PM","18 October 2020  11:57 PM","47 mins 39 secs",20.00,6.36,6.36,5.45,-,1.82
Kaya,Delphine,3800099,delphine.kaya@etu.sorbonne-universite.fr,Finished,"18 October 2020  2:27 PM","18 October 2020  3:15 PM","48 mins 4 secs",13.18,3.18,2.73,5.45,-,1.82
Kerdouche,Nabil,3802336,nabil.kerdouche@etu.sorbonne-universite.fr,Finished,"19 October 2020  7:31 AM","19 October 2020  8:47 AM","1 hour 16 mins",20.00,6.36,6.36,5.45,-,1.82
Kettouche,Tinhinane,3803639,tinhinane.kettouche@etu.sorbonne-universite.fr,-,-,-,-,-,-,-,-,-,-
Khalid,Ruhma,3710442,ruhma.khalid@etu.sorbonne-universite.fr,Finished,"17 October 2020  12:45 PM","17 October 2020  1:02 PM","16 mins 57 secs",14.77,5.23,5.00,4.55,-,0.00
Kharbouche,Ibrahim,3671035,ibrahim.kharbouche@etu.sorbonne-universite.fr,Finished,"19 October 2020  9:15 AM","19 October 2020  9:59 AM","44 mins 18 secs",13.64,3.18,3.18,5.45,-,1.82
Kireche,Koceila,28717834,Koceila.Kireche@etu.sorbonne-universite.fr,Finished,"18 October 2020  11:32 PM","19 October 2020  12:36 AM","1 hour 4 mins",20.00,6.36,6.36,5.45,-,1.82
Kling,Paul,3670056,paul.kling@etu.sorbonne-universite.fr,Finished,"18 October 2020  2:04 PM","18 October 2020  3:22 PM","1 hour 18 mins",13.86,5.68,6.36,0.00,-,1.82
Komen,Dimitri,3603619,dimitri.komen@etu.sorbonne-universite.fr,Finished,"16 October 2020  1:20 PM","16 October 2020  1:55 PM","35 mins 41 secs",20.00,6.36,6.36,5.45,-,1.82
Kordon,Djeser,3772433,djeser.kordon@etu.sorbonne-universite.fr,Finished,"17 October 2020  3:46 PM","17 October 2020  4:06 PM","20 mins 14 secs",12.95,3.86,3.64,3.64,-,1.82
Koroglu,Mathis,3711799,mathis.koroglu@etu.sorbonne-universite.fr,Finished,"16 October 2020  7:29 PM","16 October 2020  8:15 PM","45 mins 41 secs",20.00,6.36,6.36,5.45,-,1.82
Kostadinovic,Nikola,3801695,nikola.kostadinovic@etu.sorbonne-universite.fr,Finished,"18 October 2020  8:15 PM","18 October 2020  8:49 PM","34 mins 42 secs",20.00,6.36,6.36,5.45,-,1.82
Krisni,Almehdi,3800519,almehdi.krisni@etu.sorbonne-universite.fr,Finished,"19 October 2020  12:28 AM","19 October 2020  12:48 AM","19 mins 44 secs",19.09,6.36,6.36,4.55,-,1.82
Kwonn,Simon,3709743,simon.kwonn@etu.sorbonne-universite.fr,Finished,"17 October 2020  12:19 PM","17 October 2020  12:31 PM","12 mins 16 secs",15.68,2.05,6.36,5.45,-,1.82
Lachemot,Cédric,3705179,cedric.lachemot@etu.sorbonne-universite.fr,Finished,"18 October 2020  11:01 PM","19 October 2020  12:03 AM","1 hour 1 min",20.00,6.36,6.36,5.45,-,1.82
Lachgar,Amine,3802257,amine.lachgar@etu.sorbonne-universite.fr,-,-,-,-,-,-,-,-,-,-
Lahfa,Samy,3706599,samy.lahfa@etu.sorbonne-universite.fr,Finished,"18 October 2020  11:08 PM","18 October 2020  11:23 PM","14 mins 54 secs",18.86,5.23,6.36,5.45,-,1.82
"Lam A",Leo,28712991,Leo.Lam_A@etu.sorbonne-universite.fr,Finished,"19 October 2020  1:33 AM","19 October 2020  3:00 AM","1 hour 27 mins",20.00,6.36,6.36,5.45,-,1.82
Lange,Mathilde,28504995,mathilde.lange.2@etu.sorbonne-universite.fr,Finished,"18 October 2020  4:02 PM","18 October 2020  5:30 PM","1 hour 28 mins",18.18,4.55,6.36,5.45,-,1.82
Langlais,Rafaël,3520624,rafael.langlais@etu.sorbonne-universite.fr,Finished,"17 October 2020  2:51 PM","17 October 2020  3:46 PM","55 mins 6 secs",17.95,4.32,6.36,5.45,-,1.82
Larbi,Melissa,3971141,melissa.larbi@etu.sorbonne-universite.fr,Finished,"18 October 2020  11:17 PM","18 October 2020  11:35 PM","18 mins 22 secs",14.55,3.64,3.64,5.45,-,1.82
Lassadi,Nassim,3707173,nassim.lassadi@etu.sorbonne-universite.fr,Finished,"18 October 2020  10:40 PM","18 October 2020  10:45 PM","4 mins 59 secs",20.00,6.36,6.36,5.45,-,1.82
Lay,Kenny,3801173,kenny.lay@etu.sorbonne-universite.fr,Finished,"12 October 2020  4:21 PM","12 October 2020  4:47 PM","25 mins 24 secs",18.41,4.77,6.36,5.45,-,1.82
Le,"Hai Nam",28613397,hai.le@etu.sorbonne-universite.fr,Finished,"13 October 2020  3:56 PM","13 October 2020  4:08 PM","11 mins 51 secs",17.95,6.14,6.36,3.64,-,1.82
Le,Doan,3875020,doan.le@etu.sorbonne-universite.fr,Finished,"18 October 2020  10:35 PM","18 October 2020  11:27 PM","52 mins 3 secs",17.05,6.14,6.36,4.55,-,0.00
Lebazda--Gauthier,Benoît,3702867,benoit.lebazda--gauthier@etu.sorbonne-universite.fr,"Never submitted","18 October 2020  1:54 PM",-,-,-,-,-,-,-,-
Lecocq,Yoann,3708077,yoann.lecocq@etu.sorbonne-universite.fr,Finished,"19 October 2020  10:20 AM","19 October 2020  10:23 AM","2 mins 57 secs",20.00,6.36,6.36,5.45,-,1.82
Lefebure,Pierre,3674815,pierre.lefebure@etu.sorbonne-universite.fr,-,-,-,-,-,-,-,-,-,-
Lefevre,Manon,3800422,manon.lefevre@etu.sorbonne-universite.fr,Finished,"18 October 2020  2:27 PM","18 October 2020  3:15 PM","48 mins 7 secs",13.18,3.18,2.73,5.45,-,1.82
Lemaitre,Alexandre,3876023,alexandre.lemaitre@etu.sorbonne-universite.fr,"Never submitted","19 October 2020  2:25 AM",-,-,-,-,-,-,-,-
Lemaitre,Alexandre,3876023,alexandre.lemaitre@etu.sorbonne-universite.fr,Finished,"19 October 2020  8:09 AM","19 October 2020  8:12 AM","3 mins 17 secs",14.32,5.23,3.64,3.64,-,1.82
Li,Ziyou,3802432,ziyou.li@etu.sorbonne-universite.fr,Finished,"19 October 2020  12:26 AM","19 October 2020  1:06 AM","39 mins 45 secs",14.32,2.50,4.55,5.45,-,1.82
Lifsal,Loubna,3309154,loubna.lifsal@etu.sorbonne-universite.fr,Finished,"19 October 2020  9:24 AM","19 October 2020  10:41 AM","1 hour 17 mins",2.05,0.23,-,1.82,-,0.00
Lin,Daniel,3700421,daniel.lin@etu.sorbonne-universite.fr,Finished,"17 October 2020  1:02 PM","17 October 2020  1:42 PM","40 mins 4 secs",9.32,1.14,2.73,3.64,-,1.82
Loi,Alessia,3971668,alessia.loi@etu.sorbonne-universite.fr,Finished,"19 October 2020  12:35 AM","19 October 2020  1:17 AM","41 mins 26 secs",20.00,6.36,6.36,5.45,-,1.82
Lu,Raymond,3700479,raymond.lu@etu.sorbonne-universite.fr,Finished,"18 October 2020  3:47 PM","18 October 2020  5:05 PM","1 hour 18 mins",17.27,3.64,6.36,5.45,-,1.82
Lu,Alexandra,3700615,alexandra.lu@etu.sorbonne-universite.fr,Finished,"18 October 2020  10:45 PM","19 October 2020  12:12 AM","1 hour 26 mins",19.32,5.68,6.36,5.45,-,1.82
Ly,Sylvie,3522190,sylvie.ly@etu.sorbonne-universite.fr,Finished,"18 October 2020  10:49 PM","18 October 2020  11:33 PM","44 mins 33 secs",17.27,6.36,6.36,2.73,-,1.82
M'Barek,Heikel,3201218,heikel.mbarek@etu.sorbonne-universite.fr,Finished,"18 October 2020  9:00 PM","18 October 2020  10:15 PM","1 hour 15 mins",16.14,4.32,6.36,3.64,-,1.82
Maafa,Zin,3803950,zin.maafa@etu.sorbonne-universite.fr,Finished,"18 October 2020  11:27 PM","18 October 2020  11:49 PM","22 mins 17 secs",20.00,6.36,6.36,5.45,-,1.82
"Mahad Ismail",Roukia,3874897,roukia.mahad-ismail@etu.sorbonne-universite.fr,Finished,"18 October 2020  9:17 PM","18 October 2020  10:43 PM","1 hour 25 mins",10.68,3.86,2.27,2.73,-,1.82
Manimtim,Alexandre,3407834,alexandre.manimtim@etu.sorbonne-universite.fr,-,-,-,-,-,-,-,-,-,-
Mariller,Vincent,3700041,vincent.mariller@etu.sorbonne-universite.fr,Finished,"19 October 2020  10:01 AM","19 October 2020  10:35 AM","34 mins 18 secs",20.00,6.36,6.36,5.45,-,1.82
Marzougui,Syrine,3803611,syrine.marzougui@etu.sorbonne-universite.fr,Finished,"19 October 2020  7:58 AM","19 October 2020  8:21 AM","22 mins 20 secs",20.00,6.36,6.36,5.45,-,1.82
Maurel,Perrine,28502791,perrine.maurel.2@etu.sorbonne-universite.fr,Finished,"18 October 2020  2:47 PM","18 October 2020  3:05 PM","17 mins 52 secs",17.05,5.23,6.36,5.45,-,0.00
Mehdi,Sarah,3971165,sarah.mehdi.1@etu.sorbonne-universite.fr,Finished,"18 October 2020  3:00 PM","18 October 2020  3:31 PM","31 mins 42 secs",19.55,5.91,6.36,5.45,-,1.82
Mellul,Yona,3800646,yona.mellul@etu.sorbonne-universite.fr,-,-,-,-,-,-,-,-,-,-
Mendas,Rosa,3802558,rosa.mendas@etu.sorbonne-universite.fr,Finished,"19 October 2020  12:31 AM","19 October 2020  1:38 AM","1 hour 7 mins",20.00,6.36,6.36,5.45,-,1.82
Mendes,Hugo,3670527,hugo.mendes@etu.sorbonne-universite.fr,Finished,"18 October 2020  8:38 PM","18 October 2020  9:33 PM","55 mins 2 secs",19.55,6.36,5.91,5.45,-,1.82
Merle-Remond,Julian,3700191,julian.merle-remond@etu.sorbonne-universite.fr,Finished,"12 October 2020  9:58 PM","12 October 2020  11:10 PM","1 hour 12 mins",17.27,6.36,6.36,4.55,-,0.00
Merzouk,Kenza,3803468,kenza.merzouk@etu.sorbonne-universite.fr,Finished,"19 October 2020  6:04 AM","19 October 2020  7:19 AM","1 hour 15 mins",20.00,6.36,6.36,5.45,-,1.82
Meziane,Mohamed,3802500,mohamed.meziane@etu.sorbonne-universite.fr,Finished,"19 October 2020  12:06 AM","19 October 2020  1:08 AM","1 hour 2 mins",20.00,6.36,6.36,5.45,-,1.82
Mistry,Manishkumar,3671086,manishkumar.mistry@etu.sorbonne-universite.fr,Finished,"18 October 2020  8:59 PM","18 October 2020  9:22 PM","23 mins 11 secs",20.00,6.36,6.36,5.45,-,1.82
Mistry,Darshan,3670280,darshan.mistry@etu.sorbonne-universite.fr,Finished,"18 October 2020  9:40 PM","18 October 2020  10:58 PM","1 hour 18 mins",20.00,6.36,6.36,5.45,-,1.82
Mohammedi,Vanessa,3671439,vanessa.mohammedi@etu.sorbonne-universite.fr,Finished,"19 October 2020  8:42 AM","19 October 2020  10:29 AM","1 hour 47 mins",18.18,6.36,6.36,3.64,-,1.82
Mohellebi,Melissa,3971070,melissa.mohellebi@etu.sorbonne-universite.fr,Finished,"19 October 2020  12:36 AM","19 October 2020  2:00 AM","1 hour 23 mins",20.00,6.36,6.36,5.45,-,1.82
Monnereau,Irena,3670050,irena.monnereau@etu.sorbonne-universite.fr,Finished,"18 October 2020  8:00 PM","18 October 2020  8:05 PM","4 mins 49 secs",18.18,6.36,6.36,3.64,-,1.82
Moreau,Léonard,3800364,leonard.moreau@etu.sorbonne-universite.fr,-,-,-,-,-,-,-,-,-,-
Mosgoreanu,"Alexandru Zaharia",28717021,Alexandru_Zaharia.Mosgoreanu@etu.sorbonne-universite.fr,Finished,"18 October 2020  9:25 PM","18 October 2020  10:37 PM","1 hour 12 mins",15.68,2.05,6.36,5.45,-,1.82
Moulouel,Myriem,3802291,myriem.moulouel@etu.sorbonne-universite.fr,Finished,"19 October 2020  5:08 AM","19 October 2020  5:22 AM","13 mins 55 secs",19.32,5.68,6.36,5.45,-,1.82
Moyet,Candice,3801474,candice.moyet@etu.sorbonne-universite.fr,Finished,"18 October 2020  1:52 PM","18 October 2020  2:47 PM","55 mins 24 secs",17.50,3.86,6.36,5.45,-,1.82
Nam,Maxime,3301246,maxime.nam@etu.sorbonne-universite.fr,Finished,"18 October 2020  9:20 PM","18 October 2020  10:26 PM","1 hour 6 mins",18.41,4.77,6.36,5.45,-,1.82
Naumenko,Polina,3521154,polina.naumenko@etu.sorbonne-universite.fr,Finished,"19 October 2020  9:11 AM","19 October 2020  9:40 AM","29 mins 42 secs",20.00,6.36,6.36,5.45,-,1.82
Ngamy,Gianni-Alessandro,3703993,gianni-alessandro.ngamy@etu.sorbonne-universite.fr,Finished,"18 October 2020  10:59 PM","18 October 2020  11:18 PM","18 mins 49 secs",13.86,2.95,5.45,3.64,-,1.82
Nguyen,"Minh Anh",3802621,minh.nguyen.6@etu.sorbonne-universite.fr,Finished,"18 October 2020  1:53 PM","18 October 2020  3:26 PM","1 hour 32 mins",20.00,6.36,6.36,5.45,-,1.82
Niang,Fallou,3803961,fallou.niang@etu.sorbonne-universite.fr,Finished,"19 October 2020  12:44 AM","19 October 2020  12:57 AM","12 mins 37 secs",20.00,6.36,6.36,5.45,-,1.82
"Normand De La Tranchade",François,3671913,francois.normand_de_la_tranchade@etu.sorbonne-universite.fr,Finished,"19 October 2020  2:08 AM","19 October 2020  3:12 AM","1 hour 4 mins",19.77,6.14,6.36,5.45,-,1.82
Oses,Jean-Baptiste,3700565,jean-baptiste.oses@etu.sorbonne-universite.fr,Finished,"18 October 2020  11:56 PM","19 October 2020  12:49 AM","52 mins 52 secs",11.14,2.05,1.82,5.45,-,1.82
Oudjani,Yasmine,3803009,yasmine.oudjani@etu.sorbonne-universite.fr,Finished,"16 October 2020  10:40 PM","16 October 2020  11:22 PM","41 mins 48 secs",15.68,3.86,6.36,3.64,-,1.82
Pareau,Mathilde,3800446,mathilde.pareau@etu.sorbonne-universite.fr,Finished,"16 October 2020  7:57 PM","16 October 2020  8:22 PM","24 mins 42 secs",15.23,4.77,5.00,5.45,-,0.00
Parichault,Antoine,3803454,antoine.parichault@etu.sorbonne-universite.fr,Finished,"18 October 2020  11:57 PM","19 October 2020  12:11 AM","13 mins 57 secs",12.27,2.73,2.27,5.45,-,1.82
Pironin,Julie,3802614,julie.pironin@etu.sorbonne-universite.fr,Finished,"19 October 2020  1:41 AM","19 October 2020  2:15 AM","33 mins 54 secs",18.18,4.55,6.36,5.45,-,1.82
Polit,Titouan,3800511,titouan.polit@etu.sorbonne-universite.fr,Finished,"15 October 2020  7:16 PM","15 October 2020  7:57 PM","41 mins 12 secs",12.73,4.09,2.27,4.55,-,1.82
Popescu,"Diana Elena",28717024,Diana_Elena.Popescu@etu.sorbonne-universite.fr,Finished,"19 October 2020  1:56 AM","19 October 2020  2:17 AM","21 mins 45 secs",15.68,2.05,6.36,5.45,-,1.82
Poulain,Claire,3679357,claire.poulain@etu.sorbonne-universite.fr,Finished,"19 October 2020  8:54 AM","19 October 2020  8:56 AM","1 min 47 secs",20.00,6.36,6.36,5.45,-,1.82
Prostakov,Andrey,3802515,andrey.prostakov@etu.sorbonne-universite.fr,Finished,"19 October 2020  12:00 AM","19 October 2020  12:14 AM","14 mins 39 secs",20.00,6.36,6.36,5.45,-,1.82
Quest,Alexis,3703346,alexis.quest@etu.sorbonne-universite.fr,Finished,"18 October 2020  10:17 PM","18 October 2020  10:31 PM","14 mins 1 sec",11.59,2.05,2.27,5.45,-,1.82
Queuvin,Thomas,3700185,thomas.queuvin@etu.sorbonne-universite.fr,-,-,-,-,-,-,-,-,-,-
Rapaport,Solal,3711387,solal.rapaport@etu.sorbonne-universite.fr,Finished,"19 October 2020  10:00 AM","19 October 2020  10:21 AM","21 mins 4 secs",20.00,6.36,6.36,5.45,-,1.82
Rayon-Richter,Malou,3708307,malou.rayon-richter@etu.sorbonne-universite.fr,Finished,"18 October 2020  8:07 PM","18 October 2020  8:20 PM","12 mins 39 secs",19.77,6.14,6.36,5.45,-,1.82
Rebai,Sofiane,3674205,sofiane.rebai@etu.sorbonne-universite.fr,-,-,-,-,-,-,-,-,-,-
"Riffaud De Turckheim",Hugo,3800256,hugo.riffaud_de_turckheim@etu.sorbonne-universite.fr,Finished,"19 October 2020  12:51 AM","19 October 2020  1:37 AM","46 mins 1 sec",15.68,2.05,6.36,5.45,-,1.82
Roch,Stuart,3309168,stuart.roch@etu.sorbonne-universite.fr,Finished,"18 October 2020  8:39 PM","18 October 2020  9:09 PM","29 mins 59 secs",20.00,6.36,6.36,5.45,-,1.82
Roqui,David,3873784,david.roqui@etu.sorbonne-universite.fr,Finished,"18 October 2020  6:15 PM","18 October 2020  7:28 PM","1 hour 13 mins",19.32,5.68,6.36,5.45,-,1.82
Rossi,Johan-Luca,3872354,johan-luca.rossi@etu.sorbonne-universite.fr,Finished,"19 October 2020  8:30 AM","19 October 2020  9:48 AM","1 hour 18 mins",20.00,6.36,6.36,5.45,-,1.82
Rouba,Islam,3802420,islam.rouba@etu.sorbonne-universite.fr,Finished,"19 October 2020  1:36 AM","19 October 2020  2:00 AM","24 mins 3 secs",20.00,6.36,6.36,5.45,-,1.82
Rzeszutko,Kamil,2800282,kamil.rzeszutko@etu.sorbonne-universite.fr,Finished,"19 October 2020  8:38 AM","19 October 2020  10:07 AM","1 hour 29 mins",15.45,2.73,5.45,5.45,-,1.82
Sabatino,Francesco,3811132,francesco.sabatino@etu.sorbonne-universite.fr,Finished,"17 October 2020  5:18 PM","17 October 2020  5:54 PM","35 mins 33 secs",13.18,5.00,6.36,1.82,-,0.00
Saber,Hakim,3415762,hakim.saber@etu.sorbonne-universite.fr,Finished,"18 October 2020  4:08 PM","18 October 2020  4:31 PM","22 mins 46 secs",12.95,3.41,2.27,5.45,-,1.82
Saichi,Lina,3803151,lina.saichi@etu.sorbonne-universite.fr,Finished,"19 October 2020  12:23 AM","19 October 2020  1:03 AM","39 mins 52 secs",20.00,6.36,6.36,5.45,-,1.82
Salfati,Elisa,3800104,elisa.salfati@etu.sorbonne-universite.fr,Finished,"13 October 2020  3:54 PM","13 October 2020  4:06 PM","11 mins 13 secs",14.55,4.55,6.36,3.64,-,0.00
Sameur,Samir,3872902,samir.sameur@etu.sorbonne-universite.fr,Finished,"19 October 2020  9:33 AM","19 October 2020  10:35 AM","1 hour 2 mins",15.23,2.05,5.91,5.45,-,1.82
Seang,Chea-Jimmy,3703893,chea-jimmy.seang@etu.sorbonne-universite.fr,Finished,"12 October 2020  9:59 PM","12 October 2020  11:31 PM","1 hour 32 mins",17.05,6.14,6.36,4.55,-,0.00
Selliah,Sarujen,3701184,sarujen.selliah@etu.sorbonne-universite.fr,Finished,"17 October 2020  9:37 PM","17 October 2020  9:47 PM","10 mins 22 secs",15.23,5.68,5.00,4.55,-,0.00
Sennour,"Mohammed Wail",28616082,mohammed.sennour@etu.sorbonne-universite.fr,Finished,"18 October 2020  11:23 PM","19 October 2020  12:11 AM","47 mins 38 secs",20.00,6.36,6.36,5.45,-,1.82
Senyuz,"Miray Suzan",3802805,miray.senyuz@etu.sorbonne-universite.fr,Finished,"18 October 2020  11:36 PM","19 October 2020  12:04 AM","28 mins 44 secs",19.32,5.68,6.36,5.45,-,1.82
Serraf,Dan,3971120,dan.serraf@etu.sorbonne-universite.fr,Finished,"18 October 2020  10:22 PM","19 October 2020  12:02 AM","1 hour 40 mins",20.00,6.36,6.36,5.45,-,1.82
Sidia,Amir,3670888,amir.sidia@etu.sorbonne-universite.fr,Finished,"19 October 2020  12:53 AM","19 October 2020  2:45 AM","1 hour 52 mins",20.00,6.36,6.36,5.45,-,1.82
Simion,Mathys,28705217,Mathys.Simion@etu.sorbonne-universite.fr,-,-,-,-,-,-,-,-,-,-
Slimani,Hiba,3703036,hiba.slimani@etu.sorbonne-universite.fr,Finished,"18 October 2020  8:39 PM","18 October 2020  8:54 PM","15 mins 12 secs",17.50,3.86,6.36,5.45,-,1.82
Song,Yifei,3970712,yifei.song@etu.sorbonne-universite.fr,Finished,"18 October 2020  6:36 PM","18 October 2020  8:04 PM","1 hour 28 mins",18.41,4.77,6.36,5.45,-,1.82
Soulignadeth,Willy,3800002,willy.soulignadeth@etu.sorbonne-universite.fr,Finished,"18 October 2020  8:01 PM","18 October 2020  8:05 PM","4 mins 27 secs",19.09,6.36,6.36,4.55,-,1.82
Soutil,Aurélien,3700451,aurelien.soutil@etu.sorbonne-universite.fr,Finished,"12 October 2020  4:21 PM","12 October 2020  4:47 PM","25 mins 26 secs",18.41,4.77,6.36,5.45,-,1.82
Sow,Fatou,28503374,fatou.sow.2@etu.sorbonne-universite.fr,Finished,"18 October 2020  8:18 PM","18 October 2020  9:39 PM","1 hour 21 mins",18.64,5.00,6.36,5.45,-,1.82
Suhana,Satria,3800274,satria.suhana@etu.sorbonne-universite.fr,Finished,"18 October 2020  10:30 PM","18 October 2020  11:10 PM","40 mins 40 secs",6.82,3.18,3.64,-,-,-
Sy,"Virak Bot Baramy",3407325,virak.sy@etu.sorbonne-universite.fr,Finished,"18 October 2020  10:25 PM","18 October 2020  11:13 PM","48 mins",18.41,4.77,6.36,5.45,-,1.82
Szczerba,Kamil,28614283,kamil.szczerba@etu.sorbonne-universite.fr,Finished,"12 October 2020  9:19 PM","12 October 2020  9:32 PM","12 mins 43 secs",18.41,4.77,6.36,5.45,-,1.82
Taleb,Rida,3804264,rida.taleb@etu.sorbonne-universite.fr,Finished,"18 October 2020  9:49 PM","18 October 2020  9:54 PM","4 mins 15 secs",20.00,6.36,6.36,5.45,-,1.82
Tang,Christophe,3802892,christophe.tang@etu.sorbonne-universite.fr,Finished,"18 October 2020  11:34 PM","19 October 2020  12:29 AM","54 mins 27 secs",20.00,6.36,6.36,5.45,-,1.82
Tat,Jonathan,3874133,jonathan.tat@etu.sorbonne-universite.fr,Finished,"18 October 2020  11:46 PM","19 October 2020  12:00 AM","13 mins 45 secs",19.09,6.36,6.36,4.55,-,1.82
Tchen,Clement,3703339,clement.tchen@etu.sorbonne-universite.fr,Finished,"19 October 2020  6:29 AM","19 October 2020  6:56 AM","27 mins 14 secs",5.91,2.27,-,3.64,-,0.00
Thelineau,Jeremy,3200147,jeremy.thelineau@etu.sorbonne-universite.fr,-,-,-,-,-,-,-,-,-,-
Theodosiou,Michalis,3151223,michalis.theodosiou@etu.sorbonne-universite.fr,-,-,-,-,-,-,-,-,-,-
Theret,Ingrid,3201608,ingrid.theret@etu.sorbonne-universite.fr,Finished,"18 October 2020  2:33 PM","18 October 2020  3:37 PM","1 hour 3 mins",16.36,4.55,5.45,4.55,-,1.82
Thiam,Mohamed,3672502,mohamed.thiam@etu.sorbonne-universite.fr,Finished,"18 October 2020  4:18 PM","18 October 2020  5:14 PM","56 mins 30 secs",14.55,2.73,6.36,5.45,-,0.00
Thurairajah,Shaithan,3802984,shaithan.thurairajah@etu.sorbonne-universite.fr,Finished,"18 October 2020  10:47 PM","18 October 2020  11:55 PM","1 hour 7 mins",20.00,6.36,6.36,5.45,-,1.82
Tibi,Gad,3801996,gad.tibi@etu.sorbonne-universite.fr,-,-,-,-,-,-,-,-,-,-
Toullalan,Antoine,3706648,antoine.toullalan@etu.sorbonne-universite.fr,Finished,"17 October 2020  4:42 PM","17 October 2020  5:35 PM","53 mins 1 sec",18.64,5.00,6.36,5.45,-,1.82
Tran,Kevin,3700914,kevin.tran@etu.sorbonne-universite.fr,Finished,"18 October 2020  8:52 PM","18 October 2020  10:19 PM","1 hour 26 mins",18.64,5.00,6.36,5.45,-,1.82
Traore,Khadidja,3800559,khadidja.traore@etu.sorbonne-universite.fr,Finished,"18 October 2020  12:54 PM","18 October 2020  1:24 PM","29 mins 4 secs",15.23,6.14,6.36,2.73,-,0.00
Trouve,Alex,3700052,alex.trouve@etu.sorbonne-universite.fr,Finished,"18 October 2020  8:15 PM","18 October 2020  8:50 PM","35 mins 1 sec",20.00,6.36,6.36,5.45,-,1.82
Ung,Thierry,3804472,thierry.ung@etu.sorbonne-universite.fr,Finished,"18 October 2020  11:04 PM","18 October 2020  11:44 PM","40 mins 24 secs",20.00,6.36,6.36,5.45,-,1.82
"Van Remoortere",Pierre,28007865,pierre.van_remoortere.1@etu.sorbonne-universite.fr,Finished,"15 October 2020  12:37 PM","15 October 2020  1:01 PM","23 mins 49 secs",18.18,6.36,6.36,5.45,-,0.00
Vang,Danny,3670334,danny.vang@etu.sorbonne-universite.fr,Finished,"18 October 2020  8:20 PM","18 October 2020  8:25 PM","4 mins 39 secs",19.09,6.36,6.36,4.55,-,1.82
Vanrycke,Loann,3811248,loann.vanrycke@etu.sorbonne-universite.fr,Finished,"19 October 2020  8:57 AM","19 October 2020  9:57 AM","1 hour",18.41,4.77,6.36,5.45,-,1.82
Villard,Lorenzo,3801327,lorenzo.villard@etu.sorbonne-universite.fr,-,-,-,-,-,-,-,-,-,-
Xu,Jin,3700044,jin.xu@etu.sorbonne-universite.fr,Finished,"18 October 2020  5:30 PM","18 October 2020  6:25 PM","55 mins 28 secs",12.73,3.64,2.73,4.55,-,1.82
Yalcin,Mehmet,3702332,mehmet.yalcin@etu.sorbonne-universite.fr,Finished,"19 October 2020  12:20 AM","19 October 2020  12:46 AM","25 mins 38 secs",20.00,6.36,6.36,5.45,-,1.82
Yang,Qing,3872484,qing.yang@etu.sorbonne-universite.fr,Finished,"18 October 2020  9:22 PM","18 October 2020  9:38 PM","16 mins 11 secs",9.09,2.73,2.73,1.82,-,1.82
Yao,Qingyuan,3970770,qingyuan.yao@etu.sorbonne-universite.fr,Finished,"18 October 2020  7:16 PM","18 October 2020  8:02 PM","46 mins 14 secs",15.91,4.09,6.36,3.64,-,1.82
Ye,William,3413637,william.ye@etu.sorbonne-universite.fr,Finished,"18 October 2020  8:16 PM","18 October 2020  9:44 PM","1 hour 28 mins",19.77,6.14,6.36,5.45,-,1.82
Zerrouki,Elies,3802658,elies.zerrouki@etu.sorbonne-universite.fr,Finished,"18 October 2020  11:34 PM","19 October 2020  12:51 AM","1 hour 16 mins",20.00,6.36,6.36,5.45,-,1.82
Zhang,Kevin,3520893,kevin.zhang@etu.sorbonne-universite.fr,Finished,"18 October 2020  8:52 PM","18 October 2020  10:08 PM","1 hour 16 mins",17.73,4.09,6.36,5.45,-,1.82
Zhang,Kate,3800131,kate.zhang@etu.sorbonne-universite.fr,"Never submitted","17 October 2020  12:09 PM",-,-,-,-,-,-,-,-
Zhang,Kate,3800131,kate.zhang@etu.sorbonne-universite.fr,Finished,"17 October 2020  9:31 PM","17 October 2020  9:34 PM","2 mins 53 secs",18.64,5.00,6.36,5.45,-,1.82
Zhang,Eric,3800297,eric.zhang@etu.sorbonne-universite.fr,Finished,"17 October 2020  11:25 AM","17 October 2020  12:09 PM","44 mins",18.64,5.00,6.36,5.45,-,1.82
Zhao,Cong,2351624,cong.zhao@etu.sorbonne-universite.fr,Finished,"18 October 2020  11:06 PM","18 October 2020  11:39 PM","33 mins 9 secs",13.18,1.36,4.55,5.45,-,1.82
Zheng,Luc,3710230,luc.zheng@etu.sorbonne-universite.fr,Finished,"19 October 2020  8:39 AM","19 October 2020  10:09 AM","1 hour 30 mins",15.68,3.86,4.55,5.45,-,1.82
Zhou,Jean-Marc,28008879,jean-marc.zhou@etu.sorbonne-universite.fr,Finished,"15 October 2020  11:55 PM","16 October 2020  12:17 AM","21 mins 37 secs",14.55,2.73,4.55,5.45,-,1.82
Ziegler,Clara,3709947,clara.ziegler@etu.sorbonne-universite.fr,Finished,"17 October 2020  2:20 PM","17 October 2020  2:41 PM","20 mins 12 secs",10.45,2.73,2.27,3.64,-,1.82
Zinopoulos-Yannopoulos,Florian,3708962,florian.zinopoulos-yannopoulos@etu.sorbonne-universite.fr,Finished,"18 October 2020  5:21 PM","18 October 2020  5:50 PM","29 mins 46 secs",20.00,6.36,6.36,5.45,-,1.82
"Zou Al Guyna",Louai,3680880,louai.zou_al_guyna@etu.sorbonne-universite.fr,Finished,"17 October 2020  4:24 PM","17 October 2020  5:12 PM","47 mins 44 secs",18.64,5.00,6.36,5.45,-,1.82
"Overall average",,,,,,,,17.47,5.12,5.71,4.99,-,1.65
