﻿Surname,"First name","ID number","Email address",State,"Started on",Completed,"Time taken",Grade/20.00,"Q. 1 /7.00","Q. 2 /1.00","Q. 3 /2.00","Q. 4 /3.00","Q. 5 /1.00","Q. 6 /6.00"
Aallam,Mohamed,3802135,mohamed.aallam@etu.sorbonne-universite.fr,Finished,"25 October 2020  11:27 PM","25 October 2020  11:46 PM","19 mins 27 secs",20.00,7.00,1.00,2.00,3.00,1.00,6.00
Abdalaziz,"Youssef Alaa Elsayye",3803619,youssef.abdalaziz@etu.sorbonne-universite.fr,Finished,"22 October 2020  11:16 AM","22 October 2020  11:49 AM","32 mins 53 secs",20.00,7.00,1.00,2.00,3.00,1.00,6.00
Abderrahmen,"Mohamed Aziz",3802009,mohamed.abderrahmen@etu.sorbonne-universite.fr,Finished,"25 October 2020  3:41 PM","25 October 2020  5:19 PM","1 hour 38 mins",18.21,6.50,1.00,2.00,3.00,1.00,4.71
Abitbol,Yossef,3804139,yossef.abitbol@etu.sorbonne-universite.fr,Finished,"25 October 2020  10:44 PM","25 October 2020  11:56 PM","1 hour 12 mins",20.00,7.00,1.00,2.00,3.00,1.00,6.00
Ajuelos,Emmanuel,3800432,emmanuel.ajuelos@etu.sorbonne-universite.fr,Finished,"21 October 2020  1:02 PM","21 October 2020  2:26 PM","1 hour 23 mins",16.57,7.00,1.00,2.00,3.00,1.00,2.57
"Al- Jawhi",Abdullah,28625228,abdullah.al_jawhi@etu.sorbonne-universite.fr,-,-,-,-,-,-,-,-,-,-,-
Ammour,Amine,3876256,amine.ammour@etu.sorbonne-universite.fr,Finished,"25 October 2020  11:45 PM","26 October 2020  12:17 AM","31 mins 20 secs",20.00,7.00,1.00,2.00,3.00,1.00,6.00
Anki-Zuccarello,Kenza,3800473,kenza.anki-zuccarello@etu.sorbonne-universite.fr,-,-,-,-,-,-,-,-,-,-,-
Anki-Zuccarello,Kenza,28502318,kenza.anki.1@etu.sorbonne-universite.fr,Finished,"25 October 2020  11:19 PM","26 October 2020  12:39 AM","1 hour 20 mins",20.00,7.00,1.00,2.00,3.00,1.00,6.00
Aral,Arda,3702388,arda.aral@etu.sorbonne-universite.fr,Finished,"25 October 2020  12:54 PM","25 October 2020  1:52 PM","57 mins 55 secs",16.57,7.00,1.00,2.00,3.00,1.00,2.57
Arichandra,Santhos,3802651,santhos.arichandra@etu.sorbonne-universite.fr,Finished,"24 October 2020  10:29 PM","24 October 2020  10:36 PM","7 mins",20.00,7.00,1.00,2.00,3.00,1.00,6.00
Armenoult,Ludovic,3416871,ludovic.armenoult@etu.sorbonne-universite.fr,Finished,"19 October 2020  3:04 PM","19 October 2020  3:44 PM","40 mins 13 secs",20.00,7.00,1.00,2.00,3.00,1.00,6.00
Arrous,Clement,3671634,clement.arrous@etu.sorbonne-universite.fr,Finished,"25 October 2020  9:23 PM","25 October 2020  9:26 PM","2 mins 56 secs",17.71,7.00,1.00,2.00,3.00,-,4.71
Audoux,Marion,3700108,marion.audoux@etu.sorbonne-universite.fr,Finished,"23 October 2020  9:42 AM","23 October 2020  9:45 AM","3 mins",20.00,7.00,1.00,2.00,3.00,1.00,6.00
Audras,Antoine,3410283,antoine.audras@etu.sorbonne-universite.fr,Finished,"25 October 2020  11:51 PM","26 October 2020  12:01 AM","10 mins 15 secs",18.21,6.50,1.00,2.00,3.00,1.00,4.71
Ayadi,Anis,3802501,anis.ayadi@etu.sorbonne-universite.fr,Finished,"25 October 2020  10:19 PM","25 October 2020  11:26 PM","1 hour 7 mins",20.00,7.00,1.00,2.00,3.00,1.00,6.00
Azar,Jane,3803112,jane.azar@etu.sorbonne-universite.fr,Finished,"25 October 2020  8:10 PM","25 October 2020  8:15 PM","5 mins 20 secs",20.00,7.00,1.00,2.00,3.00,1.00,6.00
Azoui,Rayane,28710978,Rayane.Azoui@etu.sorbonne-universite.fr,Finished,"25 October 2020  11:19 AM","25 October 2020  11:45 AM","25 mins 51 secs",20.00,7.00,1.00,2.00,3.00,1.00,6.00
Badriouiche,Mohamed,3701404,mohamed.badriouiche@etu.sorbonne-universite.fr,Finished,"23 October 2020  5:32 PM","23 October 2020  5:35 PM","2 mins 45 secs",17.43,7.00,1.00,2.00,3.00,1.00,3.43
Baker,Thomas,3700144,thomas.baker@etu.sorbonne-universite.fr,Finished,"25 October 2020  3:35 PM","25 October 2020  3:41 PM","5 mins 40 secs",20.00,7.00,1.00,2.00,3.00,1.00,6.00
Baraket,Msalem,3804929,msalem.baraket@etu.sorbonne-universite.fr,Finished,"26 October 2020  12:50 PM","26 October 2020  2:14 PM","1 hour 24 mins",19.57,7.00,1.00,2.00,3.00,1.00,5.57
Barbier,Marie,3802734,marie.barbier.1@etu.sorbonne-universite.fr,Finished,"24 October 2020  4:17 PM","24 October 2020  4:35 PM","18 mins 15 secs",18.71,7.00,1.00,2.00,3.00,1.00,4.71
Belazouz,Bourhan-Eddine,3208353,bourhan-eddine.belazouz@etu.sorbonne-universite.fr,Finished,"25 October 2020  11:05 PM","25 October 2020  11:55 PM","50 mins 25 secs",19.57,7.00,1.00,2.00,3.00,1.00,5.57
Bellut,Quentin,3710439,quentin.bellut@etu.sorbonne-universite.fr,Finished,"26 October 2020  8:51 AM","26 October 2020  9:40 AM","48 mins 57 secs",19.14,7.00,1.00,2.00,3.00,1.00,5.14
"Ben Attar",Ethan,3670543,ethan.ben_attar@etu.sorbonne-universite.fr,Finished,"19 October 2020  8:24 PM","19 October 2020  8:48 PM","23 mins 37 secs",18.00,7.00,1.00,0.00,3.00,1.00,6.00
Benabdallah,Ali,3806311,ali.benabdallah@etu.sorbonne-universite.fr,Finished,"22 October 2020  9:15 PM","22 October 2020  9:17 PM","1 min 40 secs",18.71,7.00,1.00,2.00,3.00,1.00,4.71
Bencherif,Nabil,3710493,nabil.bencherif@etu.sorbonne-universite.fr,Finished,"24 October 2020  10:57 PM","25 October 2020  12:16 AM","1 hour 19 mins",19.14,7.00,1.00,2.00,3.00,1.00,5.14
Benjamin-Jeyaseelan,"Benjamin Julius",3671340,benjamin.benjamin-jeyaseelan@etu.sorbonne-universite.fr,Finished,"24 October 2020  10:28 PM","24 October 2020  10:34 PM","5 mins 58 secs",20.00,7.00,1.00,2.00,3.00,1.00,6.00
Bensafia,"Chems Eddine",28717430,Chems_Eddine.Bensafia@etu.sorbonne-universite.fr,Finished,"23 October 2020  8:39 PM","23 October 2020  9:03 PM","23 mins 55 secs",18.71,7.00,1.00,2.00,3.00,1.00,4.71
Benyahia,Sami,3677177,sami.benyahia@etu.sorbonne-universite.fr,Finished,"26 October 2020  9:29 AM","26 October 2020  10:16 AM","46 mins 58 secs",19.14,7.00,1.00,2.00,3.00,1.00,5.14
Bernier,Téo,3670574,teo.bernier@etu.sorbonne-universite.fr,Finished,"25 October 2020  2:25 AM","25 October 2020  2:43 AM","17 mins 30 secs",16.64,6.50,1.00,0.00,3.00,1.00,5.14
Bettahar,"Mohamed El Amine",28616068,mohamed.bettahar@etu.sorbonne-universite.fr,Finished,"24 October 2020  6:59 PM","24 October 2020  8:15 PM","1 hour 15 mins",20.00,7.00,1.00,2.00,3.00,1.00,6.00
Boubrik,Ihsane,3670795,ihsane.boubrik@etu.sorbonne-universite.fr,Finished,"21 October 2020  12:09 PM","21 October 2020  12:23 PM","14 mins 4 secs",16.57,7.00,1.00,2.00,3.00,1.00,2.57
Boudarene,Samy,3801935,samy.boudarene@etu.sorbonne-universite.fr,"Never submitted","26 October 2020  12:02 AM",-,-,-,-,-,-,-,-,-
Bougherara,Adan,3680559,adan.bougherara@etu.sorbonne-universite.fr,Finished,"20 October 2020  2:01 PM","20 October 2020  2:29 PM","27 mins 56 secs",20.00,7.00,1.00,2.00,3.00,1.00,6.00
Bourekh,Zidane,3677063,zidane.bourekh@etu.sorbonne-universite.fr,Finished,"24 October 2020  8:17 PM","24 October 2020  9:27 PM","1 hour 9 mins",20.00,7.00,1.00,2.00,3.00,1.00,6.00
Bourlette,Lucas,3672216,lucas.bourlette@etu.sorbonne-universite.fr,Finished,"25 October 2020  7:00 PM","25 October 2020  7:04 PM","4 mins 6 secs",16.57,7.00,1.00,2.00,3.00,1.00,2.57
Bourmault,Adrien,3677850,adrien.bourmault@etu.sorbonne-universite.fr,Finished,"25 October 2020  10:19 PM","25 October 2020  10:51 PM","31 mins 55 secs",16.00,7.00,1.00,0.00,1.00,1.00,6.00
Bouyoucef,Assirem,3971113,assirem.bouyoucef@etu.sorbonne-universite.fr,Finished,"26 October 2020  12:55 AM","26 October 2020  1:21 AM","26 mins 2 secs",20.00,7.00,1.00,2.00,3.00,1.00,6.00
Bouzouaoui,Anes,28616582,anes.bouzouaoui@etu.sorbonne-universite.fr,Finished,"26 October 2020  4:06 AM","26 October 2020  4:21 AM","14 mins 57 secs",18.71,7.00,1.00,2.00,3.00,1.00,4.71
Boyadjiev,Todor,28507548,todor.boyadjiev.2@etu.sorbonne-universite.fr,Finished,"25 October 2020  8:35 AM","25 October 2020  9:09 AM","34 mins 5 secs",11.57,7.00,1.00,0.00,0.00,1.00,2.57
Brasseur,Gaëtan,3802696,gaetan.brasseur@etu.sorbonne-universite.fr,Finished,"24 October 2020  2:08 PM","24 October 2020  2:27 PM","19 mins 6 secs",14.57,5.00,1.00,2.00,3.00,1.00,2.57
Brihmouche,Yacine,28717951,Yacine.Brihmouche@etu.sorbonne-universite.fr,Finished,"25 October 2020  5:01 PM","25 October 2020  5:23 PM","22 mins 43 secs",20.00,7.00,1.00,2.00,3.00,1.00,6.00
Buisson,Marc,28614429,marc.buisson@etu.sorbonne-universite.fr,Finished,"26 October 2020  12:09 AM","26 October 2020  12:15 AM","6 mins 15 secs",18.71,7.00,1.00,2.00,3.00,1.00,4.71
Canitrot,Julien,3803521,julien.canitrot@etu.sorbonne-universite.fr,Finished,"25 October 2020  11:01 PM","25 October 2020  11:17 PM","16 mins 4 secs",20.00,7.00,1.00,2.00,3.00,1.00,6.00
Carton,Lorris,3521310,lorris.carton@etu.sorbonne-universite.fr,-,-,-,-,-,-,-,-,-,-,-
Carvalho,Lorenzo,3700288,lorenzo.carvalho@etu.sorbonne-universite.fr,Finished,"25 October 2020  4:39 PM","25 October 2020  5:26 PM","47 mins 14 secs",16.57,7.00,1.00,2.00,3.00,1.00,2.57
Cassan,Jules,3810883,jules.cassan@etu.sorbonne-universite.fr,Finished,"20 October 2020  2:01 PM","20 October 2020  2:29 PM","28 mins 9 secs",20.00,7.00,1.00,2.00,3.00,1.00,6.00
Chafai,Tinhinane,3802927,tinhinane.chafai@etu.sorbonne-universite.fr,Finished,"25 October 2020  10:47 PM","25 October 2020  11:10 PM","23 mins 5 secs",20.00,7.00,1.00,2.00,3.00,1.00,6.00
"Chan Yip Hon",Boris,3706553,boris.chan_yip_hon@etu.sorbonne-universite.fr,Finished,"25 October 2020  1:46 PM","25 October 2020  2:16 PM","30 mins 9 secs",20.00,7.00,1.00,2.00,3.00,1.00,6.00
Chea,Sophie,3708951,sophie.chea@etu.sorbonne-universite.fr,Finished,"25 October 2020  11:41 PM","26 October 2020  12:17 AM","36 mins 19 secs",20.00,7.00,1.00,2.00,3.00,1.00,6.00
Chen,Jinhe,3802503,jinhe.chen@etu.sorbonne-universite.fr,-,-,-,-,-,-,-,-,-,-,-
Cherfaoui,Sarah,3874223,sarah.cherfaoui@etu.sorbonne-universite.fr,-,-,-,-,-,-,-,-,-,-,-
Cherfaoui,Melissa,28720090,Melissa.Cherfaoui@etu.sorbonne-universite.fr,Finished,"26 October 2020  8:56 AM","26 October 2020  9:41 AM","45 mins 16 secs",13.57,4.00,1.00,2.00,3.00,1.00,2.57
Chitu,Alex,3701943,alex.chitu@etu.sorbonne-universite.fr,Finished,"25 October 2020  9:08 AM","25 October 2020  9:21 AM","13 mins 37 secs",15.71,7.00,1.00,2.00,3.00,1.00,1.71
Cineus,Dylan,3302425,dylan.cineus@etu.sorbonne-universite.fr,Finished,"26 October 2020  12:45 AM","26 October 2020  1:30 AM","45 mins 18 secs",19.14,7.00,1.00,2.00,3.00,1.00,5.14
Ciocan,Clara,3801875,clara.ciocan@etu.sorbonne-universite.fr,Finished,"25 October 2020  12:06 PM","25 October 2020  12:14 PM","7 mins 36 secs",20.00,7.00,1.00,2.00,3.00,1.00,6.00
Cleuziou,Karl,3800455,karl.cleuziou@etu.sorbonne-universite.fr,Finished,"26 October 2020  4:57 AM","26 October 2020  5:32 AM","34 mins 36 secs",17.50,4.50,1.00,2.00,3.00,1.00,6.00
Colin,Jacques,3700584,jacques.colin@etu.sorbonne-universite.fr,Finished,"21 October 2020  6:16 PM","21 October 2020  6:26 PM","10 mins 7 secs",20.00,7.00,1.00,2.00,3.00,1.00,6.00
Coudert,Louis,3800333,louis.coudert@etu.sorbonne-universite.fr,Finished,"24 October 2020  2:29 PM","24 October 2020  2:48 PM","19 mins 5 secs",20.00,7.00,1.00,2.00,3.00,1.00,6.00
Dauvet,Haron,3700463,haron.dauvet@etu.sorbonne-universite.fr,Finished,"25 October 2020  8:34 PM","25 October 2020  9:16 PM","41 mins 38 secs",14.86,7.00,1.00,2.00,0.00,1.00,3.86
"De Castelbajac",Matthieu,3800411,matthieu.de_castelbajac@etu.sorbonne-universite.fr,-,-,-,-,-,-,-,-,-,-,-
Delgado,Thomas,3407716,thomas.delgado@etu.sorbonne-universite.fr,-,-,-,-,-,-,-,-,-,-,-
Demeulenaere,Vivien,3706539,vivien.demeulenaere@etu.sorbonne-universite.fr,Finished,"20 October 2020  2:01 PM","20 October 2020  2:29 PM","28 mins",20.00,7.00,1.00,2.00,3.00,1.00,6.00
Djouahra,"Mohamed Akram",28718098,Mohamed_Akram.Djouahra@etu.sorbonne-universite.fr,Finished,"25 October 2020  12:52 AM","25 October 2020  1:11 AM","19 mins 10 secs",20.00,7.00,1.00,2.00,3.00,1.00,6.00
Djouder,Sarah,3970876,sarah.djouder@etu.sorbonne-universite.fr,Finished,"25 October 2020  11:27 PM","25 October 2020  11:56 PM","29 mins 18 secs",20.00,7.00,1.00,2.00,3.00,1.00,6.00
Doucouré,Dramane,3520680,dramane.doucoure@etu.sorbonne-universite.fr,"Never submitted","25 October 2020  2:17 AM",-,-,-,-,-,-,-,-,-
Drouin,Reza,3800042,reza.drouin@etu.sorbonne-universite.fr,Finished,"26 October 2020  8:30 AM","26 October 2020  8:55 AM","25 mins 4 secs",17.86,7.00,1.00,2.00,3.00,1.00,3.86
Du,Qian,3520431,qian.du@etu.sorbonne-universite.fr,Finished,"19 October 2020  12:30 PM","19 October 2020  1:44 PM","1 hour 13 mins",15.57,7.00,0.00,2.00,3.00,1.00,2.57
Dubreuil,Jules,3800417,jules.dubreuil@etu.sorbonne-universite.fr,Finished,"24 October 2020  6:54 PM","24 October 2020  7:25 PM","31 mins 14 secs",19.07,6.50,1.00,2.00,3.00,1.00,5.57
Dufeutrelle,Hugo,3520375,hugo.dufeutrelle@etu.sorbonne-universite.fr,Finished,"25 October 2020  4:42 PM","25 October 2020  5:00 PM","18 mins 29 secs",17.86,7.00,1.00,2.00,3.00,1.00,3.86
Dumoulin,Zoé,3702742,zoe.dumoulin@etu.sorbonne-universite.fr,Finished,"25 October 2020  9:43 PM","25 October 2020  10:23 PM","40 mins 9 secs",20.00,7.00,1.00,2.00,3.00,1.00,6.00
Duval,Aurelien,3872455,aurelien.duval@etu.sorbonne-universite.fr,Finished,"26 October 2020  8:55 AM","26 October 2020  10:28 AM","1 hour 33 mins",20.00,7.00,1.00,2.00,3.00,1.00,6.00
Dziri,Hakim,3800075,hakim.dziri@etu.sorbonne-universite.fr,-,-,-,-,-,-,-,-,-,-,-
"El Fahdi",Ismaël,3802719,ismael.el_fahdi@etu.sorbonne-universite.fr,Finished,"25 October 2020  4:53 PM","25 October 2020  5:17 PM","24 mins 3 secs",20.00,7.00,1.00,2.00,3.00,1.00,6.00
"El Ghali",Yosr,3802466,yosr.elghali@etu.sorbonne-universite.fr,Finished,"25 October 2020  10:08 PM","25 October 2020  10:52 PM","44 mins 22 secs",9.00,7.00,0.00,0.00,1.00,1.00,0.00
"El Ghazzi",Sarah,3671094,sarah.el_ghazzi@etu.sorbonne-universite.fr,Finished,"24 October 2020  9:06 PM","24 October 2020  9:30 PM","23 mins 58 secs",19.57,7.00,1.00,2.00,3.00,1.00,5.57
"El Ghoul",Elio,3803565,elio.el_ghoul@etu.sorbonne-universite.fr,Finished,"26 October 2020  5:36 AM","26 October 2020  6:00 AM","24 mins 43 secs",20.00,7.00,1.00,2.00,3.00,1.00,6.00
Elatri,Sami,3801805,sami.elatri@etu.sorbonne-universite.fr,-,-,-,-,-,-,-,-,-,-,-
Ergun,Yavuz,3670777,yavuz.ergun@etu.sorbonne-universite.fr,Finished,"25 October 2020  7:56 PM","25 October 2020  8:02 PM","5 mins 59 secs",20.00,7.00,1.00,2.00,3.00,1.00,6.00
Felix,Wycherley-Kassel,3702385,wycherley-kassel.felix@etu.sorbonne-universite.fr,Finished,"24 October 2020  8:28 PM","24 October 2020  9:29 PM","1 hour 1 min",20.00,7.00,1.00,2.00,3.00,1.00,6.00
Ferdaoui,Sheïmâa,3802999,sheimaa.ferdaoui@etu.sorbonne-universite.fr,Finished,"24 October 2020  11:31 PM","24 October 2020  11:51 PM","20 mins 1 sec",19.50,6.50,1.00,2.00,3.00,1.00,6.00
Gabour,Smail,3700149,smail.gabour@etu.sorbonne-universite.fr,Finished,"24 October 2020  11:27 PM","24 October 2020  11:34 PM","7 mins 7 secs",20.00,7.00,1.00,2.00,3.00,1.00,6.00
Gaillon,Gregoire,3670241,gregoire.gaillon@etu.sorbonne-universite.fr,Finished,"26 October 2020  2:33 AM","26 October 2020  3:01 AM","28 mins 10 secs",20.00,7.00,1.00,2.00,3.00,1.00,6.00
Galliot,Jules,3802342,jules.galliot@etu.sorbonne-universite.fr,Finished,"24 October 2020  6:53 PM","24 October 2020  7:25 PM","32 mins 14 secs",19.07,6.50,1.00,2.00,3.00,1.00,5.57
Gigacz,"Kiara Ting Yung Chin",3803025,kiara.gigacz@etu.sorbonne-universite.fr,Finished,"26 October 2020  7:28 AM","26 October 2020  8:33 AM","1 hour 4 mins",19.14,7.00,1.00,2.00,3.00,1.00,5.14
Goulmot,Cedric,3971371,cedric.goulmot@etu.sorbonne-universite.fr,Finished,"25 October 2020  9:48 PM","25 October 2020  10:49 PM","1 hour",20.00,7.00,1.00,2.00,3.00,1.00,6.00
Grech,Anna,3800494,anna.grech@etu.sorbonne-universite.fr,Finished,"25 October 2020  5:47 PM","25 October 2020  6:15 PM","27 mins 54 secs",20.00,7.00,1.00,2.00,3.00,1.00,6.00
Gruman,Pierre-Alexandre,28507556,pierre-alexandre.gruman.2@etu.sorbonne-universite.fr,Finished,"25 October 2020  8:29 PM","25 October 2020  9:18 PM","48 mins 30 secs",20.00,7.00,1.00,2.00,3.00,1.00,6.00
Guio,Clément,3413360,clement.guio@etu.sorbonne-universite.fr,-,-,-,-,-,-,-,-,-,-,-
Hadj-Arab,Ludmila,3971280,ludmila.hadj-arab@etu.sorbonne-universite.fr,Finished,"25 October 2020  5:36 PM","25 October 2020  5:48 PM","12 mins 30 secs",20.00,7.00,1.00,2.00,3.00,1.00,6.00
Hadji,Mohamed,3702996,mohamed.hadji@etu.sorbonne-universite.fr,Finished,"26 October 2020  7:25 AM","26 October 2020  7:39 AM","13 mins 20 secs",20.00,7.00,1.00,2.00,3.00,1.00,6.00
Hamdad,Khellaf,3802811,khellaf.hamdad@etu.sorbonne-universite.fr,Finished,"26 October 2020  1:31 AM","26 October 2020  1:39 AM","8 mins 49 secs",20.00,7.00,1.00,2.00,3.00,1.00,6.00
Hannachi,Dina,3801528,dina.hannachi@etu.sorbonne-universite.fr,Finished,"25 October 2020  8:28 PM","25 October 2020  9:13 PM","45 mins 53 secs",18.71,7.00,1.00,2.00,3.00,1.00,4.71
Herman,Margot,28716768,Margot.Herman@etu.sorbonne-universite.fr,Finished,"25 October 2020  10:37 PM","25 October 2020  11:41 PM","1 hour 4 mins",16.00,7.00,1.00,0.00,1.00,1.00,6.00
"Hernandez Adan","Oriana Rafaela",3802881,oriana.hernandez_adan@etu.sorbonne-universite.fr,Finished,"25 October 2020  8:27 AM","25 October 2020  9:02 AM","34 mins 37 secs",20.00,7.00,1.00,2.00,3.00,1.00,6.00
Huang,Xinyu,3803966,xinyiu.huang@etu.sorbonne-universite.fr,Finished,"24 October 2020  2:05 PM","24 October 2020  2:58 PM","53 mins 10 secs",20.00,7.00,1.00,2.00,3.00,1.00,6.00
Huang,Junyang,2302854,junyang.huang@etu.sorbonne-universite.fr,-,-,-,-,-,-,-,-,-,-,-
Huant,Raphael,3709095,raphael.huant@etu.sorbonne-universite.fr,Finished,"21 October 2020  9:30 AM","21 October 2020  9:40 AM","10 mins 32 secs",18.00,7.00,1.00,2.00,1.00,1.00,6.00
"Ibobi Sambila",Osee,3704090,osee.ibobi_sambila@etu.sorbonne-universite.fr,Finished,"24 October 2020  8:47 PM","24 October 2020  9:40 PM","52 mins 34 secs",20.00,7.00,1.00,2.00,3.00,1.00,6.00
Ikhlef,Nadjia,28718372,Nadjia.Ikhlef@etu.sorbonne-universite.fr,Finished,"24 October 2020  2:36 PM","24 October 2020  3:21 PM","44 mins 21 secs",20.00,7.00,1.00,2.00,3.00,1.00,6.00
Ith,Marc,3302184,marc.ith@etu.sorbonne-universite.fr,Finished,"25 October 2020  11:55 PM","26 October 2020  12:53 AM","57 mins 53 secs",16.00,7.00,1.00,0.00,1.00,1.00,6.00
Jday,Achraf,3802410,achraf.jday@etu.sorbonne-universite.fr,Finished,"24 October 2020  10:29 PM","24 October 2020  10:55 PM","25 mins 45 secs",20.00,7.00,1.00,2.00,3.00,1.00,6.00
Jebari,Firas,3802713,firas.jebari@etu.sorbonne-universite.fr,Finished,"25 October 2020  1:33 PM","25 October 2020  1:53 PM","20 mins 25 secs",17.50,6.50,1.00,0.00,3.00,1.00,6.00
Kaci-Chaouche,Omar,3521322,omar.kaci-chaouche@etu.sorbonne-universite.fr,Finished,"24 October 2020  8:11 PM","24 October 2020  8:28 PM","16 mins 37 secs",16.00,7.00,1.00,0.00,1.00,1.00,6.00
Kahil,Amine,28616887,amine.kahil@etu.sorbonne-universite.fr,Finished,"25 October 2020  7:06 PM","25 October 2020  7:53 PM","46 mins 34 secs",18.71,7.00,1.00,2.00,3.00,1.00,4.71
Kaïdouchi,Amira,3700530,amira.kaidouchi@etu.sorbonne-universite.fr,Finished,"25 October 2020  9:02 PM","25 October 2020  9:46 PM","43 mins 57 secs",20.00,7.00,1.00,2.00,3.00,1.00,6.00
Kandeepan,Mathuran,3800103,mathuran.kandeepan@etu.sorbonne-universite.fr,Finished,"22 October 2020  2:04 PM","22 October 2020  2:19 PM","15 mins 3 secs",20.00,7.00,1.00,2.00,3.00,1.00,6.00
Kassab,Mouad,3700640,mouad.kassab@etu.sorbonne-universite.fr,Finished,"25 October 2020  10:34 PM","26 October 2020  12:13 AM","1 hour 39 mins",20.00,7.00,1.00,2.00,3.00,1.00,6.00
Kasten,Harold,3805644,harold.kasten@etu.sorbonne-universite.fr,Finished,"24 October 2020  6:54 PM","24 October 2020  7:25 PM","31 mins 43 secs",19.50,6.50,1.00,2.00,3.00,1.00,6.00
Kaya,Delphine,3800099,delphine.kaya@etu.sorbonne-universite.fr,Finished,"24 October 2020  9:54 PM","24 October 2020  10:48 PM","54 mins 25 secs",20.00,7.00,1.00,2.00,3.00,1.00,6.00
Kerdouche,Nabil,3802336,nabil.kerdouche@etu.sorbonne-universite.fr,Finished,"26 October 2020  7:26 AM","26 October 2020  7:48 AM","21 mins 41 secs",20.00,7.00,1.00,2.00,3.00,1.00,6.00
Kettouche,Tinhinane,3803639,tinhinane.kettouche@etu.sorbonne-universite.fr,-,-,-,-,-,-,-,-,-,-,-
Khalid,Ruhma,3710442,ruhma.khalid@etu.sorbonne-universite.fr,Finished,"25 October 2020  6:57 PM","25 October 2020  7:06 PM","9 mins 39 secs",20.00,7.00,1.00,2.00,3.00,1.00,6.00
Kharbouche,Ibrahim,3671035,ibrahim.kharbouche@etu.sorbonne-universite.fr,Finished,"23 October 2020  10:17 PM","23 October 2020  10:47 PM","29 mins 28 secs",20.00,7.00,1.00,2.00,3.00,1.00,6.00
Kireche,Koceila,28717834,Koceila.Kireche@etu.sorbonne-universite.fr,Finished,"26 October 2020  12:40 AM","26 October 2020  12:50 AM","10 mins 4 secs",20.00,7.00,1.00,2.00,3.00,1.00,6.00
Kling,Paul,3670056,paul.kling@etu.sorbonne-universite.fr,-,-,-,-,-,-,-,-,-,-,-
Komen,Dimitri,3603619,dimitri.komen@etu.sorbonne-universite.fr,Finished,"24 October 2020  8:10 PM","24 October 2020  8:32 PM","21 mins 16 secs",18.71,7.00,1.00,2.00,3.00,1.00,4.71
Kordon,Djeser,3772433,djeser.kordon@etu.sorbonne-universite.fr,Finished,"25 October 2020  9:00 PM","25 October 2020  9:39 PM","39 mins 8 secs",12.64,6.50,1.00,2.00,1.00,0.00,2.14
Koroglu,Mathis,3711799,mathis.koroglu@etu.sorbonne-universite.fr,Finished,"23 October 2020  12:00 AM","23 October 2020  12:37 AM","37 mins 1 sec",20.00,7.00,1.00,2.00,3.00,1.00,6.00
Kostadinovic,Nikola,3801695,nikola.kostadinovic@etu.sorbonne-universite.fr,Finished,"22 October 2020  8:59 PM","22 October 2020  9:17 PM","18 mins 10 secs",18.71,7.00,1.00,2.00,3.00,1.00,4.71
Krisni,Almehdi,3800519,almehdi.krisni@etu.sorbonne-universite.fr,Finished,"25 October 2020  11:07 PM","25 October 2020  11:31 PM","24 mins 2 secs",20.00,7.00,1.00,2.00,3.00,1.00,6.00
Kwonn,Simon,3709743,simon.kwonn@etu.sorbonne-universite.fr,Finished,"24 October 2020  2:16 PM","24 October 2020  2:55 PM","38 mins 9 secs",20.00,7.00,1.00,2.00,3.00,1.00,6.00
Lachemot,Cédric,3705179,cedric.lachemot@etu.sorbonne-universite.fr,Finished,"26 October 2020  12:13 AM","26 October 2020  12:44 AM","30 mins 42 secs",20.00,7.00,1.00,2.00,3.00,1.00,6.00
Lachgar,Amine,3802257,amine.lachgar@etu.sorbonne-universite.fr,Finished,"25 October 2020  5:00 PM","25 October 2020  5:32 PM","32 mins 4 secs",18.71,7.00,1.00,2.00,3.00,1.00,4.71
Lahfa,Samy,3706599,samy.lahfa@etu.sorbonne-universite.fr,Finished,"25 October 2020  9:32 PM","25 October 2020  10:35 PM","1 hour 2 mins",18.71,7.00,1.00,2.00,3.00,1.00,4.71
"Lam A",Leo,28712991,Leo.Lam_A@etu.sorbonne-universite.fr,Finished,"25 October 2020  10:26 PM","25 October 2020  10:50 PM","23 mins 34 secs",20.00,7.00,1.00,2.00,3.00,1.00,6.00
Lange,Mathilde,28504995,mathilde.lange.2@etu.sorbonne-universite.fr,Finished,"25 October 2020  4:50 PM","25 October 2020  5:32 PM","41 mins 40 secs",20.00,7.00,1.00,2.00,3.00,1.00,6.00
Langlais,Rafaël,3520624,rafael.langlais@etu.sorbonne-universite.fr,Finished,"20 October 2020  5:31 PM","20 October 2020  5:45 PM","14 mins 35 secs",16.00,7.00,1.00,0.00,1.00,1.00,6.00
Larbi,Melissa,3971141,melissa.larbi@etu.sorbonne-universite.fr,Finished,"25 October 2020  2:24 PM","25 October 2020  2:46 PM","21 mins 29 secs",20.00,7.00,1.00,2.00,3.00,1.00,6.00
Lassadi,Nassim,3707173,nassim.lassadi@etu.sorbonne-universite.fr,Finished,"26 October 2020  8:08 AM","26 October 2020  8:36 AM","27 mins 57 secs",18.71,7.00,1.00,2.00,3.00,1.00,4.71
Lay,Kenny,3801173,kenny.lay@etu.sorbonne-universite.fr,Finished,"20 October 2020  2:01 PM","20 October 2020  2:32 PM","30 mins 31 secs",20.00,7.00,1.00,2.00,3.00,1.00,6.00
Le,"Hai Nam",28613397,hai.le@etu.sorbonne-universite.fr,Finished,"21 October 2020  8:58 PM","21 October 2020  9:08 PM","9 mins 55 secs",19.57,7.00,1.00,2.00,3.00,1.00,5.57
Le,Doan,3875020,doan.le@etu.sorbonne-universite.fr,Finished,"25 October 2020  10:25 PM","25 October 2020  11:45 PM","1 hour 20 mins",20.00,7.00,1.00,2.00,3.00,1.00,6.00
Lebazda--Gauthier,Benoît,3702867,benoit.lebazda--gauthier@etu.sorbonne-universite.fr,Finished,"24 October 2020  6:26 PM","24 October 2020  6:50 PM","23 mins 43 secs",20.00,7.00,1.00,2.00,3.00,1.00,6.00
Lecocq,Yoann,3708077,yoann.lecocq@etu.sorbonne-universite.fr,"Never submitted","26 October 2020  9:12 AM",-,-,-,-,-,-,-,-,-
Lefebure,Pierre,3674815,pierre.lefebure@etu.sorbonne-universite.fr,-,-,-,-,-,-,-,-,-,-,-
Lefevre,Manon,3800422,manon.lefevre@etu.sorbonne-universite.fr,Finished,"24 October 2020  9:54 PM","24 October 2020  10:48 PM","54 mins 6 secs",20.00,7.00,1.00,2.00,3.00,1.00,6.00
Lemaitre,Alexandre,3876023,alexandre.lemaitre@etu.sorbonne-universite.fr,Finished,"26 October 2020  3:04 AM","26 October 2020  3:52 AM","47 mins 34 secs",18.71,7.00,1.00,2.00,3.00,1.00,4.71
Li,Ziyou,3802432,ziyou.li@etu.sorbonne-universite.fr,Finished,"25 October 2020  12:46 PM","25 October 2020  1:06 PM","19 mins 48 secs",18.21,6.50,1.00,2.00,3.00,1.00,4.71
Lifsal,Loubna,3309154,loubna.lifsal@etu.sorbonne-universite.fr,Finished,"26 October 2020  9:50 AM","26 October 2020  10:44 AM","54 mins 4 secs",13.07,6.50,0.00,-,0.00,1.00,5.57
Lin,Daniel,3700421,daniel.lin@etu.sorbonne-universite.fr,Finished,"24 October 2020  1:28 PM","24 October 2020  2:30 PM","1 hour 1 min",18.71,7.00,1.00,2.00,3.00,1.00,4.71
Loi,Alessia,3971668,alessia.loi@etu.sorbonne-universite.fr,Finished,"25 October 2020  11:58 PM","26 October 2020  12:32 AM","34 mins 47 secs",20.00,7.00,1.00,2.00,3.00,1.00,6.00
Lu,Raymond,3700479,raymond.lu@etu.sorbonne-universite.fr,Finished,"25 October 2020  3:37 PM","25 October 2020  4:14 PM","36 mins 48 secs",20.00,7.00,1.00,2.00,3.00,1.00,6.00
Lu,Alexandra,3700615,alexandra.lu@etu.sorbonne-universite.fr,Finished,"25 October 2020  9:24 PM","25 October 2020  10:10 PM","46 mins 18 secs",20.00,7.00,1.00,2.00,3.00,1.00,6.00
Ly,Sylvie,3522190,sylvie.ly@etu.sorbonne-universite.fr,Finished,"25 October 2020  12:31 AM","25 October 2020  12:46 AM","15 mins",15.07,5.50,1.00,2.00,3.00,1.00,2.57
M'Barek,Heikel,3201218,heikel.mbarek@etu.sorbonne-universite.fr,Finished,"26 October 2020  1:17 AM","26 October 2020  1:51 AM","33 mins 26 secs",15.86,7.00,1.00,2.00,1.00,1.00,3.86
Maafa,Zin,3803950,zin.maafa@etu.sorbonne-universite.fr,Finished,"25 October 2020  6:46 PM","25 October 2020  7:34 PM","48 mins 12 secs",20.00,7.00,1.00,2.00,3.00,1.00,6.00
"Mahad Ismail",Roukia,3874897,roukia.mahad-ismail@etu.sorbonne-universite.fr,Finished,"24 October 2020  7:22 PM","24 October 2020  8:12 PM","49 mins 50 secs",12.21,4.50,1.00,0.00,1.00,1.00,4.71
Manimtim,Alexandre,3407834,alexandre.manimtim@etu.sorbonne-universite.fr,-,-,-,-,-,-,-,-,-,-,-
Mariller,Vincent,3700041,vincent.mariller@etu.sorbonne-universite.fr,Finished,"25 October 2020  5:25 AM","25 October 2020  5:28 AM","3 mins 7 secs",18.71,7.00,1.00,2.00,3.00,1.00,4.71
Marzougui,Syrine,3803611,syrine.marzougui@etu.sorbonne-universite.fr,Finished,"26 October 2020  7:59 AM","26 October 2020  8:10 AM","11 mins 26 secs",20.00,7.00,1.00,2.00,3.00,1.00,6.00
Maurel,Perrine,28502791,perrine.maurel.2@etu.sorbonne-universite.fr,Finished,"25 October 2020  10:02 PM","25 October 2020  10:17 PM","15 mins 15 secs",10.79,6.50,1.00,0.00,1.00,1.00,1.29
Mehdi,Sarah,3971165,sarah.mehdi.1@etu.sorbonne-universite.fr,Finished,"24 October 2020  2:44 PM","24 October 2020  4:29 PM","1 hour 44 mins",18.71,7.00,1.00,2.00,3.00,1.00,4.71
Mellul,Yona,3800646,yona.mellul@etu.sorbonne-universite.fr,Finished,"25 October 2020  11:50 PM","26 October 2020  12:05 AM","15 mins 20 secs",20.00,7.00,1.00,2.00,3.00,1.00,6.00
Mendas,Rosa,3802558,rosa.mendas@etu.sorbonne-universite.fr,Finished,"26 October 2020  12:32 AM","26 October 2020  1:06 AM","33 mins 59 secs",20.00,7.00,1.00,2.00,3.00,1.00,6.00
Mendes,Hugo,3670527,hugo.mendes@etu.sorbonne-universite.fr,Finished,"25 October 2020  10:43 PM","25 October 2020  10:46 PM","2 mins 25 secs",18.71,7.00,1.00,2.00,3.00,1.00,4.71
Merle-Remond,Julian,3700191,julian.merle-remond@etu.sorbonne-universite.fr,Finished,"19 October 2020  10:12 PM","19 October 2020  10:47 PM","34 mins 27 secs",16.57,7.00,1.00,2.00,3.00,1.00,2.57
Merzouk,Kenza,3803468,kenza.merzouk@etu.sorbonne-universite.fr,Finished,"26 October 2020  7:47 AM","26 October 2020  8:54 AM","1 hour 6 mins",20.00,7.00,1.00,2.00,3.00,1.00,6.00
Meziane,Mohamed,3802500,mohamed.meziane@etu.sorbonne-universite.fr,Finished,"25 October 2020  11:22 PM","25 October 2020  11:41 PM","18 mins 45 secs",20.00,7.00,1.00,2.00,3.00,1.00,6.00
Mistry,Manishkumar,3671086,manishkumar.mistry@etu.sorbonne-universite.fr,Finished,"24 October 2020  10:29 PM","24 October 2020  10:56 PM","27 mins 24 secs",20.00,7.00,1.00,2.00,3.00,1.00,6.00
Mistry,Darshan,3670280,darshan.mistry@etu.sorbonne-universite.fr,Finished,"24 October 2020  1:13 PM","24 October 2020  1:46 PM","33 mins 2 secs",20.00,7.00,1.00,2.00,3.00,1.00,6.00
Mohammedi,Vanessa,3671439,vanessa.mohammedi@etu.sorbonne-universite.fr,Finished,"24 October 2020  7:06 PM","24 October 2020  8:26 PM","1 hour 20 mins",16.57,7.00,1.00,2.00,3.00,1.00,2.57
Mohellebi,Melissa,3971070,melissa.mohellebi@etu.sorbonne-universite.fr,Finished,"26 October 2020  1:25 AM","26 October 2020  2:31 AM","1 hour 6 mins",20.00,7.00,1.00,2.00,3.00,1.00,6.00
Monnereau,Irena,3670050,irena.monnereau@etu.sorbonne-universite.fr,Finished,"23 October 2020  11:40 AM","23 October 2020  11:43 AM","3 mins 36 secs",20.00,7.00,1.00,2.00,3.00,1.00,6.00
Moreau,Léonard,3800364,leonard.moreau@etu.sorbonne-universite.fr,Finished,"26 October 2020  8:59 AM","26 October 2020  9:30 AM","30 mins 38 secs",16.07,6.50,1.00,2.00,3.00,1.00,2.57
Mosgoreanu,"Alexandru Zaharia",28717021,Alexandru_Zaharia.Mosgoreanu@etu.sorbonne-universite.fr,Finished,"23 October 2020  11:37 PM","23 October 2020  11:42 PM","4 mins 55 secs",20.00,7.00,1.00,2.00,3.00,1.00,6.00
Moulouel,Myriem,3802291,myriem.moulouel@etu.sorbonne-universite.fr,Finished,"26 October 2020  7:06 AM","26 October 2020  7:22 AM","16 mins 34 secs",18.50,5.50,1.00,2.00,3.00,1.00,6.00
Moyet,Candice,3801474,candice.moyet@etu.sorbonne-universite.fr,Finished,"24 October 2020  6:26 PM","24 October 2020  6:49 PM","23 mins 30 secs",20.00,7.00,1.00,2.00,3.00,1.00,6.00
Nam,Maxime,3301246,maxime.nam@etu.sorbonne-universite.fr,Finished,"21 October 2020  10:09 PM","21 October 2020  10:21 PM","12 mins 11 secs",20.00,7.00,1.00,2.00,3.00,1.00,6.00
Naumenko,Polina,3521154,polina.naumenko@etu.sorbonne-universite.fr,Finished,"26 October 2020  9:15 AM","26 October 2020  10:14 AM","58 mins 37 secs",13.50,6.50,0.00,-,0.00,1.00,6.00
Ngamy,Gianni-Alessandro,3703993,gianni-alessandro.ngamy@etu.sorbonne-universite.fr,Finished,"25 October 2020  7:48 PM","25 October 2020  8:15 PM","27 mins 47 secs",18.71,7.00,1.00,2.00,3.00,1.00,4.71
Nguyen,"Minh Anh",3802621,minh.nguyen.6@etu.sorbonne-universite.fr,Finished,"25 October 2020  11:01 AM","25 October 2020  12:09 PM","1 hour 8 mins",20.00,7.00,1.00,2.00,3.00,1.00,6.00
Niang,Fallou,3803961,fallou.niang@etu.sorbonne-universite.fr,Finished,"25 October 2020  11:24 PM","25 October 2020  11:41 PM","16 mins 19 secs",18.71,7.00,1.00,2.00,3.00,1.00,4.71
"Normand De La Tranchade",François,3671913,francois.normand_de_la_tranchade@etu.sorbonne-universite.fr,Finished,"26 October 2020  12:29 AM","26 October 2020  1:02 AM","32 mins 24 secs",18.71,7.00,1.00,2.00,3.00,1.00,4.71
Oses,Jean-Baptiste,3700565,jean-baptiste.oses@etu.sorbonne-universite.fr,Finished,"26 October 2020  12:53 AM","26 October 2020  2:04 AM","1 hour 10 mins",15.14,7.00,1.00,0.00,1.00,1.00,5.14
Oudjani,Yasmine,3803009,yasmine.oudjani@etu.sorbonne-universite.fr,Finished,"26 October 2020  12:55 AM","26 October 2020  12:59 AM","3 mins 54 secs",20.00,7.00,1.00,2.00,3.00,1.00,6.00
Pareau,Mathilde,3800446,mathilde.pareau@etu.sorbonne-universite.fr,Finished,"24 October 2020  12:12 PM","24 October 2020  1:29 PM","1 hour 17 mins",19.00,6.00,1.00,2.00,3.00,1.00,6.00
Parichault,Antoine,3803454,antoine.parichault@etu.sorbonne-universite.fr,Finished,"25 October 2020  10:27 PM","25 October 2020  10:51 PM","23 mins 49 secs",15.86,5.00,1.00,2.00,3.00,1.00,3.86
Pironin,Julie,3802614,julie.pironin@etu.sorbonne-universite.fr,Finished,"26 October 2020  12:01 AM","26 October 2020  12:35 AM","34 mins 44 secs",20.00,7.00,1.00,2.00,3.00,1.00,6.00
Polit,Titouan,3800511,titouan.polit@etu.sorbonne-universite.fr,Finished,"23 October 2020  10:47 AM","23 October 2020  11:13 AM","25 mins 35 secs",20.00,7.00,1.00,2.00,3.00,1.00,6.00
Popescu,"Diana Elena",28717024,Diana_Elena.Popescu@etu.sorbonne-universite.fr,Finished,"23 October 2020  11:01 PM","23 October 2020  11:37 PM","35 mins 59 secs",20.00,7.00,1.00,2.00,3.00,1.00,6.00
Poulain,Claire,3679357,claire.poulain@etu.sorbonne-universite.fr,Finished,"25 October 2020  10:21 AM","25 October 2020  10:24 AM","2 mins 54 secs",18.71,7.00,1.00,2.00,3.00,1.00,4.71
Prostakov,Andrey,3802515,andrey.prostakov@etu.sorbonne-universite.fr,Finished,"25 October 2020  9:35 PM","25 October 2020  9:40 PM","4 mins 27 secs",20.00,7.00,1.00,2.00,3.00,1.00,6.00
Quest,Alexis,3703346,alexis.quest@etu.sorbonne-universite.fr,-,-,-,-,-,-,-,-,-,-,-
Queuvin,Thomas,3700185,thomas.queuvin@etu.sorbonne-universite.fr,-,-,-,-,-,-,-,-,-,-,-
Rapaport,Solal,3711387,solal.rapaport@etu.sorbonne-universite.fr,-,-,-,-,-,-,-,-,-,-,-
Rayon-Richter,Malou,3708307,malou.rayon-richter@etu.sorbonne-universite.fr,Finished,"25 October 2020  12:55 PM","25 October 2020  1:03 PM","7 mins 16 secs",17.43,7.00,1.00,2.00,3.00,1.00,3.43
Rebai,Sofiane,3674205,sofiane.rebai@etu.sorbonne-universite.fr,-,-,-,-,-,-,-,-,-,-,-
"Riffaud De Turckheim",Hugo,3800256,hugo.riffaud_de_turckheim@etu.sorbonne-universite.fr,Finished,"24 October 2020  6:26 PM","24 October 2020  6:54 PM","27 mins 27 secs",19.50,6.50,1.00,2.00,3.00,1.00,6.00
Roch,Stuart,3309168,stuart.roch@etu.sorbonne-universite.fr,Finished,"25 October 2020  11:06 PM","25 October 2020  11:47 PM","41 mins 4 secs",20.00,7.00,1.00,2.00,3.00,1.00,6.00
Roqui,David,3873784,david.roqui@etu.sorbonne-universite.fr,Finished,"25 October 2020  7:14 PM","25 October 2020  8:12 PM","58 mins 25 secs",6.86,1.00,1.00,2.00,1.00,1.00,0.86
Rossi,Johan-Luca,3872354,johan-luca.rossi@etu.sorbonne-universite.fr,Finished,"25 October 2020  1:23 PM","25 October 2020  2:18 PM","54 mins 57 secs",20.00,7.00,1.00,2.00,3.00,1.00,6.00
Rouba,Islam,3802420,islam.rouba@etu.sorbonne-universite.fr,Finished,"26 October 2020  12:47 AM","26 October 2020  1:02 AM","15 mins 8 secs",20.00,7.00,1.00,2.00,3.00,1.00,6.00
Rzeszutko,Kamil,2800282,kamil.rzeszutko@etu.sorbonne-universite.fr,Finished,"26 October 2020  8:45 AM","26 October 2020  10:42 AM","1 hour 57 mins",16.14,7.00,1.00,2.00,3.00,1.00,2.14
Sabatino,Francesco,3811132,francesco.sabatino@etu.sorbonne-universite.fr,Finished,"25 October 2020  8:53 AM","25 October 2020  9:18 AM","24 mins 37 secs",18.00,5.00,1.00,2.00,3.00,1.00,6.00
Saber,Hakim,3415762,hakim.saber@etu.sorbonne-universite.fr,Finished,"25 October 2020  6:45 PM","25 October 2020  7:02 PM","17 mins 28 secs",17.14,7.00,1.00,2.00,1.00,1.00,5.14
Saichi,Lina,3803151,lina.saichi@etu.sorbonne-universite.fr,Finished,"25 October 2020  11:39 PM","26 October 2020  12:18 AM","38 mins 49 secs",20.00,7.00,1.00,2.00,3.00,1.00,6.00
Salfati,Elisa,3800104,elisa.salfati@etu.sorbonne-universite.fr,Finished,"20 October 2020  12:29 PM","20 October 2020  12:42 PM","12 mins 52 secs",20.00,7.00,1.00,2.00,3.00,1.00,6.00
Sameur,Samir,3872902,samir.sameur@etu.sorbonne-universite.fr,-,-,-,-,-,-,-,-,-,-,-
Seang,Chea-Jimmy,3703893,chea-jimmy.seang@etu.sorbonne-universite.fr,Finished,"19 October 2020  10:13 PM","19 October 2020  10:47 PM","33 mins 46 secs",16.57,7.00,1.00,2.00,3.00,1.00,2.57
Selliah,Sarujen,3701184,sarujen.selliah@etu.sorbonne-universite.fr,Finished,"25 October 2020  11:56 AM","25 October 2020  12:19 PM","23 mins 16 secs",20.00,7.00,1.00,2.00,3.00,1.00,6.00
Sennour,"Mohammed Wail",28616082,mohammed.sennour@etu.sorbonne-universite.fr,Finished,"25 October 2020  7:38 PM","25 October 2020  8:40 PM","1 hour 1 min",18.71,7.00,1.00,2.00,3.00,1.00,4.71
Senyuz,"Miray Suzan",3802805,miray.senyuz@etu.sorbonne-universite.fr,Finished,"25 October 2020  11:05 PM","25 October 2020  11:25 PM","19 mins 25 secs",20.00,7.00,1.00,2.00,3.00,1.00,6.00
Serraf,Dan,3971120,dan.serraf@etu.sorbonne-universite.fr,Finished,"25 October 2020  10:45 PM","25 October 2020  11:55 PM","1 hour 9 mins",19.57,7.00,1.00,2.00,3.00,1.00,5.57
Sidia,Amir,3670888,amir.sidia@etu.sorbonne-universite.fr,Finished,"26 October 2020  1:57 AM","26 October 2020  3:35 AM","1 hour 38 mins",20.00,7.00,1.00,2.00,3.00,1.00,6.00
Simion,Mathys,28705217,Mathys.Simion@etu.sorbonne-universite.fr,-,-,-,-,-,-,-,-,-,-,-
Slimani,Hiba,3703036,hiba.slimani@etu.sorbonne-universite.fr,Finished,"26 October 2020  8:40 AM","26 October 2020  9:40 AM","59 mins 17 secs",8.79,4.50,1.00,0.00,1.00,1.00,1.29
Song,Yifei,3970712,yifei.song@etu.sorbonne-universite.fr,Finished,"24 October 2020  2:25 PM","24 October 2020  2:59 PM","34 mins 4 secs",20.00,7.00,1.00,2.00,3.00,1.00,6.00
Soulignadeth,Willy,3800002,willy.soulignadeth@etu.sorbonne-universite.fr,Finished,"23 October 2020  11:30 AM","23 October 2020  11:36 AM","5 mins 38 secs",19.57,7.00,1.00,2.00,3.00,1.00,5.57
Soutil,Aurélien,3700451,aurelien.soutil@etu.sorbonne-universite.fr,Finished,"20 October 2020  2:04 PM","20 October 2020  2:29 PM","25 mins 25 secs",20.00,7.00,1.00,2.00,3.00,1.00,6.00
Sow,Fatou,28503374,fatou.sow.2@etu.sorbonne-universite.fr,Finished,"25 October 2020  3:28 PM","25 October 2020  5:28 PM","2 hours",20.00,7.00,1.00,2.00,3.00,1.00,6.00
Suhana,Satria,3800274,satria.suhana@etu.sorbonne-universite.fr,Finished,"25 October 2020  5:05 PM","25 October 2020  5:34 PM","28 mins 22 secs",20.00,7.00,1.00,2.00,3.00,1.00,6.00
Sy,"Virak Bot Baramy",3407325,virak.sy@etu.sorbonne-universite.fr,Finished,"21 October 2020  9:32 PM","21 October 2020  10:13 PM","40 mins 45 secs",20.00,7.00,1.00,2.00,3.00,1.00,6.00
Szczerba,Kamil,28614283,kamil.szczerba@etu.sorbonne-universite.fr,Finished,"20 October 2020  6:32 AM","20 October 2020  6:41 AM","9 mins 19 secs",19.50,6.50,1.00,2.00,3.00,1.00,6.00
Taleb,Rida,3804264,rida.taleb@etu.sorbonne-universite.fr,Finished,"25 October 2020  4:19 PM","25 October 2020  4:26 PM","7 mins 37 secs",20.00,7.00,1.00,2.00,3.00,1.00,6.00
Tang,Christophe,3802892,christophe.tang@etu.sorbonne-universite.fr,Finished,"25 October 2020  9:32 PM","25 October 2020  11:16 PM","1 hour 44 mins",20.00,7.00,1.00,2.00,3.00,1.00,6.00
Tat,Jonathan,3874133,jonathan.tat@etu.sorbonne-universite.fr,Finished,"25 October 2020  11:09 PM","25 October 2020  11:13 PM","4 mins 17 secs",19.57,7.00,1.00,2.00,3.00,1.00,5.57
Tchen,Clement,3703339,clement.tchen@etu.sorbonne-universite.fr,Finished,"25 October 2020  4:09 AM","25 October 2020  4:59 AM","50 mins 5 secs",14.57,7.00,1.00,2.00,1.00,1.00,2.57
Thelineau,Jeremy,3200147,jeremy.thelineau@etu.sorbonne-universite.fr,-,-,-,-,-,-,-,-,-,-,-
Theodosiou,Michalis,3151223,michalis.theodosiou@etu.sorbonne-universite.fr,-,-,-,-,-,-,-,-,-,-,-
Theret,Ingrid,3201608,ingrid.theret@etu.sorbonne-universite.fr,Finished,"25 October 2020  3:03 PM","25 October 2020  3:29 PM","26 mins 34 secs",18.57,7.00,1.00,2.00,3.00,0.00,5.57
Thiam,Mohamed,3672502,mohamed.thiam@etu.sorbonne-universite.fr,Finished,"25 October 2020  4:03 PM","25 October 2020  4:25 PM","22 mins 2 secs",20.00,7.00,1.00,2.00,3.00,1.00,6.00
Thurairajah,Shaithan,3802984,shaithan.thurairajah@etu.sorbonne-universite.fr,Finished,"25 October 2020  9:47 PM","25 October 2020  11:17 PM","1 hour 30 mins",20.00,7.00,1.00,2.00,3.00,1.00,6.00
Tibi,Gad,3801996,gad.tibi@etu.sorbonne-universite.fr,-,-,-,-,-,-,-,-,-,-,-
Toullalan,Antoine,3706648,antoine.toullalan@etu.sorbonne-universite.fr,Finished,"21 October 2020  2:16 PM","21 October 2020  2:31 PM","15 mins 32 secs",20.00,7.00,1.00,2.00,3.00,1.00,6.00
Tran,Kevin,3700914,kevin.tran@etu.sorbonne-universite.fr,Finished,"25 October 2020  9:53 PM","25 October 2020  10:38 PM","44 mins 27 secs",18.14,6.00,1.00,2.00,3.00,1.00,5.14
Traore,Khadidja,3800559,khadidja.traore@etu.sorbonne-universite.fr,Finished,"25 October 2020  1:01 PM","25 October 2020  1:26 PM","25 mins 10 secs",18.21,6.50,1.00,2.00,3.00,1.00,4.71
Trouve,Alex,3700052,alex.trouve@etu.sorbonne-universite.fr,Finished,"22 October 2020  9:34 PM","22 October 2020  9:41 PM","6 mins 27 secs",18.71,7.00,1.00,2.00,3.00,1.00,4.71
Ung,Thierry,3804472,thierry.ung@etu.sorbonne-universite.fr,Finished,"25 October 2020  12:31 AM","25 October 2020  12:53 AM","22 mins 38 secs",18.71,7.00,1.00,2.00,3.00,1.00,4.71
"Van Remoortere",Pierre,28007865,pierre.van_remoortere.1@etu.sorbonne-universite.fr,Finished,"24 October 2020  4:25 PM","24 October 2020  5:28 PM","1 hour 3 mins",17.50,6.50,1.00,0.00,3.00,1.00,6.00
Vang,Danny,3670334,danny.vang@etu.sorbonne-universite.fr,Finished,"24 October 2020  8:17 PM","24 October 2020  9:27 PM","1 hour 9 mins",20.00,7.00,1.00,2.00,3.00,1.00,6.00
Vanrycke,Loann,3811248,loann.vanrycke@etu.sorbonne-universite.fr,Finished,"24 October 2020  7:05 PM","24 October 2020  7:32 PM","27 mins 11 secs",17.36,6.50,1.00,2.00,3.00,1.00,3.86
Villard,Lorenzo,3801327,lorenzo.villard@etu.sorbonne-universite.fr,-,-,-,-,-,-,-,-,-,-,-
Xu,Jin,3700044,jin.xu@etu.sorbonne-universite.fr,Finished,"25 October 2020  8:15 PM","25 October 2020  9:25 PM","1 hour 10 mins",16.57,7.00,1.00,2.00,3.00,1.00,2.57
Yalcin,Mehmet,3702332,mehmet.yalcin@etu.sorbonne-universite.fr,Finished,"26 October 2020  12:37 AM","26 October 2020  12:47 AM","10 mins 41 secs",20.00,7.00,1.00,2.00,3.00,1.00,6.00
Yang,Qing,3872484,qing.yang@etu.sorbonne-universite.fr,-,-,-,-,-,-,-,-,-,-,-
Yao,Qingyuan,3970770,qingyuan.yao@etu.sorbonne-universite.fr,Finished,"25 October 2020  3:54 PM","25 October 2020  4:36 PM","42 mins 46 secs",18.71,7.00,1.00,2.00,3.00,1.00,4.71
Ye,William,3413637,william.ye@etu.sorbonne-universite.fr,Finished,"24 October 2020  9:06 PM","24 October 2020  9:37 PM","31 mins 7 secs",19.57,7.00,1.00,2.00,3.00,1.00,5.57
Zerrouki,Elies,3802658,elies.zerrouki@etu.sorbonne-universite.fr,Finished,"26 October 2020  12:04 AM","26 October 2020  1:11 AM","1 hour 6 mins",20.00,7.00,1.00,2.00,3.00,1.00,6.00
Zhang,Kevin,3520893,kevin.zhang@etu.sorbonne-universite.fr,Finished,"25 October 2020  9:53 PM","25 October 2020  10:38 PM","44 mins 52 secs",17.00,4.00,1.00,2.00,3.00,1.00,6.00
Zhang,Kate,3800131,kate.zhang@etu.sorbonne-universite.fr,Finished,"24 October 2020  2:33 PM","24 October 2020  2:45 PM","12 mins 39 secs",20.00,7.00,1.00,2.00,3.00,1.00,6.00
Zhang,Eric,3800297,eric.zhang@etu.sorbonne-universite.fr,Finished,"24 October 2020  2:20 PM","24 October 2020  2:39 PM","19 mins 21 secs",20.00,7.00,1.00,2.00,3.00,1.00,6.00
Zhao,Cong,2351624,cong.zhao@etu.sorbonne-universite.fr,Finished,"25 October 2020  10:35 PM","25 October 2020  10:59 PM","23 mins 32 secs",19.57,7.00,1.00,2.00,3.00,1.00,5.57
Zheng,Luc,3710230,luc.zheng@etu.sorbonne-universite.fr,Finished,"26 October 2020  8:38 AM","26 October 2020  9:41 AM","1 hour 2 mins",20.00,7.00,1.00,2.00,3.00,1.00,6.00
Zhou,Jean-Marc,28008879,jean-marc.zhou@etu.sorbonne-universite.fr,Finished,"25 October 2020  2:38 PM","25 October 2020  2:44 PM","5 mins 25 secs",19.57,7.00,1.00,2.00,3.00,1.00,5.57
Ziegler,Clara,3709947,clara.ziegler@etu.sorbonne-universite.fr,Finished,"24 October 2020  9:28 AM","24 October 2020  10:13 AM","44 mins 25 secs",16.57,7.00,1.00,2.00,3.00,1.00,2.57
Zinopoulos-Yannopoulos,Florian,3708962,florian.zinopoulos-yannopoulos@etu.sorbonne-universite.fr,Finished,"25 October 2020  3:43 PM","25 October 2020  4:10 PM","26 mins 53 secs",20.00,7.00,1.00,2.00,3.00,1.00,6.00
"Zou Al Guyna",Louai,3680880,louai.zou_al_guyna@etu.sorbonne-universite.fr,Finished,"25 October 2020  12:45 AM","25 October 2020  1:05 AM","19 mins 52 secs",19.14,7.00,1.00,2.00,3.00,1.00,5.14
"Overall average",,,,,,,,18.69,6.82,0.98,1.85,2.80,0.99,5.26
