﻿Surname,"First name","ID number","Email address",State,"Started on",Completed,"Time taken",Grade/20.00,"Q. 1 /6.43","Q. 2 /7.14","Q. 3 /6.43"
Aallam,Mohamed,3802135,mohamed.aallam@etu.sorbonne-universite.fr,Finished,"2 November 2020  1:45 AM","2 November 2020  2:18 AM","33 mins 25 secs",19.64,6.07,7.14,6.43
Abdalaziz,"Youssef Alaa Elsayye",3803619,youssef.abdalaziz@etu.sorbonne-universite.fr,Finished,"26 October 2020  4:44 PM","26 October 2020  5:17 PM","33 mins 22 secs",17.14,5.00,6.43,5.71
Abderrahmen,"Mohamed Aziz",3802009,mohamed.abderrahmen@etu.sorbonne-universite.fr,Finished,"2 November 2020  8:06 AM","2 November 2020  8:27 AM","20 mins 14 secs",18.21,5.36,6.43,6.43
Abitbol,Yossef,3804139,yossef.abitbol@etu.sorbonne-universite.fr,Finished,"1 November 2020  9:47 PM","1 November 2020  11:40 PM","1 hour 52 mins",19.29,6.07,6.79,6.43
Ajuelos,Emmanuel,3800432,emmanuel.ajuelos@etu.sorbonne-universite.fr,Finished,"2 November 2020  12:29 AM","2 November 2020  12:35 AM","5 mins 54 secs",18.21,4.64,7.14,6.43
"Al- Jawhi",Abdullah,28625228,abdullah.al_jawhi@etu.sorbonne-universite.fr,-,-,-,-,-,-,-,-
Ammour,Amine,3876256,amine.ammour@etu.sorbonne-universite.fr,Finished,"2 November 2020  9:01 AM","2 November 2020  9:28 AM","27 mins 21 secs",19.64,6.07,7.14,6.43
Anki-Zuccarello,Kenza,3800473,kenza.anki-zuccarello@etu.sorbonne-universite.fr,-,-,-,-,-,-,-,-
Anki-Zuccarello,Kenza,28502318,kenza.anki.1@etu.sorbonne-universite.fr,Finished,"1 November 2020  10:16 PM","1 November 2020  11:06 PM","49 mins 35 secs",13.93,5.00,3.57,5.36
Aral,Arda,3702388,arda.aral@etu.sorbonne-universite.fr,Finished,"2 November 2020  12:27 AM","2 November 2020  12:52 AM","25 mins 15 secs",13.93,5.00,3.21,5.71
Arichandra,Santhos,3802651,santhos.arichandra@etu.sorbonne-universite.fr,Finished,"1 November 2020  6:13 PM","1 November 2020  7:56 PM","1 hour 42 mins",18.57,5.71,6.43,6.43
Armenoult,Ludovic,3416871,ludovic.armenoult@etu.sorbonne-universite.fr,Finished,"26 October 2020  3:00 PM","26 October 2020  3:51 PM","51 mins 21 secs",16.79,6.07,4.29,6.43
Arrous,Clement,3671634,clement.arrous@etu.sorbonne-universite.fr,Finished,"1 November 2020  11:08 PM","1 November 2020  11:12 PM","3 mins 58 secs",17.50,4.64,6.43,6.43
Audoux,Marion,3700108,marion.audoux@etu.sorbonne-universite.fr,Finished,"31 October 2020  5:51 PM","31 October 2020  5:58 PM","7 mins 19 secs",15.71,5.71,4.29,5.71
Audras,Antoine,3410283,antoine.audras@etu.sorbonne-universite.fr,Finished,"2 November 2020  12:35 AM","2 November 2020  1:04 AM","29 mins 49 secs",19.29,5.71,7.14,6.43
Ayadi,Anis,3802501,anis.ayadi@etu.sorbonne-universite.fr,Finished,"2 November 2020  5:37 AM","2 November 2020  6:36 AM","58 mins 47 secs",19.64,6.07,7.14,6.43
Azar,Jane,3803112,jane.azar@etu.sorbonne-universite.fr,Finished,"1 November 2020  11:08 PM","1 November 2020  11:17 PM","8 mins 22 secs",19.64,6.07,7.14,6.43
Azoui,Rayane,28710978,Rayane.Azoui@etu.sorbonne-universite.fr,Finished,"1 November 2020  10:00 AM","1 November 2020  10:55 AM","54 mins 40 secs",17.50,6.07,5.71,5.71
Badriouiche,Mohamed,3701404,mohamed.badriouiche@etu.sorbonne-universite.fr,Finished,"2 November 2020  12:41 AM","2 November 2020  12:50 AM","9 mins 3 secs",18.57,5.00,7.14,6.43
Baker,Thomas,3700144,thomas.baker@etu.sorbonne-universite.fr,Finished,"1 November 2020  7:28 PM","1 November 2020  7:49 PM","21 mins 14 secs",18.21,4.64,7.14,6.43
Baraket,Msalem,3804929,msalem.baraket@etu.sorbonne-universite.fr,Finished,"2 November 2020  8:59 AM","2 November 2020  10:40 AM","1 hour 41 mins",18.21,6.07,6.79,5.36
Barbier,Marie,3802734,marie.barbier.1@etu.sorbonne-universite.fr,Finished,"1 November 2020  3:19 PM","1 November 2020  3:41 PM","21 mins 59 secs",17.14,5.00,5.71,6.43
Belazouz,Bourhan-Eddine,3208353,bourhan-eddine.belazouz@etu.sorbonne-universite.fr,Finished,"1 November 2020  7:08 PM","1 November 2020  8:10 PM","1 hour 1 min",17.86,4.64,6.79,6.43
Bellut,Quentin,3710439,quentin.bellut@etu.sorbonne-universite.fr,Finished,"2 November 2020  12:51 AM","2 November 2020  1:09 AM","17 mins 46 secs",13.57,3.21,4.29,6.07
"Ben Attar",Ethan,3670543,ethan.ben_attar@etu.sorbonne-universite.fr,Finished,"30 October 2020  3:29 PM","30 October 2020  3:48 PM","19 mins 8 secs",12.50,5.00,3.57,3.93
Benabdallah,Ali,3806311,ali.benabdallah@etu.sorbonne-universite.fr,Finished,"1 November 2020  6:00 PM","1 November 2020  7:06 PM","1 hour 5 mins",14.64,4.64,3.57,6.43
Bencherif,Nabil,3710493,nabil.bencherif@etu.sorbonne-universite.fr,Finished,"1 November 2020  11:32 PM","2 November 2020  12:34 AM","1 hour 2 mins",18.21,6.07,6.43,5.71
Benjamin-Jeyaseelan,"Benjamin Julius",3671340,benjamin.benjamin-jeyaseelan@etu.sorbonne-universite.fr,Finished,"1 November 2020  10:52 PM","1 November 2020  11:05 PM","12 mins 58 secs",18.57,5.71,6.43,6.43
Bensafia,"Chems Eddine",28717430,Chems_Eddine.Bensafia@etu.sorbonne-universite.fr,Finished,"1 November 2020  8:15 PM","1 November 2020  8:36 PM","21 mins 18 secs",17.86,4.29,7.14,6.43
Benyahia,Sami,3677177,sami.benyahia@etu.sorbonne-universite.fr,Finished,"2 November 2020  8:34 AM","2 November 2020  9:46 AM","1 hour 12 mins",12.86,4.29,2.86,5.71
Bernier,Téo,3670574,teo.bernier@etu.sorbonne-universite.fr,Finished,"2 November 2020  3:52 AM","2 November 2020  4:08 AM","16 mins 5 secs",18.21,5.00,6.79,6.43
Bettahar,"Mohamed El Amine",28616068,mohamed.bettahar@etu.sorbonne-universite.fr,Finished,"1 November 2020  8:16 PM","1 November 2020  8:51 PM","35 mins 38 secs",18.21,4.64,7.14,6.43
Boubrik,Ihsane,3670795,ihsane.boubrik@etu.sorbonne-universite.fr,Finished,"1 November 2020  4:05 PM","1 November 2020  4:15 PM","9 mins 27 secs",17.86,5.00,7.14,5.71
Boudarene,Samy,3801935,samy.boudarene@etu.sorbonne-universite.fr,-,-,-,-,-,-,-,-
Bougherara,Adan,3680559,adan.bougherara@etu.sorbonne-universite.fr,Finished,"26 October 2020  2:10 PM","26 October 2020  3:00 PM","49 mins 15 secs",13.57,4.64,2.50,6.43
Bougherara,Adan,3680559,adan.bougherara@etu.sorbonne-universite.fr,Finished,"27 October 2020  1:55 PM","27 October 2020  2:01 PM","6 mins 31 secs",13.21,5.00,2.50,5.71
Bourekh,Zidane,3677063,zidane.bourekh@etu.sorbonne-universite.fr,Finished,"1 November 2020  8:40 PM","1 November 2020  9:20 PM","39 mins 52 secs",18.57,5.00,7.14,6.43
Bourlette,Lucas,3672216,lucas.bourlette@etu.sorbonne-universite.fr,Finished,"1 November 2020  8:41 PM","1 November 2020  8:45 PM","3 mins 21 secs",17.50,4.64,7.14,5.71
Bourmault,Adrien,3677850,adrien.bourmault@etu.sorbonne-universite.fr,Finished,"1 November 2020  4:18 PM","1 November 2020  4:36 PM","17 mins 53 secs",14.64,5.00,3.93,5.71
Bouyoucef,Assirem,3971113,assirem.bouyoucef@etu.sorbonne-universite.fr,Finished,"2 November 2020  12:50 AM","2 November 2020  1:14 AM","23 mins 56 secs",19.64,6.07,7.14,6.43
Bouzouaoui,Anes,28616582,anes.bouzouaoui@etu.sorbonne-universite.fr,Finished,"1 November 2020  11:31 PM","1 November 2020  11:42 PM","11 mins 13 secs",18.21,4.64,7.14,6.43
Boyadjiev,Todor,28507548,todor.boyadjiev.2@etu.sorbonne-universite.fr,Finished,"1 November 2020  5:16 PM","1 November 2020  5:35 PM","19 mins",15.00,5.00,4.29,5.71
Brasseur,Gaëtan,3802696,gaetan.brasseur@etu.sorbonne-universite.fr,Finished,"1 November 2020  2:25 PM","1 November 2020  3:00 PM","35 mins 3 secs",15.00,3.93,5.36,5.71
Brihmouche,Yacine,28717951,Yacine.Brihmouche@etu.sorbonne-universite.fr,Finished,"1 November 2020  5:12 PM","1 November 2020  6:32 PM","1 hour 20 mins",18.93,6.07,6.43,6.43
Buisson,Marc,28614429,marc.buisson@etu.sorbonne-universite.fr,Finished,"2 November 2020  1:10 AM","2 November 2020  1:16 AM","6 mins 13 secs",18.21,5.00,6.79,6.43
Canitrot,Julien,3803521,julien.canitrot@etu.sorbonne-universite.fr,Finished,"1 November 2020  3:35 PM","1 November 2020  4:08 PM","32 mins 44 secs",14.64,4.64,3.57,6.43
Carton,Lorris,3521310,lorris.carton@etu.sorbonne-universite.fr,Finished,"1 November 2020  5:27 PM","1 November 2020  5:34 PM","6 mins 46 secs",12.14,4.29,3.57,4.29
Carvalho,Lorenzo,3700288,lorenzo.carvalho@etu.sorbonne-universite.fr,Finished,"2 November 2020  9:01 AM","2 November 2020  9:32 AM","30 mins 19 secs",13.93,5.00,3.21,5.71
Cassan,Jules,3810883,jules.cassan@etu.sorbonne-universite.fr,Finished,"26 October 2020  2:09 PM","26 October 2020  2:59 PM","49 mins 58 secs",13.57,4.64,2.50,6.43
Chafai,Tinhinane,3802927,tinhinane.chafai@etu.sorbonne-universite.fr,Finished,"2 November 2020  1:20 AM","2 November 2020  1:47 AM","26 mins 10 secs",18.57,5.71,6.43,6.43
"Chan Yip Hon",Boris,3706553,boris.chan_yip_hon@etu.sorbonne-universite.fr,Finished,"1 November 2020  5:23 PM","1 November 2020  6:56 PM","1 hour 33 mins",15.71,5.00,4.29,6.43
Chea,Sophie,3708951,sophie.chea@etu.sorbonne-universite.fr,Finished,"1 November 2020  11:39 PM","2 November 2020  12:11 AM","31 mins 54 secs",17.86,5.00,7.14,5.71
Chen,Jinhe,3802503,jinhe.chen@etu.sorbonne-universite.fr,-,-,-,-,-,-,-,-
Cherfaoui,Sarah,3874223,sarah.cherfaoui@etu.sorbonne-universite.fr,-,-,-,-,-,-,-,-
Cherfaoui,Melissa,28720090,Melissa.Cherfaoui@etu.sorbonne-universite.fr,Finished,"2 November 2020  10:09 AM","2 November 2020  10:43 AM","33 mins 49 secs",15.71,5.71,4.29,5.71
Chitu,Alex,3701943,alex.chitu@etu.sorbonne-universite.fr,Finished,"2 November 2020  8:38 AM","2 November 2020  8:57 AM","19 mins 23 secs",13.57,5.00,2.86,5.71
Cineus,Dylan,3302425,dylan.cineus@etu.sorbonne-universite.fr,Finished,"1 November 2020  8:46 PM","1 November 2020  9:40 PM","54 mins 39 secs",14.29,4.64,4.29,5.36
Ciocan,Clara,3801875,clara.ciocan@etu.sorbonne-universite.fr,Finished,"1 November 2020  9:26 AM","1 November 2020  10:10 AM","43 mins 47 secs",13.93,4.64,3.57,5.71
Cleuziou,Karl,3800455,karl.cleuziou@etu.sorbonne-universite.fr,Finished,"2 November 2020  4:26 AM","2 November 2020  5:36 AM","1 hour 10 mins",15.00,5.00,3.57,6.43
Colin,Jacques,3700584,jacques.colin@etu.sorbonne-universite.fr,Finished,"31 October 2020  7:05 PM","31 October 2020  7:19 PM","14 mins 15 secs",17.86,5.00,7.14,5.71
Coudert,Louis,3800333,louis.coudert@etu.sorbonne-universite.fr,Finished,"30 October 2020  4:18 PM","30 October 2020  4:59 PM","40 mins 32 secs",15.36,5.36,3.57,6.43
Dauvet,Haron,3700463,haron.dauvet@etu.sorbonne-universite.fr,Finished,"2 November 2020  8:53 AM","2 November 2020  10:01 AM","1 hour 7 mins",18.21,4.64,7.14,6.43
"De Castelbajac",Matthieu,3800411,matthieu.de_castelbajac@etu.sorbonne-universite.fr,Finished,"27 October 2020  3:46 PM","27 October 2020  4:24 PM","38 mins 26 secs",13.57,4.64,3.21,5.71
Delgado,Thomas,3407716,thomas.delgado@etu.sorbonne-universite.fr,-,-,-,-,-,-,-,-
Demeulenaere,Vivien,3706539,vivien.demeulenaere@etu.sorbonne-universite.fr,Finished,"26 October 2020  2:10 PM","26 October 2020  2:59 PM","49 mins 41 secs",13.57,4.64,2.50,6.43
Demeulenaere,Vivien,3706539,vivien.demeulenaere@etu.sorbonne-universite.fr,Finished,"27 October 2020  1:55 PM","27 October 2020  2:01 PM","6 mins 38 secs",13.93,5.00,2.50,6.43
Djouahra,"Mohamed Akram",28718098,Mohamed_Akram.Djouahra@etu.sorbonne-universite.fr,Finished,"1 November 2020  4:05 PM","1 November 2020  5:10 PM","1 hour 4 mins",16.07,6.07,4.29,5.71
Djouder,Sarah,3970876,sarah.djouder@etu.sorbonne-universite.fr,Finished,"2 November 2020  10:35 AM","2 November 2020  10:42 AM","7 mins 1 sec",19.64,6.07,7.14,6.43
Doucouré,Dramane,3520680,dramane.doucoure@etu.sorbonne-universite.fr,"Never submitted","2 November 2020  2:43 AM",-,-,-,-,-,-
Drouin,Reza,3800042,reza.drouin@etu.sorbonne-universite.fr,Finished,"2 November 2020  8:32 AM","2 November 2020  9:50 AM","1 hour 18 mins",17.14,4.64,6.79,5.71
Du,Qian,3520431,qian.du@etu.sorbonne-universite.fr,Finished,"26 October 2020  2:45 PM","26 October 2020  3:19 PM","34 mins 15 secs",13.93,4.29,3.57,6.07
Dubreuil,Jules,3800417,jules.dubreuil@etu.sorbonne-universite.fr,Finished,"1 November 2020  9:38 PM","1 November 2020  10:04 PM","25 mins 31 secs",18.21,5.36,6.43,6.43
Dufeutrelle,Hugo,3520375,hugo.dufeutrelle@etu.sorbonne-universite.fr,Finished,"1 November 2020  2:47 PM","1 November 2020  3:13 PM","26 mins 20 secs",14.64,5.00,4.29,5.36
Dumoulin,Zoé,3702742,zoe.dumoulin@etu.sorbonne-universite.fr,Finished,"1 November 2020  8:49 PM","1 November 2020  10:44 PM","1 hour 55 mins",18.21,5.00,6.79,6.43
Duval,Aurelien,3872455,aurelien.duval@etu.sorbonne-universite.fr,Finished,"2 November 2020  9:03 AM","2 November 2020  10:04 AM","1 hour",14.64,4.64,3.57,6.43
Dziri,Hakim,3800075,hakim.dziri@etu.sorbonne-universite.fr,-,-,-,-,-,-,-,-
"El Fahdi",Ismaël,3802719,ismael.el_fahdi@etu.sorbonne-universite.fr,Finished,"1 November 2020  3:44 PM","1 November 2020  4:07 PM","23 mins 2 secs",15.71,5.00,4.29,6.43
"El Ghali",Yosr,3802466,yosr.elghali@etu.sorbonne-universite.fr,Finished,"30 October 2020  5:48 PM","30 October 2020  7:02 PM","1 hour 13 mins",15.00,5.00,4.29,5.71
"El Ghazzi",Sarah,3671094,sarah.el_ghazzi@etu.sorbonne-universite.fr,Finished,"1 November 2020  9:17 PM","1 November 2020  10:13 PM","55 mins 24 secs",19.64,6.07,7.14,6.43
"El Ghoul",Elio,3803565,elio.el_ghoul@etu.sorbonne-universite.fr,Finished,"2 November 2020  7:36 AM","2 November 2020  8:47 AM","1 hour 10 mins",19.64,6.07,7.14,6.43
Elatri,Sami,3801805,sami.elatri@etu.sorbonne-universite.fr,-,-,-,-,-,-,-,-
Ergun,Yavuz,3670777,yavuz.ergun@etu.sorbonne-universite.fr,Finished,"1 November 2020  7:51 PM","1 November 2020  8:22 PM","30 mins 48 secs",17.14,5.00,7.14,5.00
Felix,Wycherley-Kassel,3702385,wycherley-kassel.felix@etu.sorbonne-universite.fr,Finished,"2 November 2020  10:02 AM","2 November 2020  10:16 AM","14 mins 20 secs",17.86,5.00,7.14,5.71
Ferdaoui,Sheïmâa,3802999,sheimaa.ferdaoui@etu.sorbonne-universite.fr,Finished,"1 November 2020  10:42 PM","1 November 2020  11:16 PM","34 mins 6 secs",18.21,5.36,6.43,6.43
Gabour,Smail,3700149,smail.gabour@etu.sorbonne-universite.fr,Finished,"1 November 2020  8:05 PM","1 November 2020  8:11 PM","5 mins 51 secs",17.86,5.00,7.14,5.71
Gaillon,Gregoire,3670241,gregoire.gaillon@etu.sorbonne-universite.fr,-,-,-,-,-,-,-,-
Galliot,Jules,3802342,jules.galliot@etu.sorbonne-universite.fr,Finished,"1 November 2020  10:11 PM","1 November 2020  10:34 PM","23 mins 33 secs",17.86,5.00,6.43,6.43
Gigacz,"Kiara Ting Yung Chin",3803025,kiara.gigacz@etu.sorbonne-universite.fr,Finished,"1 November 2020  10:03 PM","1 November 2020  11:57 PM","1 hour 53 mins",16.07,6.07,4.29,5.71
Goulmot,Cedric,3971371,cedric.goulmot@etu.sorbonne-universite.fr,Finished,"27 October 2020  8:15 PM","27 October 2020  9:51 PM","1 hour 36 mins",15.36,5.71,3.21,6.43
Grech,Anna,3800494,anna.grech@etu.sorbonne-universite.fr,Finished,"1 November 2020  3:00 PM","1 November 2020  3:41 PM","40 mins 20 secs",13.21,5.00,2.50,5.71
Gruman,Pierre-Alexandre,28507556,pierre-alexandre.gruman.2@etu.sorbonne-universite.fr,Finished,"1 November 2020  5:30 PM","1 November 2020  6:21 PM","50 mins 54 secs",13.57,5.00,2.86,5.71
Guio,Clément,3413360,clement.guio@etu.sorbonne-universite.fr,Finished,"1 November 2020  6:49 PM","1 November 2020  7:24 PM","34 mins 57 secs",18.21,4.64,7.14,6.43
Hadj-Arab,Ludmila,3971280,ludmila.hadj-arab@etu.sorbonne-universite.fr,Finished,"2 November 2020  8:38 AM","2 November 2020  8:51 AM","13 mins 19 secs",18.21,5.71,7.14,5.36
Hadji,Mohamed,3702996,mohamed.hadji@etu.sorbonne-universite.fr,Finished,"1 November 2020  10:03 PM","1 November 2020  11:06 PM","1 hour 2 mins",18.21,4.64,7.14,6.43
Hamdad,Khellaf,3802811,khellaf.hamdad@etu.sorbonne-universite.fr,Finished,"2 November 2020  1:15 AM","2 November 2020  1:32 AM","16 mins 41 secs",18.93,5.71,6.79,6.43
Hannachi,Dina,3801528,dina.hannachi@etu.sorbonne-universite.fr,Finished,"1 November 2020  8:43 PM","1 November 2020  9:38 PM","54 mins 25 secs",17.50,4.29,6.79,6.43
Herman,Margot,28716768,Margot.Herman@etu.sorbonne-universite.fr,Finished,"1 November 2020  9:51 PM","1 November 2020  11:31 PM","1 hour 40 mins",15.71,5.00,4.29,6.43
"Hernandez Adan","Oriana Rafaela",3802881,oriana.hernandez_adan@etu.sorbonne-universite.fr,Finished,"31 October 2020  10:34 PM","31 October 2020  11:14 PM","39 mins 53 secs",19.64,6.07,7.14,6.43
Huang,Xinyu,3803966,xinyiu.huang@etu.sorbonne-universite.fr,Finished,"1 November 2020  11:25 AM","1 November 2020  11:42 AM","16 mins 28 secs",18.21,4.64,7.14,6.43
Huang,Junyang,2302854,junyang.huang@etu.sorbonne-universite.fr,-,-,-,-,-,-,-,-
Huant,Raphael,3709095,raphael.huant@etu.sorbonne-universite.fr,Finished,"28 October 2020  9:28 AM","28 October 2020  9:48 AM","20 mins",15.36,4.64,4.29,6.43
"Ibobi Sambila",Osee,3704090,osee.ibobi_sambila@etu.sorbonne-universite.fr,Finished,"1 November 2020  1:56 PM","1 November 2020  3:26 PM","1 hour 29 mins",19.64,6.07,7.14,6.43
Ikhlef,Nadjia,28718372,Nadjia.Ikhlef@etu.sorbonne-universite.fr,Finished,"31 October 2020  2:14 PM","31 October 2020  2:55 PM","41 mins 1 sec",16.79,4.64,5.71,6.43
Ith,Marc,3302184,marc.ith@etu.sorbonne-universite.fr,Finished,"2 November 2020  5:10 AM","2 November 2020  5:37 AM","27 mins 10 secs",18.21,4.64,7.14,6.43
Jday,Achraf,3802410,achraf.jday@etu.sorbonne-universite.fr,Finished,"1 November 2020  7:56 PM","1 November 2020  8:05 PM","9 mins 5 secs",18.57,5.71,6.43,6.43
Jebari,Firas,3802713,firas.jebari@etu.sorbonne-universite.fr,Finished,"31 October 2020  5:59 PM","31 October 2020  7:59 PM","1 hour 59 mins",10.71,4.64,1.43,4.64
Kaci-Chaouche,Omar,3521322,omar.kaci-chaouche@etu.sorbonne-universite.fr,Finished,"1 November 2020  11:35 PM","1 November 2020  11:54 PM","19 mins 47 secs",17.86,5.00,6.43,6.43
Kahil,Amine,28616887,amine.kahil@etu.sorbonne-universite.fr,Finished,"1 November 2020  7:02 PM","1 November 2020  8:08 PM","1 hour 6 mins",17.86,5.00,6.43,6.43
Kaïdouchi,Amira,3700530,amira.kaidouchi@etu.sorbonne-universite.fr,Finished,"1 November 2020  11:34 PM","2 November 2020  12:21 AM","47 mins 7 secs",18.57,5.00,7.14,6.43
Kandeepan,Mathuran,3800103,mathuran.kandeepan@etu.sorbonne-universite.fr,Finished,"27 October 2020  10:21 PM","27 October 2020  11:20 PM","58 mins 46 secs",13.93,4.64,3.21,6.07
Kassab,Mouad,3700640,mouad.kassab@etu.sorbonne-universite.fr,Finished,"2 November 2020  1:53 AM","2 November 2020  3:40 AM","1 hour 47 mins",18.21,4.64,7.14,6.43
Kasten,Harold,3805644,harold.kasten@etu.sorbonne-universite.fr,Finished,"1 November 2020  9:39 PM","1 November 2020  10:04 PM","25 mins 6 secs",18.21,5.36,6.43,6.43
Kaya,Delphine,3800099,delphine.kaya@etu.sorbonne-universite.fr,Finished,"31 October 2020  4:46 PM","31 October 2020  5:22 PM","35 mins 49 secs",16.07,6.07,4.29,5.71
Kerdouche,Nabil,3802336,nabil.kerdouche@etu.sorbonne-universite.fr,Finished,"2 November 2020  8:42 AM","2 November 2020  9:51 AM","1 hour 9 mins",18.93,6.07,6.79,6.07
Kettouche,Tinhinane,3803639,tinhinane.kettouche@etu.sorbonne-universite.fr,-,-,-,-,-,-,-,-
Khalid,Ruhma,3710442,ruhma.khalid@etu.sorbonne-universite.fr,Finished,"2 November 2020  2:05 AM","2 November 2020  2:43 AM","37 mins 47 secs",10.36,5.00,2.14,3.21
Kharbouche,Ibrahim,3671035,ibrahim.kharbouche@etu.sorbonne-universite.fr,Finished,"1 November 2020  9:50 PM","1 November 2020  10:37 PM","46 mins 12 secs",13.93,5.00,3.21,5.71
Kireche,Koceila,28717834,Koceila.Kireche@etu.sorbonne-universite.fr,Finished,"2 November 2020  5:26 AM","2 November 2020  6:35 AM","1 hour 9 mins",16.79,3.93,6.43,6.43
Kling,Paul,3670056,paul.kling@etu.sorbonne-universite.fr,Finished,"1 November 2020  9:31 PM","1 November 2020  9:54 PM","22 mins 55 secs",17.14,5.00,6.07,6.07
Komen,Dimitri,3603619,dimitri.komen@etu.sorbonne-universite.fr,Finished,"31 October 2020  6:08 PM","31 October 2020  6:25 PM","16 mins 34 secs",14.64,5.00,3.21,6.43
Kordon,Djeser,3772433,djeser.kordon@etu.sorbonne-universite.fr,Finished,"1 November 2020  12:53 PM","1 November 2020  1:19 PM","26 mins 1 sec",12.86,4.64,2.50,5.71
Koroglu,Mathis,3711799,mathis.koroglu@etu.sorbonne-universite.fr,Finished,"1 November 2020  7:00 PM","1 November 2020  8:10 PM","1 hour 10 mins",15.71,5.00,4.29,6.43
Kostadinovic,Nikola,3801695,nikola.kostadinovic@etu.sorbonne-universite.fr,Finished,"1 November 2020  5:46 PM","1 November 2020  7:05 PM","1 hour 19 mins",18.21,4.64,7.14,6.43
Krisni,Almehdi,3800519,almehdi.krisni@etu.sorbonne-universite.fr,Finished,"1 November 2020  8:16 PM","1 November 2020  8:48 PM","32 mins 32 secs",18.57,5.00,7.14,6.43
Kwonn,Simon,3709743,simon.kwonn@etu.sorbonne-universite.fr,Finished,"29 October 2020  11:19 AM","29 October 2020  11:51 AM","31 mins 33 secs",16.79,4.29,7.14,5.36
Lachemot,Cédric,3705179,cedric.lachemot@etu.sorbonne-universite.fr,Finished,"2 November 2020  12:47 AM","2 November 2020  1:18 AM","30 mins 54 secs",18.21,4.64,7.14,6.43
Lachgar,Amine,3802257,amine.lachgar@etu.sorbonne-universite.fr,Finished,"1 November 2020  11:42 PM","2 November 2020  12:26 AM","44 mins 12 secs",18.21,4.64,7.14,6.43
Lahfa,Samy,3706599,samy.lahfa@etu.sorbonne-universite.fr,Finished,"1 November 2020  9:26 PM","1 November 2020  10:20 PM","53 mins 41 secs",18.57,5.00,7.14,6.43
"Lam A",Leo,28712991,Leo.Lam_A@etu.sorbonne-universite.fr,Finished,"2 November 2020  1:01 AM","2 November 2020  1:37 AM","36 mins 32 secs",18.57,5.00,7.14,6.43
Lange,Mathilde,28504995,mathilde.lange.2@etu.sorbonne-universite.fr,Finished,"1 November 2020  5:28 PM","1 November 2020  6:54 PM","1 hour 25 mins",16.43,5.00,5.00,6.43
Langlais,Rafaël,3520624,rafael.langlais@etu.sorbonne-universite.fr,Finished,"31 October 2020  7:06 PM","31 October 2020  7:30 PM","24 mins 15 secs",15.71,4.64,5.36,5.71
Larbi,Melissa,3971141,melissa.larbi@etu.sorbonne-universite.fr,Finished,"1 November 2020  8:57 PM","1 November 2020  9:31 PM","34 mins 5 secs",17.50,4.64,6.43,6.43
Lassadi,Nassim,3707173,nassim.lassadi@etu.sorbonne-universite.fr,Finished,"2 November 2020  2:23 AM","2 November 2020  3:21 AM","57 mins 49 secs",18.21,4.64,7.14,6.43
Lay,Kenny,3801173,kenny.lay@etu.sorbonne-universite.fr,Finished,"27 October 2020  11:43 AM","27 October 2020  11:55 AM","11 mins 43 secs",14.64,5.00,3.21,6.43
Le,"Hai Nam",28613397,hai.le@etu.sorbonne-universite.fr,Finished,"26 October 2020  2:52 PM","26 October 2020  3:08 PM","16 mins 15 secs",17.14,5.00,5.71,6.43
Le,Doan,3875020,doan.le@etu.sorbonne-universite.fr,Finished,"31 October 2020  7:57 PM","31 October 2020  8:09 PM","12 mins 9 secs",13.93,4.64,3.57,5.71
Lebazda--Gauthier,Benoît,3702867,benoit.lebazda--gauthier@etu.sorbonne-universite.fr,Finished,"1 November 2020  5:44 PM","1 November 2020  6:15 PM","31 mins 10 secs",13.93,4.29,3.93,5.71
Lecocq,Yoann,3708077,yoann.lecocq@etu.sorbonne-universite.fr,Finished,"2 November 2020  3:55 AM","2 November 2020  4:02 AM","6 mins 11 secs",17.86,4.64,6.79,6.43
Lefebure,Pierre,3674815,pierre.lefebure@etu.sorbonne-universite.fr,-,-,-,-,-,-,-,-
Lefevre,Manon,3800422,manon.lefevre@etu.sorbonne-universite.fr,Finished,"31 October 2020  4:46 PM","31 October 2020  5:22 PM","35 mins 48 secs",16.07,6.07,4.29,5.71
Lemaitre,Alexandre,3876023,alexandre.lemaitre@etu.sorbonne-universite.fr,-,-,-,-,-,-,-,-
Li,Ziyou,3802432,ziyou.li@etu.sorbonne-universite.fr,-,-,-,-,-,-,-,-
Lifsal,Loubna,3309154,loubna.lifsal@etu.sorbonne-universite.fr,Finished,"2 November 2020  10:12 AM","2 November 2020  10:44 AM","32 mins 9 secs",6.43,-,-,6.43
Lin,Daniel,3700421,daniel.lin@etu.sorbonne-universite.fr,Finished,"31 October 2020  12:14 PM","31 October 2020  12:52 PM","37 mins 56 secs",11.43,4.29,2.14,5.00
Loi,Alessia,3971668,alessia.loi@etu.sorbonne-universite.fr,Finished,"2 November 2020  12:31 AM","2 November 2020  1:38 AM","1 hour 6 mins",19.64,6.07,7.14,6.43
Lu,Raymond,3700479,raymond.lu@etu.sorbonne-universite.fr,Finished,"1 November 2020  7:28 PM","1 November 2020  7:51 PM","22 mins 49 secs",18.21,4.64,7.14,6.43
Lu,Alexandra,3700615,alexandra.lu@etu.sorbonne-universite.fr,Finished,"1 November 2020  8:58 PM","1 November 2020  10:44 PM","1 hour 45 mins",18.57,5.00,7.14,6.43
Ly,Sylvie,3522190,sylvie.ly@etu.sorbonne-universite.fr,Finished,"2 November 2020  12:13 AM","2 November 2020  12:30 AM","17 mins 4 secs",18.57,5.71,6.43,6.43
M'Barek,Heikel,3201218,heikel.mbarek@etu.sorbonne-universite.fr,Finished,"2 November 2020  12:41 AM","2 November 2020  1:18 AM","36 mins 42 secs",13.57,5.00,2.86,5.71
Maafa,Zin,3803950,zin.maafa@etu.sorbonne-universite.fr,Finished,"2 November 2020  9:49 AM","2 November 2020  9:58 AM","9 mins 1 sec",19.64,6.07,7.14,6.43
"Mahad Ismail",Roukia,3874897,roukia.mahad-ismail@etu.sorbonne-universite.fr,Finished,"31 October 2020  7:54 PM","31 October 2020  9:03 PM","1 hour 8 mins",14.64,6.43,2.86,5.36
Manimtim,Alexandre,3407834,alexandre.manimtim@etu.sorbonne-universite.fr,-,-,-,-,-,-,-,-
Mariller,Vincent,3700041,vincent.mariller@etu.sorbonne-universite.fr,Finished,"1 November 2020  5:49 PM","1 November 2020  7:07 PM","1 hour 18 mins",18.21,4.64,7.14,6.43
Marzougui,Syrine,3803611,syrine.marzougui@etu.sorbonne-universite.fr,Finished,"2 November 2020  9:25 AM","2 November 2020  10:22 AM","56 mins 19 secs",19.64,6.07,7.14,6.43
Maurel,Perrine,28502791,perrine.maurel.2@etu.sorbonne-universite.fr,Finished,"1 November 2020  5:48 PM","1 November 2020  6:44 PM","55 mins 37 secs",18.21,4.64,7.14,6.43
Mehdi,Sarah,3971165,sarah.mehdi.1@etu.sorbonne-universite.fr,Finished,"1 November 2020  10:53 PM","1 November 2020  11:14 PM","20 mins 22 secs",18.21,4.64,7.14,6.43
Mellul,Yona,3800646,yona.mellul@etu.sorbonne-universite.fr,-,-,-,-,-,-,-,-
Mendas,Rosa,3802558,rosa.mendas@etu.sorbonne-universite.fr,Finished,"2 November 2020  12:32 AM","2 November 2020  2:17 AM","1 hour 44 mins",19.64,6.07,7.14,6.43
Mendes,Hugo,3670527,hugo.mendes@etu.sorbonne-universite.fr,Finished,"1 November 2020  10:37 PM","1 November 2020  10:41 PM","3 mins 19 secs",18.21,4.64,7.14,6.43
Merle-Remond,Julian,3700191,julian.merle-remond@etu.sorbonne-universite.fr,Finished,"26 October 2020  10:01 PM","26 October 2020  10:54 PM","53 mins 46 secs",17.50,5.00,7.14,5.36
Merzouk,Kenza,3803468,kenza.merzouk@etu.sorbonne-universite.fr,Finished,"2 November 2020  5:29 AM","2 November 2020  6:49 AM","1 hour 20 mins",18.93,5.36,7.14,6.43
Meziane,Mohamed,3802500,mohamed.meziane@etu.sorbonne-universite.fr,Finished,"2 November 2020  10:18 AM","2 November 2020  10:34 AM","16 mins 33 secs",19.64,6.07,7.14,6.43
Mistry,Manishkumar,3671086,manishkumar.mistry@etu.sorbonne-universite.fr,Finished,"1 November 2020  6:13 PM","1 November 2020  8:00 PM","1 hour 47 mins",19.29,5.71,7.14,6.43
Mistry,Darshan,3670280,darshan.mistry@etu.sorbonne-universite.fr,Finished,"1 November 2020  6:30 PM","1 November 2020  7:20 PM","50 mins 3 secs",18.21,4.64,7.14,6.43
Mohammedi,Vanessa,3671439,vanessa.mohammedi@etu.sorbonne-universite.fr,Finished,"1 November 2020  10:38 PM","2 November 2020  12:02 AM","1 hour 23 mins",12.86,4.29,2.86,5.71
Mohellebi,Melissa,3971070,melissa.mohellebi@etu.sorbonne-universite.fr,Finished,"2 November 2020  8:12 AM","2 November 2020  9:43 AM","1 hour 30 mins",19.64,6.07,7.14,6.43
Monnereau,Irena,3670050,irena.monnereau@etu.sorbonne-universite.fr,Finished,"31 October 2020  11:04 PM","31 October 2020  11:27 PM","23 mins 26 secs",17.86,5.00,7.14,5.71
Moreau,Léonard,3800364,leonard.moreau@etu.sorbonne-universite.fr,Finished,"1 November 2020  9:24 PM","1 November 2020  9:36 PM","12 mins 30 secs",18.21,4.64,7.14,6.43
Mosgoreanu,"Alexandru Zaharia",28717021,Alexandru_Zaharia.Mosgoreanu@etu.sorbonne-universite.fr,Finished,"1 November 2020  11:11 PM","1 November 2020  11:20 PM","8 mins 12 secs",15.00,5.00,4.29,5.71
Moulouel,Myriem,3802291,myriem.moulouel@etu.sorbonne-universite.fr,Finished,"2 November 2020  1:37 AM","2 November 2020  2:21 AM","44 mins 38 secs",16.07,5.36,4.29,6.43
Moyet,Candice,3801474,candice.moyet@etu.sorbonne-universite.fr,Finished,"30 October 2020  5:16 PM","30 October 2020  6:11 PM","54 mins 37 secs",13.21,5.00,2.50,5.71
Nam,Maxime,3301246,maxime.nam@etu.sorbonne-universite.fr,Finished,"1 November 2020  8:20 PM","1 November 2020  8:52 PM","32 mins 58 secs",18.21,4.64,7.14,6.43
Naumenko,Polina,3521154,polina.naumenko@etu.sorbonne-universite.fr,Finished,"2 November 2020  9:12 AM","2 November 2020  9:57 AM","45 mins 31 secs",16.43,5.36,4.64,6.43
Ngamy,Gianni-Alessandro,3703993,gianni-alessandro.ngamy@etu.sorbonne-universite.fr,Finished,"1 November 2020  3:44 PM","1 November 2020  4:07 PM","23 mins 16 secs",15.71,5.00,4.29,6.43
Nguyen,"Minh Anh",3802621,minh.nguyen.6@etu.sorbonne-universite.fr,Finished,"1 November 2020  6:16 PM","1 November 2020  6:56 PM","40 mins 5 secs",13.93,5.00,4.29,4.64
Niang,Fallou,3803961,fallou.niang@etu.sorbonne-universite.fr,Finished,"2 November 2020  10:38 AM","2 November 2020  10:45 AM","6 mins 16 secs",11.79,6.07,5.71,-
"Normand De La Tranchade",François,3671913,francois.normand_de_la_tranchade@etu.sorbonne-universite.fr,Finished,"2 November 2020  9:25 AM","2 November 2020  9:53 AM","27 mins 18 secs",12.14,4.64,1.79,5.71
Oses,Jean-Baptiste,3700565,jean-baptiste.oses@etu.sorbonne-universite.fr,Finished,"2 November 2020  1:11 AM","2 November 2020  1:59 AM","48 mins",13.21,5.00,3.57,4.64
Oudjani,Yasmine,3803009,yasmine.oudjani@etu.sorbonne-universite.fr,Finished,"1 November 2020  11:48 PM","2 November 2020  12:08 AM","20 mins 6 secs",19.64,6.07,7.14,6.43
Pareau,Mathilde,3800446,mathilde.pareau@etu.sorbonne-universite.fr,Finished,"30 October 2020  4:17 PM","30 October 2020  4:56 PM","39 mins 33 secs",15.00,5.36,3.21,6.43
Parichault,Antoine,3803454,antoine.parichault@etu.sorbonne-universite.fr,Finished,"2 November 2020  12:30 AM","2 November 2020  12:38 AM","8 mins 50 secs",13.57,5.00,2.86,5.71
Pironin,Julie,3802614,julie.pironin@etu.sorbonne-universite.fr,Finished,"2 November 2020  9:59 AM","2 November 2020  10:44 AM","44 mins 54 secs",17.14,4.64,6.07,6.43
Polit,Titouan,3800511,titouan.polit@etu.sorbonne-universite.fr,Finished,"27 October 2020  3:36 PM","27 October 2020  4:25 PM","49 mins 5 secs",17.14,5.00,5.71,6.43
Popescu,"Diana Elena",28717024,Diana_Elena.Popescu@etu.sorbonne-universite.fr,Finished,"1 November 2020  7:10 PM","1 November 2020  7:58 PM","47 mins 19 secs",13.93,4.64,2.86,6.43
Poulain,Claire,3679357,claire.poulain@etu.sorbonne-universite.fr,Finished,"1 November 2020  9:45 PM","1 November 2020  9:53 PM","8 mins 20 secs",18.21,4.64,7.14,6.43
Prostakov,Andrey,3802515,andrey.prostakov@etu.sorbonne-universite.fr,Finished,"2 November 2020  9:04 AM","2 November 2020  9:41 AM","36 mins 27 secs",19.64,6.07,7.14,6.43
Quest,Alexis,3703346,alexis.quest@etu.sorbonne-universite.fr,Finished,"1 November 2020  2:12 PM","1 November 2020  2:29 PM","17 mins 17 secs",17.86,6.07,6.43,5.36
Queuvin,Thomas,3700185,thomas.queuvin@etu.sorbonne-universite.fr,-,-,-,-,-,-,-,-
Rapaport,Solal,3711387,solal.rapaport@etu.sorbonne-universite.fr,Finished,"1 November 2020  9:00 PM","1 November 2020  9:11 PM","11 mins 27 secs",18.21,4.64,7.14,6.43
Rayon-Richter,Malou,3708307,malou.rayon-richter@etu.sorbonne-universite.fr,Finished,"2 November 2020  9:29 AM","2 November 2020  9:38 AM","8 mins 43 secs",13.57,4.64,3.21,5.71
Rebai,Sofiane,3674205,sofiane.rebai@etu.sorbonne-universite.fr,-,-,-,-,-,-,-,-
"Riffaud De Turckheim",Hugo,3800256,hugo.riffaud_de_turckheim@etu.sorbonne-universite.fr,Finished,"1 November 2020  3:06 PM","1 November 2020  3:50 PM","44 mins",13.21,5.00,3.21,5.00
Roch,Stuart,3309168,stuart.roch@etu.sorbonne-universite.fr,Finished,"1 November 2020  3:44 PM","1 November 2020  4:07 PM","23 mins 13 secs",15.71,5.00,4.29,6.43
Roqui,David,3873784,david.roqui@etu.sorbonne-universite.fr,Finished,"1 November 2020  5:14 PM","1 November 2020  5:48 PM","33 mins 26 secs",13.21,5.00,2.50,5.71
Rossi,Johan-Luca,3872354,johan-luca.rossi@etu.sorbonne-universite.fr,Finished,"2 November 2020  8:49 AM","2 November 2020  10:03 AM","1 hour 14 mins",18.21,4.64,7.14,6.43
Rouba,Islam,3802420,islam.rouba@etu.sorbonne-universite.fr,Finished,"2 November 2020  8:59 AM","2 November 2020  9:35 AM","36 mins 37 secs",19.64,6.07,7.14,6.43
Rzeszutko,Kamil,2800282,kamil.rzeszutko@etu.sorbonne-universite.fr,Finished,"2 November 2020  8:59 AM","2 November 2020  10:45 AM","1 hour 45 mins",12.86,5.00,2.50,5.36
Sabatino,Francesco,3811132,francesco.sabatino@etu.sorbonne-universite.fr,Finished,"1 November 2020  6:21 PM","1 November 2020  7:29 PM","1 hour 8 mins",18.21,4.64,7.14,6.43
Saber,Hakim,3415762,hakim.saber@etu.sorbonne-universite.fr,Finished,"1 November 2020  10:43 PM","1 November 2020  11:12 PM","28 mins 58 secs",11.79,4.64,3.21,3.93
Saichi,Lina,3803151,lina.saichi@etu.sorbonne-universite.fr,Finished,"2 November 2020  8:51 AM","2 November 2020  10:17 AM","1 hour 25 mins",18.93,6.07,6.43,6.43
Salfati,Elisa,3800104,elisa.salfati@etu.sorbonne-universite.fr,Finished,"2 November 2020  2:12 AM","2 November 2020  2:57 AM","45 mins",14.29,5.00,3.57,5.71
Sameur,Samir,3872902,samir.sameur@etu.sorbonne-universite.fr,-,-,-,-,-,-,-,-
Seang,Chea-Jimmy,3703893,chea-jimmy.seang@etu.sorbonne-universite.fr,Finished,"26 October 2020  10:01 PM","26 October 2020  10:54 PM","53 mins 46 secs",17.50,5.00,7.14,5.36
Selliah,Sarujen,3701184,sarujen.selliah@etu.sorbonne-universite.fr,Finished,"1 November 2020  4:41 PM","1 November 2020  4:59 PM","18 mins 20 secs",17.86,5.00,7.14,5.71
Sennour,"Mohammed Wail",28616082,mohammed.sennour@etu.sorbonne-universite.fr,Finished,"1 November 2020  11:46 PM","2 November 2020  12:29 AM","43 mins 8 secs",18.21,4.64,7.14,6.43
Senyuz,"Miray Suzan",3802805,miray.senyuz@etu.sorbonne-universite.fr,Finished,"1 November 2020  11:36 PM","2 November 2020  12:11 AM","35 mins 10 secs",14.29,4.64,3.21,6.43
Serraf,Dan,3971120,dan.serraf@etu.sorbonne-universite.fr,Finished,"1 November 2020  9:52 PM","1 November 2020  11:02 PM","1 hour 10 mins",16.79,6.07,4.29,6.43
Sidia,Amir,3670888,amir.sidia@etu.sorbonne-universite.fr,Finished,"2 November 2020  2:20 AM","2 November 2020  3:25 AM","1 hour 5 mins",18.21,4.64,7.14,6.43
Simion,Mathys,28705217,Mathys.Simion@etu.sorbonne-universite.fr,-,-,-,-,-,-,-,-
Slimani,Hiba,3703036,hiba.slimani@etu.sorbonne-universite.fr,Finished,"2 November 2020  5:23 AM","2 November 2020  5:35 AM","12 mins 4 secs",0.00,0.00,-,-
Song,Yifei,3970712,yifei.song@etu.sorbonne-universite.fr,Finished,"1 November 2020  10:27 AM","1 November 2020  11:30 AM","1 hour 3 mins",18.21,4.64,7.14,6.43
Soulignadeth,Willy,3800002,willy.soulignadeth@etu.sorbonne-universite.fr,Finished,"31 October 2020  11:04 PM","31 October 2020  11:26 PM","22 mins 42 secs",17.86,5.00,7.14,5.71
Soutil,Aurélien,3700451,aurelien.soutil@etu.sorbonne-universite.fr,Finished,"26 October 2020  3:04 PM","26 October 2020  3:09 PM","4 mins 42 secs",12.14,4.64,2.50,5.00
Sow,Fatou,28503374,fatou.sow.2@etu.sorbonne-universite.fr,Finished,"1 November 2020  8:05 PM","1 November 2020  9:23 PM","1 hour 18 mins",16.43,5.00,5.00,6.43
Suhana,Satria,3800274,satria.suhana@etu.sorbonne-universite.fr,Finished,"1 November 2020  9:19 PM","1 November 2020  9:45 PM","25 mins 52 secs",15.71,5.00,4.29,6.43
Sy,"Virak Bot Baramy",3407325,virak.sy@etu.sorbonne-universite.fr,Finished,"1 November 2020  9:17 PM","1 November 2020  9:34 PM","17 mins 10 secs",18.21,4.64,7.14,6.43
Szczerba,Kamil,28614283,kamil.szczerba@etu.sorbonne-universite.fr,Finished,"26 October 2020  5:52 PM","26 October 2020  6:51 PM","59 mins 8 secs",19.64,6.07,7.14,6.43
Taleb,Rida,3804264,rida.taleb@etu.sorbonne-universite.fr,Finished,"1 November 2020  9:06 PM","1 November 2020  9:13 PM","6 mins 29 secs",18.57,5.71,6.43,6.43
Tang,Christophe,3802892,christophe.tang@etu.sorbonne-universite.fr,Finished,"2 November 2020  12:43 AM","2 November 2020  1:37 AM","53 mins 43 secs",17.50,4.64,6.43,6.43
Tat,Jonathan,3874133,jonathan.tat@etu.sorbonne-universite.fr,Finished,"2 November 2020  4:12 AM","2 November 2020  4:19 AM","6 mins 52 secs",18.57,5.00,7.14,6.43
Tchen,Clement,3703339,clement.tchen@etu.sorbonne-universite.fr,Finished,"2 November 2020  8:34 AM","2 November 2020  10:23 AM","1 hour 49 mins",14.64,4.64,4.29,5.71
Thelineau,Jeremy,3200147,jeremy.thelineau@etu.sorbonne-universite.fr,-,-,-,-,-,-,-,-
Theodosiou,Michalis,3151223,michalis.theodosiou@etu.sorbonne-universite.fr,-,-,-,-,-,-,-,-
Theret,Ingrid,3201608,ingrid.theret@etu.sorbonne-universite.fr,Finished,"1 November 2020  3:42 PM","1 November 2020  4:35 PM","52 mins 52 secs",15.71,5.00,4.29,6.43
Thiam,Mohamed,3672502,mohamed.thiam@etu.sorbonne-universite.fr,Finished,"1 November 2020  6:39 PM","1 November 2020  7:38 PM","58 mins 30 secs",13.21,4.64,2.86,5.71
Thurairajah,Shaithan,3802984,shaithan.thurairajah@etu.sorbonne-universite.fr,Finished,"1 November 2020  9:47 PM","1 November 2020  11:38 PM","1 hour 50 mins",19.64,6.07,7.14,6.43
Tibi,Gad,3801996,gad.tibi@etu.sorbonne-universite.fr,Finished,"2 November 2020  3:21 AM","2 November 2020  3:54 AM","32 mins 56 secs",16.43,6.07,4.29,6.07
Toullalan,Antoine,3706648,antoine.toullalan@etu.sorbonne-universite.fr,Finished,"29 October 2020  8:18 PM","29 October 2020  9:00 PM","42 mins",13.93,5.00,2.50,6.43
Tran,Kevin,3700914,kevin.tran@etu.sorbonne-universite.fr,Finished,"1 November 2020  10:10 PM","1 November 2020  11:08 PM","58 mins 4 secs",19.64,6.07,7.14,6.43
Traore,Khadidja,3800559,khadidja.traore@etu.sorbonne-universite.fr,Finished,"2 November 2020  10:31 AM","2 November 2020  10:43 AM","11 mins 35 secs",13.21,4.29,3.21,5.71
Trouve,Alex,3700052,alex.trouve@etu.sorbonne-universite.fr,Finished,"1 November 2020  5:47 PM","1 November 2020  7:08 PM","1 hour 21 mins",18.21,4.64,7.14,6.43
Ung,Thierry,3804472,thierry.ung@etu.sorbonne-universite.fr,Finished,"1 November 2020  9:55 PM","1 November 2020  10:15 PM","20 mins 1 sec",18.21,4.64,7.14,6.43
"Van Remoortere",Pierre,28007865,pierre.van_remoortere.1@etu.sorbonne-universite.fr,Finished,"30 October 2020  3:06 PM","30 October 2020  3:28 PM","21 mins 46 secs",13.93,5.71,2.50,5.71
Vang,Danny,3670334,danny.vang@etu.sorbonne-universite.fr,Finished,"31 October 2020  7:05 PM","31 October 2020  7:16 PM","11 mins 41 secs",17.14,4.29,7.14,5.71
Vanrycke,Loann,3811248,loann.vanrycke@etu.sorbonne-universite.fr,Finished,"1 November 2020  1:44 PM","1 November 2020  3:30 PM","1 hour 46 mins",13.21,4.64,2.86,5.71
Villard,Lorenzo,3801327,lorenzo.villard@etu.sorbonne-universite.fr,-,-,-,-,-,-,-,-
Xu,Jin,3700044,jin.xu@etu.sorbonne-universite.fr,Finished,"1 November 2020  5:26 PM","1 November 2020  5:50 PM","24 mins 48 secs",13.57,5.00,2.86,5.71
Yalcin,Mehmet,3702332,mehmet.yalcin@etu.sorbonne-universite.fr,Finished,"2 November 2020  8:24 AM","2 November 2020  8:48 AM","24 mins 5 secs",18.21,4.64,7.14,6.43
Yang,Qing,3872484,qing.yang@etu.sorbonne-universite.fr,-,-,-,-,-,-,-,-
Yao,Qingyuan,3970770,qingyuan.yao@etu.sorbonne-universite.fr,Finished,"2 November 2020  12:25 AM","2 November 2020  12:43 AM","17 mins 54 secs",15.00,5.00,4.29,5.71
Ye,William,3413637,william.ye@etu.sorbonne-universite.fr,Finished,"1 November 2020  9:17 PM","1 November 2020  10:13 PM","55 mins 27 secs",19.29,6.07,6.79,6.43
Zerrouki,Elies,3802658,elies.zerrouki@etu.sorbonne-universite.fr,Finished,"2 November 2020  8:57 AM","2 November 2020  10:00 AM","1 hour 3 mins",19.64,6.07,7.14,6.43
Zhang,Kevin,3520893,kevin.zhang@etu.sorbonne-universite.fr,Finished,"1 November 2020  10:10 PM","1 November 2020  11:07 PM","57 mins 10 secs",18.93,5.36,7.14,6.43
Zhang,Kate,3800131,kate.zhang@etu.sorbonne-universite.fr,Finished,"31 October 2020  2:29 PM","31 October 2020  3:04 PM","34 mins 29 secs",18.93,6.07,6.43,6.43
Zhang,Eric,3800297,eric.zhang@etu.sorbonne-universite.fr,Finished,"31 October 2020  2:21 PM","31 October 2020  3:04 PM","42 mins 55 secs",18.93,6.07,6.43,6.43
Zhao,Cong,2351624,cong.zhao@etu.sorbonne-universite.fr,Finished,"1 November 2020  9:49 PM","1 November 2020  10:20 PM","31 mins 33 secs",13.57,4.29,4.29,5.00
Zheng,Luc,3710230,luc.zheng@etu.sorbonne-universite.fr,Finished,"2 November 2020  9:02 AM","2 November 2020  10:25 AM","1 hour 23 mins",14.64,5.00,4.29,5.36
Zhou,Jean-Marc,28008879,jean-marc.zhou@etu.sorbonne-universite.fr,Finished,"1 November 2020  7:22 PM","1 November 2020  8:01 PM","38 mins 44 secs",14.64,5.36,3.21,6.07
Ziegler,Clara,3709947,clara.ziegler@etu.sorbonne-universite.fr,Finished,"31 October 2020  10:07 AM","31 October 2020  10:43 AM","35 mins 53 secs",14.64,5.71,3.21,5.71
Zinopoulos-Yannopoulos,Florian,3708962,florian.zinopoulos-yannopoulos@etu.sorbonne-universite.fr,Finished,"1 November 2020  3:20 PM","1 November 2020  3:50 PM","29 mins 59 secs",18.21,6.07,6.43,5.71
"Zou Al Guyna",Louai,3680880,louai.zou_al_guyna@etu.sorbonne-universite.fr,Finished,"2 November 2020  2:51 AM","2 November 2020  3:05 AM","13 mins 40 secs",14.64,5.00,3.21,6.43
"Overall average",,,,,,,,16.51,5.07,5.41,6.03
