﻿Surname,"First name","ID number","Email address",State,"Started on",Completed,"Time taken",Grade/20.00,"Q. 1 /1.00","Q. 2 /1.00","Q. 3 /1.00","Q. 4 /1.00","Q. 5 /1.00","Q. 6 /1.00","Q. 7 /14.00"
Aallam,Mohamed,3802135,mohamed.aallam@etu.sorbonne-universite.fr,Finished,"14 December 2020  1:38 AM","14 December 2020  1:45 AM","7 mins 1 sec",19.00,1.00,1.00,1.00,1.00,0.00,1.00,14.00
Abdalaziz,"Youssef Alaa Elsayye",3803619,youssef.abdalaziz@etu.sorbonne-universite.fr,Finished,"12 December 2020  5:42 PM","12 December 2020  6:45 PM","1 hour 2 mins",13.65,1.00,1.00,1.00,1.00,0.00,1.00,8.65
Abdalaziz,"Youssef Alaa Elsayye",3803619,youssef.abdalaziz@etu.sorbonne-universite.fr,Finished,"14 December 2020  8:02 PM","14 December 2020  8:14 PM","12 mins 15 secs",19.00,1.00,1.00,1.00,1.00,0.00,1.00,14.00
Abderrahmen,"Mohamed Aziz",3802009,mohamed.abderrahmen@etu.sorbonne-universite.fr,Finished,"14 December 2020  7:56 AM","14 December 2020  9:49 AM","1 hour 52 mins",11.59,1.00,1.00,1.00,1.00,1.00,0.00,6.59
Abitbol,Yossef,3804139,yossef.abitbol@etu.sorbonne-universite.fr,Finished,"13 December 2020  11:03 PM","14 December 2020  12:40 AM","1 hour 37 mins",19.00,1.00,1.00,1.00,1.00,0.00,1.00,14.00
Ajuelos,Emmanuel,3800432,emmanuel.ajuelos@etu.sorbonne-universite.fr,Finished,"11 December 2020  12:39 PM","11 December 2020  1:24 PM","45 mins 12 secs",13.65,1.00,1.00,1.00,1.00,1.00,0.00,8.65
"Al- Jawhi",Abdullah,28625228,abdullah.al_jawhi@etu.sorbonne-universite.fr,-,-,-,-,-,-,-,-,-,-,-,-
Ammour,Amine,3876256,amine.ammour@etu.sorbonne-universite.fr,Finished,"13 December 2020  7:17 PM","13 December 2020  8:14 PM","56 mins 47 secs",17.00,1.00,0.00,1.00,0.00,0.00,1.00,14.00
Anki-Zuccarello,Kenza,3800473,kenza.anki-zuccarello@etu.sorbonne-universite.fr,-,-,-,-,-,-,-,-,-,-,-,-
Anki-Zuccarello,Kenza,28502318,kenza.anki.1@etu.sorbonne-universite.fr,Finished,"13 December 2020  2:54 PM","13 December 2020  4:23 PM","1 hour 29 mins",20.00,1.00,1.00,1.00,1.00,1.00,1.00,14.00
Aral,Arda,3702388,arda.aral@etu.sorbonne-universite.fr,Finished,"14 December 2020  9:21 AM","14 December 2020  10:24 AM","1 hour 3 mins",8.29,1.00,1.00,1.00,1.00,1.00,0.00,3.29
Arichandra,Santhos,3802651,santhos.arichandra@etu.sorbonne-universite.fr,Finished,"13 December 2020  9:01 PM","13 December 2020  9:05 PM","3 mins 54 secs",18.59,1.00,1.00,1.00,1.00,0.00,1.00,13.59
Armenoult,Ludovic,3416871,ludovic.armenoult@etu.sorbonne-universite.fr,Finished,"10 December 2020  4:47 PM","10 December 2020  6:04 PM","1 hour 17 mins",17.35,1.00,1.00,1.00,1.00,1.00,0.00,12.35
Arrous,Clement,3671634,clement.arrous@etu.sorbonne-universite.fr,Finished,"14 December 2020  12:07 AM","14 December 2020  12:12 AM","4 mins 37 secs",19.59,1.00,1.00,1.00,1.00,1.00,1.00,13.59
Audoux,Marion,3700108,marion.audoux@etu.sorbonne-universite.fr,Finished,"10 December 2020  4:47 PM","10 December 2020  6:04 PM","1 hour 16 mins",17.35,1.00,1.00,1.00,1.00,1.00,0.00,12.35
Audras,Antoine,3410283,antoine.audras@etu.sorbonne-universite.fr,Finished,"13 December 2020  10:16 PM","13 December 2020  11:07 PM","51 mins 52 secs",16.59,1.00,0.00,1.00,0.00,0.00,1.00,13.59
Ayadi,Anis,3802501,anis.ayadi@etu.sorbonne-universite.fr,Finished,"14 December 2020  3:01 AM","14 December 2020  3:42 AM","41 mins 14 secs",19.00,1.00,1.00,1.00,1.00,0.00,1.00,14.00
Azar,Jane,3803112,jane.azar@etu.sorbonne-universite.fr,Finished,"13 December 2020  11:45 PM","13 December 2020  11:51 PM","5 mins 24 secs",20.00,1.00,1.00,1.00,1.00,1.00,1.00,14.00
Azoui,Rayane,28710978,Rayane.Azoui@etu.sorbonne-universite.fr,Finished,"13 December 2020  10:29 AM","13 December 2020  11:28 AM","59 mins 4 secs",18.59,1.00,1.00,1.00,1.00,1.00,0.00,13.59
Badriouiche,Mohamed,3701404,mohamed.badriouiche@etu.sorbonne-universite.fr,Finished,"14 December 2020  2:35 AM","14 December 2020  2:45 AM","10 mins 1 sec",19.00,1.00,1.00,1.00,1.00,0.00,1.00,14.00
Baker,Thomas,3700144,thomas.baker@etu.sorbonne-universite.fr,Finished,"14 December 2020  12:26 AM","14 December 2020  1:37 AM","1 hour 11 mins",19.59,1.00,1.00,1.00,1.00,1.00,1.00,13.59
Baraket,Msalem,3804929,msalem.baraket@etu.sorbonne-universite.fr,Finished,"13 December 2020  11:19 PM","14 December 2020  12:55 AM","1 hour 36 mins",19.00,1.00,1.00,1.00,1.00,0.00,1.00,14.00
Barbier,Marie,3802734,marie.barbier.1@etu.sorbonne-universite.fr,Finished,"13 December 2020  10:27 PM","13 December 2020  11:17 PM","50 mins 2 secs",17.00,1.00,0.00,1.00,0.00,1.00,0.00,14.00
Belazouz,Bourhan-Eddine,3208353,bourhan-eddine.belazouz@etu.sorbonne-universite.fr,Finished,"13 December 2020  10:05 PM","14 December 2020  12:05 AM","2 hours",20.00,1.00,1.00,1.00,1.00,1.00,1.00,14.00
Bellut,Quentin,3710439,quentin.bellut@etu.sorbonne-universite.fr,Finished,"14 December 2020  3:29 AM","14 December 2020  4:38 AM","1 hour 8 mins",6.12,0.00,1.00,0.00,1.00,0.00,0.00,4.12
"Ben Attar",Ethan,3670543,ethan.ben_attar@etu.sorbonne-universite.fr,Finished,"13 December 2020  12:47 PM","13 December 2020  1:08 PM","20 mins 57 secs",14.06,1.00,1.00,1.00,1.00,0.00,1.00,9.06
Benabdallah,Ali,3806311,ali.benabdallah@etu.sorbonne-universite.fr,Finished,"13 December 2020  4:33 PM","13 December 2020  4:58 PM","24 mins 25 secs",19.00,1.00,1.00,1.00,1.00,0.00,1.00,14.00
Bencherif,Nabil,3710493,nabil.bencherif@etu.sorbonne-universite.fr,Finished,"13 December 2020  11:02 PM","13 December 2020  11:41 PM","38 mins 58 secs",20.00,1.00,1.00,1.00,1.00,1.00,1.00,14.00
Benjamin-Jeyaseelan,"Benjamin Julius",3671340,benjamin.benjamin-jeyaseelan@etu.sorbonne-universite.fr,Finished,"14 December 2020  12:46 AM","14 December 2020  12:55 AM","8 mins 29 secs",19.00,1.00,1.00,1.00,1.00,0.00,1.00,14.00
Bensafia,"Chems Eddine",28717430,Chems_Eddine.Bensafia@etu.sorbonne-universite.fr,Finished,"13 December 2020  10:57 PM","13 December 2020  11:53 PM","56 mins 15 secs",20.00,1.00,1.00,1.00,1.00,1.00,1.00,14.00
Benyahia,Sami,3677177,sami.benyahia@etu.sorbonne-universite.fr,-,-,-,-,-,-,-,-,-,-,-,-
Bernier,Téo,3670574,teo.bernier@etu.sorbonne-universite.fr,-,-,-,-,-,-,-,-,-,-,-,-
Bettahar,"Mohamed El Amine",28616068,mohamed.bettahar@etu.sorbonne-universite.fr,Finished,"14 December 2020  8:02 AM","14 December 2020  9:54 AM","1 hour 52 mins",19.00,1.00,1.00,1.00,1.00,0.00,1.00,14.00
Boubrik,Ihsane,3670795,ihsane.boubrik@etu.sorbonne-universite.fr,Finished,"13 December 2020  1:14 PM","13 December 2020  1:28 PM","13 mins 39 secs",19.00,1.00,1.00,1.00,1.00,1.00,0.00,14.00
Boudarene,Samy,3801935,samy.boudarene@etu.sorbonne-universite.fr,Finished,"14 December 2020  7:41 PM","14 December 2020  9:22 PM","1 hour 41 mins",18.59,1.00,1.00,1.00,1.00,0.00,1.00,13.59
Bougherara,Adan,3680559,adan.bougherara@etu.sorbonne-universite.fr,Finished,"8 December 2020  2:17 PM","8 December 2020  3:24 PM","1 hour 6 mins",16.12,1.00,1.00,1.00,1.00,1.00,0.00,11.12
Bourekh,Zidane,3677063,zidane.bourekh@etu.sorbonne-universite.fr,-,-,-,-,-,-,-,-,-,-,-,-
Bourlette,Lucas,3672216,lucas.bourlette@etu.sorbonne-universite.fr,Finished,"11 December 2020  7:39 PM","11 December 2020  7:44 PM","5 mins 7 secs",20.00,1.00,1.00,1.00,1.00,1.00,1.00,14.00
Bourmault,Adrien,3677850,adrien.bourmault@etu.sorbonne-universite.fr,"Never submitted","10 December 2020  9:37 PM",-,-,-,-,-,-,-,-,-,-
Bouyoucef,Assirem,3971113,assirem.bouyoucef@etu.sorbonne-universite.fr,Finished,"14 December 2020  8:45 AM","14 December 2020  8:57 AM","11 mins 45 secs",19.00,1.00,1.00,1.00,1.00,0.00,1.00,14.00
Bouzouaoui,Anes,28616582,anes.bouzouaoui@etu.sorbonne-universite.fr,Finished,"14 December 2020  10:31 AM","14 December 2020  10:43 AM","12 mins 19 secs",19.00,1.00,1.00,1.00,1.00,0.00,1.00,14.00
Boyadjiev,Todor,28507548,todor.boyadjiev.2@etu.sorbonne-universite.fr,Finished,"14 December 2020  10:13 AM","14 December 2020  10:43 AM","29 mins 29 secs",11.18,1.00,1.00,1.00,1.00,1.00,0.00,6.18
Brasseur,Gaëtan,3802696,gaetan.brasseur@etu.sorbonne-universite.fr,-,-,-,-,-,-,-,-,-,-,-,-
Brihmouche,Yacine,28717951,Yacine.Brihmouche@etu.sorbonne-universite.fr,Finished,"14 December 2020  1:39 AM","14 December 2020  2:46 AM","1 hour 7 mins",20.00,1.00,1.00,1.00,1.00,1.00,1.00,14.00
Buisson,Marc,28614429,marc.buisson@etu.sorbonne-universite.fr,"Never submitted","14 December 2020  9:07 AM",-,-,-,-,-,-,-,-,-,-
Canitrot,Julien,3803521,julien.canitrot@etu.sorbonne-universite.fr,Finished,"13 December 2020  9:05 PM","13 December 2020  10:55 PM","1 hour 49 mins",19.00,1.00,1.00,1.00,1.00,1.00,0.00,14.00
Carton,Lorris,3521310,lorris.carton@etu.sorbonne-universite.fr,-,-,-,-,-,-,-,-,-,-,-,-
Carvalho,Lorenzo,3700288,lorenzo.carvalho@etu.sorbonne-universite.fr,"Never submitted","11 December 2020  5:36 PM",-,-,-,-,-,-,-,-,-,-
Cassan,Jules,3810883,jules.cassan@etu.sorbonne-universite.fr,Finished,"8 December 2020  2:18 PM","8 December 2020  3:24 PM","1 hour 6 mins",16.12,1.00,1.00,1.00,1.00,1.00,0.00,11.12
Chafai,Tinhinane,3802927,tinhinane.chafai@etu.sorbonne-universite.fr,Finished,"14 December 2020  8:53 AM","14 December 2020  9:08 AM","14 mins 57 secs",20.00,1.00,1.00,1.00,1.00,1.00,1.00,14.00
"Chan Yip Hon",Boris,3706553,boris.chan_yip_hon@etu.sorbonne-universite.fr,Finished,"13 December 2020  10:24 AM","13 December 2020  10:58 AM","34 mins 19 secs",5.76,0.00,0.00,0.00,0.00,0.00,0.00,5.76
Chea,Sophie,3708951,sophie.chea@etu.sorbonne-universite.fr,Finished,"14 December 2020  12:58 AM","14 December 2020  1:54 AM","55 mins 40 secs",16.12,1.00,1.00,1.00,1.00,1.00,0.00,11.12
Chen,Jinhe,3802503,jinhe.chen@etu.sorbonne-universite.fr,-,-,-,-,-,-,-,-,-,-,-,-
Cherfaoui,Sarah,3874223,sarah.cherfaoui@etu.sorbonne-universite.fr,-,-,-,-,-,-,-,-,-,-,-,-
Cherfaoui,Melissa,28720090,Melissa.Cherfaoui@etu.sorbonne-universite.fr,Finished,"14 December 2020  9:00 AM","14 December 2020  10:08 AM","1 hour 7 mins",5.06,1.00,1.00,0.00,0.00,1.00,0.00,2.06
Chitu,Alex,3701943,alex.chitu@etu.sorbonne-universite.fr,Finished,"14 December 2020  9:08 AM","14 December 2020  10:24 AM","1 hour 15 mins",18.18,1.00,1.00,1.00,1.00,1.00,0.00,13.18
Cineus,Dylan,3302425,dylan.cineus@etu.sorbonne-universite.fr,Finished,"13 December 2020  10:34 PM","13 December 2020  11:14 PM","39 mins 59 secs",19.00,1.00,1.00,1.00,1.00,1.00,0.00,14.00
Ciocan,Clara,3801875,clara.ciocan@etu.sorbonne-universite.fr,Finished,"13 December 2020  9:02 PM","13 December 2020  11:02 PM","2 hours",17.76,1.00,1.00,1.00,1.00,1.00,0.00,12.76
Cleuziou,Karl,3800455,karl.cleuziou@etu.sorbonne-universite.fr,Finished,"9 December 2020  2:12 AM","9 December 2020  3:19 AM","1 hour 7 mins",15.00,0.00,0.00,0.00,0.00,1.00,0.00,14.00
Colin,Jacques,3700584,jacques.colin@etu.sorbonne-universite.fr,Finished,"14 December 2020  12:13 AM","14 December 2020  12:32 AM","18 mins 57 secs",20.00,1.00,1.00,1.00,1.00,1.00,1.00,14.00
Coudert,Louis,3800333,louis.coudert@etu.sorbonne-universite.fr,Finished,"12 December 2020  3:43 PM","12 December 2020  4:31 PM","47 mins 28 secs",19.00,1.00,1.00,1.00,1.00,1.00,0.00,14.00
Dauvet,Haron,3700463,haron.dauvet@etu.sorbonne-universite.fr,Finished,"13 December 2020  11:51 PM","14 December 2020  12:11 AM","19 mins 38 secs",20.00,1.00,1.00,1.00,1.00,1.00,1.00,14.00
"De Castelbajac",Matthieu,3800411,matthieu.de_castelbajac@etu.sorbonne-universite.fr,-,-,-,-,-,-,-,-,-,-,-,-
Delgado,Thomas,3407716,thomas.delgado@etu.sorbonne-universite.fr,-,-,-,-,-,-,-,-,-,-,-,-
Demeulenaere,Vivien,3706539,vivien.demeulenaere@etu.sorbonne-universite.fr,Finished,"8 December 2020  2:18 PM","8 December 2020  3:24 PM","1 hour 6 mins",16.12,1.00,1.00,1.00,1.00,1.00,0.00,11.12
Djouahra,"Mohamed Akram",28718098,Mohamed_Akram.Djouahra@etu.sorbonne-universite.fr,Finished,"14 December 2020  8:44 AM","14 December 2020  10:22 AM","1 hour 37 mins",17.35,1.00,1.00,1.00,1.00,1.00,0.00,12.35
Djouder,Sarah,3970876,sarah.djouder@etu.sorbonne-universite.fr,Finished,"14 December 2020  2:28 AM","14 December 2020  3:42 AM","1 hour 14 mins",19.00,1.00,1.00,1.00,1.00,0.00,1.00,14.00
Doucouré,Dramane,3520680,dramane.doucoure@etu.sorbonne-universite.fr,Finished,"14 December 2020  4:11 AM","14 December 2020  4:21 AM","10 mins 16 secs",19.59,1.00,1.00,1.00,1.00,1.00,1.00,13.59
Drouin,Reza,3800042,reza.drouin@etu.sorbonne-universite.fr,Finished,"14 December 2020  8:07 AM","14 December 2020  9:47 AM","1 hour 39 mins",20.00,1.00,1.00,1.00,1.00,1.00,1.00,14.00
Du,Qian,3520431,qian.du@etu.sorbonne-universite.fr,Finished,"14 December 2020  9:47 AM","14 December 2020  10:28 AM","40 mins 34 secs",10.88,0.00,0.00,0.00,0.00,0.00,1.00,9.88
Dubreuil,Jules,3800417,jules.dubreuil@etu.sorbonne-universite.fr,Finished,"13 December 2020  4:05 PM","13 December 2020  4:45 PM","40 mins 16 secs",14.06,1.00,1.00,1.00,1.00,1.00,0.00,9.06
Dufeutrelle,Hugo,3520375,hugo.dufeutrelle@etu.sorbonne-universite.fr,Finished,"13 December 2020  6:36 PM","13 December 2020  7:37 PM","1 hour 1 min",15.29,1.00,1.00,1.00,1.00,1.00,0.00,10.29
Dumoulin,Zoé,3702742,zoe.dumoulin@etu.sorbonne-universite.fr,Finished,"10 December 2020  5:17 PM","10 December 2020  6:43 PM","1 hour 25 mins",14.29,1.00,1.00,1.00,1.00,0.00,0.00,10.29
Duval,Aurelien,3872455,aurelien.duval@etu.sorbonne-universite.fr,Finished,"14 December 2020  9:01 AM","14 December 2020  10:10 AM","1 hour 9 mins",15.71,1.00,1.00,1.00,1.00,1.00,0.00,10.71
Dziri,Hakim,3800075,hakim.dziri@etu.sorbonne-universite.fr,-,-,-,-,-,-,-,-,-,-,-,-
"El Fahdi",Ismaël,3802719,ismael.el_fahdi@etu.sorbonne-universite.fr,Finished,"13 December 2020  10:58 PM","13 December 2020  11:15 PM","17 mins 1 sec",0.00,0.00,0.00,0.00,0.00,0.00,0.00,-
"El Ghali",Yosr,3802466,yosr.elghali@etu.sorbonne-universite.fr,Finished,"13 December 2020  9:26 PM","13 December 2020  11:25 PM","1 hour 59 mins",20.00,1.00,1.00,1.00,1.00,1.00,1.00,14.00
"El Ghazzi",Sarah,3671094,sarah.el_ghazzi@etu.sorbonne-universite.fr,Finished,"14 December 2020  12:45 AM","14 December 2020  12:55 AM","10 mins 51 secs",20.00,1.00,1.00,1.00,1.00,1.00,1.00,14.00
"El Ghoul",Elio,3803565,elio.el_ghoul@etu.sorbonne-universite.fr,Finished,"13 December 2020  9:43 PM","13 December 2020  10:13 PM","30 mins 5 secs",19.00,1.00,1.00,1.00,1.00,0.00,1.00,14.00
Elatri,Sami,3801805,sami.elatri@etu.sorbonne-universite.fr,-,-,-,-,-,-,-,-,-,-,-,-
Ergun,Yavuz,3670777,yavuz.ergun@etu.sorbonne-universite.fr,Finished,"14 December 2020  12:39 AM","14 December 2020  12:45 AM","6 mins 1 sec",19.00,1.00,0.00,1.00,1.00,1.00,1.00,14.00
Felix,Wycherley-Kassel,3702385,wycherley-kassel.felix@etu.sorbonne-universite.fr,-,-,-,-,-,-,-,-,-,-,-,-
Ferdaoui,Sheïmâa,3802999,sheimaa.ferdaoui@etu.sorbonne-universite.fr,Finished,"13 December 2020  8:17 PM","13 December 2020  8:36 PM","19 mins 13 secs",14.06,1.00,1.00,1.00,1.00,1.00,0.00,9.06
Gabour,Smail,3700149,smail.gabour@etu.sorbonne-universite.fr,Finished,"14 December 2020  12:39 AM","14 December 2020  12:46 AM","7 mins 30 secs",19.59,1.00,1.00,1.00,1.00,1.00,1.00,13.59
Gaillon,Gregoire,3670241,gregoire.gaillon@etu.sorbonne-universite.fr,-,-,-,-,-,-,-,-,-,-,-,-
Galliot,Jules,3802342,jules.galliot@etu.sorbonne-universite.fr,Finished,"13 December 2020  8:21 PM","13 December 2020  8:33 PM","12 mins 23 secs",14.06,1.00,1.00,1.00,1.00,1.00,0.00,9.06
Gigacz,"Kiara Ting Yung Chin",3803025,kiara.gigacz@etu.sorbonne-universite.fr,Finished,"14 December 2020  8:44 AM","14 December 2020  10:24 AM","1 hour 40 mins",20.00,1.00,1.00,1.00,1.00,1.00,1.00,14.00
Goulmot,Cedric,3971371,cedric.goulmot@etu.sorbonne-universite.fr,-,-,-,-,-,-,-,-,-,-,-,-
Grech,Anna,3800494,anna.grech@etu.sorbonne-universite.fr,Finished,"12 December 2020  2:07 PM","12 December 2020  2:48 PM","40 mins 39 secs",15.71,1.00,1.00,1.00,1.00,1.00,0.00,10.71
Gruman,Pierre-Alexandre,28507556,pierre-alexandre.gruman.2@etu.sorbonne-universite.fr,Finished,"13 December 2020  10:33 PM","14 December 2020  12:31 AM","1 hour 58 mins",7.47,1.00,1.00,1.00,1.00,1.00,0.00,2.47
Guio,Clément,3413360,clement.guio@etu.sorbonne-universite.fr,Finished,"13 December 2020  6:29 PM","13 December 2020  7:52 PM","1 hour 22 mins",12.82,1.00,1.00,1.00,1.00,1.00,0.00,7.82
Hadj-Arab,Ludmila,3971280,ludmila.hadj-arab@etu.sorbonne-universite.fr,Finished,"14 December 2020  12:16 AM","14 December 2020  12:57 AM","40 mins 52 secs",19.00,1.00,1.00,1.00,1.00,0.00,1.00,14.00
Hadji,Mohamed,3702996,mohamed.hadji@etu.sorbonne-universite.fr,-,-,-,-,-,-,-,-,-,-,-,-
Hamdad,Khellaf,3802811,khellaf.hamdad@etu.sorbonne-universite.fr,-,-,-,-,-,-,-,-,-,-,-,-
Hannachi,Dina,3801528,dina.hannachi@etu.sorbonne-universite.fr,Finished,"14 December 2020  8:39 AM","14 December 2020  8:46 AM","6 mins 49 secs",20.00,1.00,1.00,1.00,1.00,1.00,1.00,14.00
Herman,Margot,28716768,Margot.Herman@etu.sorbonne-universite.fr,Finished,"14 December 2020  8:39 AM","14 December 2020  10:32 AM","1 hour 52 mins",14.24,1.00,1.00,1.00,1.00,1.00,1.00,8.24
"Hernandez Adan","Oriana Rafaela",3802881,oriana.hernandez_adan@etu.sorbonne-universite.fr,Finished,"14 December 2020  8:43 AM","14 December 2020  9:18 AM","34 mins 48 secs",10.82,0.00,0.00,1.00,1.00,1.00,0.00,7.82
Huang,Xinyu,3803966,xinyiu.huang@etu.sorbonne-universite.fr,Finished,"13 December 2020  11:47 PM","14 December 2020  1:24 AM","1 hour 37 mins",14.88,1.00,1.00,1.00,1.00,1.00,0.00,9.88
Huang,Junyang,2302854,junyang.huang@etu.sorbonne-universite.fr,-,-,-,-,-,-,-,-,-,-,-,-
Huant,Raphael,3709095,raphael.huant@etu.sorbonne-universite.fr,Finished,"14 December 2020  10:28 AM","14 December 2020  10:38 AM","10 mins 22 secs",9.53,1.00,1.00,1.00,1.00,1.00,0.00,4.53
"Ibobi Sambila",Osee,3704090,osee.ibobi_sambila@etu.sorbonne-universite.fr,Finished,"13 December 2020  8:46 PM","13 December 2020  10:23 PM","1 hour 37 mins",20.00,1.00,1.00,1.00,1.00,1.00,1.00,14.00
Ikhlef,Nadjia,28718372,Nadjia.Ikhlef@etu.sorbonne-universite.fr,Finished,"13 December 2020  5:56 PM","13 December 2020  6:24 PM","28 mins 48 secs",18.59,1.00,1.00,1.00,1.00,1.00,0.00,13.59
Ith,Marc,3302184,marc.ith@etu.sorbonne-universite.fr,Finished,"14 December 2020  12:17 AM","14 December 2020  1:17 AM","1 hour",20.00,1.00,1.00,1.00,1.00,1.00,1.00,14.00
Jday,Achraf,3802410,achraf.jday@etu.sorbonne-universite.fr,Finished,"13 December 2020  9:39 PM","13 December 2020  9:44 PM","4 mins 40 secs",18.00,0.00,1.00,1.00,1.00,0.00,1.00,14.00
Jebari,Firas,3802713,firas.jebari@etu.sorbonne-universite.fr,Finished,"13 December 2020  7:00 PM","13 December 2020  8:25 PM","1 hour 25 mins",19.00,1.00,1.00,1.00,1.00,1.00,0.00,14.00
Kaci-Chaouche,Omar,3521322,omar.kaci-chaouche@etu.sorbonne-universite.fr,Finished,"14 December 2020  4:13 AM","14 December 2020  4:55 AM","42 mins 15 secs",10.35,1.00,1.00,1.00,1.00,1.00,0.00,5.35
Kahil,Amine,28616887,amine.kahil@etu.sorbonne-universite.fr,Finished,"14 December 2020  8:47 AM","14 December 2020  10:19 AM","1 hour 31 mins",20.00,1.00,1.00,1.00,1.00,1.00,1.00,14.00
Kaïdouchi,Amira,3700530,amira.kaidouchi@etu.sorbonne-universite.fr,Finished,"13 December 2020  11:42 PM","14 December 2020  12:47 AM","1 hour 4 mins",16.12,1.00,1.00,1.00,1.00,1.00,0.00,11.12
Kandeepan,Mathuran,3800103,mathuran.kandeepan@etu.sorbonne-universite.fr,Finished,"13 December 2020  9:02 PM","13 December 2020  10:54 PM","1 hour 52 mins",19.00,1.00,1.00,1.00,1.00,1.00,0.00,14.00
Kassab,Mouad,3700640,mouad.kassab@etu.sorbonne-universite.fr,Finished,"13 December 2020  11:52 PM","14 December 2020  1:31 AM","1 hour 38 mins",20.00,1.00,1.00,1.00,1.00,1.00,1.00,14.00
Kasten,Harold,3805644,harold.kasten@etu.sorbonne-universite.fr,Finished,"13 December 2020  4:05 PM","13 December 2020  4:53 PM","47 mins 58 secs",14.06,1.00,1.00,1.00,1.00,1.00,0.00,9.06
Kaya,Delphine,3800099,delphine.kaya@etu.sorbonne-universite.fr,Finished,"12 December 2020  4:30 PM","12 December 2020  5:50 PM","1 hour 19 mins",19.00,1.00,1.00,1.00,1.00,1.00,0.00,14.00
Kerdouche,Nabil,3802336,nabil.kerdouche@etu.sorbonne-universite.fr,Finished,"14 December 2020  8:34 AM","14 December 2020  8:58 AM","23 mins 37 secs",19.00,1.00,1.00,1.00,1.00,0.00,1.00,14.00
Kettouche,Tinhinane,3803639,tinhinane.kettouche@etu.sorbonne-universite.fr,-,-,-,-,-,-,-,-,-,-,-,-
Khalid,Ruhma,3710442,ruhma.khalid@etu.sorbonne-universite.fr,Finished,"13 December 2020  11:56 PM","14 December 2020  12:05 AM","9 mins 30 secs",19.00,1.00,1.00,1.00,1.00,1.00,0.00,14.00
Kharbouche,Ibrahim,3671035,ibrahim.kharbouche@etu.sorbonne-universite.fr,Finished,"14 December 2020  1:19 AM","14 December 2020  2:36 AM","1 hour 16 mins",20.00,1.00,1.00,1.00,1.00,1.00,1.00,14.00
Kireche,Koceila,28717834,Koceila.Kireche@etu.sorbonne-universite.fr,Finished,"13 December 2020  10:07 PM","13 December 2020  11:02 PM","54 mins 51 secs",18.00,1.00,0.00,1.00,1.00,0.00,1.00,14.00
Kling,Paul,3670056,paul.kling@etu.sorbonne-universite.fr,Finished,"14 December 2020  3:17 AM","14 December 2020  4:17 AM","59 mins 17 secs",8.82,0.00,0.00,0.00,0.00,1.00,0.00,7.82
Komen,Dimitri,3603619,dimitri.komen@etu.sorbonne-universite.fr,Finished,"14 December 2020  9:26 AM","14 December 2020  10:00 AM","34 mins 14 secs",16.00,0.00,1.00,0.00,1.00,0.00,0.00,14.00
Kordon,Djeser,3772433,djeser.kordon@etu.sorbonne-universite.fr,Finished,"14 December 2020  9:43 AM","14 December 2020  10:03 AM","19 mins 55 secs",19.59,1.00,1.00,1.00,1.00,1.00,1.00,13.59
Koroglu,Mathis,3711799,mathis.koroglu@etu.sorbonne-universite.fr,Finished,"11 December 2020  12:08 AM","11 December 2020  1:39 AM","1 hour 30 mins",19.00,1.00,1.00,1.00,1.00,0.00,1.00,14.00
Kostadinovic,Nikola,3801695,nikola.kostadinovic@etu.sorbonne-universite.fr,Finished,"13 December 2020  4:56 PM","13 December 2020  5:02 PM","5 mins 24 secs",19.00,1.00,1.00,1.00,1.00,0.00,1.00,14.00
Krisni,Almehdi,3800519,almehdi.krisni@etu.sorbonne-universite.fr,Finished,"14 December 2020  12:28 AM","14 December 2020  1:18 AM","50 mins 21 secs",20.00,1.00,1.00,1.00,1.00,1.00,1.00,14.00
Kwonn,Simon,3709743,simon.kwonn@etu.sorbonne-universite.fr,Finished,"12 December 2020  2:36 PM","12 December 2020  3:28 PM","52 mins 19 secs",14.35,1.00,0.00,1.00,0.00,0.00,0.00,12.35
Lachemot,Cédric,3705179,cedric.lachemot@etu.sorbonne-universite.fr,Finished,"14 December 2020  12:14 AM","14 December 2020  1:36 AM","1 hour 21 mins",19.00,1.00,1.00,1.00,1.00,0.00,1.00,14.00
Lachgar,Amine,3802257,amine.lachgar@etu.sorbonne-universite.fr,-,-,-,-,-,-,-,-,-,-,-,-
Lahfa,Samy,3706599,samy.lahfa@etu.sorbonne-universite.fr,Finished,"14 December 2020  12:04 AM","14 December 2020  1:30 AM","1 hour 25 mins",20.00,1.00,1.00,1.00,1.00,1.00,1.00,14.00
"Lam A",Leo,28712991,Leo.Lam_A@etu.sorbonne-universite.fr,Finished,"13 December 2020  11:44 PM","14 December 2020  1:44 AM","1 hour 59 mins",20.00,1.00,1.00,1.00,1.00,1.00,1.00,14.00
Lange,Mathilde,28504995,mathilde.lange.2@etu.sorbonne-universite.fr,Finished,"13 December 2020  3:43 PM","13 December 2020  4:29 PM","45 mins 48 secs",13.65,1.00,1.00,1.00,1.00,0.00,1.00,8.65
Langlais,Rafaël,3520624,rafael.langlais@etu.sorbonne-universite.fr,-,-,-,-,-,-,-,-,-,-,-,-
Larbi,Melissa,3971141,melissa.larbi@etu.sorbonne-universite.fr,Finished,"13 December 2020  9:41 PM","13 December 2020  9:51 PM","9 mins 49 secs",20.00,1.00,1.00,1.00,1.00,1.00,1.00,14.00
Lassadi,Nassim,3707173,nassim.lassadi@etu.sorbonne-universite.fr,Finished,"14 December 2020  10:39 PM","14 December 2020  11:01 PM","21 mins 50 secs",19.00,1.00,1.00,1.00,1.00,0.00,1.00,14.00
Lay,Kenny,3801173,kenny.lay@etu.sorbonne-universite.fr,Finished,"13 December 2020  4:40 PM","13 December 2020  4:58 PM","18 mins 44 secs",19.00,1.00,1.00,1.00,1.00,0.00,1.00,14.00
Le,"Hai Nam",28613397,hai.le@etu.sorbonne-universite.fr,Finished,"13 December 2020  9:13 AM","13 December 2020  9:58 AM","44 mins 58 secs",19.00,1.00,1.00,1.00,1.00,0.00,1.00,14.00
Le,Doan,3875020,doan.le@etu.sorbonne-universite.fr,Finished,"13 December 2020  6:46 PM","13 December 2020  8:19 PM","1 hour 33 mins",19.00,1.00,1.00,1.00,1.00,0.00,1.00,14.00
Lebazda--Gauthier,Benoît,3702867,benoit.lebazda--gauthier@etu.sorbonne-universite.fr,Finished,"13 December 2020  8:24 PM","13 December 2020  10:06 PM","1 hour 41 mins",10.06,0.00,0.00,0.00,0.00,1.00,0.00,9.06
Lecocq,Yoann,3708077,yoann.lecocq@etu.sorbonne-universite.fr,-,-,-,-,-,-,-,-,-,-,-,-
Lefebure,Pierre,3674815,pierre.lefebure@etu.sorbonne-universite.fr,-,-,-,-,-,-,-,-,-,-,-,-
Lefevre,Manon,3800422,manon.lefevre@etu.sorbonne-universite.fr,Finished,"12 December 2020  4:30 PM","12 December 2020  5:50 PM","1 hour 19 mins",19.00,1.00,1.00,1.00,1.00,1.00,0.00,14.00
Lemaitre,Alexandre,3876023,alexandre.lemaitre@etu.sorbonne-universite.fr,-,-,-,-,-,-,-,-,-,-,-,-
Li,Ziyou,3802432,ziyou.li@etu.sorbonne-universite.fr,Finished,"13 December 2020  11:46 PM","14 December 2020  12:44 AM","58 mins 24 secs",14.47,1.00,1.00,1.00,1.00,1.00,0.00,9.47
Lifsal,Loubna,3309154,loubna.lifsal@etu.sorbonne-universite.fr,-,-,-,-,-,-,-,-,-,-,-,-
Lin,Daniel,3700421,daniel.lin@etu.sorbonne-universite.fr,Finished,"11 December 2020  10:31 AM","11 December 2020  11:02 AM","30 mins 57 secs",7.06,1.00,1.00,1.00,1.00,1.00,0.00,2.06
Loi,Alessia,3971668,alessia.loi@etu.sorbonne-universite.fr,"Never submitted","14 December 2020  12:16 AM",-,-,-,-,-,-,-,-,-,-
Loi,Alessia,3971668,alessia.loi@etu.sorbonne-universite.fr,Finished,"14 December 2020  7:36 AM","14 December 2020  7:41 AM","5 mins 36 secs",20.00,1.00,1.00,1.00,1.00,1.00,1.00,14.00
Lu,Raymond,3700479,raymond.lu@etu.sorbonne-universite.fr,Finished,"14 December 2020  12:40 AM","14 December 2020  12:52 AM","11 mins 28 secs",20.00,1.00,1.00,1.00,1.00,1.00,1.00,14.00
Lu,Alexandra,3700615,alexandra.lu@etu.sorbonne-universite.fr,Finished,"12 December 2020  3:18 PM","12 December 2020  5:04 PM","1 hour 46 mins",19.00,1.00,1.00,1.00,1.00,1.00,0.00,14.00
Ly,Sylvie,3522190,sylvie.ly@etu.sorbonne-universite.fr,Finished,"14 December 2020  12:18 AM","14 December 2020  12:55 AM","37 mins 38 secs",5.82,1.00,1.00,1.00,1.00,1.00,0.00,0.82
M'Barek,Heikel,3201218,heikel.mbarek@etu.sorbonne-universite.fr,Finished,"13 December 2020  7:03 PM","13 December 2020  9:02 PM","1 hour 59 mins",10.24,1.00,1.00,-,-,-,-,8.24
Maafa,Zin,3803950,zin.maafa@etu.sorbonne-universite.fr,"Never submitted","13 December 2020  11:48 PM",-,-,-,-,-,-,-,-,-,-
"Mahad Ismail",Roukia,3874897,roukia.mahad-ismail@etu.sorbonne-universite.fr,Finished,"13 December 2020  6:43 PM","13 December 2020  7:34 PM","51 mins 4 secs",7.47,1.00,1.00,1.00,1.00,1.00,0.00,2.47
Manimtim,Alexandre,3407834,alexandre.manimtim@etu.sorbonne-universite.fr,-,-,-,-,-,-,-,-,-,-,-,-
Mariller,Vincent,3700041,vincent.mariller@etu.sorbonne-universite.fr,Finished,"13 December 2020  11:50 PM","13 December 2020  11:54 PM","4 mins 28 secs",20.00,1.00,1.00,1.00,1.00,1.00,1.00,14.00
Marzougui,Syrine,3803611,syrine.marzougui@etu.sorbonne-universite.fr,Finished,"13 December 2020  10:10 PM","13 December 2020  10:21 PM","11 mins 7 secs",17.59,1.00,0.00,1.00,1.00,0.00,1.00,13.59
Maurel,Perrine,28502791,perrine.maurel.2@etu.sorbonne-universite.fr,Finished,"11 December 2020  12:18 PM","11 December 2020  12:24 PM","5 mins 41 secs",19.59,1.00,1.00,1.00,1.00,1.00,1.00,13.59
Mehdi,Sarah,3971165,sarah.mehdi.1@etu.sorbonne-universite.fr,Finished,"13 December 2020  11:57 PM","14 December 2020  12:20 AM","23 mins 23 secs",19.00,1.00,1.00,1.00,1.00,0.00,1.00,14.00
Mellul,Yona,3800646,yona.mellul@etu.sorbonne-universite.fr,-,-,-,-,-,-,-,-,-,-,-,-
Mendas,Rosa,3802558,rosa.mendas@etu.sorbonne-universite.fr,Finished,"14 December 2020  8:34 AM","14 December 2020  10:34 AM","2 hours",19.00,1.00,1.00,1.00,1.00,1.00,0.00,14.00
Mendes,Hugo,3670527,hugo.mendes@etu.sorbonne-universite.fr,Finished,"13 December 2020  11:16 PM","13 December 2020  11:21 PM","4 mins 35 secs",19.00,1.00,1.00,1.00,1.00,0.00,1.00,14.00
Merle-Remond,Julian,3700191,julian.merle-remond@etu.sorbonne-universite.fr,Finished,"8 December 2020  9:38 PM","8 December 2020  11:19 PM","1 hour 41 mins",20.00,1.00,1.00,1.00,1.00,1.00,1.00,14.00
Merzouk,Kenza,3803468,kenza.merzouk@etu.sorbonne-universite.fr,Finished,"14 December 2020  5:02 AM","14 December 2020  6:29 AM","1 hour 26 mins",18.00,1.00,1.00,1.00,0.00,0.00,1.00,14.00
Meziane,Mohamed,3802500,mohamed.meziane@etu.sorbonne-universite.fr,Finished,"14 December 2020  2:28 AM","14 December 2020  3:42 AM","1 hour 14 mins",19.00,1.00,1.00,1.00,1.00,0.00,1.00,14.00
Mistry,Manishkumar,3671086,manishkumar.mistry@etu.sorbonne-universite.fr,Finished,"13 December 2020  9:02 PM","13 December 2020  9:20 PM","18 mins 10 secs",19.00,1.00,1.00,1.00,1.00,0.00,1.00,14.00
Mistry,Darshan,3670280,darshan.mistry@etu.sorbonne-universite.fr,Finished,"13 December 2020  11:15 PM","13 December 2020  11:47 PM","32 mins 22 secs",18.00,1.00,1.00,1.00,1.00,0.00,0.00,14.00
Mohammedi,Vanessa,3671439,vanessa.mohammedi@etu.sorbonne-universite.fr,Finished,"14 December 2020  9:07 AM","14 December 2020  10:07 AM","1 hour",11.18,1.00,1.00,1.00,1.00,1.00,0.00,6.18
Mohellebi,Melissa,3971070,melissa.mohellebi@etu.sorbonne-universite.fr,"Never submitted","14 December 2020  8:24 AM",-,-,-,-,-,-,-,-,-,-
Monnereau,Irena,3670050,irena.monnereau@etu.sorbonne-universite.fr,Finished,"13 December 2020  10:02 PM","13 December 2020  10:16 PM","13 mins 45 secs",19.59,1.00,1.00,1.00,1.00,1.00,1.00,13.59
Moreau,Léonard,3800364,leonard.moreau@etu.sorbonne-universite.fr,Finished,"13 December 2020  11:32 PM","13 December 2020  11:38 PM","5 mins 54 secs",19.00,1.00,1.00,1.00,1.00,1.00,0.00,14.00
Mosgoreanu,"Alexandru Zaharia",28717021,Alexandru_Zaharia.Mosgoreanu@etu.sorbonne-universite.fr,Finished,"12 December 2020  6:48 PM","12 December 2020  7:16 PM","28 mins 13 secs",12.82,1.00,1.00,1.00,1.00,1.00,0.00,7.82
Moulouel,Myriem,3802291,myriem.moulouel@etu.sorbonne-universite.fr,Finished,"14 December 2020  5:17 AM","14 December 2020  5:58 AM","40 mins 20 secs",19.00,1.00,1.00,1.00,1.00,1.00,0.00,14.00
Moyet,Candice,3801474,candice.moyet@etu.sorbonne-universite.fr,Finished,"12 December 2020  2:07 PM","12 December 2020  2:48 PM","40 mins 25 secs",15.71,1.00,1.00,1.00,1.00,1.00,0.00,10.71
Nam,Maxime,3301246,maxime.nam@etu.sorbonne-universite.fr,Finished,"13 December 2020  10:20 PM","14 December 2020  12:14 AM","1 hour 53 mins",19.00,1.00,1.00,1.00,1.00,0.00,1.00,14.00
Naumenko,Polina,3521154,polina.naumenko@etu.sorbonne-universite.fr,Finished,"14 December 2020  9:51 AM","14 December 2020  10:01 AM","10 mins 12 secs",20.00,1.00,1.00,1.00,1.00,1.00,1.00,14.00
Ngamy,Gianni-Alessandro,3703993,gianni-alessandro.ngamy@etu.sorbonne-universite.fr,Finished,"13 December 2020  5:41 PM","13 December 2020  7:16 PM","1 hour 35 mins",10.35,1.00,1.00,1.00,1.00,1.00,0.00,5.35
Nguyen,"Minh Anh",3802621,minh.nguyen.6@etu.sorbonne-universite.fr,Finished,"12 December 2020  7:15 PM","12 December 2020  7:56 PM","41 mins 54 secs",14.88,1.00,1.00,1.00,1.00,1.00,0.00,9.88
Niang,Fallou,3803961,fallou.niang@etu.sorbonne-universite.fr,-,-,-,-,-,-,-,-,-,-,-,-
"Normand De La Tranchade",François,3671913,francois.normand_de_la_tranchade@etu.sorbonne-universite.fr,Finished,"14 December 2020  8:50 AM","14 December 2020  10:41 AM","1 hour 51 mins",8.82,0.00,0.00,0.00,0.00,1.00,0.00,7.82
Oses,Jean-Baptiste,3700565,jean-baptiste.oses@etu.sorbonne-universite.fr,Finished,"13 December 2020  11:38 PM","13 December 2020  11:51 PM","12 mins 36 secs",18.18,1.00,1.00,1.00,1.00,1.00,0.00,13.18
Oudjani,Yasmine,3803009,yasmine.oudjani@etu.sorbonne-universite.fr,Finished,"13 December 2020  10:08 PM","13 December 2020  11:02 PM","54 mins 45 secs",19.00,1.00,1.00,1.00,1.00,0.00,1.00,14.00
Pareau,Mathilde,3800446,mathilde.pareau@etu.sorbonne-universite.fr,Finished,"13 December 2020  3:00 PM","13 December 2020  4:19 PM","1 hour 18 mins",17.76,1.00,1.00,1.00,1.00,1.00,0.00,12.76
Parichault,Antoine,3803454,antoine.parichault@etu.sorbonne-universite.fr,Finished,"13 December 2020  7:51 PM","13 December 2020  9:26 PM","1 hour 35 mins",12.12,0.00,1.00,0.00,0.00,0.00,0.00,11.12
Pironin,Julie,3802614,julie.pironin@etu.sorbonne-universite.fr,Finished,"13 December 2020  11:40 PM","14 December 2020  1:40 AM","2 hours",13.24,1.00,1.00,1.00,1.00,1.00,0.00,8.24
Polit,Titouan,3800511,titouan.polit@etu.sorbonne-universite.fr,Finished,"9 December 2020  5:26 PM","9 December 2020  6:56 PM","1 hour 30 mins",15.71,1.00,1.00,1.00,1.00,1.00,0.00,10.71
Popescu,"Diana Elena",28717024,Diana_Elena.Popescu@etu.sorbonne-universite.fr,Finished,"13 December 2020  10:14 PM","13 December 2020  10:49 PM","35 mins 12 secs",12.41,1.00,1.00,1.00,1.00,1.00,0.00,7.41
Poulain,Claire,3679357,claire.poulain@etu.sorbonne-universite.fr,Finished,"10 December 2020  5:27 PM","10 December 2020  5:32 PM","5 mins 2 secs",17.59,1.00,0.00,1.00,0.00,1.00,1.00,13.59
Prostakov,Andrey,3802515,andrey.prostakov@etu.sorbonne-universite.fr,Finished,"13 December 2020  11:58 PM","14 December 2020  12:22 AM","23 mins 15 secs",19.00,1.00,1.00,1.00,1.00,0.00,1.00,14.00
Quest,Alexis,3703346,alexis.quest@etu.sorbonne-universite.fr,Finished,"14 December 2020  6:31 AM","14 December 2020  6:42 AM","10 mins 57 secs",4.00,1.00,1.00,1.00,1.00,-,0.00,0.00
Queuvin,Thomas,3700185,thomas.queuvin@etu.sorbonne-universite.fr,-,-,-,-,-,-,-,-,-,-,-,-
Rapaport,Solal,3711387,solal.rapaport@etu.sorbonne-universite.fr,Finished,"14 December 2020  2:35 AM","14 December 2020  3:34 AM","58 mins 56 secs",18.59,1.00,1.00,1.00,1.00,1.00,0.00,13.59
Rayon-Richter,Malou,3708307,malou.rayon-richter@etu.sorbonne-universite.fr,-,-,-,-,-,-,-,-,-,-,-,-
Rebai,Sofiane,3674205,sofiane.rebai@etu.sorbonne-universite.fr,-,-,-,-,-,-,-,-,-,-,-,-
"Riffaud De Turckheim",Hugo,3800256,hugo.riffaud_de_turckheim@etu.sorbonne-universite.fr,Finished,"13 December 2020  9:09 PM","13 December 2020  10:18 PM","1 hour 8 mins",15.29,1.00,1.00,1.00,1.00,1.00,0.00,10.29
Roch,Stuart,3309168,stuart.roch@etu.sorbonne-universite.fr,Finished,"13 December 2020  11:17 PM","13 December 2020  11:54 PM","36 mins 42 secs",19.00,1.00,1.00,1.00,1.00,1.00,0.00,14.00
Roqui,David,3873784,david.roqui@etu.sorbonne-universite.fr,Finished,"13 December 2020  12:33 PM","13 December 2020  2:20 PM","1 hour 46 mins",8.18,1.00,1.00,0.00,0.00,0.00,0.00,6.18
Rossi,Johan-Luca,3872354,johan-luca.rossi@etu.sorbonne-universite.fr,Finished,"14 December 2020  9:48 AM","14 December 2020  10:15 AM","27 mins 21 secs",20.00,1.00,1.00,1.00,1.00,1.00,1.00,14.00
Rouba,Islam,3802420,islam.rouba@etu.sorbonne-universite.fr,Finished,"14 December 2020  2:38 AM","14 December 2020  2:58 AM","20 mins 12 secs",19.00,1.00,1.00,1.00,1.00,0.00,1.00,14.00
Rzeszutko,Kamil,2800282,kamil.rzeszutko@etu.sorbonne-universite.fr,"Never submitted","14 December 2020  9:31 AM",-,-,-,-,-,-,-,-,-,-
Sabatino,Francesco,3811132,francesco.sabatino@etu.sorbonne-universite.fr,Finished,"13 December 2020  9:54 PM","13 December 2020  11:33 PM","1 hour 39 mins",20.00,1.00,1.00,1.00,1.00,1.00,1.00,14.00
Saber,Hakim,3415762,hakim.saber@etu.sorbonne-universite.fr,Finished,"14 December 2020  1:15 AM","14 December 2020  2:13 AM","58 mins 33 secs",14.47,1.00,1.00,1.00,1.00,1.00,0.00,9.47
Saichi,Lina,3803151,lina.saichi@etu.sorbonne-universite.fr,Finished,"14 December 2020  8:54 AM","14 December 2020  9:56 AM","1 hour 2 mins",19.00,1.00,1.00,1.00,1.00,0.00,1.00,14.00
Salfati,Elisa,3800104,elisa.salfati@etu.sorbonne-universite.fr,Finished,"13 December 2020  1:38 PM","13 December 2020  2:08 PM","30 mins 20 secs",8.35,1.00,1.00,0.00,0.00,1.00,0.00,5.35
Sameur,Samir,3872902,samir.sameur@etu.sorbonne-universite.fr,"Never submitted","10 December 2020  5:34 PM",-,-,-,-,-,-,-,-,-,-
Seang,Chea-Jimmy,3703893,chea-jimmy.seang@etu.sorbonne-universite.fr,Finished,"8 December 2020  9:38 PM","8 December 2020  11:20 PM","1 hour 42 mins",19.59,1.00,1.00,1.00,1.00,1.00,1.00,13.59
Selliah,Sarujen,3701184,sarujen.selliah@etu.sorbonne-universite.fr,Finished,"13 December 2020  8:07 PM","13 December 2020  8:17 PM","9 mins 39 secs",13.65,1.00,1.00,1.00,1.00,0.00,1.00,8.65
Sennour,"Mohammed Wail",28616082,mohammed.sennour@etu.sorbonne-universite.fr,Finished,"14 December 2020  12:04 AM","14 December 2020  1:04 AM","1 hour",20.00,1.00,1.00,1.00,1.00,1.00,1.00,14.00
Senyuz,"Miray Suzan",3802805,miray.senyuz@etu.sorbonne-universite.fr,Finished,"13 December 2020  11:20 PM","13 December 2020  11:46 PM","26 mins 13 secs",15.71,1.00,1.00,1.00,1.00,1.00,0.00,10.71
Serraf,Dan,3971120,dan.serraf@etu.sorbonne-universite.fr,Finished,"13 December 2020  11:05 PM","14 December 2020  12:40 AM","1 hour 35 mins",19.00,1.00,1.00,1.00,1.00,0.00,1.00,14.00
Sidia,Amir,3670888,amir.sidia@etu.sorbonne-universite.fr,Finished,"14 December 2020  2:44 AM","14 December 2020  4:42 AM","1 hour 57 mins",19.00,1.00,1.00,1.00,1.00,0.00,1.00,14.00
Simion,Mathys,28705217,Mathys.Simion@etu.sorbonne-universite.fr,Finished,"14 December 2020  9:57 AM","14 December 2020  10:40 AM","42 mins 11 secs",9.12,1.00,1.00,1.00,1.00,1.00,0.00,4.12
Slimani,Hiba,3703036,hiba.slimani@etu.sorbonne-universite.fr,-,-,-,-,-,-,-,-,-,-,-,-
Song,Yifei,3970712,yifei.song@etu.sorbonne-universite.fr,Finished,"13 December 2020  11:51 PM","14 December 2020  12:44 AM","52 mins 58 secs",14.88,1.00,1.00,1.00,1.00,1.00,0.00,9.88
Soulignadeth,Willy,3800002,willy.soulignadeth@etu.sorbonne-universite.fr,Finished,"13 December 2020  9:54 PM","13 December 2020  10:04 PM","10 mins 2 secs",18.59,1.00,1.00,1.00,1.00,1.00,0.00,13.59
Soutil,Aurélien,3700451,aurelien.soutil@etu.sorbonne-universite.fr,Finished,"8 December 2020  2:18 PM","8 December 2020  3:24 PM","1 hour 6 mins",15.71,1.00,1.00,1.00,1.00,1.00,0.00,10.71
Sow,Fatou,28503374,fatou.sow.2@etu.sorbonne-universite.fr,Finished,"13 December 2020  9:39 PM","13 December 2020  10:42 PM","1 hour 2 mins",14.47,1.00,1.00,1.00,1.00,1.00,0.00,9.47
Suhana,Satria,3800274,satria.suhana@etu.sorbonne-universite.fr,Finished,"13 December 2020  7:32 PM","13 December 2020  8:28 PM","55 mins 51 secs",8.59,1.00,1.00,-,-,0.00,0.00,6.59
Sy,"Virak Bot Baramy",3407325,virak.sy@etu.sorbonne-universite.fr,Finished,"14 December 2020  12:18 AM","14 December 2020  1:01 AM","42 mins 15 secs",18.00,1.00,0.00,1.00,0.00,1.00,1.00,14.00
Szczerba,Kamil,28614283,kamil.szczerba@etu.sorbonne-universite.fr,"Never submitted","7 December 2020  12:32 PM",-,-,-,-,-,-,-,-,-,-
Szczerba,Kamil,28614283,kamil.szczerba@etu.sorbonne-universite.fr,Finished,"10 December 2020  8:18 AM","10 December 2020  8:47 AM","28 mins 51 secs",19.00,1.00,1.00,1.00,1.00,0.00,1.00,14.00
Taleb,Rida,3804264,rida.taleb@etu.sorbonne-universite.fr,Finished,"13 December 2020  6:04 PM","13 December 2020  6:12 PM","8 mins 5 secs",19.00,1.00,1.00,1.00,1.00,0.00,1.00,14.00
Tang,Christophe,3802892,christophe.tang@etu.sorbonne-universite.fr,Finished,"13 December 2020  10:14 PM","13 December 2020  11:46 PM","1 hour 32 mins",19.00,1.00,1.00,1.00,1.00,0.00,1.00,14.00
Tat,Jonathan,3874133,jonathan.tat@etu.sorbonne-universite.fr,Finished,"13 December 2020  11:28 PM","13 December 2020  11:34 PM","5 mins 32 secs",19.59,1.00,1.00,1.00,1.00,1.00,1.00,13.59
Tchen,Clement,3703339,clement.tchen@etu.sorbonne-universite.fr,Finished,"14 December 2020  7:22 AM","14 December 2020  8:59 AM","1 hour 36 mins",6.12,1.00,0.00,0.00,0.00,0.00,1.00,4.12
Thelineau,Jeremy,3200147,jeremy.thelineau@etu.sorbonne-universite.fr,-,-,-,-,-,-,-,-,-,-,-,-
Theodosiou,Michalis,3151223,michalis.theodosiou@etu.sorbonne-universite.fr,-,-,-,-,-,-,-,-,-,-,-,-
Theret,Ingrid,3201608,ingrid.theret@etu.sorbonne-universite.fr,Finished,"8 December 2020  9:40 PM","8 December 2020  11:20 PM","1 hour 39 mins",19.18,1.00,1.00,1.00,1.00,1.00,1.00,13.18
Thiam,Mohamed,3672502,mohamed.thiam@etu.sorbonne-universite.fr,Finished,"13 December 2020  6:39 PM","13 December 2020  7:57 PM","1 hour 17 mins",10.82,1.00,0.00,1.00,0.00,1.00,0.00,7.82
Thurairajah,Shaithan,3802984,shaithan.thurairajah@etu.sorbonne-universite.fr,Finished,"13 December 2020  11:03 PM","14 December 2020  12:33 AM","1 hour 30 mins",19.00,1.00,1.00,1.00,1.00,0.00,1.00,14.00
Tibi,Gad,3801996,gad.tibi@etu.sorbonne-universite.fr,-,-,-,-,-,-,-,-,-,-,-,-
Toullalan,Antoine,3706648,antoine.toullalan@etu.sorbonne-universite.fr,Finished,"10 December 2020  7:32 PM","10 December 2020  8:26 PM","54 mins 18 secs",14.47,1.00,1.00,1.00,1.00,1.00,0.00,9.47
Tran,Kevin,3700914,kevin.tran@etu.sorbonne-universite.fr,Finished,"13 December 2020  11:17 PM","14 December 2020  12:10 AM","53 mins 2 secs",20.00,1.00,1.00,1.00,1.00,1.00,1.00,14.00
Traore,Khadidja,3800559,khadidja.traore@etu.sorbonne-universite.fr,Finished,"14 December 2020  12:41 AM","14 December 2020  1:14 AM","32 mins 42 secs",12.82,1.00,1.00,1.00,1.00,1.00,0.00,7.82
Trouve,Alex,3700052,alex.trouve@etu.sorbonne-universite.fr,Finished,"13 December 2020  6:02 PM","13 December 2020  6:22 PM","20 mins 25 secs",19.00,1.00,1.00,1.00,1.00,0.00,1.00,14.00
Ung,Thierry,3804472,thierry.ung@etu.sorbonne-universite.fr,Finished,"13 December 2020  11:39 PM","14 December 2020  12:31 AM","52 mins 1 sec",20.00,1.00,1.00,1.00,1.00,1.00,1.00,14.00
"Van Remoortere",Pierre,28007865,pierre.van_remoortere.1@etu.sorbonne-universite.fr,Finished,"12 December 2020  1:38 PM","12 December 2020  1:52 PM","14 mins 35 secs",4.06,1.00,1.00,0.00,0.00,0.00,0.00,2.06
Vang,Danny,3670334,danny.vang@etu.sorbonne-universite.fr,Finished,"13 December 2020  5:54 PM","13 December 2020  5:58 PM","4 mins 24 secs",18.59,1.00,1.00,1.00,1.00,0.00,1.00,13.59
Vanrycke,Loann,3811248,loann.vanrycke@etu.sorbonne-universite.fr,Finished,"14 December 2020  8:58 AM","14 December 2020  10:33 AM","1 hour 34 mins",4.41,1.00,1.00,1.00,1.00,0.00,0.00,0.41
Villard,Lorenzo,3801327,lorenzo.villard@etu.sorbonne-universite.fr,-,-,-,-,-,-,-,-,-,-,-,-
Xu,Jin,3700044,jin.xu@etu.sorbonne-universite.fr,Finished,"13 December 2020  6:37 PM","13 December 2020  7:23 PM","46 mins 32 secs",12.82,1.00,1.00,1.00,1.00,1.00,0.00,7.82
Yalcin,Mehmet,3702332,mehmet.yalcin@etu.sorbonne-universite.fr,Finished,"14 December 2020  12:28 AM","14 December 2020  12:43 AM","14 mins 44 secs",20.00,1.00,1.00,1.00,1.00,1.00,1.00,14.00
Yang,Qing,3872484,qing.yang@etu.sorbonne-universite.fr,Finished,"13 December 2020  6:38 PM","13 December 2020  7:25 PM","47 mins 29 secs",11.59,1.00,1.00,1.00,1.00,1.00,0.00,6.59
Yao,Qingyuan,3970770,qingyuan.yao@etu.sorbonne-universite.fr,Finished,"12 December 2020  7:25 PM","12 December 2020  8:03 PM","38 mins 43 secs",13.06,1.00,1.00,1.00,1.00,0.00,0.00,9.06
Ye,William,3413637,william.ye@etu.sorbonne-universite.fr,Finished,"13 December 2020  11:24 PM","13 December 2020  11:59 PM","35 mins 11 secs",20.00,1.00,1.00,1.00,1.00,1.00,1.00,14.00
Zerrouki,Elies,3802658,elies.zerrouki@etu.sorbonne-universite.fr,Finished,"14 December 2020  9:33 AM","14 December 2020  10:22 AM","49 mins 12 secs",19.00,1.00,1.00,1.00,1.00,0.00,1.00,14.00
Zhang,Kevin,3520893,kevin.zhang@etu.sorbonne-universite.fr,Finished,"13 December 2020  11:19 PM","14 December 2020  12:31 AM","1 hour 12 mins",20.00,1.00,1.00,1.00,1.00,1.00,1.00,14.00
Zhang,Kate,3800131,kate.zhang@etu.sorbonne-universite.fr,Finished,"12 December 2020  3:23 PM","12 December 2020  4:28 PM","1 hour 4 mins",10.82,1.00,0.00,1.00,0.00,1.00,0.00,7.82
Zhang,Eric,3800297,eric.zhang@etu.sorbonne-universite.fr,Finished,"12 December 2020  3:19 PM","12 December 2020  4:04 PM","45 mins 15 secs",10.82,1.00,0.00,1.00,0.00,1.00,0.00,7.82
Zhao,Cong,2351624,cong.zhao@etu.sorbonne-universite.fr,Finished,"13 December 2020  5:26 PM","13 December 2020  6:40 PM","1 hour 13 mins",4.47,1.00,1.00,0.00,0.00,0.00,0.00,2.47
Zheng,Luc,3710230,luc.zheng@etu.sorbonne-universite.fr,Finished,"14 December 2020  8:52 AM","14 December 2020  9:26 AM","34 mins 35 secs",19.00,1.00,1.00,1.00,1.00,0.00,1.00,14.00
Zhou,Jean-Marc,28008879,jean-marc.zhou@etu.sorbonne-universite.fr,Finished,"14 December 2020  3:02 AM","14 December 2020  3:42 AM","40 mins 18 secs",8.41,0.00,0.00,0.00,0.00,1.00,0.00,7.41
Ziegler,Clara,3709947,clara.ziegler@etu.sorbonne-universite.fr,Finished,"12 December 2020  3:23 PM","12 December 2020  4:21 PM","57 mins 54 secs",14.47,1.00,1.00,1.00,1.00,1.00,0.00,9.47
Zinopoulos-Yannopoulos,Florian,3708962,florian.zinopoulos-yannopoulos@etu.sorbonne-universite.fr,Finished,"13 December 2020  2:59 PM","13 December 2020  3:55 PM","56 mins 26 secs",19.00,1.00,1.00,1.00,1.00,1.00,0.00,14.00
"Zou Al Guyna",Louai,3680880,louai.zou_al_guyna@etu.sorbonne-universite.fr,-,-,-,-,-,-,-,-,-,-,-,-
"Overall average",,,,,,,,16.29,0.94,0.89,0.91,0.87,0.65,0.52,11.51
