﻿Surname,"First name","ID number","Email address",State,"Started on",Completed,"Time taken",Grade/20.00,"Q. 1 /6.67","Q. 2 /6.67","Q. 3 /6.67"
Abdillahi,"Ben Idris Michel",3812573,ben.abdillahi@etu.sorbonne-universite.fr,Finished,"7 janvier 2022  2:00 ","7 janvier 2022  3:30 ","1 hour 30 mins",9.22,6.53,1.44,1.26
Abeles,Walter,28610484,walter.abeles@etu.sorbonne-universite.fr,Finished,"7 janvier 2022  2:00 ","7 janvier 2022  3:30 ","1 hour 30 mins",10.72,6.32,3.33,1.08
Abkress,Barka,28606227,barka.abkress.1@etu.sorbonne-universite.fr,Finished,"7 janvier 2022  2:00 ","7 janvier 2022  3:30 ","1 hour 30 mins",7.71,5.68,0.94,1.08
Afoulous,Oumaima,3802791,oumaima.afoulous@etu.sorbonne-universite.fr,-,-,-,-,-,-,-,-
"Ahmed Ali",Nassim,21113025,Nassim.Ahmed_Ali@etu.sorbonne-universite.fr,Finished,"7 janvier 2022  2:00 ","7 janvier 2022  3:30 ","1 hour 30 mins",10.61,6.46,2.90,1.26
"Ait Khelifa",Tanina,21110432,Tanina.Ait_Khelifa@etu.sorbonne-universite.fr,Finished,"7 janvier 2022  2:00 ","7 janvier 2022  3:30 ","1 hour 30 mins",6.85,3.58,2.74,0.54
Akhtarkhavari,Parto,28606489,parto.akhtarkhavari.1@etu.sorbonne-universite.fr,Finished,"7 janvier 2022  2:00 ","7 janvier 2022  3:30 ","1 hour 30 mins",7.08,5.61,1.46,-
"Al Awayd",Wissam,3701350,wissam.al_awayd@etu.sorbonne-universite.fr,-,-,-,-,-,-,-,-
Alayoud,Yanis,28600748,yanis.alayoud.1@etu.sorbonne-universite.fr,Finished,"7 janvier 2022  2:00 ","7 janvier 2022  3:30 ","1 hour 29 mins",9.93,6.53,2.68,0.72
Albitar,Nadia,3671406,nadia.albitar@etu.sorbonne-universite.fr,Finished,"7 janvier 2022  2:00 ","7 janvier 2022  3:30 ","1 hour 30 mins",6.26,3.02,1.08,2.16
Alexandre,Ronald,3407195,ronald.alexandre@etu.sorbonne-universite.fr,-,-,-,-,-,-,-,-
Alliot,Leane,28602178,leane.alliot.1@etu.sorbonne-universite.fr,Finished,"7 janvier 2022  2:00 ","7 janvier 2022  3:30 ","1 hour 30 mins",9.27,6.11,2.62,0.54
Amanzougarene,Eldjouher,3601270,eldjouher.amanzougarene@etu.sorbonne-universite.fr,Finished,"7 janvier 2022  3:46 ","7 janvier 2022  5:45 ","1 hour 59 mins",4.15,2.53,-,1.62
Amnache,Atena,28618735,atena.amnache@etu.sorbonne-universite.fr,-,-,-,-,-,-,-,-
Amri,Malek,28710546,Malek.Amri@etu.sorbonne-universite.fr,Finished,"7 janvier 2022  2:00 ","7 janvier 2022  3:30 ","1 hour 30 mins",8.86,5.75,2.03,1.08
Aouchiche,Juba,28610319,juba.aouchiche@etu.sorbonne-universite.fr,Finished,"7 janvier 2022  2:00 ","7 janvier 2022  3:30 ","1 hour 30 mins",9.21,6.32,2.89,-
"Arbulu Sedano",Diego,3808688,diego.arbulu_sedano@etu.sorbonne-universite.fr,Finished,"7 janvier 2022  2:00 ","7 janvier 2022  3:30 ","1 hour 30 mins",9.07,6.32,1.68,1.08
Archambaud,Florian,3804270,florian.archambaud@etu.sorbonne-universite.fr,Finished,"7 janvier 2022  3:45 ","7 janvier 2022  5:44 ","1 hour 59 mins",11.52,6.60,3.67,1.26
Arnal,Anaïs,28609148,anais.arnal@etu.sorbonne-universite.fr,Finished,"7 janvier 2022  2:00 ","7 janvier 2022  3:30 ","1 hour 29 mins",7.95,4.49,2.56,0.90
Atsé,Yapi,3803860,yapi.atse@etu.sorbonne-universite.fr,Finished,"7 janvier 2022  2:00 ","7 janvier 2022  3:30 ","1 hour 30 mins",6.82,5.40,0.34,1.08
Ayed,Bilel,28626848,bilel.ayed.1@etu.sorbonne-universite.fr,Finished,"7 janvier 2022  2:07 ","7 janvier 2022  3:31 ","1 hour 23 mins",7.78,5.82,0.88,1.08
Baasch,Matthias,21109634,Matthias.Baasch@etu.sorbonne-universite.fr,-,-,-,-,-,-,-,-
Babaali,Mohamed,28601465,mohamed.babaali.1@etu.sorbonne-universite.fr,Finished,"7 janvier 2022  2:00 ","7 janvier 2022  3:30 ","1 hour 30 mins",9.22,5.26,2.87,1.08
Bait,Alexander,28609336,alexander.bait.1@etu.sorbonne-universite.fr,Finished,"7 janvier 2022  2:00 ","7 janvier 2022  3:30 ","1 hour 30 mins",8.56,4.98,2.68,0.90
Ball,Ndiaye,3702933,ndiaye.ball@etu.sorbonne-universite.fr,-,-,-,-,-,-,-,-
Baloul,"Mohamed Ryane",21113008,Mohamed_Ryane.Baloul@etu.sorbonne-universite.fr,-,-,-,-,-,-,-,-
Bayoudh,Fares,28600163,fares.bayoudh.1@etu.sorbonne-universite.fr,Finished,"7 janvier 2022  2:00 ","7 janvier 2022  3:30 ","1 hour 30 mins",10.38,6.60,2.52,1.26
Bazil,Olando,28608499,olando.bazil@etu.sorbonne-universite.fr,Finished,"7 janvier 2022  2:00 ","7 janvier 2022  3:30 ","1 hour 30 mins",7.98,4.63,2.63,0.72
Beldjilali,Amel,21115553,Amel.Beldjilali@etu.sorbonne-universite.fr,Finished,"7 janvier 2022  2:00 ","7 janvier 2022  3:30 ","1 hour 30 mins",12.22,6.39,5.12,0.72
Bellaiche,Samuel,28600786,samuel.bellaiche.1@etu.sorbonne-universite.fr,Finished,"7 janvier 2022  2:00 ","7 janvier 2022  3:30 ","1 hour 30 mins",6.84,4.21,0.46,2.16
Bellaoud,Nassim,3700196,nassim.bellaoud@etu.sorbonne-universite.fr,Finished,"7 janvier 2022  2:00 ","7 janvier 2022  3:30 ","1 hour 30 mins",6.26,4.21,0.97,1.08
Ben-Mohamed,Ines,28607963,ines.ben-mohamed.1@etu.sorbonne-universite.fr,-,-,-,-,-,-,-,-
Benhaddad,Ahcene,3804630,ahcene.benhadddad@etu.sorbonne-universite.fr,-,-,-,-,-,-,-,-
Benlaldj,"Zohra Chihez",21112712,Zohra_Chihez.Benlaldj@etu.sorbonne-universite.fr,Finished,"7 janvier 2022  2:00 ","7 janvier 2022  3:30 ","1 hour 30 mins",9.03,5.26,2.87,0.90
Benmansour,Sofiane,3504377,sofiane.benmansour@etu.sorbonne-universite.fr,-,-,-,-,-,-,-,-
Berrada,Nacer,28610440,nacer.berrada@etu.sorbonne-universite.fr,Finished,"7 janvier 2022  2:00 ","7 janvier 2022  3:30 ","1 hour 30 mins",9.95,5.68,3.55,0.72
Berrichi,Manelle,28600291,manelle.berrichi.1@etu.sorbonne-universite.fr,Finished,"7 janvier 2022  2:00 ","7 janvier 2022  3:30 ","1 hour 30 mins",10.79,6.39,3.86,0.54
Besnier,Lucien,3803479,lucien.besnier@etu.sorbonne-universite.fr,Finished,"7 janvier 2022  2:00 ","7 janvier 2022  3:22 ","1 hour 22 mins",6.17,4.21,1.24,0.72
Bessad,Melina,28610730,melina.bessad@etu.sorbonne-universite.fr,Finished,"7 janvier 2022  2:00 ","7 janvier 2022  3:30 ","1 hour 30 mins",9.64,5.75,3.88,-
Bikou,Angie-Sofia,3700648,angie-sofia.bikou@etu.sorbonne-universite.fr,Finished,"7 janvier 2022  2:00 ","7 janvier 2022  3:30 ","1 hour 29 mins",2.94,1.47,0.03,1.44
Billon,Martin,3801962,martin.billon@etu.sorbonne-universite.fr,Finished,"7 janvier 2022  2:00 ","7 janvier 2022  3:30 ","1 hour 29 mins",3.89,3.65,0.24,0.00
"Blasco Gallego",Lucia,21109706,Lucia.Blasco_Gallego@etu.sorbonne-universite.fr,Finished,"7 janvier 2022  2:00 ","7 janvier 2022  3:30 ","1 hour 30 mins",8.04,5.40,2.63,0.00
Boda,Jeremy,28603394,jeremy.boda.1@etu.sorbonne-universite.fr,Finished,"7 janvier 2022  2:00 ","7 janvier 2022  3:30 ","1 hour 30 mins",14.85,6.46,3.53,4.86
Bontempelli,Manon,28600844,manon.bontempelli.1@etu.sorbonne-universite.fr,Finished,"7 janvier 2022  2:00 ","7 janvier 2022  3:30 ","1 hour 30 mins",7.50,5.68,1.45,0.36
Bouaicha,Kenza,3703308,kenza.bouaicha@etu.sorbonne-universite.fr,Finished,"7 janvier 2022  2:00 ","7 janvier 2022  3:30 ","1 hour 30 mins",3.20,0.63,2.57,0.00
Boucherrab,Rayan,28610497,rayan.boucherrab@etu.sorbonne-universite.fr,Finished,"7 janvier 2022  2:00 ","7 janvier 2022  3:30 ","1 hour 30 mins",9.69,3.30,5.13,1.26
Bouchouchi,Nour,28600211,nour.bouchouchi.1@etu.sorbonne-universite.fr,Finished,"7 janvier 2022  2:00 ","7 janvier 2022  3:30 ","1 hour 30 mins",11.31,6.25,3.80,1.26
Bouheraoua,Sarah,21113695,Sarah.Bouheraoua@etu.sorbonne-universite.fr,-,-,-,-,-,-,-,-
Bouhraoua,Ines,21115204,Ines.Bouhraoua@etu.sorbonne-universite.fr,Finished,"7 janvier 2022  2:00 ","7 janvier 2022  3:30 ","1 hour 29 mins",8.41,5.68,1.82,0.90
Bouloudani,Haroun,28002307,Haroun.Bouloudani@etu.sorbonne-universite.fr,Finished,"7 janvier 2022  2:00 ","7 janvier 2022  3:30 ","1 hour 29 mins",7.31,5.12,1.47,0.72
Bounichou,Hugo,3700560,hugo.bounichou@etu.sorbonne-universite.fr,-,-,-,-,-,-,-,-
Bourekh,Zidane,3677063,zidane.bourekh@etu.sorbonne-universite.fr,Finished,"7 janvier 2022  2:03 ","7 janvier 2022  3:31 ","1 hour 28 mins",2.45,0.98,0.93,0.54
Bourlette,Lucas,3672216,lucas.bourlette@etu.sorbonne-universite.fr,-,-,-,-,-,-,-,-
Boutaleb,"Mohamed Allaa Eddine",21112734,Mohamed_Allaa_Eddine.Boutaleb@etu.sorbonne-universite.fr,Finished,"7 janvier 2022  2:00 ","7 janvier 2022  3:30 ","1 hour 30 mins",13.72,6.32,5.60,1.80
"Bouton Popper",Jules,28600665,jules.bouton.2@etu.sorbonne-universite.fr,Finished,"7 janvier 2022  2:00 ","7 janvier 2022  3:30 ","1 hour 30 mins",10.40,6.32,3.54,0.54
Bouzaglou,Ariel,28607480,ariel.bouzaglou.1@etu.sorbonne-universite.fr,Finished,"7 janvier 2022  2:00 ","7 janvier 2022  3:30 ","1 hour 29 mins",10.71,6.25,3.38,1.08
Boyadjiev,Todor,28507548,todor.boyadjiev.2@etu.sorbonne-universite.fr,Finished,"7 janvier 2022  2:00 ","7 janvier 2022  3:30 ","1 hour 30 mins",6.83,2.74,2.29,1.80
Brazane,Sabrina,3803162,sabrina.brazane@etu.sorbonne-universite.fr,Finished,"7 janvier 2022  2:00 ","7 janvier 2022  3:30 ","1 hour 30 mins",6.01,3.65,0.20,2.16
Caraux,Theophane,28602627,theophane.caraux.1@etu.sorbonne-universite.fr,Finished,"7 janvier 2022  2:00 ","7 janvier 2022  3:30 ","1 hour 29 mins",6.47,4.21,1.18,1.08
Chaouati,Oualid,21114737,Oualid.Chaouati@etu.sorbonne-universite.fr,Finished,"7 janvier 2022  2:00 ","7 janvier 2022  3:30 ","1 hour 30 mins",5.54,2.53,2.83,0.18
Charlot,Théo,3804195,theo.charlot@etu.sorbonne-universite.fr,-,-,-,-,-,-,-,-
Chen,Jinhe,3802503,jinhe.chen@etu.sorbonne-universite.fr,Finished,"7 janvier 2022  2:00 ","7 janvier 2022  3:29 ","1 hour 29 mins",6.97,4.21,1.32,1.44
Cherfaoui,Melissa,28720090,Melissa.Cherfaoui@etu.sorbonne-universite.fr,Finished,"7 janvier 2022  2:00 ","7 janvier 2022  3:30 ","1 hour 30 mins",8.93,6.46,2.11,0.36
Cherfi,Farouck,3407463,farouck.cherfi@etu.sorbonne-universite.fr,Finished,"7 janvier 2022  2:00 ","7 janvier 2022  3:30 ","1 hour 30 mins",9.88,6.46,2.16,1.26
Chikh,Mehdi,3677161,mehdi.chikh@etu.sorbonne-universite.fr,Finished,"7 janvier 2022  2:00 ","7 janvier 2022  2:15 ","15 mins",10.00,6.18,2.92,0.90
Chikh,Mehdi,3677161,mehdi.chikh@etu.sorbonne-universite.fr,Finished,"7 janvier 2022  3:57 ","7 janvier 2022  5:25 ","1 hour 27 mins",11.01,6.53,3.77,0.72
Cohen,Orlane,28603418,orlane.cohen.1@etu.sorbonne-universite.fr,Finished,"7 janvier 2022  2:00 ","7 janvier 2022  3:30 ","1 hour 30 mins",10.10,6.18,3.21,0.72
Corlue,Florian,28607538,florian.corlue.1@etu.sorbonne-universite.fr,Finished,"7 janvier 2022  2:02 ","7 janvier 2022  3:31 ","1 hour 28 mins",8.64,5.47,2.62,0.54
Curaut,Charline,3810013,Charline.Curaut@etu.sorbonne-universite.fr,Finished,"7 janvier 2022  2:00 ","7 janvier 2022  3:30 ","1 hour 30 mins",12.34,6.39,5.05,0.90
Dabrowski,Mateusz,21109700,Mateusz.Dabrowski@etu.sorbonne-universite.fr,-,-,-,-,-,-,-,-
"De Sacy",Anne,28610199,anne.silvestre_de_sacy-nougaret-@etu.sorbonne-universite.fr,Finished,"7 janvier 2022  2:00 ","7 janvier 2022  3:30 ","1 hour 29 mins",14.09,5.89,5.78,2.52
Delgado,Thomas,3407716,thomas.delgado@etu.sorbonne-universite.fr,Finished,"7 janvier 2022  2:03 ","7 janvier 2022  3:31 ","1 hour 27 mins",8.42,5.54,1.07,1.80
Diallo,"Mohamed Aliou",28604190,mohamed.diallo@etu.sorbonne-universite.fr,Finished,"7 janvier 2022  2:00 ","7 janvier 2022  3:30 ","1 hour 30 mins",9.97,5.96,2.56,1.44
Diallo,Faldou,3674474,faldou.diallo@etu.sorbonne-universite.fr,Finished,"7 janvier 2022  2:01 ","7 janvier 2022  3:31 ","1 hour 30 mins",2.99,0.91,2.08,-
Doucouré,Dramane,3520680,dramane.doucoure@etu.sorbonne-universite.fr,-,-,-,-,-,-,-,-
Doufene,Malik,21113747,Malik.Doufene@etu.sorbonne-universite.fr,Finished,"7 janvier 2022  2:00 ","7 janvier 2022  3:30 ","1 hour 30 mins",12.36,6.39,5.98,-
Drouard,François-Xavier,3800028,francois-xavier.drouard@etu.sorbonne-universite.fr,Finished,"7 janvier 2022  2:00 ","7 janvier 2022  3:30 ","1 hour 29 mins",8.94,5.12,2.74,1.08
Du,Sylvain,28607117,sylvain.du.1@etu.sorbonne-universite.fr,Finished,"7 janvier 2022  2:14 ","7 janvier 2022  3:32 ","1 hour 17 mins",3.10,1.05,1.15,0.90
Dziri,Hakim,3800075,hakim.dziri@etu.sorbonne-universite.fr,-,-,-,-,-,-,-,-
"El Bouhali",Mouataz,28619891,mouataz.el_bouhali@etu.sorbonne-universite.fr,Finished,"7 janvier 2022  2:00 ","7 janvier 2022  3:30 ","1 hour 30 mins",6.86,4.28,1.86,0.72
"El Fahdi",Ismaël,3802719,ismael.el_fahdi@etu.sorbonne-universite.fr,-,-,-,-,-,-,-,-
"El Ghali",Yosr,3802466,yosr.elghali@etu.sorbonne-universite.fr,Finished,"7 janvier 2022  2:00 ","7 janvier 2022  3:30 ","1 hour 30 mins",7.95,5.54,2.41,-
"El Khaddar",Marwan,3673536,marwan.el_khaddar@etu.sorbonne-universite.fr,-,-,-,-,-,-,-,-
"El Youbi",Ali,3506467,ali.el_youbi@etu.sorbonne-universite.fr,-,-,-,-,-,-,-,-
Erjil,Hichem,28600653,hichem.erjil.1@etu.sorbonne-universite.fr,Finished,"7 janvier 2022  2:00 ","7 janvier 2022  3:30 ","1 hour 29 mins",10.17,5.61,2.94,1.62
Exertier,Firmin,28610514,firmin.exertier@etu.sorbonne-universite.fr,Finished,"7 janvier 2022  2:00 ","7 janvier 2022  3:30 ","1 hour 30 mins",6.90,4.63,0.10,2.16
Fahmy,Youssef,28609831,youssef.fahmy@etu.sorbonne-universite.fr,Finished,"7 janvier 2022  2:00 ","7 janvier 2022  3:30 ","1 hour 30 mins",10.35,6.46,2.45,1.44
Felix,Wycherley-Kassel,3702385,wycherley-kassel.felix@etu.sorbonne-universite.fr,Finished,"7 janvier 2022  2:08 ","7 janvier 2022  3:37 ","1 hour 29 mins",2.54,1.40,0.41,0.72
Francoise,Raphael,28600759,raphael.francoise.1@etu.sorbonne-universite.fr,Finished,"7 janvier 2022  2:00 ","7 janvier 2022  3:30 ","1 hour 30 mins",9.28,6.46,2.82,-
Frigola,Arthur,28607831,arthur.frigola.1@etu.sorbonne-universite.fr,Finished,"7 janvier 2022  2:00 ","7 janvier 2022  3:30 ","1 hour 30 mins",7.14,5.54,0.16,1.44
Fu,Zhenyue,28620112,zhenyue.fu@etu.sorbonne-universite.fr,Finished,"7 janvier 2022  2:00 ","7 janvier 2022  3:30 ","1 hour 30 mins",4.56,4.28,0.28,-
Fumard,Lucas,28602386,lucas.fumard.1@etu.sorbonne-universite.fr,Finished,"7 janvier 2022  2:00 ","7 janvier 2022  3:30 ","1 hour 30 mins",10.35,6.53,2.58,1.26
Gallet,Camille,3700630,camille.gallet.1@etu.sorbonne-universite.fr,Finished,"7 janvier 2022  2:00 ","7 janvier 2022  3:30 ","1 hour 30 mins",9.45,5.26,2.39,1.80
Gaudinot,Salomon,28600769,salomon.gaudinot.1@etu.sorbonne-universite.fr,Finished,"7 janvier 2022  2:00 ","7 janvier 2022  3:30 ","1 hour 30 mins",7.60,6.32,0.03,1.26
Gaydon,Julie,28606830,julie.gaydon@etu.sorbonne-universite.fr,Finished,"7 janvier 2022  2:00 ","7 janvier 2022  3:30 ","1 hour 30 mins",9.74,6.39,2.64,0.72
Gazquez,Miguel,28600492,miguel.gazquez.1@etu.sorbonne-universite.fr,Finished,"7 janvier 2022  2:00 ","7 janvier 2022  3:30 ","1 hour 30 mins",10.64,5.61,5.02,0.00
Giuliani,Carla,28605022,carla.giuliani.2@etu.sorbonne-universite.fr,-,-,-,-,-,-,-,-
Gojak,Zlatan,3801873,zlatan.gojak@etu.sorbonne-universite.fr,Finished,"7 janvier 2022  2:00 ","7 janvier 2022  3:30 ","1 hour 29 mins",9.06,6.04,2.30,0.72
Goulmot,Cedric,3971371,cedric.goulmot@etu.sorbonne-universite.fr,-,-,-,-,-,-,-,-
Guo,Youheng,28711440,Youheng.Guo@etu.sorbonne-universite.fr,Finished,"7 janvier 2022  2:00 ","7 janvier 2022  3:30 ","1 hour 29 mins",10.21,6.11,3.02,1.08
Hadji,Mohamed,3702996,mohamed.hadji@etu.sorbonne-universite.fr,Finished,"7 janvier 2022  2:00 ","7 janvier 2022  3:30 ","1 hour 30 mins",7.69,3.93,3.04,0.72
Halila,Youssef,28610207,youssef.halila@etu.sorbonne-universite.fr,-,-,-,-,-,-,-,-
Halit,Yanis,28600464,yanis.halit.1@etu.sorbonne-universite.fr,-,-,-,-,-,-,-,-
Hamadouche,Mebarek,28506638,mebarek.hamadouche@etu.sorbonne-universite.fr,Finished,"7 janvier 2022  2:00 ","7 janvier 2022  3:30 ","1 hour 30 mins",8.12,4.63,2.58,0.90
Hamdi,Charafeddine,3800477,charafeddine.hamdi@etu.sorbonne-universite.fr,Finished,"7 janvier 2022  3:45 ","7 janvier 2022  5:44 ","1 hour 59 mins",8.76,4.49,2.83,1.44
Hammachi,Nourdinne,28604304,nourdinne.hammachi.1@etu.sorbonne-universite.fr,Finished,"7 janvier 2022  2:00 ","7 janvier 2022  3:30 ","1 hour 30 mins",10.07,5.12,4.23,0.72
Hassanein,Youssef,3522807,youssef.hassanein@etu.sorbonne-universite.fr,-,-,-,-,-,-,-,-
Hayat,Ruben,28608396,ruben.hayat.1@etu.sorbonne-universite.fr,Finished,"7 janvier 2022  2:09 ","7 janvier 2022  3:39 ","1 hour 30 mins",9.47,5.75,3.72,-
Hebert,Thomas,3708782,thomas.hebert@etu.sorbonne-universite.fr,Finished,"7 janvier 2022  2:00 ","7 janvier 2022  3:30 ","1 hour 30 mins",9.80,5.96,2.40,1.44
Hwang,"Chan Yeong",28610448,chan.hwang@etu.sorbonne-universite.fr,Finished,"7 janvier 2022  2:00 ","7 janvier 2022  3:30 ","1 hour 30 mins",8.93,5.47,2.38,1.08
"Ibobi Sambila",Osee,3704090,osee.ibobi_sambila@etu.sorbonne-universite.fr,-,-,-,-,-,-,-,-
Idouar,Yacine,28610117,yacine.idouar@etu.sorbonne-universite.fr,Finished,"7 janvier 2022  2:00 ","7 janvier 2022  3:30 ","1 hour 29 mins",10.19,5.89,3.04,1.26
Ikhenoussene,Yanis,28601953,yanis.ikhenoussene.1@etu.sorbonne-universite.fr,Finished,"7 janvier 2022  2:00 ","7 janvier 2022  3:30 ","1 hour 30 mins",9.55,5.82,2.83,0.90
Illouz,Maxime,28600470,maxime.illouz.1@etu.sorbonne-universite.fr,Finished,"7 janvier 2022  2:00 ","7 janvier 2022  3:30 ","1 hour 30 mins",5.47,2.95,1.80,0.72
Ith,Marc,3302184,marc.ith@etu.sorbonne-universite.fr,-,-,-,-,-,-,-,-
Jankovskaja,Elina,28607314,elina.jankovskaja.1@etu.sorbonne-universite.fr,Finished,"7 janvier 2022  2:00 ","7 janvier 2022  3:30 ","1 hour 30 mins",11.08,6.46,3.36,1.26
"Jean Marie Flore",Samuel,3800583,samuel.jean_marie_flore@etu.sorbonne-universite.fr,-,-,-,-,-,-,-,-
Jriby,Jawher,3702809,jawher.jriby@etu.sorbonne-universite.fr,Finished,"7 janvier 2022  2:00 ","7 janvier 2022  3:30 ","1 hour 30 mins",8.35,4.49,2.60,1.26
"K Murali",Sharane,3701883,sharane.k_murali@etu.sorbonne-universite.fr,Finished,"7 janvier 2022  2:00 ","7 janvier 2022  3:29 ","1 hour 29 mins",2.25,2.11,0.14,0.00
Kabongo,Ben,21116436,Ben.Kabongo@etu.sorbonne-universite.fr,Finished,"7 janvier 2022  2:00 ","7 janvier 2022  3:30 ","1 hour 30 mins",11.51,6.18,4.97,0.36
Kada,Dina,28601301,dina.kada.1@etu.sorbonne-universite.fr,Finished,"7 janvier 2022  2:00 ","7 janvier 2022  3:30 ","1 hour 30 mins",9.21,5.61,2.70,0.90
Kamouche,Neila,28605864,neila.kamouche.1@etu.sorbonne-universite.fr,Finished,"7 janvier 2022  2:00 ","7 janvier 2022  3:30 ","1 hour 30 mins",7.79,4.84,2.23,0.72
Ke,Ilene,3700453,ilene.ke@etu.sorbonne-universite.fr,Finished,"7 janvier 2022  2:00 ","7 janvier 2022  3:30 ","1 hour 30 mins",4.44,2.95,0.24,1.26
Kedadry,Yannis,3808875,yannis.kedadry@etu.sorbonne-universite.fr,Finished,"7 janvier 2022  2:00 ","7 janvier 2022  3:30 ","1 hour 30 mins",11.27,6.60,2.51,2.16
Kemiche,Koceila,21114731,Koceila.Kemiche@etu.sorbonne-universite.fr,Finished,"7 janvier 2022  2:00 ","7 janvier 2022  3:29 ","1 hour 29 mins",8.04,4.35,3.33,0.36
Kerharo,Cathy,28600559,cathy.kerharo.1@etu.sorbonne-universite.fr,-,-,-,-,-,-,-,-
Khan,Anin,3801610,anin.khan@etu.sorbonne-universite.fr,Finished,"7 janvier 2022  2:00 ","7 janvier 2022  3:30 ","1 hour 30 mins",11.90,6.53,2.31,3.06
Klich,"Nour Elhouda",28610130,nour.klich@etu.sorbonne-universite.fr,Finished,"7 janvier 2022  2:00 ","7 janvier 2022  3:30 ","1 hour 30 mins",12.87,6.11,6.04,0.72
Kolli,Hamid,28717594,Hamid.Kolli@etu.sorbonne-universite.fr,Finished,"7 janvier 2022  3:45 ","7 janvier 2022  5:15 ","1 hour 30 mins",13.38,5.05,5.80,2.52
Korrabi,Madjid,28614924,madjid.korrabi@etu.sorbonne-universite.fr,Finished,"7 janvier 2022  3:45 ","7 janvier 2022  5:15 ","1 hour 30 mins",6.15,4.84,1.31,-
Koskas,Ilan,3800162,ilan.koskas@etu.sorbonne-universite.fr,Finished,"7 janvier 2022  3:45 ","7 janvier 2022  5:15 ","1 hour 30 mins",7.78,4.21,2.85,0.72
"Koumgang Tegantchouang",Adrien,21109170,Adrien.Koumgang_Tegantchouang@etu.sorbonne-universite.fr,Finished,"7 janvier 2022  3:45 ","7 janvier 2022  5:15 ","1 hour 30 mins",5.01,2.53,1.04,1.44
Kwonn,Simon,3709743,simon.kwonn@etu.sorbonne-universite.fr,Finished,"7 janvier 2022  3:45 ","7 janvier 2022  5:15 ","1 hour 30 mins",9.82,6.11,2.09,1.62
Labady,"Sterley Gilbert",21100776,Sterley_Gilbert.Labady@etu.sorbonne-universite.fr,Finished,"7 janvier 2022  3:45 ","7 janvier 2022  5:15 ","1 hour 30 mins",8.43,4.42,4.01,-
Lachachi,Yasmine,28710229,Yasmine.Lachachi@etu.sorbonne-universite.fr,-,-,-,-,-,-,-,-
Lachemot,Cédric,3705179,cedric.lachemot@etu.sorbonne-universite.fr,-,-,-,-,-,-,-,-
Lachgar,Amine,3802257,amine.lachgar@etu.sorbonne-universite.fr,-,-,-,-,-,-,-,-
Lacoume,Claire,28610667,claire.lacoume@etu.sorbonne-universite.fr,Finished,"7 janvier 2022  3:45 ","7 janvier 2022  5:15 ","1 hour 30 mins",12.64,6.32,5.60,0.72
Lam,Stéphane,3672320,stephane.lam@etu.sorbonne-universite.fr,Finished,"7 janvier 2022  3:45 ","7 janvier 2022  5:15 ","1 hour 29 mins",3.56,2.11,0.55,0.90
Lechgar,Houssam,28610190,houssam.lechgar@etu.sorbonne-universite.fr,-,-,-,-,-,-,-,-
Lee,"Jae Wook",21108842,Jae_Wook.Lee@etu.sorbonne-universite.fr,Finished,"7 janvier 2022  3:45 ","7 janvier 2022  5:15 ","1 hour 30 mins",10.47,5.82,2.84,1.80
Legendre--Despas,Jeanne,3810768,jeanne.legendre--despas@etu.sorbonne-universite.fr,Finished,"7 janvier 2022  3:45 ","7 janvier 2022  5:15 ","1 hour 30 mins",7.82,6.53,1.29,-
Lemaitre,Alexandre,3876023,alexandre.lemaitre@etu.sorbonne-universite.fr,-,-,-,-,-,-,-,-
"Levanson Dit Akbarali","Mohamed Hasir",28601393,mohamed.levanson_dit_akbarali@etu.sorbonne-universite.fr,Finished,"7 janvier 2022  3:45 ","7 janvier 2022  5:15 ","1 hour 30 mins",10.15,6.67,2.40,1.08
Li,Junji,28610187,junji.li@etu.sorbonne-universite.fr,Finished,"7 janvier 2022  3:45 ","7 janvier 2022  5:15 ","1 hour 29 mins",11.79,6.18,3.09,2.52
Lifsal,Loubna,3309154,loubna.lifsal@etu.sorbonne-universite.fr,Finished,"7 janvier 2022  3:53 ","7 janvier 2022  5:23 ","1 hour 30 mins",2.80,1.96,0.84,-
Lin,Jeremy,28602292,jeremy.lin.1@etu.sorbonne-universite.fr,-,-,-,-,-,-,-,-
Lin,Charles,3812676,Charles.Lin@etu.sorbonne-universite.fr,Finished,"7 janvier 2022  3:45 ","7 janvier 2022  5:14 ","1 hour 29 mins",9.35,6.32,2.49,0.54
Longuet,Axel,28600563,axel.longuet.1@etu.sorbonne-universite.fr,Finished,"7 janvier 2022  3:45 ","7 janvier 2022  5:15 ","1 hour 30 mins",13.85,6.32,5.73,1.80
Loyau-Kahn,Felix,28607223,felix.loyau-kahn@etu.sorbonne-universite.fr,Finished,"7 janvier 2022  3:50 ","7 janvier 2022  5:18 ","1 hour 27 mins",6.33,4.35,0.72,1.26
Luo,Yukai,28620155,yukai.luo@etu.sorbonne-universite.fr,Finished,"7 janvier 2022  3:45 ","7 janvier 2022  5:15 ","1 hour 30 mins",11.04,6.18,3.06,1.80
Luvisamo,"Mulemesa Jessy",3415756,mulemesa.luvisamo@etu.sorbonne-universite.fr,Finished,"7 janvier 2022  3:45 ","7 janvier 2022  5:15 ","1 hour 30 mins",6.36,3.65,2.71,0.00
Ly,Sylvie,3522190,sylvie.ly@etu.sorbonne-universite.fr,Finished,"7 janvier 2022  3:45 ","7 janvier 2022  5:15 ","1 hour 30 mins",6.08,4.84,1.24,-
Macabre,Loona,28609645,loona.macabre.1@etu.sorbonne-universite.fr,Finished,"7 janvier 2022  3:45 ","7 janvier 2022  5:15 ","1 hour 30 mins",9.18,3.37,2.92,2.88
Maire,Maxence,28605064,maxence.maire@etu.sorbonne-universite.fr,Finished,"7 janvier 2022  3:45 ","7 janvier 2022  5:15 ","1 hour 30 mins",9.15,6.11,2.69,0.36
Makhlouf,Rayane,28617603,rayane.makhlouf@etu.sorbonne-universite.fr,Finished,"7 janvier 2022  3:45 ","7 janvier 2022  5:15 ","1 hour 29 mins",10.85,6.53,3.24,1.08
Marques,Romain,28600712,romain.marques.1@etu.sorbonne-universite.fr,Finished,"7 janvier 2022  3:45 ","7 janvier 2022  5:15 ","1 hour 30 mins",12.40,5.89,5.25,1.26
Martin,Amaury,28610127,amaury.martin.1@etu.sorbonne-universite.fr,Finished,"7 janvier 2022  3:45 ","7 janvier 2022  5:15 ","1 hour 30 mins",6.48,3.93,0.03,2.52
Mastor,Assia,28602563,assia.mastor.1@etu.sorbonne-universite.fr,Finished,"7 janvier 2022  3:45 ","7 janvier 2022  5:15 ","1 hour 30 mins",3.31,2.46,0.31,0.54
Mazari,Messilva,28610328,messilva.mazari@etu.sorbonne-universite.fr,Finished,"7 janvier 2022  3:45 ","7 janvier 2022  5:15 ","1 hour 30 mins",9.67,6.60,2.71,0.36
Mbaye,Souleymane,28717871,Souleymane.Mbaye@etu.sorbonne-universite.fr,Finished,"7 janvier 2022  3:45 ","7 janvier 2022  5:15 ","1 hour 30 mins",9.23,6.53,2.70,0.00
Mbouranga,Winn-Elie,28601343,winn-elie.mbouranga.1@etu.sorbonne-universite.fr,Finished,"7 janvier 2022  3:46 ","7 janvier 2022  5:16 ","1 hour 29 mins",6.50,4.35,2.15,0.00
Meddah,Sarah,3603679,sarah.meddah@etu.sorbonne-universite.fr,Finished,"7 janvier 2022  3:45 ","7 janvier 2022  5:15 ","1 hour 30 mins",8.39,5.96,1.71,0.72
Mekhloufi,Zakaria,3809215,zakaria.mekhloufi@etu.sorbonne-universite.fr,Finished,"7 janvier 2022  3:45 ","7 janvier 2022  5:15 ","1 hour 29 mins",6.78,2.95,3.83,-
Mellul,Yona,3800646,yona.mellul@etu.sorbonne-universite.fr,-,-,-,-,-,-,-,-
"Melot Chesnel",Josephine,28603036,josephine.melot_chesnel.1@etu.sorbonne-universite.fr,Finished,"7 janvier 2022  3:45 ","7 janvier 2022  5:15 ","1 hour 30 mins",9.46,5.33,1.78,2.34
Mendes,Hugo,3670527,hugo.mendes@etu.sorbonne-universite.fr,-,-,-,-,-,-,-,-
"Mendez Chacon",Paula,21109001,Paula.Mendez_Chacon@etu.sorbonne-universite.fr,Finished,"7 janvier 2022  3:46 ","7 janvier 2022  5:16 ","1 hour 30 mins",13.63,6.04,5.80,1.80
Millard,Maxime,28602830,maxime.millard.1@etu.sorbonne-universite.fr,Finished,"7 janvier 2022  3:45 ","7 janvier 2022  5:15 ","1 hour 30 mins",7.65,4.70,1.33,1.62
Mistry,Darshan,3670280,darshan.mistry@etu.sorbonne-universite.fr,-,-,-,-,-,-,-,-
Mohamed,Djamila,28609129,djamila.mohamed@etu.sorbonne-universite.fr,Finished,"7 janvier 2022  3:45 ","7 janvier 2022  5:15 ","1 hour 30 mins",2.77,2.11,0.66,0.00
Moreau,Nino,28603833,nino.moreau.1@etu.sorbonne-universite.fr,Finished,"7 janvier 2022  3:45 ","7 janvier 2022  5:15 ","1 hour 30 mins",9.26,4.63,2.28,2.34
Moussouni,Amine,28720778,Amine.Moussouni@etu.sorbonne-universite.fr,Finished,"7 janvier 2022  3:45 ","7 janvier 2022  5:14 ","1 hour 29 mins",5.62,3.30,1.96,0.36
Naumenko,Polina,3521154,polina.naumenko@etu.sorbonne-universite.fr,-,-,-,-,-,-,-,-
Nedir,Rahmine,3872127,rahmine.nedir@etu.sorbonne-universite.fr,Finished,"7 janvier 2022  3:45 ","7 janvier 2022  5:12 ","1 hour 27 mins",2.58,1.12,1.46,-
Nehlil,"Mouloud Samy",21113646,Mouloud_Samy.Nehlil@etu.sorbonne-universite.fr,Finished,"7 janvier 2022  3:45 ","7 janvier 2022  5:15 ","1 hour 30 mins",10.59,6.46,2.51,1.62
Nguyen,"Ngoc Thien",21102696,Ngoc_Thien.Nguyen@etu.sorbonne-universite.fr,Finished,"7 janvier 2022  3:45 ","7 janvier 2022  5:15 ","1 hour 30 mins",9.53,6.32,2.67,0.54
Nguyen,"Hoang Son",28709864,Hoang_Son.Nguyen@etu.sorbonne-universite.fr,Finished,"7 janvier 2022  3:45 ","7 janvier 2022  5:15 ","1 hour 30 mins",10.14,6.39,2.49,1.26
Niang,Fallou,3803961,fallou.niang@etu.sorbonne-universite.fr,-,-,-,-,-,-,-,-
Olivar-Sanglar,Gabriel,28602191,gabriel.olivar.1@etu.sorbonne-universite.fr,Finished,"7 janvier 2022  3:45 ","7 janvier 2022  5:14 ","1 hour 28 mins",8.03,6.32,1.72,-
Ouhenia,Ghiles,28716807,Ghiles.Ouhenia@etu.sorbonne-universite.fr,Finished,"7 janvier 2022  3:45 ","7 janvier 2022  5:15 ","1 hour 30 mins",10.55,6.39,2.72,1.44
Ouni,Wassim,21112855,Wassim.Ouni@etu.sorbonne-universite.fr,Finished,"7 janvier 2022  3:45 ","7 janvier 2022  5:15 ","1 hour 29 mins",11.43,6.46,3.17,1.80
Palisoc,Camille,28600602,camille.palisoc.1@etu.sorbonne-universite.fr,Finished,"7 janvier 2022  3:45 ","7 janvier 2022  5:15 ","1 hour 29 mins",12.33,6.39,4.87,1.08
Parameswaralingam,Charles-Pragash,3670244,charles-pragash.parameswaralingam@etu.sorbonne-universite.fr,-,-,-,-,-,-,-,-
Pendelliou,Arthur,3809224,arthur.pendelliou@etu.sorbonne-universite.fr,Finished,"7 janvier 2022  3:45 ","7 janvier 2022  5:15 ","1 hour 29 mins",15.75,6.67,4.94,4.14
Perrignon-Sommet,Thibault,21104636,Thibault.Perrignon-Sommet@etu.sorbonne-universite.fr,Finished,"7 janvier 2022  3:45 ","7 janvier 2022  5:14 ","1 hour 29 mins",6.12,3.16,1.70,1.26
Pierre,Lauryn,28600518,lauryn.pierre.1@etu.sorbonne-universite.fr,Finished,"7 janvier 2022  3:45 ","7 janvier 2022  5:15 ","1 hour 30 mins",6.26,4.63,0.18,1.44
"Pierre Noel",Jericho,21113317,Jericho.Pierre_Noel@etu.sorbonne-universite.fr,Finished,"7 janvier 2022  3:45 ","7 janvier 2022  5:14 ","1 hour 29 mins",1.71,0.63,1.08,0.00
Piffre,Baptiste,28636372,baptiste.piffre@etu.sorbonne-universite.fr,Finished,"7 janvier 2022  3:45 ","7 janvier 2022  5:14 ","1 hour 28 mins",10.88,6.46,3.88,0.54
Pinho,Goncalo,28602737,goncalo.pinho.1@etu.sorbonne-universite.fr,Finished,"7 janvier 2022  3:45 ","7 janvier 2022  5:15 ","1 hour 29 mins",7.98,3.72,3.00,1.26
Pirard,Emile,28600880,emile.pirard.1@etu.sorbonne-universite.fr,Finished,"7 janvier 2022  3:45 ","7 janvier 2022  5:15 ","1 hour 30 mins",12.60,5.82,5.69,1.08
Pulval-Dady,Alan,28603735,alan.pulval-dady.1@etu.sorbonne-universite.fr,Finished,"7 janvier 2022  3:45 ","7 janvier 2022  5:15 ","1 hour 30 mins",8.34,5.33,2.11,0.90
Ramdani,Cyrena,3805942,cyrena.ramdani@etu.sorbonne-universite.fr,Finished,"7 janvier 2022  3:45 ","7 janvier 2022  5:15 ","1 hour 30 mins",9.95,6.53,1.99,1.44
Rams,Sean,28605296,sean.rams.1@etu.sorbonne-universite.fr,Finished,"7 janvier 2022  3:46 ","7 janvier 2022  5:16 ","1 hour 29 mins",7.98,3.93,2.97,1.08
Randrianarisoa,Roman,3808834,roman.randrianarisoa@etu.sorbonne-universite.fr,Finished,"7 janvier 2022  3:46 ","7 janvier 2022  5:16 ","1 hour 30 mins",8.51,5.61,2.36,0.54
Richard,"Samantha Elisabeth",28009976,samantha.richard.2@etu.sorbonne-universite.fr,-,-,-,-,-,-,-,-
Rozbully,Faraan,3700903,faraan.rozbully@etu.sorbonne-universite.fr,Finished,"7 janvier 2022  3:46 ","7 janvier 2022  5:16 ","1 hour 29 mins",8.43,6.46,0.89,1.08
Ruan,Thomas,28606375,thomas.ruan.1@etu.sorbonne-universite.fr,Finished,"7 janvier 2022  3:47 ","7 janvier 2022  5:16 ","1 hour 29 mins",10.68,5.68,3.91,1.08
"Ruiz Heredia","Jose Antonio",21109006,Jose_Antonio.Ruiz_Heredia@etu.sorbonne-universite.fr,-,-,-,-,-,-,-,-
Rzeszutko,Kamil,2800282,kamil.rzeszutko@etu.sorbonne-universite.fr,Finished,"7 janvier 2022  3:49 ","7 janvier 2022  5:18 ","1 hour 29 mins",4.19,3.37,0.10,0.72
Sadi,Amayas,28717408,Amayas.Sadi@etu.sorbonne-universite.fr,Finished,"7 janvier 2022  3:45 ","7 janvier 2022  5:15 ","1 hour 30 mins",12.97,6.53,5.73,0.72
Sadykova,Karima,28610100,karima.sadykova@etu.sorbonne-universite.fr,Finished,"7 janvier 2022  3:46 ","7 janvier 2022  5:16 ","1 hour 30 mins",10.75,6.53,2.42,1.80
Said,Sayafdine,28607006,sayafdine.said.1@etu.sorbonne-universite.fr,Finished,"7 janvier 2022  3:46 ","7 janvier 2022  5:16 ","1 hour 30 mins",7.98,5.19,1.53,1.26
Samar,Anissa,21120079,Anissa.Samar@etu.sorbonne-universite.fr,Finished,"7 janvier 2022  3:46 ","7 janvier 2022  5:16 ","1 hour 30 mins",7.83,5.54,2.28,0.00
Sane,Kemo,28617513,kemo.sane@etu.sorbonne-universite.fr,Finished,"7 janvier 2022  3:45 ","7 janvier 2022  5:15 ","1 hour 30 mins",9.87,6.18,3.34,0.36
Sfez,Alexandre,3804652,alexandre.sfez@etu.sorbonne-universite.fr,-,-,-,-,-,-,-,-
Shi,Yulin,21112391,Yulin.Shi@etu.sorbonne-universite.fr,Finished,"7 janvier 2022  3:46 ","7 janvier 2022  5:16 ","1 hour 30 mins",11.87,6.11,3.97,1.80
Sima,Daniel-Ioan,3800992,daniel.sima@etu.sorbonne-universite.fr,Finished,"7 janvier 2022  3:45 ","7 janvier 2022  5:15 ","1 hour 29 mins",10.29,6.25,3.32,0.72
Simion,Mathys,28705217,Mathys.Simion@etu.sorbonne-universite.fr,Finished,"7 janvier 2022  3:45 ","7 janvier 2022  5:15 ","1 hour 30 mins",5.48,3.44,0.42,1.62
Singh,Nawelle,28600503,nawelle.singh.1@etu.sorbonne-universite.fr,Finished,"7 janvier 2022  3:45 ","7 janvier 2022  5:15 ","1 hour 30 mins",9.75,6.67,2.36,0.72
"Sitang Ewande",Ninine,3801541,ninine.sitang_ewande@etu.sorbonne-universite.fr,Finished,"7 janvier 2022  3:47 ","7 janvier 2022  5:17 ","1 hour 30 mins",0.03,-,0.03,0.00
Snaoui,Adam,21119283,Adam.Snaoui@etu.sorbonne-universite.fr,Finished,"7 janvier 2022  3:46 ","7 janvier 2022  5:16 ","1 hour 30 mins",1.30,0.28,1.02,-
Sobot,Allen,28600456,allen.sobot.1@etu.sorbonne-universite.fr,Finished,"7 janvier 2022  3:54 ","7 janvier 2022  5:54 ","2 hours",4.20,2.04,-,2.16
Sun,Amélie,28606343,amelie.sun.1@etu.sorbonne-universite.fr,Finished,"7 janvier 2022  3:45 ","7 janvier 2022  5:15 ","1 hour 30 mins",6.70,5.19,1.50,0.00
Sylla,Amy,28618173,amy.sylla@etu.sorbonne-universite.fr,-,-,-,-,-,-,-,-
Tang,Remi,28624752,remi.tang@etu.sorbonne-universite.fr,-,-,-,-,-,-,-,-
Tchen,Clement,3703339,clement.tchen@etu.sorbonne-universite.fr,Finished,"7 janvier 2022  3:46 ","7 janvier 2022  5:16 ","1 hour 30 mins",10.47,6.46,2.93,1.08
Terkmani,Kamelia,21116094,Kamelia.Terkmani@etu.sorbonne-universite.fr,Finished,"7 janvier 2022  3:45 ","7 janvier 2022  5:15 ","1 hour 30 mins",10.37,6.11,2.64,1.62
Thirion,Lou,28614980,lou.thirion@etu.sorbonne-universite.fr,Finished,"7 janvier 2022  3:45 ","7 janvier 2022  5:15 ","1 hour 30 mins",10.49,6.18,4.32,0.00
"Toguem Fotso","John Kevyn",3970693,john.toguem_fotso@etu.sorbonne-universite.fr,-,-,-,-,-,-,-,-
Tragha,Marwan,28615820,marwan.tragha@etu.sorbonne-universite.fr,Finished,"7 janvier 2022  3:59 ","7 janvier 2022  5:29 ","1 hour 30 mins",10.79,6.60,2.93,1.26
Tran,"Le My",28603688,le.tran@etu.sorbonne-universite.fr,-,-,-,-,-,-,-,-
Traore,Mamadou,2203537,mamadou.traore@etu.sorbonne-universite.fr,-,-,-,-,-,-,-,-
Trumic,Mihajlo,28606345,mihajlo.trumic@etu.sorbonne-universite.fr,Finished,"7 janvier 2022  3:45 ","7 janvier 2022  5:15 ","1 hour 30 mins",9.61,6.67,2.40,0.54
Vanrycke,Loann,3811248,loann.vanrycke@etu.sorbonne-universite.fr,Finished,"7 janvier 2022  3:45 ","7 janvier 2022  5:15 ","1 hour 30 mins",8.89,6.25,2.64,0.00
Vedanayagame,Souveda,28600150,souveda.vedanayagame.1@etu.sorbonne-universite.fr,Finished,"7 janvier 2022  3:45 ","7 janvier 2022  5:15 ","1 hour 30 mins",7.61,2.95,2.32,2.34
Vigano,Alice,3804657,alice.vigano@etu.sorbonne-universite.fr,Finished,"7 janvier 2022  3:46 ","7 janvier 2022  5:16 ","1 hour 30 mins",7.35,5.82,0.63,0.90
Villard,Lorenzo,3801327,lorenzo.villard@etu.sorbonne-universite.fr,Finished,"7 janvier 2022  3:46 ","7 janvier 2022  5:15 ","1 hour 29 mins",12.17,6.53,3.66,1.98
Wang,Zhe,21116827,Zhe.Wang@etu.sorbonne-universite.fr,Finished,"7 janvier 2022  3:45 ","7 janvier 2022  5:15 ","1 hour 30 mins",9.07,4.07,1.40,3.60
Warmé-Janville,Auguste,3800191,auguste.warme-janville@etu.sorbonne-universite.fr,Finished,"7 janvier 2022  3:46 ","7 janvier 2022  5:16 ","1 hour 29 mins",10.95,6.04,3.83,1.08
Wu,Isabelle,28606994,isabelle.wu.2@etu.sorbonne-universite.fr,Finished,"7 janvier 2022  3:45 ","7 janvier 2022  5:15 ","1 hour 30 mins",8.48,6.60,0.26,1.62
Wu,Julie,28600741,julie.wu.1@etu.sorbonne-universite.fr,Finished,"7 janvier 2022  3:45 ","7 janvier 2022  5:15 ","1 hour 30 mins",10.88,6.53,4.35,-
Xia,Alexandre,28604113,alexandre.xia.1@etu.sorbonne-universite.fr,Finished,"7 janvier 2022  3:45 ","7 janvier 2022  5:15 ","1 hour 30 mins",12.28,6.60,2.62,3.06
Xu,Jin,3700044,jin.xu@etu.sorbonne-universite.fr,-,-,-,-,-,-,-,-
Yang,Kai,21107392,Kai.Yang@etu.sorbonne-universite.fr,Finished,"7 janvier 2022  3:45 ","7 janvier 2022  5:15 ","1 hour 30 mins",11.99,5.26,3.84,2.88
Yehya,Jad,28609954,jad.yehya.1@etu.sorbonne-universite.fr,Finished,"7 janvier 2022  3:45 ","7 janvier 2022  5:15 ","1 hour 30 mins",10.19,6.25,2.69,1.26
"Youcef Khodja",Amine,21113585,Amine.Youcef_Khodja@etu.sorbonne-universite.fr,Finished,"7 janvier 2022  3:45 ","7 janvier 2022  5:15 ","1 hour 29 mins",9.69,5.54,2.17,1.98
Zanan,Nour,28607755,nour.zanan.1@etu.sorbonne-universite.fr,Finished,"7 janvier 2022  3:47 ","7 janvier 2022  5:15 ","1 hour 28 mins",4.41,3.51,0.00,0.90
Zeng,Fanxiang,28600693,fanxiang.zeng@etu.sorbonne-universite.fr,Finished,"7 janvier 2022  3:45 ","7 janvier 2022  5:15 ","1 hour 30 mins",11.47,6.46,2.85,2.16
Zerbib,Raphael,28601765,raphael.zerbib.1@etu.sorbonne-universite.fr,Finished,"7 janvier 2022  3:45 ","7 janvier 2022  5:15 ","1 hour 30 mins",10.35,6.25,2.31,1.80
Zhang,Yilu,28601009,yilu.zhang.1@etu.sorbonne-universite.fr,Finished,"7 janvier 2022  3:45 ","7 janvier 2022  5:15 ","1 hour 29 mins",10.58,5.54,1.07,3.96
Zhang,Han,3970759,han.zhang@etu.sorbonne-universite.fr,Finished,"7 janvier 2022  3:45 ","7 janvier 2022  5:15 ","1 hour 30 mins",7.34,5.05,1.57,0.72
Zhang,Xu,3803083,xu.zhang@etu.sorbonne-universite.fr,Finished,"7 janvier 2022  3:45 ","7 janvier 2022  5:15 ","1 hour 30 mins",6.07,2.81,2.18,1.08
Zhang,Jacques,28607704,jacques.zhang.1@etu.sorbonne-universite.fr,Finished,"7 janvier 2022  3:46 ","7 janvier 2022  5:16 ","1 hour 29 mins",8.00,6.18,1.10,0.72
Zhuang,Christian,28601285,christian.zhuang.1@etu.sorbonne-universite.fr,Finished,"7 janvier 2022  3:45 ","7 janvier 2022  5:15 ","1 hour 30 mins",9.44,6.46,2.98,-
"Zou Al Guyna",Louai,3680880,louai.zou_al_guyna@etu.sorbonne-universite.fr,-,-,-,-,-,-,-,-
Zouba,Thomas,21101133,Thomas.Zouba@etu.sorbonne-universite.fr,Finished,"7 janvier 2022  3:45 ","7 janvier 2022  5:15 ","1 hour 30 mins",9.81,6.46,2.27,1.08
Zouhri,Bilal,3703980,bilal.zouhri@etu.sorbonne-universite.fr,Finished,"7 janvier 2022  3:45 ","7 janvier 2022  5:14 ","1 hour 29 mins",7.43,4.14,2.93,0.36
"Overall average",,,,,,,,8.63,5.11,2.46,1.06
