﻿Surname,"First name","ID number","Email address",State,"Started on",Completed,"Time taken",Grade/20.00,"Q. 1 /5.45","Q. 2 /4.55","Q. 3 /0.91","Q. 4 /0.91","Q. 5 /1.82","Q. 6 /3.64","Q. 7 /2.73"
Abdillahi,"Ben Idris Michel",3812573,ben.abdillahi@etu.sorbonne-universite.fr,Finished,"19 septembre 2021  11:19 ","20 septembre 2021  12:11 ","51 mins 46 secs",8.18,1.82,0.91,0.91,0.00,1.82,0.91,1.82
Abeles,Walter,28610484,walter.abeles@etu.sorbonne-universite.fr,Finished,"19 septembre 2021  11:27 ","19 septembre 2021  12:09 ","42 mins 15 secs",15.45,5.45,4.55,0.91,0.00,1.82,0.91,1.82
Abkress,Barka,28606227,barka.abkress.1@etu.sorbonne-universite.fr,Finished,"20 septembre 2021  8:33 ","20 septembre 2021  8:37 ","4 mins 36 secs",15.45,5.45,4.55,0.91,0.00,1.82,0.91,1.82
Afoulous,Oumaima,3802791,oumaima.afoulous@etu.sorbonne-universite.fr,-,-,-,-,-,-,-,-,-,-,-,-
"Ahmed Ali",Nassim,21113025,Nassim.Ahmed_Ali@etu.sorbonne-universite.fr,Finished,"18 septembre 2021  4:29 ","18 septembre 2021  5:15 ","45 mins 47 secs",14.55,4.55,3.64,0.91,0.91,1.82,0.91,1.82
"Ait Khelifa",Tanina,21110432,Tanina.Ait_Khelifa@etu.sorbonne-universite.fr,Finished,"17 septembre 2021  9:52 ","17 septembre 2021  10:58 ","1 hour 5 mins",18.64,5.45,4.55,0.91,0.45,1.82,3.64,1.82
Akhtarkhavari,Parto,28606489,parto.akhtarkhavari.1@etu.sorbonne-universite.fr,Finished,"19 septembre 2021  4:31 ","19 septembre 2021  5:41 ","1 hour 9 mins",10.00,1.82,1.82,0.91,0.00,1.82,1.82,1.82
"Al Awayd",Wissam,3701350,wissam.al_awayd@etu.sorbonne-universite.fr,Finished,"19 septembre 2021  10:30 ","20 septembre 2021  12:00 ","1 hour 30 mins",13.64,2.73,4.55,0.91,0.91,1.82,0.91,1.82
Alayoud,Yanis,28600748,yanis.alayoud.1@etu.sorbonne-universite.fr,Finished,"19 septembre 2021  11:17 ","19 septembre 2021  12:13 ","55 mins 40 secs",15.45,5.45,4.55,0.91,0.00,1.82,0.91,1.82
Albitar,Nadia,3671406,nadia.albitar@etu.sorbonne-universite.fr,Finished,"19 septembre 2021  10:25 ","19 septembre 2021  11:33 ","1 hour 7 mins",5.91,1.82,0.00,0.91,0.45,1.82,0.00,0.91
Alexandre,Ronald,3407195,ronald.alexandre@etu.sorbonne-universite.fr,-,-,-,-,-,-,-,-,-,-,-,-
Alliot,Leane,28602178,leane.alliot.1@etu.sorbonne-universite.fr,Finished,"19 septembre 2021  9:53 ","19 septembre 2021  10:53 ","59 mins 17 secs",15.91,5.45,4.55,0.91,0.45,1.82,0.91,1.82
Amanzougarene,Eldjouher,3601270,eldjouher.amanzougarene@etu.sorbonne-universite.fr,Finished,"14 septembre 2021  5:42 ","14 septembre 2021  7:36 ","1 hour 53 mins",15.00,5.45,4.55,-,0.45,1.82,0.91,1.82
Amnache,Atena,28618735,atena.amnache@etu.sorbonne-universite.fr,Finished,"19 septembre 2021  9:27 ","19 septembre 2021  9:31 ","4 mins 10 secs",10.00,1.82,3.64,0.91,0.00,0.91,0.91,1.82
Amri,Malek,28710546,Malek.Amri@etu.sorbonne-universite.fr,Finished,"17 septembre 2021  9:02 ","17 septembre 2021  10:59 ","1 hour 56 mins",9.09,1.82,3.64,0.91,0.00,0.91,0.91,0.91
Aouchiche,Juba,28610319,juba.aouchiche@etu.sorbonne-universite.fr,Finished,"19 septembre 2021  9:56 ","19 septembre 2021  10:26 ","30 mins 21 secs",15.91,4.55,4.55,0.91,0.45,1.82,1.82,1.82
"Arbulu Sedano",Diego,3808688,diego.arbulu_sedano@etu.sorbonne-universite.fr,Finished,"20 septembre 2021  12:14 ","20 septembre 2021  12:30 ","16 mins 3 secs",14.55,4.55,4.55,0.91,0.00,1.82,0.91,1.82
Archambaud,Florian,3804270,florian.archambaud@etu.sorbonne-universite.fr,Finished,"14 septembre 2021  1:56 ","14 septembre 2021  2:42 ","45 mins 56 secs",16.36,5.45,4.55,0.91,0.00,1.82,2.73,0.91
Arnal,Anaïs,28609148,anais.arnal@etu.sorbonne-universite.fr,Finished,"19 septembre 2021  1:17 ","19 septembre 2021  2:48 ","1 hour 30 mins",9.09,2.73,0.91,0.91,0.00,1.82,0.91,1.82
Atsé,Yapi,3803860,yapi.atse@etu.sorbonne-universite.fr,Finished,"20 septembre 2021  7:57 ","20 septembre 2021  9:57 ","2 hours",0.00,-,-,-,-,-,-,-
Ayed,Bilel,28626848,bilel.ayed.1@etu.sorbonne-universite.fr,Finished,"19 septembre 2021  5:24 ","19 septembre 2021  5:43 ","18 mins 31 secs",15.45,5.45,4.55,0.91,0.00,1.82,0.91,1.82
Baasch,Matthias,21109634,Matthias.Baasch@etu.sorbonne-universite.fr,-,-,-,-,-,-,-,-,-,-,-,-
Babaali,Mohamed,28601465,mohamed.babaali.1@etu.sorbonne-universite.fr,Finished,"19 septembre 2021  5:30 ","19 septembre 2021  6:32 ","1 hour 2 mins",16.36,5.45,4.55,0.91,0.00,1.82,1.82,1.82
Bait,Alexander,28609336,alexander.bait.1@etu.sorbonne-universite.fr,Finished,"19 septembre 2021  3:21 ","19 septembre 2021  3:32 ","10 mins 47 secs",15.45,5.45,4.55,0.91,0.00,1.82,0.91,1.82
Ball,Ndiaye,3702933,ndiaye.ball@etu.sorbonne-universite.fr,-,-,-,-,-,-,-,-,-,-,-,-
Baloul,"Mohamed Ryane",21113008,Mohamed_Ryane.Baloul@etu.sorbonne-universite.fr,Finished,"18 septembre 2021  6:14 ","18 septembre 2021  8:08 ","1 hour 54 mins",3.64,0.91,0.91,0.91,0.91,0.00,0.00,0.00
Bayoudh,Fares,28600163,fares.bayoudh.1@etu.sorbonne-universite.fr,Finished,"19 septembre 2021  11:26 ","20 septembre 2021  12:59 ","1 hour 32 mins",16.36,5.45,4.55,0.91,0.91,1.82,0.91,1.82
Bazil,Olando,28608499,olando.bazil@etu.sorbonne-universite.fr,Finished,"19 septembre 2021  8:39 ","19 septembre 2021  10:39 ","1 hour 59 mins",11.36,3.64,0.91,0.91,0.45,1.82,1.82,1.82
Beldjilali,Amel,21115553,Amel.Beldjilali@etu.sorbonne-universite.fr,Finished,"19 septembre 2021  3:13 ","19 septembre 2021  4:02 ","49 mins 1 sec",10.91,1.82,0.91,0.91,0.00,1.82,3.64,1.82
Bellaiche,Samuel,28600786,samuel.bellaiche.1@etu.sorbonne-universite.fr,Finished,"20 septembre 2021  8:52 ","20 septembre 2021  9:59 ","1 hour 7 mins",13.64,3.64,4.55,0.91,0.00,1.82,0.91,1.82
Bellaoud,Nassim,3700196,nassim.bellaoud@etu.sorbonne-universite.fr,Finished,"19 septembre 2021  3:10 ","19 septembre 2021  3:39 ","28 mins 38 secs",10.91,5.45,2.73,0.91,0.00,0.00,0.91,0.91
Ben-Mohamed,Ines,28607963,ines.ben-mohamed.1@etu.sorbonne-universite.fr,Finished,"15 septembre 2021  10:04 ","15 septembre 2021  11:29 ","1 hour 25 mins",10.91,4.55,0.91,0.91,0.00,1.82,0.91,1.82
Benhaddad,Ahcene,3804630,ahcene.benhadddad@etu.sorbonne-universite.fr,Finished,"19 septembre 2021  9:46 ","19 septembre 2021  11:41 ","1 hour 54 mins",16.36,5.45,4.55,0.91,0.91,1.82,0.91,1.82
Benlaldj,"Zohra Chihez",21112712,Zohra_Chihez.Benlaldj@etu.sorbonne-universite.fr,Finished,"16 septembre 2021  2:50 ","16 septembre 2021  4:49 ","1 hour 58 mins",8.18,1.82,0.00,0.91,0.00,1.82,1.82,1.82
Benmansour,Sofiane,3504377,sofiane.benmansour@etu.sorbonne-universite.fr,-,-,-,-,-,-,-,-,-,-,-,-
Berrada,Nacer,28610440,nacer.berrada@etu.sorbonne-universite.fr,Finished,"19 septembre 2021  8:31 ","19 septembre 2021  9:54 ","1 hour 23 mins",17.27,5.45,4.55,0.91,0.00,1.82,3.64,0.91
Berrichi,Manelle,28600291,manelle.berrichi.1@etu.sorbonne-universite.fr,Finished,"20 septembre 2021  12:35 ","20 septembre 2021  1:49 ","1 hour 14 mins",18.18,5.45,4.55,0.91,0.91,1.82,3.64,0.91
Besnier,Lucien,3803479,lucien.besnier@etu.sorbonne-universite.fr,Finished,"16 septembre 2021  5:54 ","16 septembre 2021  7:26 ","1 hour 32 mins",6.36,1.82,0.91,0.91,0.00,1.82,0.91,0.00
Bessad,Melina,28610730,melina.bessad@etu.sorbonne-universite.fr,Finished,"18 septembre 2021  1:00 ","18 septembre 2021  1:40 ","40 mins 8 secs",19.09,5.45,4.55,0.91,0.91,1.82,3.64,1.82
Bikou,Angie-Sofia,3700648,angie-sofia.bikou@etu.sorbonne-universite.fr,Finished,"16 septembre 2021  7:09 ","16 septembre 2021  8:38 ","1 hour 29 mins",11.36,4.55,3.64,0.91,0.45,1.82,0.00,0.00
Billon,Martin,3801962,martin.billon@etu.sorbonne-universite.fr,-,-,-,-,-,-,-,-,-,-,-,-
"Blasco Gallego",Lucia,21109706,Lucia.Blasco_Gallego@etu.sorbonne-universite.fr,-,-,-,-,-,-,-,-,-,-,-,-
Boda,Jeremy,28603394,jeremy.boda.1@etu.sorbonne-universite.fr,Finished,"18 septembre 2021  11:30 ","18 septembre 2021  12:06 ","35 mins 54 secs",16.82,5.45,4.55,0.91,0.45,1.82,1.82,1.82
Bontempelli,Manon,28600844,manon.bontempelli.1@etu.sorbonne-universite.fr,Finished,"14 septembre 2021  1:54 ","14 septembre 2021  2:13 ","18 mins 36 secs",1.82,0.00,0.91,0.91,0.00,-,-,-
Bouaicha,Kenza,3703308,kenza.bouaicha@etu.sorbonne-universite.fr,Finished,"19 septembre 2021  10:48 ","19 septembre 2021  11:25 ","37 mins 9 secs",4.55,0.00,2.73,0.00,0.00,1.82,0.00,-
Boucherrab,Rayan,28610497,rayan.boucherrab@etu.sorbonne-universite.fr,Finished,"18 septembre 2021  6:27 ","18 septembre 2021  7:15 ","48 mins 7 secs",14.55,5.45,4.55,0.91,0.00,0.91,0.91,1.82
Bouchouchi,Nour,28600211,nour.bouchouchi.1@etu.sorbonne-universite.fr,Finished,"14 septembre 2021  7:40 ","14 septembre 2021  8:31 ","50 mins 40 secs",18.18,4.55,4.55,0.91,0.91,1.82,3.64,1.82
Bouheraoua,Sarah,21113695,Sarah.Bouheraoua@etu.sorbonne-universite.fr,-,-,-,-,-,-,-,-,-,-,-,-
Bouhraoua,Ines,21115204,Ines.Bouhraoua@etu.sorbonne-universite.fr,Finished,"18 septembre 2021  2:27 ","18 septembre 2021  3:46 ","1 hour 19 mins",15.45,5.45,3.64,0.91,0.00,1.82,1.82,1.82
Bouloudani,Haroun,28002307,Haroun.Bouloudani@etu.sorbonne-universite.fr,Finished,"15 septembre 2021  4:38 ","15 septembre 2021  6:37 ","1 hour 59 mins",13.64,4.55,3.64,-,0.00,1.82,2.73,0.91
Bounichou,Hugo,3700560,hugo.bounichou@etu.sorbonne-universite.fr,Finished,"14 septembre 2021  1:18 ","14 septembre 2021  2:23 ","1 hour 4 mins",12.73,2.73,2.73,0.91,0.00,1.82,2.73,1.82
Bourekh,Zidane,3677063,zidane.bourekh@etu.sorbonne-universite.fr,Finished,"18 septembre 2021  12:53 ","18 septembre 2021  1:27 ","33 mins 54 secs",15.45,5.45,4.55,0.91,0.00,1.82,0.91,1.82
Bourlette,Lucas,3672216,lucas.bourlette@etu.sorbonne-universite.fr,-,-,-,-,-,-,-,-,-,-,-,-
Boutaleb,"Mohamed Allaa Eddine",21112734,Mohamed_Allaa_Eddine.Boutaleb@etu.sorbonne-universite.fr,Finished,"18 septembre 2021  2:16 ","18 septembre 2021  3:33 ","1 hour 16 mins",17.27,5.45,4.55,0.91,0.00,1.82,2.73,1.82
"Bouton Popper",Jules,28600665,jules.bouton.2@etu.sorbonne-universite.fr,Finished,"19 septembre 2021  11:24 ","20 septembre 2021  12:26 ","1 hour 1 min",17.73,5.45,4.55,0.91,0.45,1.82,2.73,1.82
Bouzaglou,Ariel,28607480,ariel.bouzaglou.1@etu.sorbonne-universite.fr,Finished,"20 septembre 2021  12:29 ","20 septembre 2021  12:49 ","19 mins 21 secs",15.45,5.45,4.55,0.91,0.00,1.82,0.91,1.82
Boyadjiev,Todor,28507548,todor.boyadjiev.2@etu.sorbonne-universite.fr,Finished,"20 septembre 2021  7:46 ","20 septembre 2021  8:45 ","58 mins 37 secs",0.91,0.00,0.00,0.00,0.00,0.00,0.00,0.91
Brazane,Sabrina,3803162,sabrina.brazane@etu.sorbonne-universite.fr,Finished,"19 septembre 2021  9:41 ","19 septembre 2021  11:31 ","1 hour 49 mins",16.36,5.45,4.55,0.91,0.91,1.82,0.91,1.82
Caraux,Theophane,28602627,theophane.caraux.1@etu.sorbonne-universite.fr,Finished,"19 septembre 2021  5:08 ","19 septembre 2021  5:26 ","17 mins 30 secs",15.45,5.45,4.55,0.91,0.00,1.82,0.91,1.82
Chaouati,Oualid,21114737,Oualid.Chaouati@etu.sorbonne-universite.fr,Finished,"19 septembre 2021  6:32 ","19 septembre 2021  8:32 ","2 hours",14.55,4.55,3.64,0.91,0.00,1.82,2.73,0.91
Charlot,Théo,3804195,theo.charlot@etu.sorbonne-universite.fr,Finished,"14 septembre 2021  3:56 ","14 septembre 2021  4:56 ","1 hour",11.82,1.82,1.82,0.91,0.91,1.82,2.73,1.82
Chen,Jinhe,3802503,jinhe.chen@etu.sorbonne-universite.fr,Finished,"19 septembre 2021  11:42 ","20 septembre 2021  12:27 ","45 mins 35 secs",6.36,0.00,1.82,0.00,0.00,1.82,0.91,1.82
Cherfaoui,Melissa,28720090,Melissa.Cherfaoui@etu.sorbonne-universite.fr,Finished,"17 septembre 2021  8:32 ","17 septembre 2021  9:13 ","40 mins 37 secs",13.64,2.73,1.82,0.91,0.91,1.82,3.64,1.82
Cherfi,Farouck,3407463,farouck.cherfi@etu.sorbonne-universite.fr,Finished,"19 septembre 2021  9:53 ","19 septembre 2021  10:27 ","34 mins 23 secs",9.55,1.82,2.73,0.00,0.45,1.82,1.82,0.91
Chikh,Mehdi,3677161,mehdi.chikh@etu.sorbonne-universite.fr,Finished,"17 septembre 2021  2:56 ","17 septembre 2021  3:50 ","54 mins 20 secs",7.27,1.82,0.91,0.91,0.00,1.82,0.00,1.82
Cohen,Orlane,28603418,orlane.cohen.1@etu.sorbonne-universite.fr,Finished,"14 septembre 2021  7:36 ","14 septembre 2021  8:09 ","32 mins 42 secs",18.18,4.55,4.55,0.91,0.91,1.82,3.64,1.82
Corlue,Florian,28607538,florian.corlue.1@etu.sorbonne-universite.fr,Finished,"19 septembre 2021  2:59 ","19 septembre 2021  4:02 ","1 hour 3 mins",15.45,4.55,4.55,0.91,0.00,1.82,1.82,1.82
Curaut,Charline,3810013,Charline.Curaut@etu.sorbonne-universite.fr,Finished,"14 septembre 2021  3:28 ","14 septembre 2021  4:46 ","1 hour 17 mins",15.45,2.73,4.55,0.91,0.00,1.82,3.64,1.82
Dabrowski,Mateusz,21109700,Mateusz.Dabrowski@etu.sorbonne-universite.fr,-,-,-,-,-,-,-,-,-,-,-,-
"De Sacy",Anne,28610199,anne.silvestre_de_sacy-nougaret-@etu.sorbonne-universite.fr,Finished,"16 septembre 2021  2:22 ","16 septembre 2021  2:25 ","3 mins 22 secs",14.55,5.45,4.55,0.91,0.00,0.91,1.82,0.91
Delgado,Thomas,3407716,thomas.delgado@etu.sorbonne-universite.fr,Finished,"16 septembre 2021  11:30 ","16 septembre 2021  11:53 ","22 mins 37 secs",16.36,5.45,4.55,0.91,0.00,1.82,1.82,1.82
Diallo,"Mohamed Aliou",28604190,mohamed.diallo@etu.sorbonne-universite.fr,Finished,"19 septembre 2021  5:04 ","19 septembre 2021  5:50 ","45 mins 31 secs",15.45,5.45,4.55,0.91,0.91,1.82,0.91,0.91
Diallo,Faldou,3674474,faldou.diallo@etu.sorbonne-universite.fr,Finished,"19 septembre 2021  11:35 ","20 septembre 2021  1:32 ","1 hour 57 mins",7.27,1.82,0.91,0.91,0.00,0.91,1.82,0.91
Doucouré,Dramane,3520680,dramane.doucoure@etu.sorbonne-universite.fr,-,-,-,-,-,-,-,-,-,-,-,-
Doufene,Malik,21113747,Malik.Doufene@etu.sorbonne-universite.fr,Finished,"20 septembre 2021  12:13 ","20 septembre 2021  12:46 ","33 mins 31 secs",17.27,5.45,3.64,0.91,0.91,1.82,2.73,1.82
Drouard,François-Xavier,3800028,francois-xavier.drouard@etu.sorbonne-universite.fr,Finished,"19 septembre 2021  12:13 ","19 septembre 2021  12:29 ","16 mins 12 secs",1.82,-,-,0.00,0.00,0.91,0.91,-
Du,Sylvain,28607117,sylvain.du.1@etu.sorbonne-universite.fr,Finished,"19 septembre 2021  10:28 ","20 septembre 2021  12:02 ","1 hour 33 mins",18.18,5.45,4.55,0.91,0.00,1.82,3.64,1.82
Dziri,Hakim,3800075,hakim.dziri@etu.sorbonne-universite.fr,Finished,"17 septembre 2021  5:24 ","17 septembre 2021  6:25 ","1 hour 1 min",0.91,0.00,0.91,0.00,-,-,-,-
"El Bouhali",Mouataz,28619891,mouataz.el_bouhali@etu.sorbonne-universite.fr,Finished,"20 septembre 2021  2:41 ","20 septembre 2021  4:41 ","2 hours",2.73,0.91,0.00,0.00,0.00,1.82,-,-
"El Fahdi",Ismaël,3802719,ismael.el_fahdi@etu.sorbonne-universite.fr,-,-,-,-,-,-,-,-,-,-,-,-
"El Ghali",Yosr,3802466,yosr.elghali@etu.sorbonne-universite.fr,-,-,-,-,-,-,-,-,-,-,-,-
"El Khaddar",Marwan,3673536,marwan.el_khaddar@etu.sorbonne-universite.fr,Finished,"19 septembre 2021  12:08 ","19 septembre 2021  1:02 ","54 mins 7 secs",11.82,5.45,3.64,0.91,0.00,0.00,0.91,0.91
"El Youbi",Ali,3506467,ali.el_youbi@etu.sorbonne-universite.fr,Finished,"14 septembre 2021  12:22 ","14 septembre 2021  12:57 ","34 mins 51 secs",8.18,1.82,0.91,0.91,0.00,0.91,1.82,1.82
Erjil,Hichem,28600653,hichem.erjil.1@etu.sorbonne-universite.fr,Finished,"18 septembre 2021  7:33 ","18 septembre 2021  8:29 ","56 mins 21 secs",18.18,5.45,3.64,0.91,0.91,1.82,3.64,1.82
Exertier,Firmin,28610514,firmin.exertier@etu.sorbonne-universite.fr,Finished,"18 septembre 2021  12:27 ","18 septembre 2021  1:16 ","49 mins 20 secs",10.45,4.55,-,0.91,0.45,1.82,1.82,0.91
Fahmy,Youssef,28609831,youssef.fahmy@etu.sorbonne-universite.fr,Finished,"19 septembre 2021  3:15 ","19 septembre 2021  3:54 ","39 mins 12 secs",18.18,5.45,4.55,0.91,0.00,1.82,3.64,1.82
Felix,Wycherley-Kassel,3702385,wycherley-kassel.felix@etu.sorbonne-universite.fr,Finished,"19 septembre 2021  1:04 ","19 septembre 2021  2:19 ","1 hour 14 mins",16.36,5.45,4.55,0.91,0.91,1.82,0.91,1.82
Francoise,Raphael,28600759,raphael.francoise.1@etu.sorbonne-universite.fr,Finished,"19 septembre 2021  3:32 ","19 septembre 2021  4:48 ","1 hour 15 mins",18.18,5.45,4.55,0.91,0.00,1.82,3.64,1.82
Frigola,Arthur,28607831,arthur.frigola.1@etu.sorbonne-universite.fr,Finished,"18 septembre 2021  2:13 ","18 septembre 2021  3:14 ","1 hour",15.45,5.45,4.55,0.91,0.00,1.82,0.91,1.82
Fu,Zhenyue,28620112,zhenyue.fu@etu.sorbonne-universite.fr,Finished,"19 septembre 2021  9:13 ","19 septembre 2021  9:53 ","40 mins 23 secs",15.91,4.55,4.55,0.91,0.45,1.82,1.82,1.82
Fumard,Lucas,28602386,lucas.fumard.1@etu.sorbonne-universite.fr,Finished,"13 septembre 2021  5:07 ","13 septembre 2021  5:44 ","37 mins 7 secs",10.91,3.64,0.91,0.91,0.00,1.82,2.73,0.91
Gallet,Camille,3700630,camille.gallet.1@etu.sorbonne-universite.fr,Finished,"17 septembre 2021  10:44 ","17 septembre 2021  12:09 ","1 hour 24 mins",15.00,5.45,4.55,0.91,0.45,0.91,0.91,1.82
Gaudinot,Salomon,28600769,salomon.gaudinot.1@etu.sorbonne-universite.fr,Finished,"17 septembre 2021  5:56 ","17 septembre 2021  6:33 ","37 mins 29 secs",6.36,1.82,0.91,0.91,-,1.82,0.91,-
Gaydon,Julie,28606830,julie.gaydon@etu.sorbonne-universite.fr,Finished,"19 septembre 2021  10:08 ","19 septembre 2021  11:41 ","1 hour 33 mins",15.45,5.45,4.55,0.91,0.91,1.82,0.91,0.91
Gazquez,Miguel,28600492,miguel.gazquez.1@etu.sorbonne-universite.fr,Finished,"19 septembre 2021  5:04 ","19 septembre 2021  5:20 ","16 mins 13 secs",13.64,4.55,1.82,0.91,0.00,1.82,3.64,0.91
Giuliani,Carla,28605022,carla.giuliani.2@etu.sorbonne-universite.fr,Finished,"19 septembre 2021  4:14 ","19 septembre 2021  5:17 ","1 hour 3 mins",7.27,1.82,0.91,0.00,0.00,1.82,0.91,1.82
Gojak,Zlatan,3801873,zlatan.gojak@etu.sorbonne-universite.fr,Finished,"19 septembre 2021  7:09 ","19 septembre 2021  7:35 ","25 mins 21 secs",19.09,5.45,4.55,0.91,0.91,1.82,3.64,1.82
Goulmot,Cedric,3971371,cedric.goulmot@etu.sorbonne-universite.fr,-,-,-,-,-,-,-,-,-,-,-,-
Guo,Youheng,28711440,Youheng.Guo@etu.sorbonne-universite.fr,Finished,"19 septembre 2021  11:47 ","20 septembre 2021  12:29 ","42 mins 13 secs",15.45,5.45,4.55,0.91,0.00,1.82,0.91,1.82
Hadji,Mohamed,3702996,mohamed.hadji@etu.sorbonne-universite.fr,Finished,"18 septembre 2021  1:57 ","18 septembre 2021  2:43 ","45 mins 22 secs",4.55,1.82,0.91,0.91,0.00,0.91,0.00,0.00
Halila,Youssef,28610207,youssef.halila@etu.sorbonne-universite.fr,-,-,-,-,-,-,-,-,-,-,-,-
Halit,Yanis,28600464,yanis.halit.1@etu.sorbonne-universite.fr,Finished,"17 septembre 2021  4:05 ","17 septembre 2021  5:19 ","1 hour 14 mins",11.82,4.55,0.91,0.91,0.00,1.82,1.82,1.82
Hamadouche,Mebarek,28506638,mebarek.hamadouche@etu.sorbonne-universite.fr,Finished,"19 septembre 2021  3:10 ","19 septembre 2021  3:23 ","13 mins 15 secs",15.45,5.45,4.55,0.91,0.00,1.82,0.91,1.82
Hamdi,Charafeddine,3800477,charafeddine.hamdi@etu.sorbonne-universite.fr,Finished,"20 septembre 2021  3:21 ","20 septembre 2021  5:21 ","2 hours",12.73,3.64,0.91,0.91,0.00,1.82,3.64,1.82
Hammachi,Nourdinne,28604304,nourdinne.hammachi.1@etu.sorbonne-universite.fr,Finished,"19 septembre 2021  11:39 ","19 septembre 2021  12:49 ","1 hour 10 mins",16.82,5.45,4.55,0.91,0.45,1.82,2.73,0.91
Hassanein,Youssef,3522807,youssef.hassanein@etu.sorbonne-universite.fr,-,-,-,-,-,-,-,-,-,-,-,-
Hayat,Ruben,28608396,ruben.hayat.1@etu.sorbonne-universite.fr,Finished,"19 septembre 2021  11:40 ","19 septembre 2021  12:51 ","1 hour 10 mins",16.82,5.45,4.55,0.91,0.45,1.82,2.73,0.91
Hebert,Thomas,3708782,thomas.hebert@etu.sorbonne-universite.fr,Finished,"18 septembre 2021  11:36 ","18 septembre 2021  12:55 ","1 hour 18 mins",5.45,0.00,1.82,0.91,0.00,1.82,0.91,0.00
Hwang,"Chan Yeong",28610448,chan.hwang@etu.sorbonne-universite.fr,Finished,"19 septembre 2021  9:56 ","19 septembre 2021  10:49 ","52 mins 56 secs",15.45,5.45,4.55,0.91,0.00,1.82,0.91,1.82
"Ibobi Sambila",Osee,3704090,osee.ibobi_sambila@etu.sorbonne-universite.fr,-,-,-,-,-,-,-,-,-,-,-,-
Idouar,Yacine,28610117,yacine.idouar@etu.sorbonne-universite.fr,Finished,"16 septembre 2021  7:16 ","16 septembre 2021  8:27 ","1 hour 11 mins",5.00,0.00,0.00,0.91,0.45,0.91,1.82,0.91
Ikhenoussene,Yanis,28601953,yanis.ikhenoussene.1@etu.sorbonne-universite.fr,Finished,"16 septembre 2021  2:05 ","16 septembre 2021  3:11 ","1 hour 5 mins",12.27,4.55,0.91,0.91,0.45,1.82,1.82,1.82
Illouz,Maxime,28600470,maxime.illouz.1@etu.sorbonne-universite.fr,Finished,"19 septembre 2021  3:10 ","19 septembre 2021  3:23 ","13 mins 25 secs",15.45,5.45,4.55,0.91,0.00,1.82,0.91,1.82
Ith,Marc,3302184,marc.ith@etu.sorbonne-universite.fr,-,-,-,-,-,-,-,-,-,-,-,-
Jankovskaja,Elina,28607314,elina.jankovskaja.1@etu.sorbonne-universite.fr,Finished,"19 septembre 2021  8:57 ","19 septembre 2021  9:41 ","44 mins 18 secs",17.27,5.45,4.55,0.91,0.00,1.82,2.73,1.82
"Jean Marie Flore",Samuel,3800583,samuel.jean_marie_flore@etu.sorbonne-universite.fr,Finished,"19 septembre 2021  12:57 ","19 septembre 2021  1:13 ","16 mins 11 secs",6.36,2.73,2.73,0.91,-,-,-,-
Jriby,Jawher,3702809,jawher.jriby@etu.sorbonne-universite.fr,Finished,"19 septembre 2021  4:04 ","19 septembre 2021  5:09 ","1 hour 5 mins",9.55,3.64,2.73,0.91,0.45,1.82,0.00,0.00
"K Murali",Sharane,3701883,sharane.k_murali@etu.sorbonne-universite.fr,Finished,"18 septembre 2021  8:32 ","18 septembre 2021  10:23 ","1 hour 51 mins",16.36,2.73,4.55,0.91,0.91,1.82,3.64,1.82
Kabongo,Ben,21116436,Ben.Kabongo@etu.sorbonne-universite.fr,Finished,"18 septembre 2021  5:54 ","18 septembre 2021  7:22 ","1 hour 27 mins",17.27,5.45,3.64,0.91,0.00,1.82,3.64,1.82
Kada,Dina,28601301,dina.kada.1@etu.sorbonne-universite.fr,Finished,"13 septembre 2021  10:56 ","14 septembre 2021  12:16 ","1 hour 20 mins",7.27,1.82,0.91,0.91,0.00,1.82,1.82,0.00
Kamouche,Neila,28605864,neila.kamouche.1@etu.sorbonne-universite.fr,Finished,"16 septembre 2021  1:55 ","16 septembre 2021  3:10 ","1 hour 14 mins",11.82,4.55,0.91,0.91,0.00,1.82,1.82,1.82
Ke,Ilene,3700453,ilene.ke@etu.sorbonne-universite.fr,Finished,"18 septembre 2021  12:01 ","18 septembre 2021  1:33 ","1 hour 31 mins",15.91,4.55,4.55,0.91,0.45,1.82,1.82,1.82
Kedadry,Yannis,3808875,yannis.kedadry@etu.sorbonne-universite.fr,Finished,"16 septembre 2021  8:02 ","16 septembre 2021  9:01 ","59 mins 24 secs",10.00,1.82,0.91,0.91,0.00,1.82,3.64,0.91
Kemiche,Koceila,21114731,Koceila.Kemiche@etu.sorbonne-universite.fr,Finished,"17 septembre 2021  8:31 ","17 septembre 2021  10:28 ","1 hour 56 mins",11.82,4.55,0.91,0.91,0.00,1.82,1.82,1.82
Kerharo,Cathy,28600559,cathy.kerharo.1@etu.sorbonne-universite.fr,Finished,"19 septembre 2021  8:21 ","19 septembre 2021  9:24 ","1 hour 3 mins",18.18,5.45,4.55,0.91,0.91,1.82,2.73,1.82
Khan,Anin,3801610,anin.khan@etu.sorbonne-universite.fr,Finished,"13 septembre 2021  8:56 ","13 septembre 2021  10:03 ","1 hour 7 mins",16.36,5.45,4.55,0.91,0.00,1.82,1.82,1.82
Klich,"Nour Elhouda",28610130,nour.klich@etu.sorbonne-universite.fr,Finished,"18 septembre 2021  8:17 ","18 septembre 2021  8:40 ","23 mins 27 secs",15.45,5.45,4.55,0.91,0.00,1.82,0.91,1.82
Kolli,Hamid,28717594,Hamid.Kolli@etu.sorbonne-universite.fr,Finished,"19 septembre 2021  11:02 ","19 septembre 2021  11:28 ","25 mins 20 secs",14.55,5.45,4.55,0.91,0.00,1.82,0.91,0.91
Korrabi,Madjid,28614924,madjid.korrabi@etu.sorbonne-universite.fr,-,-,-,-,-,-,-,-,-,-,-,-
Koskas,Ilan,3800162,ilan.koskas@etu.sorbonne-universite.fr,Finished,"20 septembre 2021  1:00 ","20 septembre 2021  1:34 ","34 mins 1 sec",16.36,5.45,4.55,0.91,0.00,1.82,1.82,1.82
"Koumgang Tegantchouang",Adrien,21109170,Adrien.Koumgang_Tegantchouang@etu.sorbonne-universite.fr,Finished,"19 septembre 2021  8:02 ","19 septembre 2021  8:54 ","52 mins 26 secs",7.27,1.82,0.91,0.91,0.00,1.82,0.91,0.91
Kwonn,Simon,3709743,simon.kwonn@etu.sorbonne-universite.fr,Finished,"19 septembre 2021  1:10 ","19 septembre 2021  1:53 ","43 mins 35 secs",18.18,5.45,4.55,0.91,0.91,1.82,3.64,0.91
Labady,"Sterley Gilbert",21100776,Sterley_Gilbert.Labady@etu.sorbonne-universite.fr,Finished,"15 septembre 2021  10:45 ","16 septembre 2021  12:12 ","1 hour 26 mins",8.18,4.55,0.91,0.91,0.00,1.82,-,-
Lachachi,Yasmine,28710229,Yasmine.Lachachi@etu.sorbonne-universite.fr,Finished,"18 septembre 2021  12:39 ","18 septembre 2021  1:01 ","21 mins 47 secs",12.27,4.55,0.91,0.91,0.45,1.82,1.82,1.82
Lachemot,Cédric,3705179,cedric.lachemot@etu.sorbonne-universite.fr,-,-,-,-,-,-,-,-,-,-,-,-
Lachgar,Amine,3802257,amine.lachgar@etu.sorbonne-universite.fr,Finished,"20 septembre 2021  12:15 ","20 septembre 2021  12:50 ","34 mins 57 secs",13.64,5.45,1.82,0.91,0.91,1.82,0.91,1.82
Lacoume,Claire,28610667,claire.lacoume@etu.sorbonne-universite.fr,Finished,"17 septembre 2021  8:21 ","17 septembre 2021  10:12 ","1 hour 51 mins",15.00,4.09,3.18,0.91,0.45,1.82,2.73,1.82
Lam,Stéphane,3672320,stephane.lam@etu.sorbonne-universite.fr,Finished,"16 septembre 2021  4:18 ","16 septembre 2021  6:03 ","1 hour 45 mins",9.09,1.82,1.82,0.91,0.00,1.82,0.91,1.82
Lechgar,Houssam,28610190,houssam.lechgar@etu.sorbonne-universite.fr,Finished,"19 septembre 2021  7:28 ","19 septembre 2021  8:53 ","1 hour 25 mins",15.45,5.45,4.55,0.91,0.00,1.82,0.91,1.82
Lee,"Jae Wook",21108842,Jae_Wook.Lee@etu.sorbonne-universite.fr,Finished,"14 septembre 2021  8:51 ","14 septembre 2021  10:36 ","1 hour 45 mins",14.09,5.45,1.82,0.91,0.45,1.82,1.82,1.82
Legendre--Despas,Jeanne,3810768,jeanne.legendre--despas@etu.sorbonne-universite.fr,Finished,"19 septembre 2021  5:59 ","19 septembre 2021  7:33 ","1 hour 34 mins",18.18,5.45,4.55,0.91,0.00,1.82,3.64,1.82
Lemaitre,Alexandre,3876023,alexandre.lemaitre@etu.sorbonne-universite.fr,Finished,"17 septembre 2021  9:44 ","17 septembre 2021  11:01 ","1 hour 17 mins",7.27,1.82,2.73,0.91,0.91,0.00,0.91,0.00
"Levanson Dit Akbarali","Mohamed Hasir",28601393,mohamed.levanson_dit_akbarali@etu.sorbonne-universite.fr,Finished,"20 septembre 2021  12:17 ","20 septembre 2021  1:08 ","50 mins 42 secs",16.36,5.45,4.55,0.91,0.00,1.82,2.73,0.91
Li,Junji,28610187,junji.li@etu.sorbonne-universite.fr,Finished,"17 septembre 2021  9:25 ","17 septembre 2021  11:02 ","1 hour 37 mins",15.91,4.55,4.55,0.91,0.45,1.82,1.82,1.82
Lifsal,Loubna,3309154,loubna.lifsal@etu.sorbonne-universite.fr,Finished,"20 septembre 2021  7:45 ","20 septembre 2021  8:46 ","1 hour 1 min",15.45,5.45,4.55,0.91,0.00,1.82,0.91,1.82
Lin,Charles,3812676,Charles.Lin@etu.sorbonne-universite.fr,Finished,"16 septembre 2021  4:23 ","16 septembre 2021  5:48 ","1 hour 24 mins",12.73,2.73,4.55,0.91,0.91,1.82,0.91,0.91
Lin,Jeremy,28602292,jeremy.lin.1@etu.sorbonne-universite.fr,Finished,"19 septembre 2021  7:08 ","19 septembre 2021  9:08 ","2 hours",11.82,4.55,0.91,0.91,0.00,1.82,1.82,1.82
Longuet,Axel,28600563,axel.longuet.1@etu.sorbonne-universite.fr,Finished,"18 septembre 2021  2:16 ","18 septembre 2021  3:18 ","1 hour 1 min",16.36,5.45,4.55,0.91,0.00,1.82,1.82,1.82
Loyau-Kahn,Felix,28607223,felix.loyau-kahn@etu.sorbonne-universite.fr,-,-,-,-,-,-,-,-,-,-,-,-
Luo,Yukai,28620155,yukai.luo@etu.sorbonne-universite.fr,Finished,"19 septembre 2021  5:49 ","19 septembre 2021  5:55 ","6 mins 3 secs",15.00,4.55,4.55,0.91,0.45,0.91,1.82,1.82
Luvisamo,"Mulemesa Jessy",3415756,mulemesa.luvisamo@etu.sorbonne-universite.fr,Finished,"19 septembre 2021  11:35 ","20 septembre 2021  1:30 ","1 hour 55 mins",7.27,1.82,0.91,0.91,0.00,0.91,1.82,0.91
Ly,Sylvie,3522190,sylvie.ly@etu.sorbonne-universite.fr,Finished,"19 septembre 2021  8:11 ","19 septembre 2021  8:35 ","23 mins 23 secs",16.36,5.45,4.55,0.91,0.91,1.82,0.91,1.82
Macabre,Loona,28609645,loona.macabre.1@etu.sorbonne-universite.fr,Finished,"14 septembre 2021  2:52 ","14 septembre 2021  4:52 ","2 hours",14.09,5.45,4.55,0.00,0.45,1.82,0.00,1.82
Maire,Maxence,28605064,maxence.maire@etu.sorbonne-universite.fr,Finished,"19 septembre 2021  6:43 ","19 septembre 2021  7:48 ","1 hour 5 mins",18.18,4.55,4.55,0.91,0.91,1.82,3.64,1.82
Makhlouf,Rayane,28617603,rayane.makhlouf@etu.sorbonne-universite.fr,Finished,"19 septembre 2021  11:02 ","19 septembre 2021  11:28 ","25 mins 21 secs",14.55,5.45,4.55,0.91,0.00,1.82,0.91,0.91
Marques,Romain,28600712,romain.marques.1@etu.sorbonne-universite.fr,Finished,"18 septembre 2021  2:32 ","18 septembre 2021  3:00 ","27 mins 30 secs",15.45,5.45,4.55,0.91,0.00,1.82,1.82,0.91
Martin,Amaury,28610127,amaury.martin.1@etu.sorbonne-universite.fr,Finished,"20 septembre 2021  2:29 ","20 septembre 2021  3:11 ","42 mins 21 secs",4.55,0.91,0.91,0.91,0.00,0.00,0.91,0.91
Mastor,Assia,28602563,assia.mastor.1@etu.sorbonne-universite.fr,Finished,"19 septembre 2021  11:28 ","20 septembre 2021  12:40 ","1 hour 12 mins",15.45,5.45,3.64,0.91,0.91,1.82,0.91,1.82
Mazari,Messilva,28610328,messilva.mazari@etu.sorbonne-universite.fr,Finished,"19 septembre 2021  11:07 ","20 septembre 2021  12:19 ","1 hour 11 mins",15.45,5.45,4.55,0.91,0.00,1.82,1.82,0.91
Mbaye,Souleymane,28717871,Souleymane.Mbaye@etu.sorbonne-universite.fr,Finished,"20 septembre 2021  12:02 ","20 septembre 2021  1:01 ","58 mins 42 secs",13.64,4.55,3.64,0.91,0.00,1.82,0.91,1.82
Mbouranga,Winn-Elie,28601343,winn-elie.mbouranga.1@etu.sorbonne-universite.fr,Finished,"14 septembre 2021  3:32 ","14 septembre 2021  5:07 ","1 hour 35 mins",5.45,0.91,-,0.91,0.00,1.82,0.91,0.91
Meddah,Sarah,3603679,sarah.meddah@etu.sorbonne-universite.fr,Finished,"19 septembre 2021  12:51 ","19 septembre 2021  2:07 ","1 hour 16 mins",16.36,5.45,4.55,0.91,0.00,1.82,1.82,1.82
Mekhloufi,Zakaria,3809215,zakaria.mekhloufi@etu.sorbonne-universite.fr,Finished,"18 septembre 2021  6:56 ","18 septembre 2021  8:56 ","1 hour 59 mins",7.27,1.82,0.91,0.91,0.00,1.82,0.91,0.91
Mellul,Yona,3800646,yona.mellul@etu.sorbonne-universite.fr,Finished,"19 septembre 2021  9:54 ","19 septembre 2021  10:41 ","47 mins 20 secs",16.82,5.45,4.55,0.91,0.45,1.82,1.82,1.82
"Melot Chesnel",Josephine,28603036,josephine.melot_chesnel.1@etu.sorbonne-universite.fr,Finished,"17 septembre 2021  3:15 ","17 septembre 2021  4:02 ","46 mins 6 secs",17.27,5.45,3.64,0.91,0.00,1.82,3.64,1.82
Mendes,Hugo,3670527,hugo.mendes@etu.sorbonne-universite.fr,-,-,-,-,-,-,-,-,-,-,-,-
"Mendez Chacon",Paula,21109001,Paula.Mendez_Chacon@etu.sorbonne-universite.fr,-,-,-,-,-,-,-,-,-,-,-,-
Millard,Maxime,28602830,maxime.millard.1@etu.sorbonne-universite.fr,Finished,"18 septembre 2021  11:30 ","18 septembre 2021  12:06 ","36 mins 2 secs",16.82,5.45,4.55,0.91,0.45,1.82,1.82,1.82
Mistry,Darshan,3670280,darshan.mistry@etu.sorbonne-universite.fr,-,-,-,-,-,-,-,-,-,-,-,-
Mohamed,Djamila,28609129,djamila.mohamed@etu.sorbonne-universite.fr,Finished,"18 septembre 2021  2:07 ","18 septembre 2021  2:17 ","9 mins 48 secs",13.64,4.55,3.64,0.91,0.00,1.82,0.91,1.82
Moreau,Nino,28603833,nino.moreau.1@etu.sorbonne-universite.fr,Finished,"17 septembre 2021  3:12 ","17 septembre 2021  4:15 ","1 hour 2 mins",7.27,3.64,2.73,0.00,0.00,0.00,0.91,0.00
Moussouni,Amine,28720778,Amine.Moussouni@etu.sorbonne-universite.fr,Finished,"19 septembre 2021  11:39 ","19 septembre 2021  11:44 ","5 mins 4 secs",15.45,5.45,4.55,0.91,0.00,1.82,0.91,1.82
Naumenko,Polina,3521154,polina.naumenko@etu.sorbonne-universite.fr,-,-,-,-,-,-,-,-,-,-,-,-
Nedir,Rahmine,3872127,rahmine.nedir@etu.sorbonne-universite.fr,Finished,"17 septembre 2021  4:29 ","17 septembre 2021  6:23 ","1 hour 54 mins",3.64,0.00,0.00,0.00,0.00,1.82,0.91,0.91
Nehlil,"Mouloud Samy",21113646,Mouloud_Samy.Nehlil@etu.sorbonne-universite.fr,Finished,"18 septembre 2021  10:55 ","18 septembre 2021  12:23 ","1 hour 27 mins",12.73,4.55,3.64,0.91,0.00,1.82,1.82,0.00
Nguyen,"Ngoc Thien",21102696,Ngoc_Thien.Nguyen@etu.sorbonne-universite.fr,Finished,"18 septembre 2021  5:51 ","18 septembre 2021  6:31 ","40 mins 11 secs",12.73,4.55,2.73,0.91,0.00,1.82,0.91,1.82
Nguyen,"Hoang Son",28709864,Hoang_Son.Nguyen@etu.sorbonne-universite.fr,Finished,"19 septembre 2021  4:53 ","19 septembre 2021  5:06 ","13 mins 33 secs",11.82,2.73,0.91,0.91,0.00,1.82,3.64,1.82
Niang,Fallou,3803961,fallou.niang@etu.sorbonne-universite.fr,-,-,-,-,-,-,-,-,-,-,-,-
Olivar-Sanglar,Gabriel,28602191,gabriel.olivar.1@etu.sorbonne-universite.fr,Finished,"20 septembre 2021  8:36 ","20 septembre 2021  9:30 ","54 mins 27 secs",9.09,3.64,1.82,0.91,0.00,0.91,0.91,0.91
Ouhenia,Ghiles,28716807,Ghiles.Ouhenia@etu.sorbonne-universite.fr,Finished,"18 septembre 2021  9:16 ","18 septembre 2021  9:41 ","25 mins 1 sec",15.45,5.45,4.55,0.91,0.00,1.82,0.91,1.82
Ouni,Wassim,21112855,Wassim.Ouni@etu.sorbonne-universite.fr,Finished,"19 septembre 2021  9:57 ","19 septembre 2021  11:41 ","1 hour 43 mins",12.73,4.55,2.73,0.91,0.00,1.82,0.91,1.82
Palisoc,Camille,28600602,camille.palisoc.1@etu.sorbonne-universite.fr,Finished,"16 septembre 2021  1:46 ","16 septembre 2021  3:14 ","1 hour 27 mins",14.55,5.45,4.55,0.91,0.91,0.91,0.91,0.91
Parameswaralingam,Charles-Pragash,3670244,charles-pragash.parameswaralingam@etu.sorbonne-universite.fr,-,-,-,-,-,-,-,-,-,-,-,-
Pendelliou,Arthur,3809224,arthur.pendelliou@etu.sorbonne-universite.fr,Finished,"19 septembre 2021  9:51 ","19 septembre 2021  10:19 ","28 mins 31 secs",16.82,5.45,4.55,0.91,0.45,1.82,1.82,1.82
Perrignon-Sommet,Thibault,21104636,Thibault.Perrignon-Sommet@etu.sorbonne-universite.fr,Finished,"18 septembre 2021  1:30 ","18 septembre 2021  2:05 ","34 mins 27 secs",16.36,5.45,1.82,0.91,0.91,1.82,3.64,1.82
Pierre,Lauryn,28600518,lauryn.pierre.1@etu.sorbonne-universite.fr,Finished,"19 septembre 2021  4:16 ","19 septembre 2021  5:20 ","1 hour 3 mins",17.27,5.45,4.55,0.91,0.00,1.82,3.64,0.91
"Pierre Noel",Jericho,21113317,Jericho.Pierre_Noel@etu.sorbonne-universite.fr,Finished,"17 septembre 2021  10:27 ","17 septembre 2021  12:22 ","1 hour 54 mins",8.18,4.55,0.91,0.00,-,0.00,1.82,0.91
Piffre,Baptiste,28636372,baptiste.piffre@etu.sorbonne-universite.fr,Finished,"17 septembre 2021  2:42 ","17 septembre 2021  3:08 ","25 mins 47 secs",17.27,4.55,4.55,0.91,0.91,1.82,2.73,1.82
Pinho,Goncalo,28602737,goncalo.pinho.1@etu.sorbonne-universite.fr,Finished,"19 septembre 2021  2:18 ","19 septembre 2021  3:41 ","1 hour 22 mins",10.91,3.64,0.91,0.91,0.00,1.82,1.82,1.82
Pirard,Emile,28600880,emile.pirard.1@etu.sorbonne-universite.fr,Finished,"16 septembre 2021  4:37 ","16 septembre 2021  5:22 ","44 mins 25 secs",15.00,5.45,4.55,0.91,0.45,0.91,0.91,1.82
Pulval-Dady,Alan,28603735,alan.pulval-dady.1@etu.sorbonne-universite.fr,Finished,"15 septembre 2021  10:45 ","15 septembre 2021  12:13 ","1 hour 28 mins",14.55,5.45,4.55,0.91,0.00,0.91,1.82,0.91
Ramdani,Cyrena,3805942,cyrena.ramdani@etu.sorbonne-universite.fr,Finished,"18 septembre 2021  11:46 ","18 septembre 2021  12:38 ","51 mins 47 secs",14.09,5.45,1.82,0.91,0.45,1.82,1.82,1.82
Rams,Sean,28605296,sean.rams.1@etu.sorbonne-universite.fr,Finished,"16 septembre 2021  5:22 ","16 septembre 2021  6:25 ","1 hour 2 mins",16.82,5.45,4.55,0.91,0.45,1.82,1.82,1.82
Randrianarisoa,Roman,3808834,roman.randrianarisoa@etu.sorbonne-universite.fr,Finished,"16 septembre 2021  8:08 ","16 septembre 2021  9:45 ","1 hour 37 mins",17.27,5.45,3.64,0.91,0.00,1.82,3.64,1.82
Richard,"Samantha Elisabeth",28009976,samantha.richard.2@etu.sorbonne-universite.fr,Finished,"13 septembre 2021  4:43 ","13 septembre 2021  6:43 ","2 hours",6.36,1.82,1.82,0.00,0.00,1.82,0.91,0.00
Rozbully,Faraan,3700903,faraan.rozbully@etu.sorbonne-universite.fr,-,-,-,-,-,-,-,-,-,-,-,-
Ruan,Thomas,28606375,thomas.ruan.1@etu.sorbonne-universite.fr,Finished,"19 septembre 2021  3:07 ","19 septembre 2021  4:56 ","1 hour 48 mins",15.45,5.45,4.55,0.91,0.00,1.82,0.91,1.82
"Ruiz Heredia","Jose Antonio",21109006,Jose_Antonio.Ruiz_Heredia@etu.sorbonne-universite.fr,-,-,-,-,-,-,-,-,-,-,-,-
Rzeszutko,Kamil,2800282,kamil.rzeszutko@etu.sorbonne-universite.fr,-,-,-,-,-,-,-,-,-,-,-,-
Sadi,Amayas,28717408,Amayas.Sadi@etu.sorbonne-universite.fr,Finished,"19 septembre 2021  4:23 ","19 septembre 2021  5:40 ","1 hour 16 mins",8.18,2.73,1.82,0.91,0.00,1.82,0.91,0.00
Sadykova,Karima,28610100,karima.sadykova@etu.sorbonne-universite.fr,Finished,"19 septembre 2021  8:10 ","19 septembre 2021  9:01 ","51 mins 32 secs",17.73,5.45,4.55,0.91,0.45,1.82,2.73,1.82
Said,Sayafdine,28607006,sayafdine.said.1@etu.sorbonne-universite.fr,Finished,"14 septembre 2021  12:11 ","14 septembre 2021  2:11 ","2 hours",7.27,1.82,0.91,0.91,0.91,1.82,0.91,0.00
Samar,Anissa,21120079,Anissa.Samar@etu.sorbonne-universite.fr,Finished,"19 septembre 2021  6:36 ","19 septembre 2021  8:05 ","1 hour 28 mins",6.82,0.91,0.91,0.91,0.45,1.82,0.91,0.91
Sane,Kemo,28617513,kemo.sane@etu.sorbonne-universite.fr,Finished,"18 septembre 2021  5:40 ","18 septembre 2021  7:35 ","1 hour 54 mins",16.36,5.45,4.55,0.91,0.00,1.82,1.82,1.82
Sfez,Alexandre,3804652,alexandre.sfez@etu.sorbonne-universite.fr,-,-,-,-,-,-,-,-,-,-,-,-
Shi,Yulin,21112391,Yulin.Shi@etu.sorbonne-universite.fr,Finished,"14 septembre 2021  10:53 ","14 septembre 2021  11:46 ","53 mins 7 secs",13.64,1.82,4.55,0.00,0.00,1.82,3.64,1.82
Sima,Daniel-Ioan,3800992,daniel.sima@etu.sorbonne-universite.fr,Finished,"19 septembre 2021  6:49 ","19 septembre 2021  7:37 ","47 mins 35 secs",15.45,5.45,4.55,0.91,0.00,1.82,0.91,1.82
Simion,Mathys,28705217,Mathys.Simion@etu.sorbonne-universite.fr,Finished,"19 septembre 2021  10:58 ","19 septembre 2021  12:40 ","1 hour 42 mins",10.00,1.82,1.82,0.91,0.91,1.82,1.82,0.91
Singh,Nawelle,28600503,nawelle.singh.1@etu.sorbonne-universite.fr,Finished,"19 septembre 2021  8:13 ","19 septembre 2021  9:29 ","1 hour 15 mins",17.27,5.45,4.55,0.91,0.00,1.82,3.64,0.91
"Sitang Ewande",Ninine,3801541,ninine.sitang_ewande@etu.sorbonne-universite.fr,Finished,"18 septembre 2021  7:58 ","18 septembre 2021  9:58 ","2 hours",2.27,0.91,0.00,-,0.45,0.00,0.91,0.00
Snaoui,Adam,21119283,Adam.Snaoui@etu.sorbonne-universite.fr,Finished,"20 septembre 2021  6:51 ","20 septembre 2021  6:59 ","7 mins 46 secs",15.45,5.45,4.55,0.91,0.00,1.82,0.91,1.82
Sobot,Allen,28600456,allen.sobot.1@etu.sorbonne-universite.fr,Finished,"20 septembre 2021  3:17 ","20 septembre 2021  5:00 ","1 hour 43 mins",15.45,5.45,4.55,0.91,0.00,1.82,0.91,1.82
Sun,Amélie,28606343,amelie.sun.1@etu.sorbonne-universite.fr,Finished,"19 septembre 2021  4:21 ","19 septembre 2021  5:17 ","55 mins 18 secs",18.18,5.45,4.55,0.91,0.00,1.82,3.64,1.82
Sylla,Amy,28618173,amy.sylla@etu.sorbonne-universite.fr,Finished,"19 septembre 2021  4:45 ","19 septembre 2021  5:21 ","35 mins 58 secs",11.82,2.73,2.73,0.91,0.00,1.82,1.82,1.82
Tang,Remi,28624752,remi.tang@etu.sorbonne-universite.fr,-,-,-,-,-,-,-,-,-,-,-,-
Tchen,Clement,3703339,clement.tchen@etu.sorbonne-universite.fr,Finished,"19 septembre 2021  11:11 ","19 septembre 2021  11:53 ","41 mins 8 secs",10.00,1.82,2.73,0.91,0.00,1.82,0.91,1.82
Terkmani,Kamelia,21116094,Kamelia.Terkmani@etu.sorbonne-universite.fr,Finished,"19 septembre 2021  10:26 ","19 septembre 2021  11:32 ","1 hour 6 mins",10.00,4.55,-,-,0.00,1.82,1.82,1.82
Thirion,Lou,28614980,lou.thirion@etu.sorbonne-universite.fr,-,-,-,-,-,-,-,-,-,-,-,-
"Toguem Fotso","John Kevyn",3970693,john.toguem_fotso@etu.sorbonne-universite.fr,-,-,-,-,-,-,-,-,-,-,-,-
Tragha,Marwan,28615820,marwan.tragha@etu.sorbonne-universite.fr,Finished,"17 septembre 2021  12:34 ","17 septembre 2021  1:22 ","47 mins 12 secs",16.36,5.45,3.64,0.91,0.00,0.91,3.64,1.82
Tran,"Le My",28603688,le.tran@etu.sorbonne-universite.fr,Finished,"17 septembre 2021  10:46 ","17 septembre 2021  11:37 ","51 mins 4 secs",2.73,1.82,0.91,-,-,-,-,-
Traore,Mamadou,2203537,mamadou.traore@etu.sorbonne-universite.fr,-,-,-,-,-,-,-,-,-,-,-,-
Trumic,Mihajlo,28606345,mihajlo.trumic@etu.sorbonne-universite.fr,Finished,"18 septembre 2021  12:06 ","18 septembre 2021  12:58 ","52 mins",19.09,5.45,4.55,0.91,0.91,1.82,3.64,1.82
Vanrycke,Loann,3811248,loann.vanrycke@etu.sorbonne-universite.fr,Finished,"19 septembre 2021  3:31 ","19 septembre 2021  5:21 ","1 hour 49 mins",10.00,1.82,2.73,0.91,0.00,1.82,0.91,1.82
Vedanayagame,Souveda,28600150,souveda.vedanayagame.1@etu.sorbonne-universite.fr,Finished,"18 septembre 2021  10:45 ","18 septembre 2021  11:39 ","54 mins 22 secs",11.82,4.55,0.91,0.91,0.00,1.82,1.82,1.82
Vigano,Alice,3804657,alice.vigano@etu.sorbonne-universite.fr,Finished,"20 septembre 2021  10:17 ","20 septembre 2021  10:22 ","5 mins 13 secs",6.36,-,-,0.91,0.91,1.82,0.91,1.82
Villard,Lorenzo,3801327,lorenzo.villard@etu.sorbonne-universite.fr,Finished,"15 septembre 2021  5:14 ","15 septembre 2021  5:40 ","25 mins 53 secs",15.45,2.73,3.64,0.91,0.91,1.82,3.64,1.82
Wang,Zhe,21116827,Zhe.Wang@etu.sorbonne-universite.fr,Finished,"19 septembre 2021  9:31 ","19 septembre 2021  10:40 ","1 hour 8 mins",16.36,5.45,4.55,0.91,0.91,1.82,1.82,0.91
Warmé-Janville,Auguste,3800191,auguste.warme-janville@etu.sorbonne-universite.fr,Finished,"16 septembre 2021  2:48 ","16 septembre 2021  3:20 ","31 mins 32 secs",18.64,5.45,4.55,0.91,0.45,1.82,3.64,1.82
Wu,Julie,28600741,julie.wu.1@etu.sorbonne-universite.fr,Finished,"18 septembre 2021  10:15 ","18 septembre 2021  11:16 ","1 hour 1 min",3.64,0.91,0.91,0.00,-,0.91,0.91,0.00
Wu,Isabelle,28606994,isabelle.wu.2@etu.sorbonne-universite.fr,Finished,"20 septembre 2021  12:04 ","20 septembre 2021  1:37 ","1 hour 33 mins",12.73,4.55,2.73,0.91,0.00,1.82,0.91,1.82
Xia,Alexandre,28604113,alexandre.xia.1@etu.sorbonne-universite.fr,Finished,"18 septembre 2021  8:46 ","18 septembre 2021  10:25 ","1 hour 38 mins",15.45,5.45,3.64,0.91,0.00,1.82,2.73,0.91
Xu,Jin,3700044,jin.xu@etu.sorbonne-universite.fr,-,-,-,-,-,-,-,-,-,-,-,-
Yang,Kai,21107392,Kai.Yang@etu.sorbonne-universite.fr,Finished,"16 septembre 2021  10:21 ","16 septembre 2021  10:57 ","36 mins 34 secs",11.82,4.55,2.73,0.91,0.91,1.82,0.00,0.91
Yehya,Jad,28609954,jad.yehya.1@etu.sorbonne-universite.fr,Finished,"13 septembre 2021  3:56 ","13 septembre 2021  5:56 ","2 hours",7.73,1.82,0.91,0.91,0.45,1.82,0.91,0.91
"Youcef Khodja",Amine,21113585,Amine.Youcef_Khodja@etu.sorbonne-universite.fr,Finished,"18 septembre 2021  8:16 ","18 septembre 2021  9:40 ","1 hour 23 mins",8.18,2.73,1.82,0.91,0.00,1.82,0.91,0.00
Zanan,Nour,28607755,nour.zanan.1@etu.sorbonne-universite.fr,Finished,"20 septembre 2021  4:42 ","20 septembre 2021  5:39 ","56 mins 56 secs",14.09,4.55,2.73,0.91,0.45,1.82,2.73,0.91
Zeng,Fanxiang,28600693,fanxiang.zeng@etu.sorbonne-universite.fr,Finished,"17 septembre 2021  7:26 ","17 septembre 2021  7:50 ","23 mins 42 secs",15.91,4.55,4.55,0.91,0.45,1.82,1.82,1.82
Zerbib,Raphael,28601765,raphael.zerbib.1@etu.sorbonne-universite.fr,Finished,"20 septembre 2021  9:35 ","20 septembre 2021  10:21 ","46 mins 16 secs",4.55,0.91,0.91,0.00,0.00,0.91,0.91,0.91
Zhang,Jacques,28607704,jacques.zhang.1@etu.sorbonne-universite.fr,Finished,"18 septembre 2021  5:56 ","18 septembre 2021  6:50 ","54 mins 37 secs",5.45,1.82,0.91,0.00,0.00,0.91,1.82,0.00
Zhang,Yilu,28601009,yilu.zhang.1@etu.sorbonne-universite.fr,Finished,"19 septembre 2021  9:52 ","19 septembre 2021  10:40 ","48 mins 2 secs",15.45,5.45,4.55,0.91,0.00,1.82,0.91,1.82
Zhang,Han,3970759,han.zhang@etu.sorbonne-universite.fr,Finished,"19 septembre 2021  10:05 ","20 septembre 2021  12:05 ","2 hours",0.00,-,-,-,-,-,-,-
Zhang,Xu,3803083,xu.zhang@etu.sorbonne-universite.fr,Finished,"19 septembre 2021  10:10 ","19 septembre 2021  11:47 ","1 hour 36 mins",7.27,4.55,0.91,0.00,0.00,1.82,0.00,0.00
Zhuang,Christian,28601285,christian.zhuang.1@etu.sorbonne-universite.fr,Finished,"19 septembre 2021  9:03 ","19 septembre 2021  10:52 ","1 hour 49 mins",11.82,5.45,1.82,0.00,0.00,1.82,0.91,1.82
"Zou Al Guyna",Louai,3680880,louai.zou_al_guyna@etu.sorbonne-universite.fr,Finished,"18 septembre 2021  3:05 ","18 septembre 2021  3:51 ","46 mins 19 secs",12.73,4.55,4.55,0.00,0.00,0.91,1.82,0.91
Zouba,Thomas,21101133,Thomas.Zouba@etu.sorbonne-universite.fr,Finished,"13 septembre 2021  4:24 ","13 septembre 2021  5:02 ","38 mins 7 secs",10.91,2.73,1.82,0.91,0.91,1.82,0.91,1.82
Zouhri,Bilal,3703980,bilal.zouhri@etu.sorbonne-universite.fr,Finished,"18 septembre 2021  9:27 ","18 septembre 2021  10:13 ","45 mins 57 secs",14.55,5.45,4.55,0.91,0.00,0.91,0.91,1.82
"Overall average",,,,,,,,12.69,4.00,3.06,0.79,0.25,1.59,1.65,1.35
