﻿Surname,"First name","ID number","Email address",State,"Started on",Completed,"Time taken",Grade/20.00,"Q. 1 /5.00","Q. 2 /3.00","Q. 3 /4.00","Q. 4 /6.00","Q. 5 /1.00","Q. 6 /1.00"
Abdillahi,"Ben Idris Michel",3812573,ben.abdillahi@etu.sorbonne-universite.fr,Finished,"25 septembre 2021  5:58 ","25 septembre 2021  6:39 ","41 mins 34 secs",19.00,5.00,3.00,3.00,6.00,1.00,1.00
Abeles,Walter,28610484,walter.abeles@etu.sorbonne-universite.fr,Finished,"26 septembre 2021  6:33 ","26 septembre 2021  6:52 ","18 mins 43 secs",16.00,5.00,3.00,4.00,3.00,0.00,1.00
Abkress,Barka,28606227,barka.abkress.1@etu.sorbonne-universite.fr,Finished,"26 septembre 2021  11:33 ","27 septembre 2021  12:31 ","57 mins 15 secs",20.00,5.00,3.00,4.00,6.00,1.00,1.00
Afoulous,Oumaima,3802791,oumaima.afoulous@etu.sorbonne-universite.fr,Finished,"26 septembre 2021  8:44 ","26 septembre 2021  9:09 ","24 mins 56 secs",17.00,5.00,3.00,1.00,6.00,1.00,1.00
"Ahmed Ali",Nassim,21113025,Nassim.Ahmed_Ali@etu.sorbonne-universite.fr,Finished,"26 septembre 2021  10:02 ","26 septembre 2021  11:01 ","58 mins 42 secs",16.00,5.00,3.00,4.00,3.00,0.00,1.00
"Ait Khelifa",Tanina,21110432,Tanina.Ait_Khelifa@etu.sorbonne-universite.fr,Finished,"26 septembre 2021  10:25 ","26 septembre 2021  11:03 ","37 mins 31 secs",20.00,5.00,3.00,4.00,6.00,1.00,1.00
Akhtarkhavari,Parto,28606489,parto.akhtarkhavari.1@etu.sorbonne-universite.fr,Finished,"25 septembre 2021  1:03 ","25 septembre 2021  1:29 ","26 mins 1 sec",20.00,5.00,3.00,4.00,6.00,1.00,1.00
"Al Awayd",Wissam,3701350,wissam.al_awayd@etu.sorbonne-universite.fr,Finished,"26 septembre 2021  9:38 ","26 septembre 2021  10:28 ","49 mins 37 secs",19.44,4.44,3.00,4.00,6.00,1.00,1.00
Alayoud,Yanis,28600748,yanis.alayoud.1@etu.sorbonne-universite.fr,Finished,"26 septembre 2021  1:24 ","26 septembre 2021  2:12 ","47 mins 15 secs",20.00,5.00,3.00,4.00,6.00,1.00,1.00
Albitar,Nadia,3671406,nadia.albitar@etu.sorbonne-universite.fr,Finished,"26 septembre 2021  3:41 ","26 septembre 2021  4:21 ","39 mins 41 secs",17.00,5.00,2.00,4.00,6.00,0.00,0.00
Alexandre,Ronald,3407195,ronald.alexandre@etu.sorbonne-universite.fr,-,-,-,-,-,-,-,-,-,-,-
Alliot,Leane,28602178,leane.alliot.1@etu.sorbonne-universite.fr,Finished,"26 septembre 2021  9:22 ","26 septembre 2021  10:08 ","45 mins 44 secs",20.00,5.00,3.00,4.00,6.00,1.00,1.00
Amanzougarene,Eldjouher,3601270,eldjouher.amanzougarene@etu.sorbonne-universite.fr,Finished,"27 septembre 2021  3:53 ","27 septembre 2021  5:49 ","1 hour 55 mins",19.00,5.00,3.00,4.00,6.00,1.00,0.00
Amnache,Atena,28618735,atena.amnache@etu.sorbonne-universite.fr,-,-,-,-,-,-,-,-,-,-,-
Amri,Malek,28710546,Malek.Amri@etu.sorbonne-universite.fr,Finished,"25 septembre 2021  9:36 ","25 septembre 2021  10:10 ","33 mins 49 secs",20.00,5.00,3.00,4.00,6.00,1.00,1.00
Aouchiche,Juba,28610319,juba.aouchiche@etu.sorbonne-universite.fr,Finished,"26 septembre 2021  3:13 ","26 septembre 2021  3:41 ","28 mins 32 secs",20.00,5.00,3.00,4.00,6.00,1.00,1.00
"Arbulu Sedano",Diego,3808688,diego.arbulu_sedano@etu.sorbonne-universite.fr,Finished,"26 septembre 2021  10:23 ","26 septembre 2021  10:59 ","36 mins 21 secs",20.00,5.00,3.00,4.00,6.00,1.00,1.00
Archambaud,Florian,3804270,florian.archambaud@etu.sorbonne-universite.fr,Finished,"21 septembre 2021  11:29 ","21 septembre 2021  11:48 ","18 mins 40 secs",16.00,5.00,3.00,4.00,3.00,0.00,1.00
Arnal,Anaïs,28609148,anais.arnal@etu.sorbonne-universite.fr,Finished,"25 septembre 2021  5:45 ","25 septembre 2021  6:53 ","1 hour 8 mins",19.00,5.00,2.00,4.00,6.00,1.00,1.00
Atsé,Yapi,3803860,yapi.atse@etu.sorbonne-universite.fr,Finished,"27 septembre 2021  8:33 ","27 septembre 2021  8:57 ","24 mins",13.44,4.44,3.00,4.00,0.00,1.00,1.00
Ayed,Bilel,28626848,bilel.ayed.1@etu.sorbonne-universite.fr,Finished,"26 septembre 2021  3:45 ","26 septembre 2021  4:42 ","56 mins 59 secs",19.00,5.00,3.00,4.00,6.00,0.00,1.00
Baasch,Matthias,21109634,Matthias.Baasch@etu.sorbonne-universite.fr,-,-,-,-,-,-,-,-,-,-,-
Babaali,Mohamed,28601465,mohamed.babaali.1@etu.sorbonne-universite.fr,Finished,"26 septembre 2021  9:58 ","26 septembre 2021  10:37 ","38 mins 50 secs",20.00,5.00,3.00,4.00,6.00,1.00,1.00
Bait,Alexander,28609336,alexander.bait.1@etu.sorbonne-universite.fr,Finished,"26 septembre 2021  1:16 ","26 septembre 2021  2:01 ","44 mins 33 secs",20.00,5.00,3.00,4.00,6.00,1.00,1.00
Ball,Ndiaye,3702933,ndiaye.ball@etu.sorbonne-universite.fr,-,-,-,-,-,-,-,-,-,-,-
Baloul,"Mohamed Ryane",21113008,Mohamed_Ryane.Baloul@etu.sorbonne-universite.fr,Finished,"27 septembre 2021  10:32 ","27 septembre 2021  11:02 ","29 mins 10 secs",17.00,5.00,3.00,4.00,3.00,1.00,1.00
Bayoudh,Fares,28600163,fares.bayoudh.1@etu.sorbonne-universite.fr,Finished,"26 septembre 2021  11:13 ","26 septembre 2021  11:30 ","17 mins 22 secs",20.00,5.00,3.00,4.00,6.00,1.00,1.00
Bazil,Olando,28608499,olando.bazil@etu.sorbonne-universite.fr,Finished,"26 septembre 2021  10:52 ","27 septembre 2021  12:04 ","1 hour 11 mins",20.00,5.00,3.00,4.00,6.00,1.00,1.00
Beldjilali,Amel,21115553,Amel.Beldjilali@etu.sorbonne-universite.fr,Finished,"25 septembre 2021  6:09 ","25 septembre 2021  7:22 ","1 hour 12 mins",20.00,5.00,3.00,4.00,6.00,1.00,1.00
Bellaiche,Samuel,28600786,samuel.bellaiche.1@etu.sorbonne-universite.fr,Finished,"27 septembre 2021  8:54 ","27 septembre 2021  9:39 ","45 mins 23 secs",19.44,4.44,3.00,4.00,6.00,1.00,1.00
Bellaoud,Nassim,3700196,nassim.bellaoud@etu.sorbonne-universite.fr,Finished,"26 septembre 2021  11:31 ","26 septembre 2021  11:59 ","28 mins 23 secs",10.78,2.78,3.00,4.00,0.00,0.00,1.00
Ben-Mohamed,Ines,28607963,ines.ben-mohamed.1@etu.sorbonne-universite.fr,Finished,"25 septembre 2021  2:42 ","25 septembre 2021  4:17 ","1 hour 34 mins",19.00,5.00,3.00,4.00,6.00,1.00,0.00
Benhaddad,Ahcene,3804630,ahcene.benhadddad@etu.sorbonne-universite.fr,Finished,"26 septembre 2021  9:38 ","26 septembre 2021  10:38 ","1 hour",14.00,5.00,3.00,4.00,0.00,1.00,1.00
Benlaldj,"Zohra Chihez",21112712,Zohra_Chihez.Benlaldj@etu.sorbonne-universite.fr,Finished,"25 septembre 2021  1:28 ","25 septembre 2021  2:15 ","47 mins 47 secs",13.78,2.78,3.00,4.00,3.00,1.00,0.00
Benmansour,Sofiane,3504377,sofiane.benmansour@etu.sorbonne-universite.fr,-,-,-,-,-,-,-,-,-,-,-
Berrada,Nacer,28610440,nacer.berrada@etu.sorbonne-universite.fr,Finished,"26 septembre 2021  11:14 ","26 septembre 2021  11:47 ","33 mins 8 secs",20.00,5.00,3.00,4.00,6.00,1.00,1.00
Berrichi,Manelle,28600291,manelle.berrichi.1@etu.sorbonne-universite.fr,Finished,"27 septembre 2021  12:26 ","27 septembre 2021  12:54 ","28 mins 6 secs",20.00,5.00,3.00,4.00,6.00,1.00,1.00
Besnier,Lucien,3803479,lucien.besnier@etu.sorbonne-universite.fr,Finished,"26 septembre 2021  7:08 ","26 septembre 2021  7:45 ","36 mins 42 secs",8.11,1.11,3.00,4.00,0.00,0.00,0.00
Bessad,Melina,28610730,melina.bessad@etu.sorbonne-universite.fr,Finished,"24 septembre 2021  4:37 ","24 septembre 2021  5:03 ","26 mins 14 secs",20.00,5.00,3.00,4.00,6.00,1.00,1.00
Bikou,Angie-Sofia,3700648,angie-sofia.bikou@etu.sorbonne-universite.fr,Finished,"26 septembre 2021  3:15 ","26 septembre 2021  4:00 ","45 mins 36 secs",7.67,1.67,1.00,4.00,0.00,0.00,1.00
Billon,Martin,3801962,martin.billon@etu.sorbonne-universite.fr,Finished,"27 septembre 2021  10:59 ","27 septembre 2021  11:12 ","12 mins 5 secs",20.00,5.00,3.00,4.00,6.00,1.00,1.00
"Blasco Gallego",Lucia,21109706,Lucia.Blasco_Gallego@etu.sorbonne-universite.fr,Finished,"27 septembre 2021  11:08 ","27 septembre 2021  11:16 ","7 mins 59 secs",17.89,3.89,3.00,4.00,6.00,0.00,1.00
Boda,Jeremy,28603394,jeremy.boda.1@etu.sorbonne-universite.fr,Finished,"23 septembre 2021  5:28 ","23 septembre 2021  6:16 ","47 mins 43 secs",17.00,5.00,3.00,4.00,3.00,1.00,1.00
Bontempelli,Manon,28600844,manon.bontempelli.1@etu.sorbonne-universite.fr,Finished,"25 septembre 2021  11:07 ","25 septembre 2021  12:02 ","54 mins 6 secs",20.00,5.00,3.00,4.00,6.00,1.00,1.00
Bouaicha,Kenza,3703308,kenza.bouaicha@etu.sorbonne-universite.fr,Finished,"26 septembre 2021  4:36 ","26 septembre 2021  5:43 ","1 hour 6 mins",8.44,4.44,3.00,0.00,0.00,1.00,0.00
Boucherrab,Rayan,28610497,rayan.boucherrab@etu.sorbonne-universite.fr,Finished,"25 septembre 2021  8:06 ","25 septembre 2021  8:39 ","33 mins 34 secs",20.00,5.00,3.00,4.00,6.00,1.00,1.00
Bouchouchi,Nour,28600211,nour.bouchouchi.1@etu.sorbonne-universite.fr,Finished,"23 septembre 2021  10:08 ","23 septembre 2021  10:38 ","29 mins 39 secs",20.00,5.00,3.00,4.00,6.00,1.00,1.00
Bouheraoua,Sarah,21113695,Sarah.Bouheraoua@etu.sorbonne-universite.fr,-,-,-,-,-,-,-,-,-,-,-
Bouhraoua,Ines,21115204,Ines.Bouhraoua@etu.sorbonne-universite.fr,Finished,"26 septembre 2021  3:48 ","26 septembre 2021  5:39 ","1 hour 50 mins",12.67,1.67,3.00,4.00,3.00,0.00,1.00
Bouloudani,Haroun,28002307,Haroun.Bouloudani@etu.sorbonne-universite.fr,Finished,"25 septembre 2021  6:33 ","25 septembre 2021  7:31 ","57 mins 35 secs",15.56,0.56,3.00,4.00,6.00,1.00,1.00
Bounichou,Hugo,3700560,hugo.bounichou@etu.sorbonne-universite.fr,Finished,"26 septembre 2021  7:34 ","26 septembre 2021  9:09 ","1 hour 35 mins",13.00,5.00,3.00,4.00,0.00,0.00,1.00
Bourekh,Zidane,3677063,zidane.bourekh@etu.sorbonne-universite.fr,Finished,"25 septembre 2021  5:02 ","25 septembre 2021  5:20 ","18 mins 25 secs",20.00,5.00,3.00,4.00,6.00,1.00,1.00
Bourlette,Lucas,3672216,lucas.bourlette@etu.sorbonne-universite.fr,-,-,-,-,-,-,-,-,-,-,-
Boutaleb,"Mohamed Allaa Eddine",21112734,Mohamed_Allaa_Eddine.Boutaleb@etu.sorbonne-universite.fr,Finished,"25 septembre 2021  6:22 ","25 septembre 2021  7:10 ","48 mins 2 secs",20.00,5.00,3.00,4.00,6.00,1.00,1.00
"Bouton Popper",Jules,28600665,jules.bouton.2@etu.sorbonne-universite.fr,Finished,"22 septembre 2021  9:14 ","22 septembre 2021  9:40 ","25 mins 8 secs",20.00,5.00,3.00,4.00,6.00,1.00,1.00
Bouzaglou,Ariel,28607480,ariel.bouzaglou.1@etu.sorbonne-universite.fr,Finished,"27 septembre 2021  11:00 ","27 septembre 2021  11:17 ","17 mins 37 secs",20.00,5.00,3.00,4.00,6.00,1.00,1.00
Boyadjiev,Todor,28507548,todor.boyadjiev.2@etu.sorbonne-universite.fr,Finished,"26 septembre 2021  8:54 ","26 septembre 2021  9:28 ","33 mins 22 secs",9.56,0.56,3.00,4.00,0.00,1.00,1.00
Brazane,Sabrina,3803162,sabrina.brazane@etu.sorbonne-universite.fr,Finished,"26 septembre 2021  9:36 ","26 septembre 2021  10:36 ","1 hour",20.00,5.00,3.00,4.00,6.00,1.00,1.00
Caraux,Theophane,28602627,theophane.caraux.1@etu.sorbonne-universite.fr,Finished,"25 septembre 2021  2:33 ","25 septembre 2021  3:16 ","43 mins 13 secs",14.00,5.00,3.00,4.00,0.00,1.00,1.00
Chaouati,Oualid,21114737,Oualid.Chaouati@etu.sorbonne-universite.fr,Finished,"27 septembre 2021  2:51 ","27 septembre 2021  4:51 ","2 hours",16.00,5.00,3.00,4.00,3.00,0.00,1.00
Charlot,Théo,3804195,theo.charlot@etu.sorbonne-universite.fr,Finished,"23 septembre 2021  5:08 ","23 septembre 2021  6:04 ","56 mins 28 secs",15.00,5.00,3.00,3.00,3.00,0.00,1.00
Chen,Jinhe,3802503,jinhe.chen@etu.sorbonne-universite.fr,Finished,"27 septembre 2021  12:16 ","27 septembre 2021  12:31 ","14 mins 46 secs",17.78,2.78,3.00,4.00,6.00,1.00,1.00
Cherfaoui,Melissa,28720090,Melissa.Cherfaoui@etu.sorbonne-universite.fr,Finished,"27 septembre 2021  9:21 ","27 septembre 2021  10:18 ","57 mins 25 secs",19.00,5.00,2.00,4.00,6.00,1.00,1.00
Cherfi,Farouck,3407463,farouck.cherfi@etu.sorbonne-universite.fr,Finished,"26 septembre 2021  8:35 ","26 septembre 2021  9:19 ","44 mins 39 secs",12.00,5.00,2.00,4.00,0.00,1.00,0.00
Chikh,Mehdi,3677161,mehdi.chikh@etu.sorbonne-universite.fr,Finished,"26 septembre 2021  2:25 ","26 septembre 2021  3:36 ","1 hour 10 mins",20.00,5.00,3.00,4.00,6.00,1.00,1.00
Cohen,Orlane,28603418,orlane.cohen.1@etu.sorbonne-universite.fr,Finished,"23 septembre 2021  10:26 ","23 septembre 2021  11:08 ","42 mins 26 secs",20.00,5.00,3.00,4.00,6.00,1.00,1.00
Corlue,Florian,28607538,florian.corlue.1@etu.sorbonne-universite.fr,Finished,"26 septembre 2021  11:06 ","26 septembre 2021  11:36 ","30 mins 19 secs",16.00,5.00,2.00,4.00,3.00,1.00,1.00
Curaut,Charline,3810013,Charline.Curaut@etu.sorbonne-universite.fr,Finished,"21 septembre 2021  9:27 ","21 septembre 2021  10:26 ","58 mins 55 secs",15.00,5.00,2.00,4.00,3.00,0.00,1.00
Dabrowski,Mateusz,21109700,Mateusz.Dabrowski@etu.sorbonne-universite.fr,Finished,"27 septembre 2021  12:44 ","27 septembre 2021  1:05 ","20 mins 44 secs",15.00,5.00,3.00,4.00,3.00,0.00,0.00
"De Sacy",Anne,28610199,anne.silvestre_de_sacy-nougaret-@etu.sorbonne-universite.fr,Finished,"22 septembre 2021  2:08 ","22 septembre 2021  2:40 ","32 mins 48 secs",16.00,5.00,3.00,4.00,3.00,0.00,1.00
Delgado,Thomas,3407716,thomas.delgado@etu.sorbonne-universite.fr,Finished,"23 septembre 2021  2:46 ","23 septembre 2021  3:18 ","31 mins 41 secs",20.00,5.00,3.00,4.00,6.00,1.00,1.00
Diallo,"Mohamed Aliou",28604190,mohamed.diallo@etu.sorbonne-universite.fr,Finished,"26 septembre 2021  5:03 ","26 septembre 2021  5:28 ","25 mins 12 secs",20.00,5.00,3.00,4.00,6.00,1.00,1.00
Diallo,Faldou,3674474,faldou.diallo@etu.sorbonne-universite.fr,Finished,"26 septembre 2021  11:45 ","27 septembre 2021  1:02 ","1 hour 16 mins",18.00,5.00,3.00,3.00,6.00,1.00,0.00
Doucouré,Dramane,3520680,dramane.doucoure@etu.sorbonne-universite.fr,-,-,-,-,-,-,-,-,-,-,-
Doufene,Malik,21113747,Malik.Doufene@etu.sorbonne-universite.fr,Finished,"26 septembre 2021  4:30 ","26 septembre 2021  5:12 ","42 mins 9 secs",20.00,5.00,3.00,4.00,6.00,1.00,1.00
Drouard,François-Xavier,3800028,francois-xavier.drouard@etu.sorbonne-universite.fr,Finished,"26 septembre 2021  9:09 ","26 septembre 2021  9:31 ","22 mins 5 secs",11.56,0.56,3.00,4.00,3.00,1.00,0.00
Du,Sylvain,28607117,sylvain.du.1@etu.sorbonne-universite.fr,Finished,"26 septembre 2021  10:05 ","26 septembre 2021  10:38 ","33 mins 32 secs",20.00,5.00,3.00,4.00,6.00,1.00,1.00
Dziri,Hakim,3800075,hakim.dziri@etu.sorbonne-universite.fr,Finished,"26 septembre 2021  1:58 ","26 septembre 2021  2:33 ","34 mins 54 secs",15.00,5.00,2.00,4.00,3.00,0.00,1.00
"El Bouhali",Mouataz,28619891,mouataz.el_bouhali@etu.sorbonne-universite.fr,Finished,"26 septembre 2021  4:34 ","26 septembre 2021  4:39 ","4 mins 52 secs",9.00,5.00,3.00,0.00,0.00,0.00,1.00
"El Fahdi",Ismaël,3802719,ismael.el_fahdi@etu.sorbonne-universite.fr,-,-,-,-,-,-,-,-,-,-,-
"El Ghali",Yosr,3802466,yosr.elghali@etu.sorbonne-universite.fr,-,-,-,-,-,-,-,-,-,-,-
"El Khaddar",Marwan,3673536,marwan.el_khaddar@etu.sorbonne-universite.fr,-,-,-,-,-,-,-,-,-,-,-
"El Youbi",Ali,3506467,ali.el_youbi@etu.sorbonne-universite.fr,Finished,"27 septembre 2021  10:48 ","27 septembre 2021  11:22 ","33 mins 35 secs",8.11,1.11,3.00,4.00,0.00,0.00,0.00
Erjil,Hichem,28600653,hichem.erjil.1@etu.sorbonne-universite.fr,Finished,"26 septembre 2021  11:43 ","26 septembre 2021  12:08 ","25 mins 20 secs",17.00,5.00,3.00,4.00,3.00,1.00,1.00
Exertier,Firmin,28610514,firmin.exertier@etu.sorbonne-universite.fr,Finished,"27 septembre 2021  9:43 ","27 septembre 2021  10:32 ","49 mins 30 secs",20.00,5.00,3.00,4.00,6.00,1.00,1.00
Fahmy,Youssef,28609831,youssef.fahmy@etu.sorbonne-universite.fr,Finished,"26 septembre 2021  1:05 ","26 septembre 2021  1:35 ","30 mins 6 secs",20.00,5.00,3.00,4.00,6.00,1.00,1.00
Felix,Wycherley-Kassel,3702385,wycherley-kassel.felix@etu.sorbonne-universite.fr,Finished,"27 septembre 2021  3:55 ","27 septembre 2021  4:44 ","49 mins 18 secs",20.00,5.00,3.00,4.00,6.00,1.00,1.00
Francoise,Raphael,28600759,raphael.francoise.1@etu.sorbonne-universite.fr,Finished,"26 septembre 2021  5:37 ","26 septembre 2021  6:34 ","56 mins 12 secs",20.00,5.00,3.00,4.00,6.00,1.00,1.00
Frigola,Arthur,28607831,arthur.frigola.1@etu.sorbonne-universite.fr,Finished,"26 septembre 2021  7:36 ","26 septembre 2021  7:59 ","22 mins 44 secs",17.78,2.78,3.00,4.00,6.00,1.00,1.00
Fu,Zhenyue,28620112,zhenyue.fu@etu.sorbonne-universite.fr,Finished,"26 septembre 2021  7:54 ","26 septembre 2021  9:46 ","1 hour 52 mins",20.00,5.00,3.00,4.00,6.00,1.00,1.00
Fumard,Lucas,28602386,lucas.fumard.1@etu.sorbonne-universite.fr,Finished,"21 septembre 2021  12:10 ","21 septembre 2021  12:33 ","23 mins 3 secs",20.00,5.00,3.00,4.00,6.00,1.00,1.00
Gallet,Camille,3700630,camille.gallet.1@etu.sorbonne-universite.fr,Finished,"26 septembre 2021  4:50 ","26 septembre 2021  6:03 ","1 hour 13 mins",20.00,5.00,3.00,4.00,6.00,1.00,1.00
Gaudinot,Salomon,28600769,salomon.gaudinot.1@etu.sorbonne-universite.fr,Finished,"23 septembre 2021  5:12 ","23 septembre 2021  5:37 ","25 mins 33 secs",14.89,3.89,3.00,4.00,3.00,0.00,1.00
Gaydon,Julie,28606830,julie.gaydon@etu.sorbonne-universite.fr,Finished,"26 septembre 2021  3:21 ","26 septembre 2021  3:51 ","30 mins 13 secs",20.00,5.00,3.00,4.00,6.00,1.00,1.00
Gazquez,Miguel,28600492,miguel.gazquez.1@etu.sorbonne-universite.fr,Finished,"27 septembre 2021  10:21 ","27 septembre 2021  10:29 ","7 mins 52 secs",20.00,5.00,3.00,4.00,6.00,1.00,1.00
Giuliani,Carla,28605022,carla.giuliani.2@etu.sorbonne-universite.fr,Finished,"25 septembre 2021  8:00 ","25 septembre 2021  8:22 ","21 mins 47 secs",18.00,5.00,3.00,2.00,6.00,1.00,1.00
Gojak,Zlatan,3801873,zlatan.gojak@etu.sorbonne-universite.fr,Finished,"27 septembre 2021  9:59 ","27 septembre 2021  10:54 ","54 mins 51 secs",20.00,5.00,3.00,4.00,6.00,1.00,1.00
Goulmot,Cedric,3971371,cedric.goulmot@etu.sorbonne-universite.fr,-,-,-,-,-,-,-,-,-,-,-
Guo,Youheng,28711440,Youheng.Guo@etu.sorbonne-universite.fr,Finished,"26 septembre 2021  2:33 ","26 septembre 2021  2:47 ","14 mins 30 secs",16.00,5.00,3.00,4.00,3.00,0.00,1.00
Hadji,Mohamed,3702996,mohamed.hadji@etu.sorbonne-universite.fr,Finished,"20 septembre 2021  3:34 ","20 septembre 2021  3:57 ","23 mins 20 secs",20.00,5.00,3.00,4.00,6.00,1.00,1.00
Halila,Youssef,28610207,youssef.halila@etu.sorbonne-universite.fr,Finished,"27 septembre 2021  12:08 ","27 septembre 2021  12:52 ","44 mins 13 secs",17.44,4.44,3.00,2.00,6.00,1.00,1.00
Halit,Yanis,28600464,yanis.halit.1@etu.sorbonne-universite.fr,Finished,"25 septembre 2021  10:09 ","25 septembre 2021  11:06 ","56 mins 18 secs",18.00,5.00,3.00,4.00,6.00,0.00,0.00
Hamadouche,Mebarek,28506638,mebarek.hamadouche@etu.sorbonne-universite.fr,Finished,"26 septembre 2021  6:31 ","26 septembre 2021  6:45 ","13 mins 31 secs",20.00,5.00,3.00,4.00,6.00,1.00,1.00
Hamdi,Charafeddine,3800477,charafeddine.hamdi@etu.sorbonne-universite.fr,Finished,"27 septembre 2021  12:13 ","27 septembre 2021  1:01 ","47 mins 59 secs",19.00,5.00,2.00,4.00,6.00,1.00,1.00
Hammachi,Nourdinne,28604304,nourdinne.hammachi.1@etu.sorbonne-universite.fr,Finished,"26 septembre 2021  11:26 ","26 septembre 2021  12:10 ","44 mins 41 secs",20.00,5.00,3.00,4.00,6.00,1.00,1.00
Hassanein,Youssef,3522807,youssef.hassanein@etu.sorbonne-universite.fr,-,-,-,-,-,-,-,-,-,-,-
Hayat,Ruben,28608396,ruben.hayat.1@etu.sorbonne-universite.fr,Finished,"26 septembre 2021  11:26 ","26 septembre 2021  12:23 ","57 mins 25 secs",20.00,5.00,3.00,4.00,6.00,1.00,1.00
Hebert,Thomas,3708782,thomas.hebert@etu.sorbonne-universite.fr,Finished,"26 septembre 2021  3:56 ","26 septembre 2021  4:09 ","13 mins 36 secs",20.00,5.00,3.00,4.00,6.00,1.00,1.00
Hwang,"Chan Yeong",28610448,chan.hwang@etu.sorbonne-universite.fr,Finished,"26 septembre 2021  10:31 ","26 septembre 2021  11:22 ","50 mins 47 secs",16.00,5.00,3.00,4.00,3.00,0.00,1.00
"Ibobi Sambila",Osee,3704090,osee.ibobi_sambila@etu.sorbonne-universite.fr,-,-,-,-,-,-,-,-,-,-,-
Idouar,Yacine,28610117,yacine.idouar@etu.sorbonne-universite.fr,Finished,"26 septembre 2021  8:53 ","26 septembre 2021  9:20 ","27 mins 7 secs",20.00,5.00,3.00,4.00,6.00,1.00,1.00
Ikhenoussene,Yanis,28601953,yanis.ikhenoussene.1@etu.sorbonne-universite.fr,Finished,"26 septembre 2021  9:53 ","26 septembre 2021  10:19 ","26 mins 10 secs",20.00,5.00,3.00,4.00,6.00,1.00,1.00
Illouz,Maxime,28600470,maxime.illouz.1@etu.sorbonne-universite.fr,Finished,"26 septembre 2021  4:24 ","26 septembre 2021  4:54 ","29 mins 47 secs",20.00,5.00,3.00,4.00,6.00,1.00,1.00
Ith,Marc,3302184,marc.ith@etu.sorbonne-universite.fr,-,-,-,-,-,-,-,-,-,-,-
Jankovskaja,Elina,28607314,elina.jankovskaja.1@etu.sorbonne-universite.fr,Finished,"26 septembre 2021  11:24 ","27 septembre 2021  12:13 ","48 mins 42 secs",20.00,5.00,3.00,4.00,6.00,1.00,1.00
"Jean Marie Flore",Samuel,3800583,samuel.jean_marie_flore@etu.sorbonne-universite.fr,Finished,"26 septembre 2021  7:18 ","26 septembre 2021  9:18 ","2 hours",3.89,3.89,-,-,-,-,-
Jriby,Jawher,3702809,jawher.jriby@etu.sorbonne-universite.fr,Finished,"26 septembre 2021  11:14 ","26 septembre 2021  11:51 ","36 mins 35 secs",20.00,5.00,3.00,4.00,6.00,1.00,1.00
"K Murali",Sharane,3701883,sharane.k_murali@etu.sorbonne-universite.fr,Finished,"23 septembre 2021  9:56 ","23 septembre 2021  10:41 ","45 mins 28 secs",20.00,5.00,3.00,4.00,6.00,1.00,1.00
Kabongo,Ben,21116436,Ben.Kabongo@etu.sorbonne-universite.fr,Finished,"26 septembre 2021  6:54 ","26 septembre 2021  7:04 ","9 mins 16 secs",20.00,5.00,3.00,4.00,6.00,1.00,1.00
Kada,Dina,28601301,dina.kada.1@etu.sorbonne-universite.fr,Finished,"25 septembre 2021  3:23 ","25 septembre 2021  4:10 ","47 mins 39 secs",19.00,5.00,2.00,4.00,6.00,1.00,1.00
Kamouche,Neila,28605864,neila.kamouche.1@etu.sorbonne-universite.fr,Finished,"25 septembre 2021  9:11 ","25 septembre 2021  9:49 ","38 mins 12 secs",20.00,5.00,3.00,4.00,6.00,1.00,1.00
Ke,Ilene,3700453,ilene.ke@etu.sorbonne-universite.fr,Finished,"26 septembre 2021  11:41 ","27 septembre 2021  1:07 ","1 hour 25 mins",20.00,5.00,3.00,4.00,6.00,1.00,1.00
Kedadry,Yannis,3808875,yannis.kedadry@etu.sorbonne-universite.fr,Finished,"21 septembre 2021  8:14 ","21 septembre 2021  9:04 ","49 mins 53 secs",20.00,5.00,3.00,4.00,6.00,1.00,1.00
Kemiche,Koceila,21114731,Koceila.Kemiche@etu.sorbonne-universite.fr,Finished,"24 septembre 2021  11:06 ","24 septembre 2021  11:44 ","37 mins 36 secs",20.00,5.00,3.00,4.00,6.00,1.00,1.00
Kerharo,Cathy,28600559,cathy.kerharo.1@etu.sorbonne-universite.fr,Finished,"26 septembre 2021  8:49 ","26 septembre 2021  9:31 ","41 mins 38 secs",20.00,5.00,3.00,4.00,6.00,1.00,1.00
Khan,Anin,3801610,anin.khan@etu.sorbonne-universite.fr,Finished,"26 septembre 2021  8:49 ","26 septembre 2021  9:31 ","42 mins 9 secs",20.00,5.00,3.00,4.00,6.00,1.00,1.00
Klich,"Nour Elhouda",28610130,nour.klich@etu.sorbonne-universite.fr,Finished,"26 septembre 2021  1:43 ","26 septembre 2021  2:51 ","1 hour 8 mins",20.00,5.00,3.00,4.00,6.00,1.00,1.00
Kolli,Hamid,28717594,Hamid.Kolli@etu.sorbonne-universite.fr,Finished,"24 septembre 2021  8:16 ","24 septembre 2021  9:24 ","1 hour 8 mins",20.00,5.00,3.00,4.00,6.00,1.00,1.00
Korrabi,Madjid,28614924,madjid.korrabi@etu.sorbonne-universite.fr,Finished,"27 septembre 2021  10:29 ","27 septembre 2021  10:48 ","19 mins 15 secs",15.89,3.89,3.00,4.00,3.00,1.00,1.00
Koskas,Ilan,3800162,ilan.koskas@etu.sorbonne-universite.fr,Finished,"27 septembre 2021  1:06 ","27 septembre 2021  1:59 ","53 mins 2 secs",20.00,5.00,3.00,4.00,6.00,1.00,1.00
"Koumgang Tegantchouang",Adrien,21109170,Adrien.Koumgang_Tegantchouang@etu.sorbonne-universite.fr,Finished,"26 septembre 2021  10:35 ","26 septembre 2021  11:30 ","54 mins 38 secs",16.00,5.00,3.00,4.00,3.00,0.00,1.00
Kwonn,Simon,3709743,simon.kwonn@etu.sorbonne-universite.fr,Finished,"24 septembre 2021  2:10 ","24 septembre 2021  2:31 ","21 mins 33 secs",20.00,5.00,3.00,4.00,6.00,1.00,1.00
Labady,"Sterley Gilbert",21100776,Sterley_Gilbert.Labady@etu.sorbonne-universite.fr,Finished,"26 septembre 2021  12:29 ","26 septembre 2021  1:31 ","1 hour 1 min",19.44,4.44,3.00,4.00,6.00,1.00,1.00
Lachachi,Yasmine,28710229,Yasmine.Lachachi@etu.sorbonne-universite.fr,-,-,-,-,-,-,-,-,-,-,-
Lachemot,Cédric,3705179,cedric.lachemot@etu.sorbonne-universite.fr,-,-,-,-,-,-,-,-,-,-,-
Lachgar,Amine,3802257,amine.lachgar@etu.sorbonne-universite.fr,Finished,"26 septembre 2021  6:41 ","26 septembre 2021  7:51 ","1 hour 10 mins",20.00,5.00,3.00,4.00,6.00,1.00,1.00
Lacoume,Claire,28610667,claire.lacoume@etu.sorbonne-universite.fr,Finished,"26 septembre 2021  5:35 ","26 septembre 2021  6:24 ","48 mins 54 secs",16.00,5.00,3.00,4.00,3.00,0.00,1.00
Lam,Stéphane,3672320,stephane.lam@etu.sorbonne-universite.fr,Finished,"26 septembre 2021  9:53 ","26 septembre 2021  10:24 ","31 mins 20 secs",12.44,4.44,3.00,3.00,0.00,1.00,1.00
Lechgar,Houssam,28610190,houssam.lechgar@etu.sorbonne-universite.fr,Finished,"27 septembre 2021  7:35 ","27 septembre 2021  7:52 ","17 mins 9 secs",20.00,5.00,3.00,4.00,6.00,1.00,1.00
Lee,"Jae Wook",21108842,Jae_Wook.Lee@etu.sorbonne-universite.fr,Finished,"26 septembre 2021  9:20 ","26 septembre 2021  10:24 ","1 hour 4 mins",14.00,5.00,1.00,4.00,3.00,0.00,1.00
Legendre--Despas,Jeanne,3810768,jeanne.legendre--despas@etu.sorbonne-universite.fr,Finished,"25 septembre 2021  3:37 ","25 septembre 2021  4:55 ","1 hour 18 mins",19.00,5.00,2.00,4.00,6.00,1.00,1.00
Lemaitre,Alexandre,3876023,alexandre.lemaitre@etu.sorbonne-universite.fr,Finished,"24 septembre 2021  8:51 ","24 septembre 2021  10:50 ","1 hour 58 mins",16.00,5.00,3.00,4.00,3.00,1.00,0.00
"Levanson Dit Akbarali","Mohamed Hasir",28601393,mohamed.levanson_dit_akbarali@etu.sorbonne-universite.fr,Finished,"27 septembre 2021  12:27 ","27 septembre 2021  12:53 ","26 mins 7 secs",20.00,5.00,3.00,4.00,6.00,1.00,1.00
Li,Junji,28610187,junji.li@etu.sorbonne-universite.fr,Finished,"21 septembre 2021  9:48 ","21 septembre 2021  11:17 ","1 hour 28 mins",20.00,5.00,3.00,4.00,6.00,1.00,1.00
Lifsal,Loubna,3309154,loubna.lifsal@etu.sorbonne-universite.fr,Finished,"27 septembre 2021  9:53 ","27 septembre 2021  10:39 ","46 mins 24 secs",20.00,5.00,3.00,4.00,6.00,1.00,1.00
Lin,Charles,3812676,Charles.Lin@etu.sorbonne-universite.fr,Finished,"21 septembre 2021  4:58 ","21 septembre 2021  6:14 ","1 hour 16 mins",20.00,5.00,3.00,4.00,6.00,1.00,1.00
Lin,Jeremy,28602292,jeremy.lin.1@etu.sorbonne-universite.fr,Finished,"26 septembre 2021  5:29 ","26 septembre 2021  7:29 ","2 hours",20.00,5.00,3.00,4.00,6.00,1.00,1.00
Longuet,Axel,28600563,axel.longuet.1@etu.sorbonne-universite.fr,Finished,"25 septembre 2021  3:50 ","25 septembre 2021  4:44 ","54 mins 55 secs",16.00,5.00,3.00,4.00,3.00,0.00,1.00
Loyau-Kahn,Felix,28607223,felix.loyau-kahn@etu.sorbonne-universite.fr,Finished,"26 septembre 2021  11:35 ","26 septembre 2021  11:58 ","22 mins 33 secs",14.89,3.89,3.00,4.00,3.00,0.00,1.00
Luo,Yukai,28620155,yukai.luo@etu.sorbonne-universite.fr,Finished,"26 septembre 2021  10:48 ","26 septembre 2021  11:35 ","46 mins 51 secs",16.00,5.00,3.00,4.00,3.00,0.00,1.00
Luvisamo,"Mulemesa Jessy",3415756,mulemesa.luvisamo@etu.sorbonne-universite.fr,Finished,"26 septembre 2021  10:51 ","27 septembre 2021  12:11 ","1 hour 19 mins",19.00,5.00,3.00,4.00,6.00,1.00,0.00
Ly,Sylvie,3522190,sylvie.ly@etu.sorbonne-universite.fr,Finished,"20 septembre 2021  9:17 ","20 septembre 2021  9:47 ","30 mins 8 secs",20.00,5.00,3.00,4.00,6.00,1.00,1.00
Macabre,Loona,28609645,loona.macabre.1@etu.sorbonne-universite.fr,Finished,"25 septembre 2021  11:35 ","25 septembre 2021  12:26 ","50 mins 33 secs",18.00,5.00,1.00,4.00,6.00,1.00,1.00
Maire,Maxence,28605064,maxence.maire@etu.sorbonne-universite.fr,Finished,"26 septembre 2021  9:29 ","26 septembre 2021  11:21 ","1 hour 52 mins",13.00,5.00,3.00,4.00,0.00,0.00,1.00
Makhlouf,Rayane,28617603,rayane.makhlouf@etu.sorbonne-universite.fr,Finished,"24 septembre 2021  8:16 ","24 septembre 2021  9:24 ","1 hour 8 mins",20.00,5.00,3.00,4.00,6.00,1.00,1.00
Marques,Romain,28600712,romain.marques.1@etu.sorbonne-universite.fr,Finished,"25 septembre 2021  12:57 ","25 septembre 2021  1:13 ","16 mins 3 secs",15.00,5.00,3.00,4.00,3.00,0.00,0.00
Martin,Amaury,28610127,amaury.martin.1@etu.sorbonne-universite.fr,Finished,"27 septembre 2021  12:02 ","27 septembre 2021  12:19 ","16 mins 43 secs",20.00,5.00,3.00,4.00,6.00,1.00,1.00
Mastor,Assia,28602563,assia.mastor.1@etu.sorbonne-universite.fr,Finished,"27 septembre 2021  1:26 ","27 septembre 2021  1:34 ","8 mins 42 secs",10.00,5.00,3.00,0.00,0.00,1.00,1.00
Mazari,Messilva,28610328,messilva.mazari@etu.sorbonne-universite.fr,Finished,"26 septembre 2021  6:46 ","26 septembre 2021  7:32 ","45 mins 35 secs",15.00,5.00,3.00,4.00,3.00,0.00,0.00
Mbaye,Souleymane,28717871,Souleymane.Mbaye@etu.sorbonne-universite.fr,Finished,"25 septembre 2021  2:08 ","25 septembre 2021  2:57 ","48 mins 21 secs",19.00,5.00,3.00,4.00,6.00,1.00,0.00
Mbouranga,Winn-Elie,28601343,winn-elie.mbouranga.1@etu.sorbonne-universite.fr,Finished,"25 septembre 2021  1:49 ","25 septembre 2021  2:30 ","41 mins 3 secs",20.00,5.00,3.00,4.00,6.00,1.00,1.00
Meddah,Sarah,3603679,sarah.meddah@etu.sorbonne-universite.fr,Finished,"21 septembre 2021  5:17 ","21 septembre 2021  5:25 ","8 mins 17 secs",19.00,5.00,2.00,4.00,6.00,1.00,1.00
Mekhloufi,Zakaria,3809215,zakaria.mekhloufi@etu.sorbonne-universite.fr,Finished,"26 septembre 2021  5:12 ","26 septembre 2021  6:03 ","51 mins 27 secs",20.00,5.00,3.00,4.00,6.00,1.00,1.00
Mellul,Yona,3800646,yona.mellul@etu.sorbonne-universite.fr,Finished,"26 septembre 2021  2:36 ","26 septembre 2021  3:17 ","40 mins 51 secs",20.00,5.00,3.00,4.00,6.00,1.00,1.00
"Melot Chesnel",Josephine,28603036,josephine.melot_chesnel.1@etu.sorbonne-universite.fr,Finished,"25 septembre 2021  3:40 ","25 septembre 2021  4:13 ","33 mins 7 secs",20.00,5.00,3.00,4.00,6.00,1.00,1.00
Mendes,Hugo,3670527,hugo.mendes@etu.sorbonne-universite.fr,-,-,-,-,-,-,-,-,-,-,-
"Mendez Chacon",Paula,21109001,Paula.Mendez_Chacon@etu.sorbonne-universite.fr,Finished,"25 septembre 2021  12:26 ","25 septembre 2021  12:48 ","21 mins 53 secs",20.00,5.00,3.00,4.00,6.00,1.00,1.00
Millard,Maxime,28602830,maxime.millard.1@etu.sorbonne-universite.fr,Finished,"23 septembre 2021  5:29 ","23 septembre 2021  6:16 ","46 mins 48 secs",17.00,5.00,3.00,4.00,3.00,1.00,1.00
Mistry,Darshan,3670280,darshan.mistry@etu.sorbonne-universite.fr,-,-,-,-,-,-,-,-,-,-,-
Mohamed,Djamila,28609129,djamila.mohamed@etu.sorbonne-universite.fr,Finished,"26 septembre 2021  8:27 ","26 septembre 2021  9:15 ","48 mins 3 secs",16.00,5.00,3.00,4.00,3.00,1.00,0.00
Moreau,Nino,28603833,nino.moreau.1@etu.sorbonne-universite.fr,Finished,"24 septembre 2021  1:42 ","24 septembre 2021  2:29 ","46 mins 22 secs",16.00,5.00,0.00,3.00,6.00,1.00,1.00
Moussouni,Amine,28720778,Amine.Moussouni@etu.sorbonne-universite.fr,Finished,"24 septembre 2021  10:38 ","24 septembre 2021  10:57 ","18 mins 48 secs",20.00,5.00,3.00,4.00,6.00,1.00,1.00
Naumenko,Polina,3521154,polina.naumenko@etu.sorbonne-universite.fr,-,-,-,-,-,-,-,-,-,-,-
Nedir,Rahmine,3872127,rahmine.nedir@etu.sorbonne-universite.fr,Finished,"26 septembre 2021  7:19 ","26 septembre 2021  8:26 ","1 hour 6 mins",20.00,5.00,3.00,4.00,6.00,1.00,1.00
Nehlil,"Mouloud Samy",21113646,Mouloud_Samy.Nehlil@etu.sorbonne-universite.fr,Finished,"25 septembre 2021  6:09 ","25 septembre 2021  7:22 ","1 hour 12 mins",20.00,5.00,3.00,4.00,6.00,1.00,1.00
Nguyen,"Ngoc Thien",21102696,Ngoc_Thien.Nguyen@etu.sorbonne-universite.fr,Finished,"26 septembre 2021  8:34 ","26 septembre 2021  9:59 ","1 hour 25 mins",20.00,5.00,3.00,4.00,6.00,1.00,1.00
Nguyen,"Hoang Son",28709864,Hoang_Son.Nguyen@etu.sorbonne-universite.fr,Finished,"26 septembre 2021  10:04 ","26 septembre 2021  10:15 ","10 mins 59 secs",20.00,5.00,3.00,4.00,6.00,1.00,1.00
Niang,Fallou,3803961,fallou.niang@etu.sorbonne-universite.fr,-,-,-,-,-,-,-,-,-,-,-
Olivar-Sanglar,Gabriel,28602191,gabriel.olivar.1@etu.sorbonne-universite.fr,Finished,"26 septembre 2021  9:55 ","26 septembre 2021  10:29 ","33 mins 53 secs",20.00,5.00,3.00,4.00,6.00,1.00,1.00
Ouhenia,Ghiles,28716807,Ghiles.Ouhenia@etu.sorbonne-universite.fr,Finished,"24 septembre 2021  1:37 ","24 septembre 2021  2:02 ","24 mins 44 secs",13.00,5.00,3.00,4.00,0.00,1.00,0.00
Ouni,Wassim,21112855,Wassim.Ouni@etu.sorbonne-universite.fr,Finished,"26 septembre 2021  10:30 ","26 septembre 2021  10:46 ","15 mins 35 secs",20.00,5.00,3.00,4.00,6.00,1.00,1.00
Palisoc,Camille,28600602,camille.palisoc.1@etu.sorbonne-universite.fr,Finished,"23 septembre 2021  7:30 ","23 septembre 2021  8:03 ","33 mins 16 secs",16.00,5.00,3.00,4.00,3.00,0.00,1.00
Parameswaralingam,Charles-Pragash,3670244,charles-pragash.parameswaralingam@etu.sorbonne-universite.fr,Finished,"26 septembre 2021  3:55 ","26 septembre 2021  4:30 ","35 mins 3 secs",8.00,0.00,3.00,4.00,0.00,0.00,1.00
Pendelliou,Arthur,3809224,arthur.pendelliou@etu.sorbonne-universite.fr,Finished,"24 septembre 2021  8:34 ","24 septembre 2021  8:38 ","3 mins 47 secs",19.00,5.00,2.00,4.00,6.00,1.00,1.00
Perrignon-Sommet,Thibault,21104636,Thibault.Perrignon-Sommet@etu.sorbonne-universite.fr,Finished,"26 septembre 2021  2:09 ","26 septembre 2021  2:24 ","15 mins 27 secs",20.00,5.00,3.00,4.00,6.00,1.00,1.00
Pierre,Lauryn,28600518,lauryn.pierre.1@etu.sorbonne-universite.fr,Finished,"26 septembre 2021  3:34 ","26 septembre 2021  4:07 ","33 mins 51 secs",16.00,5.00,3.00,3.00,3.00,1.00,1.00
"Pierre Noel",Jericho,21113317,Jericho.Pierre_Noel@etu.sorbonne-universite.fr,Finished,"26 septembre 2021  7:44 ","26 septembre 2021  9:02 ","1 hour 17 mins",6.00,5.00,0.00,1.00,0.00,0.00,0.00
Piffre,Baptiste,28636372,baptiste.piffre@etu.sorbonne-universite.fr,Finished,"24 septembre 2021  1:32 ","24 septembre 2021  1:50 ","17 mins 45 secs",17.00,5.00,3.00,4.00,3.00,1.00,1.00
Pinho,Goncalo,28602737,goncalo.pinho.1@etu.sorbonne-universite.fr,Finished,"26 septembre 2021  2:57 ","26 septembre 2021  4:50 ","1 hour 53 mins",9.11,1.11,3.00,4.00,0.00,1.00,0.00
Pirard,Emile,28600880,emile.pirard.1@etu.sorbonne-universite.fr,Finished,"24 septembre 2021  8:45 ","24 septembre 2021  8:57 ","12 mins 18 secs",20.00,5.00,3.00,4.00,6.00,1.00,1.00
Pulval-Dady,Alan,28603735,alan.pulval-dady.1@etu.sorbonne-universite.fr,Finished,"22 septembre 2021  2:41 ","22 septembre 2021  2:45 ","3 mins 55 secs",16.00,5.00,3.00,4.00,3.00,0.00,1.00
Ramdani,Cyrena,3805942,cyrena.ramdani@etu.sorbonne-universite.fr,Finished,"26 septembre 2021  9:43 ","26 septembre 2021  10:04 ","21 mins 32 secs",20.00,5.00,3.00,4.00,6.00,1.00,1.00
Rams,Sean,28605296,sean.rams.1@etu.sorbonne-universite.fr,Finished,"24 septembre 2021  8:09 ","24 septembre 2021  8:33 ","23 mins 7 secs",20.00,5.00,3.00,4.00,6.00,1.00,1.00
Randrianarisoa,Roman,3808834,roman.randrianarisoa@etu.sorbonne-universite.fr,Finished,"22 septembre 2021  6:11 ","22 septembre 2021  6:42 ","31 mins 49 secs",20.00,5.00,3.00,4.00,6.00,1.00,1.00
Richard,"Samantha Elisabeth",28009976,samantha.richard.2@etu.sorbonne-universite.fr,Finished,"26 septembre 2021  9:17 ","26 septembre 2021  11:09 ","1 hour 52 mins",13.78,2.78,3.00,4.00,3.00,1.00,0.00
Rozbully,Faraan,3700903,faraan.rozbully@etu.sorbonne-universite.fr,Finished,"26 septembre 2021  8:14 ","26 septembre 2021  9:28 ","1 hour 13 mins",16.11,1.11,3.00,4.00,6.00,1.00,1.00
Ruan,Thomas,28606375,thomas.ruan.1@etu.sorbonne-universite.fr,Finished,"26 septembre 2021  5:40 ","26 septembre 2021  5:56 ","15 mins 45 secs",17.00,5.00,3.00,4.00,3.00,1.00,1.00
"Ruiz Heredia","Jose Antonio",21109006,Jose_Antonio.Ruiz_Heredia@etu.sorbonne-universite.fr,Finished,"27 septembre 2021  8:39 ","27 septembre 2021  8:45 ","5 mins 42 secs",16.78,2.78,3.00,4.00,6.00,0.00,1.00
Rzeszutko,Kamil,2800282,kamil.rzeszutko@etu.sorbonne-universite.fr,-,-,-,-,-,-,-,-,-,-,-
Sadi,Amayas,28717408,Amayas.Sadi@etu.sorbonne-universite.fr,Finished,"24 septembre 2021  8:16 ","24 septembre 2021  9:24 ","1 hour 8 mins",20.00,5.00,3.00,4.00,6.00,1.00,1.00
Sadykova,Karima,28610100,karima.sadykova@etu.sorbonne-universite.fr,Finished,"25 septembre 2021  5:42 ","25 septembre 2021  7:19 ","1 hour 36 mins",20.00,5.00,3.00,4.00,6.00,1.00,1.00
Said,Sayafdine,28607006,sayafdine.said.1@etu.sorbonne-universite.fr,Finished,"26 septembre 2021  11:34 ","26 septembre 2021  1:34 ","2 hours",14.89,3.89,3.00,4.00,3.00,0.00,1.00
Samar,Anissa,21120079,Anissa.Samar@etu.sorbonne-universite.fr,Finished,"25 septembre 2021  8:05 ","25 septembre 2021  8:19 ","14 mins 21 secs",17.78,2.78,3.00,4.00,6.00,1.00,1.00
Sane,Kemo,28617513,kemo.sane@etu.sorbonne-universite.fr,Finished,"26 septembre 2021  7:47 ","26 septembre 2021  9:34 ","1 hour 46 mins",20.00,5.00,3.00,4.00,6.00,1.00,1.00
Sfez,Alexandre,3804652,alexandre.sfez@etu.sorbonne-universite.fr,-,-,-,-,-,-,-,-,-,-,-
Shi,Yulin,21112391,Yulin.Shi@etu.sorbonne-universite.fr,Finished,"25 septembre 2021  9:29 ","25 septembre 2021  10:26 ","57 mins 5 secs",16.00,5.00,3.00,4.00,3.00,0.00,1.00
Sima,Daniel-Ioan,3800992,daniel.sima@etu.sorbonne-universite.fr,Finished,"26 septembre 2021  3:02 ","26 septembre 2021  3:35 ","32 mins 40 secs",16.00,5.00,3.00,4.00,3.00,1.00,0.00
Simion,Mathys,28705217,Mathys.Simion@etu.sorbonne-universite.fr,Finished,"24 septembre 2021  1:17 ","24 septembre 2021  3:06 ","1 hour 49 mins",9.11,1.11,3.00,4.00,0.00,0.00,1.00
Singh,Nawelle,28600503,nawelle.singh.1@etu.sorbonne-universite.fr,Finished,"26 septembre 2021  2:05 ","26 septembre 2021  2:33 ","27 mins 25 secs",20.00,5.00,3.00,4.00,6.00,1.00,1.00
"Sitang Ewande",Ninine,3801541,ninine.sitang_ewande@etu.sorbonne-universite.fr,Finished,"26 septembre 2021  12:21 ","26 septembre 2021  12:43 ","21 mins 45 secs",20.00,5.00,3.00,4.00,6.00,1.00,1.00
Snaoui,Adam,21119283,Adam.Snaoui@etu.sorbonne-universite.fr,Finished,"27 septembre 2021  7:53 ","27 septembre 2021  8:15 ","21 mins 48 secs",14.00,5.00,3.00,2.00,3.00,0.00,1.00
Sobot,Allen,28600456,allen.sobot.1@etu.sorbonne-universite.fr,Finished,"27 septembre 2021  9:42 ","27 septembre 2021  10:39 ","57 mins 16 secs",19.44,4.44,3.00,4.00,6.00,1.00,1.00
Sun,Amélie,28606343,amelie.sun.1@etu.sorbonne-universite.fr,Finished,"26 septembre 2021  4:38 ","26 septembre 2021  5:57 ","1 hour 19 mins",16.00,5.00,3.00,4.00,3.00,0.00,1.00
Sylla,Amy,28618173,amy.sylla@etu.sorbonne-universite.fr,Finished,"26 septembre 2021  11:40 ","27 septembre 2021  12:17 ","37 mins 2 secs",20.00,5.00,3.00,4.00,6.00,1.00,1.00
Tang,Remi,28624752,remi.tang@etu.sorbonne-universite.fr,-,-,-,-,-,-,-,-,-,-,-
Tchen,Clement,3703339,clement.tchen@etu.sorbonne-universite.fr,Finished,"26 septembre 2021  7:10 ","26 septembre 2021  8:31 ","1 hour 21 mins",19.00,5.00,3.00,3.00,6.00,1.00,1.00
Terkmani,Kamelia,21116094,Kamelia.Terkmani@etu.sorbonne-universite.fr,Finished,"25 septembre 2021  9:47 ","25 septembre 2021  10:11 ","24 mins 12 secs",16.00,5.00,3.00,4.00,3.00,0.00,1.00
Thirion,Lou,28614980,lou.thirion@etu.sorbonne-universite.fr,Finished,"23 septembre 2021  3:58 ","23 septembre 2021  4:38 ","40 mins 1 sec",20.00,5.00,3.00,4.00,6.00,1.00,1.00
"Toguem Fotso","John Kevyn",3970693,john.toguem_fotso@etu.sorbonne-universite.fr,-,-,-,-,-,-,-,-,-,-,-
Tragha,Marwan,28615820,marwan.tragha@etu.sorbonne-universite.fr,Finished,"25 septembre 2021  3:48 ","25 septembre 2021  4:11 ","23 mins 37 secs",20.00,5.00,3.00,4.00,6.00,1.00,1.00
Tran,"Le My",28603688,le.tran@etu.sorbonne-universite.fr,Finished,"26 septembre 2021  4:15 ","26 septembre 2021  5:42 ","1 hour 27 mins",9.22,2.22,3.00,4.00,-,-,-
Traore,Mamadou,2203537,mamadou.traore@etu.sorbonne-universite.fr,-,-,-,-,-,-,-,-,-,-,-
Trumic,Mihajlo,28606345,mihajlo.trumic@etu.sorbonne-universite.fr,Finished,"24 septembre 2021  3:45 ","24 septembre 2021  4:36 ","51 mins 8 secs",20.00,5.00,3.00,4.00,6.00,1.00,1.00
Vanrycke,Loann,3811248,loann.vanrycke@etu.sorbonne-universite.fr,Finished,"27 septembre 2021  9:12 ","27 septembre 2021  10:33 ","1 hour 21 mins",7.78,2.78,-,1.00,3.00,0.00,1.00
Vedanayagame,Souveda,28600150,souveda.vedanayagame.1@etu.sorbonne-universite.fr,Finished,"25 septembre 2021  11:21 ","25 septembre 2021  12:39 ","1 hour 18 mins",19.00,5.00,3.00,3.00,6.00,1.00,1.00
Vigano,Alice,3804657,alice.vigano@etu.sorbonne-universite.fr,Finished,"27 septembre 2021  10:20 ","27 septembre 2021  11:29 ","1 hour 9 mins",18.33,3.33,3.00,4.00,6.00,1.00,1.00
Villard,Lorenzo,3801327,lorenzo.villard@etu.sorbonne-universite.fr,Finished,"22 septembre 2021  6:57 ","22 septembre 2021  7:25 ","28 mins 1 sec",20.00,5.00,3.00,4.00,6.00,1.00,1.00
Wang,Zhe,21116827,Zhe.Wang@etu.sorbonne-universite.fr,Finished,"26 septembre 2021  1:38 ","26 septembre 2021  2:05 ","26 mins 15 secs",17.78,2.78,3.00,4.00,6.00,1.00,1.00
Warmé-Janville,Auguste,3800191,auguste.warme-janville@etu.sorbonne-universite.fr,Finished,"24 septembre 2021  5:09 ","24 septembre 2021  5:59 ","49 mins 34 secs",18.89,3.89,3.00,4.00,6.00,1.00,1.00
Wu,Julie,28600741,julie.wu.1@etu.sorbonne-universite.fr,Finished,"25 septembre 2021  6:04 ","25 septembre 2021  6:42 ","37 mins 22 secs",16.00,5.00,3.00,4.00,3.00,0.00,1.00
Wu,Isabelle,28606994,isabelle.wu.2@etu.sorbonne-universite.fr,Finished,"27 septembre 2021  12:18 ","27 septembre 2021  1:08 ","49 mins 42 secs",16.00,5.00,3.00,4.00,3.00,0.00,1.00
Xia,Alexandre,28604113,alexandre.xia.1@etu.sorbonne-universite.fr,Finished,"24 septembre 2021  8:45 ","24 septembre 2021  9:55 ","1 hour 9 mins",20.00,5.00,3.00,4.00,6.00,1.00,1.00
Xu,Jin,3700044,jin.xu@etu.sorbonne-universite.fr,-,-,-,-,-,-,-,-,-,-,-
Yang,Kai,21107392,Kai.Yang@etu.sorbonne-universite.fr,Finished,"26 septembre 2021  2:27 ","26 septembre 2021  2:47 ","20 mins 23 secs",16.00,5.00,3.00,4.00,3.00,0.00,1.00
Yehya,Jad,28609954,jad.yehya.1@etu.sorbonne-universite.fr,Finished,"24 septembre 2021  9:41 ","24 septembre 2021  10:11 ","29 mins 8 secs",11.89,3.89,3.00,4.00,0.00,0.00,1.00
"Youcef Khodja",Amine,21113585,Amine.Youcef_Khodja@etu.sorbonne-universite.fr,Finished,"24 septembre 2021  8:16 ","24 septembre 2021  9:24 ","1 hour 8 mins",20.00,5.00,3.00,4.00,6.00,1.00,1.00
Zanan,Nour,28607755,nour.zanan.1@etu.sorbonne-universite.fr,Finished,"27 septembre 2021  12:11 ","27 septembre 2021  1:52 ","1 hour 41 mins",20.00,5.00,3.00,4.00,6.00,1.00,1.00
Zeng,Fanxiang,28600693,fanxiang.zeng@etu.sorbonne-universite.fr,Finished,"21 septembre 2021  9:48 ","21 septembre 2021  11:06 ","1 hour 17 mins",20.00,5.00,3.00,4.00,6.00,1.00,1.00
Zerbib,Raphael,28601765,raphael.zerbib.1@etu.sorbonne-universite.fr,Finished,"26 septembre 2021  10:41 ","26 septembre 2021  11:26 ","44 mins 52 secs",7.78,2.78,0.00,4.00,0.00,0.00,1.00
Zhang,Jacques,28607704,jacques.zhang.1@etu.sorbonne-universite.fr,Finished,"25 septembre 2021  4:49 ","25 septembre 2021  6:20 ","1 hour 30 mins",12.67,1.67,3.00,4.00,3.00,0.00,1.00
Zhang,Xu,3803083,xu.zhang@etu.sorbonne-universite.fr,Finished,"26 septembre 2021  5:46 ","26 septembre 2021  7:34 ","1 hour 47 mins",10.22,2.22,3.00,4.00,0.00,0.00,1.00
Zhang,Han,3970759,han.zhang@etu.sorbonne-universite.fr,Finished,"26 septembre 2021  10:54 ","27 septembre 2021  12:54 ","2 hours",1.00,0.00,-,-,-,1.00,0.00
Zhang,Yilu,28601009,yilu.zhang.1@etu.sorbonne-universite.fr,Finished,"26 septembre 2021  11:38 ","27 septembre 2021  12:01 ","22 mins 58 secs",16.78,2.78,3.00,3.00,6.00,1.00,1.00
Zhuang,Christian,28601285,christian.zhuang.1@etu.sorbonne-universite.fr,Finished,"22 septembre 2021  10:21 ","22 septembre 2021  11:09 ","47 mins 57 secs",18.44,4.44,2.00,4.00,6.00,1.00,1.00
"Zou Al Guyna",Louai,3680880,louai.zou_al_guyna@etu.sorbonne-universite.fr,Finished,"25 septembre 2021  6:53 ","25 septembre 2021  7:05 ","12 mins 51 secs",20.00,5.00,3.00,4.00,6.00,1.00,1.00
Zouba,Thomas,21101133,Thomas.Zouba@etu.sorbonne-universite.fr,Finished,"25 septembre 2021  4:44 ","25 septembre 2021  5:28 ","44 mins 35 secs",17.00,5.00,3.00,4.00,3.00,1.00,1.00
Zouhri,Bilal,3703980,bilal.zouhri@etu.sorbonne-universite.fr,Finished,"25 septembre 2021  10:28 ","25 septembre 2021  10:50 ","21 mins 44 secs",20.00,5.00,3.00,4.00,6.00,1.00,1.00
"Overall average",,,,,,,,17.45,4.55,2.83,3.80,4.62,0.76,0.88
