﻿Surname,"First name","ID number","Email address",State,"Started on",Completed,"Time taken",Grade/20.00,"Q. 1 /0.65","Q. 2 /5.16","Q. 3 /1.29","Q. 4 /3.87","Q. 5 /3.87","Q. 6 /2.58","Q. 7 /2.58"
Abdillahi,"Ben Idris Michel",3812573,ben.abdillahi@etu.sorbonne-universite.fr,Finished,"3 octobre 2021  1:30 ","3 octobre 2021  2:12 ","41 mins 11 secs",18.06,0.65,3.23,1.29,3.87,3.87,2.58,2.58
Abeles,Walter,28610484,walter.abeles@etu.sorbonne-universite.fr,Finished,"3 octobre 2021  6:05 ","3 octobre 2021  7:14 ","1 hour 9 mins",10.32,0.00,2.58,0.00,0.00,3.23,2.58,1.94
Abkress,Barka,28606227,barka.abkress.1@etu.sorbonne-universite.fr,Finished,"3 octobre 2021  9:35 ","3 octobre 2021  10:05 ","29 mins 50 secs",13.55,0.65,2.58,1.29,0.00,3.87,2.58,2.58
Afoulous,Oumaima,3802791,oumaima.afoulous@etu.sorbonne-universite.fr,Finished,"4 octobre 2021  9:52 ","4 octobre 2021  9:57 ","5 mins 13 secs",4.52,-,-,-,-,-,2.58,1.94
"Ahmed Ali",Nassim,21113025,Nassim.Ahmed_Ali@etu.sorbonne-universite.fr,Finished,"3 octobre 2021  2:21 ","3 octobre 2021  2:57 ","35 mins 51 secs",16.77,0.00,2.58,1.29,3.87,3.87,2.58,2.58
"Ait Khelifa",Tanina,21110432,Tanina.Ait_Khelifa@etu.sorbonne-universite.fr,Finished,"2 octobre 2021  6:42 ","2 octobre 2021  7:21 ","39 mins 5 secs",15.48,0.00,2.58,-,3.87,3.87,2.58,2.58
Akhtarkhavari,Parto,28606489,parto.akhtarkhavari.1@etu.sorbonne-universite.fr,Finished,"4 octobre 2021  12:36 ","4 octobre 2021  12:50 ","14 mins 21 secs",10.97,0.65,0.00,1.29,0.00,3.87,2.58,2.58
"Al Awayd",Wissam,3701350,wissam.al_awayd@etu.sorbonne-universite.fr,Finished,"4 octobre 2021  3:50 ","4 octobre 2021  4:28 ","38 mins 13 secs",11.61,0.65,1.94,1.29,0.00,2.58,2.58,2.58
Alayoud,Yanis,28600748,yanis.alayoud.1@etu.sorbonne-universite.fr,Finished,"3 octobre 2021  6:38 ","3 octobre 2021  7:18 ","39 mins 42 secs",11.61,0.65,2.58,0.65,0.00,3.87,1.29,2.58
Albitar,Nadia,3671406,nadia.albitar@etu.sorbonne-universite.fr,Finished,"3 octobre 2021  3:33 ","3 octobre 2021  4:52 ","1 hour 18 mins",10.97,-,-,-,3.87,3.87,1.29,1.94
Alexandre,Ronald,3407195,ronald.alexandre@etu.sorbonne-universite.fr,-,-,-,-,-,-,-,-,-,-,-,-
Alliot,Leane,28602178,leane.alliot.1@etu.sorbonne-universite.fr,Finished,"28 septembre 2021  10:05 ","28 septembre 2021  11:43 ","1 hour 38 mins",12.90,0.00,1.94,1.29,1.29,3.87,1.94,2.58
Amanzougarene,Eldjouher,3601270,eldjouher.amanzougarene@etu.sorbonne-universite.fr,Finished,"4 octobre 2021  4:10 ","4 octobre 2021  6:07 ","1 hour 56 mins",11.61,0.00,5.16,-,-,3.87,0.65,1.94
Amnache,Atena,28618735,atena.amnache@etu.sorbonne-universite.fr,-,-,-,-,-,-,-,-,-,-,-,-
Amri,Malek,28710546,Malek.Amri@etu.sorbonne-universite.fr,Finished,"3 octobre 2021  11:31 ","4 octobre 2021  12:33 ","1 hour 1 min",20.00,0.65,5.16,1.29,3.87,3.87,2.58,2.58
Aouchiche,Juba,28610319,juba.aouchiche@etu.sorbonne-universite.fr,Finished,"3 octobre 2021  9:46 ","3 octobre 2021  11:25 ","1 hour 38 mins",18.71,0.65,4.52,1.29,3.87,3.87,1.94,2.58
"Arbulu Sedano",Diego,3808688,diego.arbulu_sedano@etu.sorbonne-universite.fr,Finished,"4 octobre 2021  7:13 ","4 octobre 2021  7:39 ","25 mins 31 secs",17.42,0.65,2.58,1.29,3.87,3.87,2.58,2.58
Archambaud,Florian,3804270,florian.archambaud@etu.sorbonne-universite.fr,Finished,"29 septembre 2021  1:18 ","29 septembre 2021  1:54 ","36 mins 23 secs",11.61,0.65,2.58,0.00,0.00,3.87,1.94,2.58
Arnal,Anaïs,28609148,anais.arnal@etu.sorbonne-universite.fr,Finished,"3 octobre 2021  3:21 ","3 octobre 2021  4:23 ","1 hour 1 min",14.84,0.65,0.00,1.29,3.87,3.87,2.58,2.58
Atsé,Yapi,3803860,yapi.atse@etu.sorbonne-universite.fr,Finished,"4 octobre 2021  10:00 ","4 octobre 2021  10:23 ","22 mins 49 secs",5.48,-,-,0.00,0.00,2.26,1.29,1.94
Ayed,Bilel,28626848,bilel.ayed.1@etu.sorbonne-universite.fr,Finished,"3 octobre 2021  10:29 ","3 octobre 2021  11:04 ","35 mins 6 secs",13.23,0.65,0.00,0.00,3.87,3.55,2.58,2.58
Baasch,Matthias,21109634,Matthias.Baasch@etu.sorbonne-universite.fr,-,-,-,-,-,-,-,-,-,-,-,-
Babaali,Mohamed,28601465,mohamed.babaali.1@etu.sorbonne-universite.fr,Finished,"3 octobre 2021  10:50 ","3 octobre 2021  11:24 ","34 mins 37 secs",18.71,0.65,4.52,1.29,3.87,3.87,1.94,2.58
Bait,Alexander,28609336,alexander.bait.1@etu.sorbonne-universite.fr,Finished,"3 octobre 2021  6:13 ","3 octobre 2021  7:10 ","56 mins 54 secs",9.03,0.65,1.94,1.29,0.00,0.00,2.58,2.58
Ball,Ndiaye,3702933,ndiaye.ball@etu.sorbonne-universite.fr,-,-,-,-,-,-,-,-,-,-,-,-
Baloul,"Mohamed Ryane",21113008,Mohamed_Ryane.Baloul@etu.sorbonne-universite.fr,Finished,"4 octobre 2021  8:49 ","4 octobre 2021  9:27 ","38 mins 21 secs",12.26,0.65,1.29,1.29,0.00,3.87,2.58,2.58
Bayoudh,Fares,28600163,fares.bayoudh.1@etu.sorbonne-universite.fr,Finished,"3 octobre 2021  10:28 ","3 octobre 2021  11:00 ","31 mins 55 secs",17.42,0.65,2.58,1.29,3.87,3.87,2.58,2.58
Bazil,Olando,28608499,olando.bazil@etu.sorbonne-universite.fr,Finished,"4 octobre 2021  12:45 ","4 octobre 2021  1:54 ","1 hour 9 mins",10.97,0.00,3.23,0.00,0.00,3.87,2.58,1.29
Beldjilali,Amel,21115553,Amel.Beldjilali@etu.sorbonne-universite.fr,Finished,"2 octobre 2021  12:07 ","2 octobre 2021  2:03 ","1 hour 55 mins",16.13,0.65,2.58,0.00,3.87,3.87,2.58,2.58
Bellaiche,Samuel,28600786,samuel.bellaiche.1@etu.sorbonne-universite.fr,Finished,"4 octobre 2021  8:46 ","4 octobre 2021  9:07 ","20 mins 58 secs",12.26,0.00,3.23,0.00,0.00,3.87,2.58,2.58
Bellaoud,Nassim,3700196,nassim.bellaoud@etu.sorbonne-universite.fr,Finished,"4 octobre 2021  8:40 ","4 octobre 2021  9:02 ","22 mins 48 secs",2.58,0.00,0.00,0.00,1.29,0.65,-,0.65
Ben-Mohamed,Ines,28607963,ines.ben-mohamed.1@etu.sorbonne-universite.fr,Finished,"3 octobre 2021  8:22 ","3 octobre 2021  9:56 ","1 hour 34 mins",12.90,0.65,1.94,1.29,0.00,3.87,2.58,2.58
Benhaddad,Ahcene,3804630,ahcene.benhadddad@etu.sorbonne-universite.fr,Finished,"4 octobre 2021  12:00 ","4 octobre 2021  12:31 ","30 mins 18 secs",20.00,0.65,5.16,1.29,3.87,3.87,2.58,2.58
Benlaldj,"Zohra Chihez",21112712,Zohra_Chihez.Benlaldj@etu.sorbonne-universite.fr,Finished,"3 octobre 2021  2:04 ","3 octobre 2021  3:40 ","1 hour 35 mins",14.84,0.65,1.29,0.00,3.87,3.87,2.58,2.58
Benmansour,Sofiane,3504377,sofiane.benmansour@etu.sorbonne-universite.fr,-,-,-,-,-,-,-,-,-,-,-,-
Berrada,Nacer,28610440,nacer.berrada@etu.sorbonne-universite.fr,Finished,"4 octobre 2021  8:47 ","4 octobre 2021  9:53 ","1 hour 6 mins",16.77,0.65,2.58,1.29,3.87,3.23,2.58,2.58
Berrichi,Manelle,28600291,manelle.berrichi.1@etu.sorbonne-universite.fr,Finished,"3 octobre 2021  9:08 ","3 octobre 2021  9:34 ","26 mins 6 secs",16.77,0.65,1.94,1.29,3.87,3.87,2.58,2.58
Besnier,Lucien,3803479,lucien.besnier@etu.sorbonne-universite.fr,Finished,"4 octobre 2021  9:25 ","4 octobre 2021  10:11 ","46 mins 13 secs",9.68,0.65,0.65,1.29,0.00,3.23,2.58,1.29
Bessad,Melina,28610730,melina.bessad@etu.sorbonne-universite.fr,Finished,"1 octobre 2021  6:00 ","1 octobre 2021  6:24 ","24 mins 15 secs",13.55,0.65,2.58,1.29,0.00,3.87,2.58,2.58
Bikou,Angie-Sofia,3700648,angie-sofia.bikou@etu.sorbonne-universite.fr,-,-,-,-,-,-,-,-,-,-,-,-
Billon,Martin,3801962,martin.billon@etu.sorbonne-universite.fr,Finished,"3 octobre 2021  10:06 ","3 octobre 2021  10:11 ","5 mins 15 secs",10.97,0.65,0.00,1.29,0.00,3.87,2.58,2.58
"Blasco Gallego",Lucia,21109706,Lucia.Blasco_Gallego@etu.sorbonne-universite.fr,Finished,"4 octobre 2021  10:02 ","4 octobre 2021  10:22 ","20 mins 40 secs",10.97,0.65,1.29,1.29,0.00,2.58,2.58,2.58
Boda,Jeremy,28603394,jeremy.boda.1@etu.sorbonne-universite.fr,Finished,"2 octobre 2021  3:23 ","2 octobre 2021  4:04 ","41 mins 3 secs",18.71,0.65,5.16,0.00,3.87,3.87,2.58,2.58
Bontempelli,Manon,28600844,manon.bontempelli.1@etu.sorbonne-universite.fr,Finished,"3 octobre 2021  9:52 ","3 octobre 2021  11:09 ","1 hour 16 mins",10.97,0.65,-,1.29,0.00,3.87,2.58,2.58
Bouaicha,Kenza,3703308,kenza.bouaicha@etu.sorbonne-universite.fr,Finished,"3 octobre 2021  10:38 ","3 octobre 2021  11:30 ","52 mins 5 secs",7.74,0.00,0.00,0.00,0.00,3.87,1.94,1.94
Boucherrab,Rayan,28610497,rayan.boucherrab@etu.sorbonne-universite.fr,Finished,"4 octobre 2021  6:30 ","4 octobre 2021  7:22 ","51 mins 28 secs",15.48,0.65,0.65,1.29,3.87,3.87,2.58,2.58
Bouchouchi,Nour,28600211,nour.bouchouchi.1@etu.sorbonne-universite.fr,Finished,"30 septembre 2021  7:15 ","30 septembre 2021  8:22 ","1 hour 6 mins",17.42,0.65,2.58,1.29,3.87,3.87,2.58,2.58
Bouheraoua,Sarah,21113695,Sarah.Bouheraoua@etu.sorbonne-universite.fr,Finished,"3 octobre 2021  10:11 ","3 octobre 2021  10:26 ","14 mins 19 secs",9.03,0.65,0.00,1.29,0.00,1.94,2.58,2.58
Bouhraoua,Ines,21115204,Ines.Bouhraoua@etu.sorbonne-universite.fr,Finished,"3 octobre 2021  1:35 ","3 octobre 2021  3:28 ","1 hour 52 mins",16.13,0.00,5.16,0.00,3.87,3.87,1.29,1.94
Bouloudani,Haroun,28002307,Haroun.Bouloudani@etu.sorbonne-universite.fr,Finished,"2 octobre 2021  5:36 ","2 octobre 2021  6:51 ","1 hour 15 mins",19.35,0.65,4.52,1.29,3.87,3.87,2.58,2.58
Bounichou,Hugo,3700560,hugo.bounichou@etu.sorbonne-universite.fr,Finished,"3 octobre 2021  1:01 ","3 octobre 2021  2:13 ","1 hour 11 mins",14.19,0.65,3.87,1.29,0.00,3.87,1.94,2.58
Bourekh,Zidane,3677063,zidane.bourekh@etu.sorbonne-universite.fr,Finished,"4 octobre 2021  5:52 ","4 octobre 2021  6:37 ","44 mins 29 secs",20.00,0.65,5.16,1.29,3.87,3.87,2.58,2.58
Bourlette,Lucas,3672216,lucas.bourlette@etu.sorbonne-universite.fr,-,-,-,-,-,-,-,-,-,-,-,-
Boutaleb,"Mohamed Allaa Eddine",21112734,Mohamed_Allaa_Eddine.Boutaleb@etu.sorbonne-universite.fr,Finished,"3 octobre 2021  10:51 ","3 octobre 2021  12:32 ","1 hour 41 mins",13.55,0.65,2.58,1.29,0.00,3.87,2.58,2.58
"Bouton Popper",Jules,28600665,jules.bouton.2@etu.sorbonne-universite.fr,Finished,"2 octobre 2021  11:56 ","3 octobre 2021  12:44 ","48 mins 16 secs",15.48,0.65,5.16,1.29,0.00,3.87,1.94,2.58
Bouzaglou,Ariel,28607480,ariel.bouzaglou.1@etu.sorbonne-universite.fr,Finished,"4 octobre 2021  10:04 ","4 octobre 2021  10:29 ","24 mins 12 secs",16.13,0.65,2.58,0.00,3.87,3.87,2.58,2.58
Boyadjiev,Todor,28507548,todor.boyadjiev.2@etu.sorbonne-universite.fr,Finished,"3 octobre 2021  8:46 ","3 octobre 2021  9:35 ","48 mins 25 secs",10.32,0.65,2.58,0.00,0.00,3.87,2.58,0.65
Brazane,Sabrina,3803162,sabrina.brazane@etu.sorbonne-universite.fr,Finished,"3 octobre 2021  11:29 ","4 octobre 2021  12:30 ","1 hour",20.00,0.65,5.16,1.29,3.87,3.87,2.58,2.58
Caraux,Theophane,28602627,theophane.caraux.1@etu.sorbonne-universite.fr,Finished,"3 octobre 2021  11:34 ","3 octobre 2021  12:01 ","26 mins 51 secs",10.97,0.65,0.00,1.29,0.00,3.87,2.58,2.58
Chaouati,Oualid,21114737,Oualid.Chaouati@etu.sorbonne-universite.fr,Finished,"4 octobre 2021  9:55 ","4 octobre 2021  10:30 ","34 mins 36 secs",12.26,0.65,1.29,1.29,0.00,3.87,2.58,2.58
Charlot,Théo,3804195,theo.charlot@etu.sorbonne-universite.fr,Finished,"3 octobre 2021  10:53 ","3 octobre 2021  12:27 ","1 hour 34 mins",14.19,0.65,2.58,0.65,1.29,3.87,2.58,2.58
Chen,Jinhe,3802503,jinhe.chen@etu.sorbonne-universite.fr,Finished,"4 octobre 2021  12:47 ","4 octobre 2021  1:05 ","17 mins 46 secs",14.84,0.65,4.52,1.29,0.00,3.87,2.58,1.94
Cherfaoui,Melissa,28720090,Melissa.Cherfaoui@etu.sorbonne-universite.fr,Finished,"4 octobre 2021  12:01 ","4 octobre 2021  12:57 ","55 mins 32 secs",12.26,0.65,2.58,0.00,0.00,3.87,2.58,2.58
Cherfi,Farouck,3407463,farouck.cherfi@etu.sorbonne-universite.fr,Finished,"4 octobre 2021  9:17 ","4 octobre 2021  9:57 ","39 mins 47 secs",10.97,0.00,2.58,0.65,0.00,3.87,1.94,1.94
Chikh,Mehdi,3677161,mehdi.chikh@etu.sorbonne-universite.fr,Finished,"3 octobre 2021  9:22 ","3 octobre 2021  11:01 ","1 hour 39 mins",16.13,0.65,2.58,0.00,3.87,3.87,2.58,2.58
Cohen,Orlane,28603418,orlane.cohen.1@etu.sorbonne-universite.fr,Finished,"30 septembre 2021  7:26 ","30 septembre 2021  8:24 ","57 mins 47 secs",17.42,0.65,2.58,1.29,3.87,3.87,2.58,2.58
Corlue,Florian,28607538,florian.corlue.1@etu.sorbonne-universite.fr,Finished,"3 octobre 2021  9:45 ","3 octobre 2021  10:35 ","49 mins 52 secs",12.26,0.65,2.58,0.00,0.00,3.87,2.58,2.58
Curaut,Charline,3810013,Charline.Curaut@etu.sorbonne-universite.fr,Finished,"30 septembre 2021  8:44 ","30 septembre 2021  10:34 ","1 hour 49 mins",17.42,0.65,2.58,1.29,3.87,3.87,2.58,2.58
Dabrowski,Mateusz,21109700,Mateusz.Dabrowski@etu.sorbonne-universite.fr,Finished,"3 octobre 2021  11:57 ","4 octobre 2021  1:34 ","1 hour 37 mins",12.90,0.65,4.52,1.29,0.00,1.29,2.58,2.58
"De Sacy",Anne,28610199,anne.silvestre_de_sacy-nougaret-@etu.sorbonne-universite.fr,Finished,"29 septembre 2021  1:57 ","29 septembre 2021  3:11 ","1 hour 14 mins",18.06,0.65,4.52,0.00,3.87,3.87,2.58,2.58
Delgado,Thomas,3407716,thomas.delgado@etu.sorbonne-universite.fr,Finished,"30 septembre 2021  7:23 ","30 septembre 2021  7:52 ","28 mins 32 secs",19.35,0.65,4.52,1.29,3.87,3.87,2.58,2.58
Diallo,"Mohamed Aliou",28604190,mohamed.diallo@etu.sorbonne-universite.fr,Finished,"3 octobre 2021  8:00 ","3 octobre 2021  8:23 ","22 mins 51 secs",13.55,0.65,2.58,1.29,0.00,3.87,2.58,2.58
Diallo,Faldou,3674474,faldou.diallo@etu.sorbonne-universite.fr,Finished,"4 octobre 2021  12:12 ","4 octobre 2021  12:50 ","37 mins 56 secs",14.84,0.65,2.58,1.29,3.87,1.29,2.58,2.58
Doucouré,Dramane,3520680,dramane.doucoure@etu.sorbonne-universite.fr,-,-,-,-,-,-,-,-,-,-,-,-
Doufene,Malik,21113747,Malik.Doufene@etu.sorbonne-universite.fr,Finished,"3 octobre 2021  7:11 ","3 octobre 2021  8:24 ","1 hour 13 mins",14.84,0.65,4.52,0.00,3.87,0.65,2.58,2.58
Drouard,François-Xavier,3800028,francois-xavier.drouard@etu.sorbonne-universite.fr,Finished,"3 octobre 2021  11:09 ","3 octobre 2021  11:50 ","41 mins 44 secs",3.87,0.00,-,0.00,0.00,0.65,1.29,1.94
Du,Sylvain,28607117,sylvain.du.1@etu.sorbonne-universite.fr,Finished,"3 octobre 2021  6:50 ","3 octobre 2021  7:10 ","19 mins 36 secs",16.13,0.65,5.16,1.29,0.00,3.87,2.58,2.58
Dziri,Hakim,3800075,hakim.dziri@etu.sorbonne-universite.fr,Finished,"4 octobre 2021  7:41 ","4 octobre 2021  8:11 ","29 mins 37 secs",11.61,0.00,-,-,3.87,3.87,1.94,1.94
"El Bouhali",Mouataz,28619891,mouataz.el_bouhali@etu.sorbonne-universite.fr,Finished,"4 octobre 2021  7:31 ","4 octobre 2021  7:35 ","3 mins 48 secs",14.84,0.65,0.00,1.29,3.87,3.87,2.58,2.58
"El Fahdi",Ismaël,3802719,ismael.el_fahdi@etu.sorbonne-universite.fr,-,-,-,-,-,-,-,-,-,-,-,-
"El Ghali",Yosr,3802466,yosr.elghali@etu.sorbonne-universite.fr,Finished,"3 octobre 2021  6:17 ","3 octobre 2021  6:28 ","11 mins 7 secs",9.68,0.65,0.00,1.29,0.00,3.87,2.58,1.29
"El Khaddar",Marwan,3673536,marwan.el_khaddar@etu.sorbonne-universite.fr,-,-,-,-,-,-,-,-,-,-,-,-
"El Youbi",Ali,3506467,ali.el_youbi@etu.sorbonne-universite.fr,-,-,-,-,-,-,-,-,-,-,-,-
Erjil,Hichem,28600653,hichem.erjil.1@etu.sorbonne-universite.fr,Finished,"3 octobre 2021  9:39 ","3 octobre 2021  10:23 ","43 mins 42 secs",16.13,0.00,1.94,1.29,3.87,3.87,2.58,2.58
Exertier,Firmin,28610514,firmin.exertier@etu.sorbonne-universite.fr,Finished,"4 octobre 2021  8:08 ","4 octobre 2021  8:55 ","46 mins 30 secs",12.90,0.65,0.00,1.29,2.58,3.23,2.58,2.58
Fahmy,Youssef,28609831,youssef.fahmy@etu.sorbonne-universite.fr,Finished,"3 octobre 2021  9:16 ","3 octobre 2021  9:52 ","35 mins 24 secs",16.13,0.65,4.52,1.29,3.87,0.65,2.58,2.58
Felix,Wycherley-Kassel,3702385,wycherley-kassel.felix@etu.sorbonne-universite.fr,Finished,"4 octobre 2021  9:35 ","4 octobre 2021  10:29 ","54 mins 11 secs",20.00,0.65,5.16,1.29,3.87,3.87,2.58,2.58
Francoise,Raphael,28600759,raphael.francoise.1@etu.sorbonne-universite.fr,Finished,"3 octobre 2021  9:12 ","3 octobre 2021  10:43 ","1 hour 30 mins",17.42,0.65,2.58,1.29,3.87,3.87,2.58,2.58
Frigola,Arthur,28607831,arthur.frigola.1@etu.sorbonne-universite.fr,Finished,"2 octobre 2021  8:57 ","2 octobre 2021  10:26 ","1 hour 29 mins",5.16,0.65,0.00,0.00,1.29,0.65,0.65,1.94
Fu,Zhenyue,28620112,zhenyue.fu@etu.sorbonne-universite.fr,Finished,"3 octobre 2021  11:59 ","4 octobre 2021  1:35 ","1 hour 35 mins",17.42,0.65,4.52,0.00,3.87,3.87,1.94,2.58
Fumard,Lucas,28602386,lucas.fumard.1@etu.sorbonne-universite.fr,Finished,"28 septembre 2021  3:23 ","28 septembre 2021  3:58 ","34 mins 58 secs",16.77,0.65,4.52,0.00,3.87,3.87,1.94,1.94
Gallet,Camille,3700630,camille.gallet.1@etu.sorbonne-universite.fr,Finished,"3 octobre 2021  6:04 ","3 octobre 2021  7:08 ","1 hour 4 mins",20.00,0.65,5.16,1.29,3.87,3.87,2.58,2.58
Gaudinot,Salomon,28600769,salomon.gaudinot.1@etu.sorbonne-universite.fr,Finished,"4 octobre 2021  5:19 ","4 octobre 2021  5:46 ","27 mins 9 secs",14.19,0.65,3.23,1.29,1.29,3.87,1.94,1.94
Gaydon,Julie,28606830,julie.gaydon@etu.sorbonne-universite.fr,Finished,"3 octobre 2021  10:55 ","3 octobre 2021  12:13 ","1 hour 18 mins",19.35,0.65,4.52,1.29,3.87,3.87,2.58,2.58
Gazquez,Miguel,28600492,miguel.gazquez.1@etu.sorbonne-universite.fr,Finished,"4 octobre 2021  8:55 ","4 octobre 2021  9:18 ","23 mins 43 secs",15.48,0.65,2.58,0.00,3.87,3.87,2.58,1.94
Giuliani,Carla,28605022,carla.giuliani.2@etu.sorbonne-universite.fr,Finished,"3 octobre 2021  4:32 ","3 octobre 2021  5:53 ","1 hour 20 mins",17.42,0.65,2.58,1.29,3.87,3.87,2.58,2.58
Gojak,Zlatan,3801873,zlatan.gojak@etu.sorbonne-universite.fr,Finished,"3 octobre 2021  9:34 ","3 octobre 2021  9:59 ","24 mins 43 secs",13.55,0.65,2.58,1.29,0.00,3.87,2.58,2.58
Goulmot,Cedric,3971371,cedric.goulmot@etu.sorbonne-universite.fr,-,-,-,-,-,-,-,-,-,-,-,-
Guo,Youheng,28711440,Youheng.Guo@etu.sorbonne-universite.fr,Finished,"4 octobre 2021  8:28 ","4 octobre 2021  9:41 ","1 hour 13 mins",20.00,0.65,5.16,1.29,3.87,3.87,2.58,2.58
Hadji,Mohamed,3702996,mohamed.hadji@etu.sorbonne-universite.fr,Finished,"27 septembre 2021  3:09 ","27 septembre 2021  3:23 ","13 mins 55 secs",18.71,0.65,5.16,1.29,2.58,3.87,2.58,2.58
Halila,Youssef,28610207,youssef.halila@etu.sorbonne-universite.fr,-,-,-,-,-,-,-,-,-,-,-,-
Halit,Yanis,28600464,yanis.halit.1@etu.sorbonne-universite.fr,Finished,"3 octobre 2021  8:47 ","3 octobre 2021  10:01 ","1 hour 13 mins",13.55,0.65,2.58,1.29,0.00,3.87,2.58,2.58
Hamadouche,Mebarek,28506638,mebarek.hamadouche@etu.sorbonne-universite.fr,Finished,"3 octobre 2021  10:57 ","3 octobre 2021  11:29 ","32 mins 29 secs",16.13,0.65,2.58,0.00,3.87,3.87,2.58,2.58
Hamdi,Charafeddine,3800477,charafeddine.hamdi@etu.sorbonne-universite.fr,Finished,"4 octobre 2021  3:39 ","4 octobre 2021  4:52 ","1 hour 12 mins",10.32,0.65,2.58,0.00,1.29,0.65,2.58,2.58
Hammachi,Nourdinne,28604304,nourdinne.hammachi.1@etu.sorbonne-universite.fr,Finished,"3 octobre 2021  7:34 ","3 octobre 2021  8:51 ","1 hour 16 mins",12.58,0.65,1.94,1.29,0.00,3.55,2.58,2.58
Hassanein,Youssef,3522807,youssef.hassanein@etu.sorbonne-universite.fr,-,-,-,-,-,-,-,-,-,-,-,-
Hayat,Ruben,28608396,ruben.hayat.1@etu.sorbonne-universite.fr,Finished,"3 octobre 2021  7:34 ","3 octobre 2021  8:54 ","1 hour 19 mins",12.90,0.65,1.94,1.29,0.00,3.87,2.58,2.58
Hebert,Thomas,3708782,thomas.hebert@etu.sorbonne-universite.fr,Finished,"3 octobre 2021  4:46 ","3 octobre 2021  5:25 ","38 mins 41 secs",15.48,0.65,4.52,1.29,0.00,3.87,2.58,2.58
Hwang,"Chan Yeong",28610448,chan.hwang@etu.sorbonne-universite.fr,Finished,"30 septembre 2021  10:17 ","1 octobre 2021  12:17 ","2 hours",9.68,0.00,2.58,0.00,0.00,3.87,1.29,1.94
"Ibobi Sambila",Osee,3704090,osee.ibobi_sambila@etu.sorbonne-universite.fr,-,-,-,-,-,-,-,-,-,-,-,-
Idouar,Yacine,28610117,yacine.idouar@etu.sorbonne-universite.fr,Finished,"3 octobre 2021  9:41 ","3 octobre 2021  10:33 ","52 mins 34 secs",12.26,0.65,1.29,1.29,1.29,3.87,1.94,1.94
Ikhenoussene,Yanis,28601953,yanis.ikhenoussene.1@etu.sorbonne-universite.fr,Finished,"3 octobre 2021  9:50 ","3 octobre 2021  10:38 ","47 mins 6 secs",11.94,0.65,2.58,0.00,0.00,3.55,2.58,2.58
Illouz,Maxime,28600470,maxime.illouz.1@etu.sorbonne-universite.fr,Finished,"3 octobre 2021  9:49 ","3 octobre 2021  11:16 ","1 hour 27 mins",17.42,0.65,2.58,1.29,3.87,3.87,2.58,2.58
Ith,Marc,3302184,marc.ith@etu.sorbonne-universite.fr,-,-,-,-,-,-,-,-,-,-,-,-
Jankovskaja,Elina,28607314,elina.jankovskaja.1@etu.sorbonne-universite.fr,Finished,"4 octobre 2021  6:36 ","4 octobre 2021  7:12 ","35 mins 50 secs",16.77,0.65,1.94,1.29,3.87,3.87,2.58,2.58
"Jean Marie Flore",Samuel,3800583,samuel.jean_marie_flore@etu.sorbonne-universite.fr,Finished,"3 octobre 2021  11:29 ","3 octobre 2021  11:58 ","29 mins 1 sec",14.84,0.65,3.87,1.29,1.29,3.87,2.58,1.29
Jriby,Jawher,3702809,jawher.jriby@etu.sorbonne-universite.fr,Finished,"2 octobre 2021  3:06 ","2 octobre 2021  4:27 ","1 hour 20 mins",15.48,0.65,2.58,0.00,3.87,3.87,2.58,1.94
"K Murali",Sharane,3701883,sharane.k_murali@etu.sorbonne-universite.fr,Finished,"3 octobre 2021  3:49 ","3 octobre 2021  5:41 ","1 hour 52 mins",16.13,0.65,2.58,0.00,3.87,3.87,2.58,2.58
Kabongo,Ben,21116436,Ben.Kabongo@etu.sorbonne-universite.fr,Finished,"3 octobre 2021  9:40 ","3 octobre 2021  10:08 ","27 mins 21 secs",19.35,0.65,4.52,1.29,3.87,3.87,2.58,2.58
Kada,Dina,28601301,dina.kada.1@etu.sorbonne-universite.fr,Finished,"2 octobre 2021  4:57 ","2 octobre 2021  6:14 ","1 hour 17 mins",12.26,0.65,1.29,1.29,0.00,3.87,2.58,2.58
Kamouche,Neila,28605864,neila.kamouche.1@etu.sorbonne-universite.fr,Finished,"3 octobre 2021  8:56 ","3 octobre 2021  9:33 ","37 mins 45 secs",12.26,0.65,2.58,0.00,0.00,3.87,2.58,2.58
Ke,Ilene,3700453,ilene.ke@etu.sorbonne-universite.fr,Finished,"3 octobre 2021  8:06 ","3 octobre 2021  9:12 ","1 hour 6 mins",11.29,0.00,0.00,0.00,3.87,2.26,2.58,2.58
Kedadry,Yannis,3808875,yannis.kedadry@etu.sorbonne-universite.fr,Finished,"29 septembre 2021  9:05 ","29 septembre 2021  9:59 ","54 mins 44 secs",10.97,0.65,3.23,0.00,1.29,0.65,2.58,2.58
Kemiche,Koceila,21114731,Koceila.Kemiche@etu.sorbonne-universite.fr,Finished,"3 octobre 2021  12:46 ","3 octobre 2021  2:43 ","1 hour 57 mins",15.48,0.65,1.29,1.29,3.87,3.87,1.94,2.58
Kerharo,Cathy,28600559,cathy.kerharo.1@etu.sorbonne-universite.fr,Finished,"3 octobre 2021  11:14 ","4 octobre 2021  12:31 ","1 hour 17 mins",16.13,0.65,4.52,0.00,3.87,3.87,1.29,1.94
Khan,Anin,3801610,anin.khan@etu.sorbonne-universite.fr,Finished,"3 octobre 2021  11:13 ","4 octobre 2021  12:31 ","1 hour 17 mins",16.77,0.65,5.16,0.00,3.87,3.87,1.29,1.94
Klich,"Nour Elhouda",28610130,nour.klich@etu.sorbonne-universite.fr,Finished,"3 octobre 2021  1:30 ","3 octobre 2021  2:45 ","1 hour 15 mins",13.55,0.65,0.00,0.00,3.87,3.87,2.58,2.58
Kolli,Hamid,28717594,Hamid.Kolli@etu.sorbonne-universite.fr,Finished,"1 octobre 2021  8:06 ","1 octobre 2021  9:53 ","1 hour 46 mins",11.61,0.65,5.16,1.29,0.00,0.65,2.58,1.29
Korrabi,Madjid,28614924,madjid.korrabi@etu.sorbonne-universite.fr,-,-,-,-,-,-,-,-,-,-,-,-
Koskas,Ilan,3800162,ilan.koskas@etu.sorbonne-universite.fr,Finished,"3 octobre 2021  12:08 ","3 octobre 2021  2:06 ","1 hour 57 mins",12.90,0.65,2.58,0.65,0.00,3.87,2.58,2.58
"Koumgang Tegantchouang",Adrien,21109170,Adrien.Koumgang_Tegantchouang@etu.sorbonne-universite.fr,Finished,"4 octobre 2021  6:24 ","4 octobre 2021  6:59 ","34 mins 54 secs",15.16,0.65,1.94,1.29,3.87,2.90,1.94,2.58
Kwonn,Simon,3709743,simon.kwonn@etu.sorbonne-universite.fr,Finished,"29 septembre 2021  11:34 ","29 septembre 2021  12:03 ","28 mins 55 secs",16.77,0.65,5.16,1.29,1.29,3.87,1.94,2.58
Labady,"Sterley Gilbert",21100776,Sterley_Gilbert.Labady@etu.sorbonne-universite.fr,Finished,"3 octobre 2021  12:46 ","3 octobre 2021  1:44 ","57 mins 37 secs",12.26,0.65,5.16,0.00,0.00,3.87,0.65,1.94
Lachachi,Yasmine,28710229,Yasmine.Lachachi@etu.sorbonne-universite.fr,-,-,-,-,-,-,-,-,-,-,-,-
Lachemot,Cédric,3705179,cedric.lachemot@etu.sorbonne-universite.fr,-,-,-,-,-,-,-,-,-,-,-,-
Lachgar,Amine,3802257,amine.lachgar@etu.sorbonne-universite.fr,Finished,"4 octobre 2021  8:29 ","4 octobre 2021  9:18 ","48 mins 39 secs",20.00,0.65,5.16,1.29,3.87,3.87,2.58,2.58
Lacoume,Claire,28610667,claire.lacoume@etu.sorbonne-universite.fr,Finished,"3 octobre 2021  9:04 ","3 octobre 2021  9:51 ","46 mins 54 secs",20.00,0.65,5.16,1.29,3.87,3.87,2.58,2.58
Lam,Stéphane,3672320,stephane.lam@etu.sorbonne-universite.fr,Finished,"3 octobre 2021  6:50 ","3 octobre 2021  7:39 ","48 mins 53 secs",20.00,0.65,5.16,1.29,3.87,3.87,2.58,2.58
Lechgar,Houssam,28610190,houssam.lechgar@etu.sorbonne-universite.fr,Finished,"3 octobre 2021  10:20 ","3 octobre 2021  11:39 ","1 hour 18 mins",12.26,0.00,2.58,1.29,1.29,3.87,1.29,1.94
Lee,"Jae Wook",21108842,Jae_Wook.Lee@etu.sorbonne-universite.fr,Finished,"4 octobre 2021  12:14 ","4 octobre 2021  1:47 ","1 hour 33 mins",20.00,0.65,5.16,1.29,3.87,3.87,2.58,2.58
Legendre--Despas,Jeanne,3810768,jeanne.legendre--despas@etu.sorbonne-universite.fr,Finished,"3 octobre 2021  3:18 ","3 octobre 2021  4:51 ","1 hour 32 mins",20.00,0.65,5.16,1.29,3.87,3.87,2.58,2.58
Lemaitre,Alexandre,3876023,alexandre.lemaitre@etu.sorbonne-universite.fr,Finished,"4 octobre 2021  12:55 ","4 octobre 2021  2:03 ","1 hour 7 mins",14.84,0.00,1.94,0.00,3.87,3.87,2.58,2.58
"Levanson Dit Akbarali","Mohamed Hasir",28601393,mohamed.levanson_dit_akbarali@etu.sorbonne-universite.fr,Finished,"4 octobre 2021  12:24 ","4 octobre 2021  1:55 ","1 hour 30 mins",17.42,0.65,2.58,1.29,3.87,3.87,2.58,2.58
Li,Junji,28610187,junji.li@etu.sorbonne-universite.fr,Finished,"28 septembre 2021  11:08 ","28 septembre 2021  12:37 ","1 hour 28 mins",18.06,0.65,4.52,0.00,3.87,3.87,2.58,2.58
Lifsal,Loubna,3309154,loubna.lifsal@etu.sorbonne-universite.fr,Finished,"3 octobre 2021  3:47 ","3 octobre 2021  5:46 ","1 hour 59 mins",15.48,0.65,2.58,1.29,3.87,1.94,2.58,2.58
Lin,Jeremy,28602292,jeremy.lin.1@etu.sorbonne-universite.fr,-,-,-,-,-,-,-,-,-,-,-,-
Lin,Charles,3812676,Charles.Lin@etu.sorbonne-universite.fr,Finished,"2 octobre 2021  7:14 ","2 octobre 2021  8:09 ","55 mins 3 secs",18.71,0.00,4.52,1.29,3.87,3.87,2.58,2.58
Longuet,Axel,28600563,axel.longuet.1@etu.sorbonne-universite.fr,Finished,"2 octobre 2021  3:03 ","2 octobre 2021  4:19 ","1 hour 16 mins",16.13,0.65,2.58,0.00,3.87,3.87,2.58,2.58
Loyau-Kahn,Felix,28607223,felix.loyau-kahn@etu.sorbonne-universite.fr,Finished,"3 octobre 2021  11:09 ","3 octobre 2021  11:32 ","22 mins 56 secs",10.97,0.00,2.58,0.00,0.00,3.87,2.58,1.94
Luo,Yukai,28620155,yukai.luo@etu.sorbonne-universite.fr,Finished,"3 octobre 2021  10:00 ","3 octobre 2021  10:47 ","46 mins 35 secs",19.35,0.65,5.16,1.29,3.87,3.87,2.58,1.94
Luvisamo,"Mulemesa Jessy",3415756,mulemesa.luvisamo@etu.sorbonne-universite.fr,Finished,"3 octobre 2021  11:39 ","4 octobre 2021  12:41 ","1 hour 1 min",13.55,0.65,2.58,1.29,0.00,3.87,2.58,2.58
Ly,Sylvie,3522190,sylvie.ly@etu.sorbonne-universite.fr,Finished,"27 septembre 2021  2:14 ","27 septembre 2021  3:02 ","47 mins 59 secs",19.35,0.65,5.16,1.29,3.87,3.87,2.58,1.94
Macabre,Loona,28609645,loona.macabre.1@etu.sorbonne-universite.fr,Finished,"3 octobre 2021  3:21 ","3 octobre 2021  3:54 ","33 mins 19 secs",17.42,0.65,2.58,1.29,3.87,3.87,2.58,2.58
Maire,Maxence,28605064,maxence.maire@etu.sorbonne-universite.fr,Finished,"3 octobre 2021  12:33 ","3 octobre 2021  1:45 ","1 hour 12 mins",20.00,0.65,5.16,1.29,3.87,3.87,2.58,2.58
Makhlouf,Rayane,28617603,rayane.makhlouf@etu.sorbonne-universite.fr,Finished,"1 octobre 2021  8:06 ","1 octobre 2021  9:53 ","1 hour 47 mins",11.61,0.65,5.16,1.29,0.00,0.65,2.58,1.29
Marques,Romain,28600712,romain.marques.1@etu.sorbonne-universite.fr,Finished,"3 octobre 2021  1:47 ","3 octobre 2021  2:30 ","43 mins 32 secs",12.26,0.65,2.58,0.00,0.00,3.87,2.58,2.58
Martin,Amaury,28610127,amaury.martin.1@etu.sorbonne-universite.fr,Finished,"4 octobre 2021  1:18 ","4 octobre 2021  2:15 ","56 mins 36 secs",14.84,0.00,1.29,1.29,3.87,3.87,1.94,2.58
Mastor,Assia,28602563,assia.mastor.1@etu.sorbonne-universite.fr,Finished,"3 octobre 2021  10:09 ","3 octobre 2021  10:42 ","33 mins 27 secs",17.42,0.65,2.58,1.29,3.87,3.87,2.58,2.58
Mazari,Messilva,28610328,messilva.mazari@etu.sorbonne-universite.fr,Finished,"3 octobre 2021  9:13 ","3 octobre 2021  10:20 ","1 hour 6 mins",16.13,0.65,2.58,0.00,3.87,3.87,2.58,2.58
Mbaye,Souleymane,28717871,Souleymane.Mbaye@etu.sorbonne-universite.fr,Finished,"3 octobre 2021  1:28 ","3 octobre 2021  3:07 ","1 hour 38 mins",10.97,0.00,5.16,0.65,0.00,0.65,1.94,2.58
Mbouranga,Winn-Elie,28601343,winn-elie.mbouranga.1@etu.sorbonne-universite.fr,Finished,"3 octobre 2021  1:00 ","3 octobre 2021  2:36 ","1 hour 35 mins",12.26,0.65,2.58,0.00,0.00,3.87,2.58,2.58
Meddah,Sarah,3603679,sarah.meddah@etu.sorbonne-universite.fr,Finished,"2 octobre 2021  6:36 ","2 octobre 2021  8:36 ","1 hour 59 mins",5.81,0.65,0.00,1.29,0.00,0.00,1.29,2.58
Mekhloufi,Zakaria,3809215,zakaria.mekhloufi@etu.sorbonne-universite.fr,Finished,"3 octobre 2021  11:39 ","4 octobre 2021  1:05 ","1 hour 26 mins",8.39,0.00,0.00,1.29,0.00,3.87,1.29,1.94
Mellul,Yona,3800646,yona.mellul@etu.sorbonne-universite.fr,Finished,"3 octobre 2021  5:59 ","3 octobre 2021  6:30 ","31 mins 4 secs",20.00,0.65,5.16,1.29,3.87,3.87,2.58,2.58
"Melot Chesnel",Josephine,28603036,josephine.melot_chesnel.1@etu.sorbonne-universite.fr,Finished,"2 octobre 2021  3:55 ","2 octobre 2021  5:22 ","1 hour 26 mins",7.74,0.65,2.58,0.00,0.00,0.65,1.94,1.94
Mendes,Hugo,3670527,hugo.mendes@etu.sorbonne-universite.fr,-,-,-,-,-,-,-,-,-,-,-,-
"Mendez Chacon",Paula,21109001,Paula.Mendez_Chacon@etu.sorbonne-universite.fr,Finished,"3 octobre 2021  10:44 ","3 octobre 2021  11:53 ","1 hour 9 mins",16.13,0.65,2.58,0.00,3.87,3.87,2.58,2.58
Millard,Maxime,28602830,maxime.millard.1@etu.sorbonne-universite.fr,Finished,"2 octobre 2021  3:23 ","2 octobre 2021  4:04 ","40 mins 57 secs",15.48,0.65,1.94,0.00,3.87,3.87,2.58,2.58
Mistry,Darshan,3670280,darshan.mistry@etu.sorbonne-universite.fr,-,-,-,-,-,-,-,-,-,-,-,-
Mohamed,Djamila,28609129,djamila.mohamed@etu.sorbonne-universite.fr,Finished,"3 octobre 2021  10:26 ","3 octobre 2021  11:03 ","37 mins 10 secs",9.68,0.65,0.00,-,0.00,3.87,2.58,2.58
Moreau,Nino,28603833,nino.moreau.1@etu.sorbonne-universite.fr,Finished,"1 octobre 2021  1:55 ","1 octobre 2021  2:26 ","30 mins 37 secs",15.48,0.00,2.58,0.65,3.87,3.87,2.58,1.94
Moussouni,Amine,28720778,Amine.Moussouni@etu.sorbonne-universite.fr,Finished,"3 octobre 2021  11:22 ","3 octobre 2021  11:31 ","8 mins 56 secs",12.90,0.65,1.94,1.29,0.00,3.87,2.58,2.58
Naumenko,Polina,3521154,polina.naumenko@etu.sorbonne-universite.fr,-,-,-,-,-,-,-,-,-,-,-,-
Nedir,Rahmine,3872127,rahmine.nedir@etu.sorbonne-universite.fr,Finished,"4 octobre 2021  1:50 ","4 octobre 2021  2:26 ","36 mins 44 secs",10.97,0.65,0.00,1.29,0.00,3.87,2.58,2.58
Nehlil,"Mouloud Samy",21113646,Mouloud_Samy.Nehlil@etu.sorbonne-universite.fr,Finished,"2 octobre 2021  12:07 ","2 octobre 2021  2:02 ","1 hour 54 mins",14.84,0.65,1.29,0.00,3.87,3.87,2.58,2.58
Nguyen,"Hoang Son",28709864,Hoang_Son.Nguyen@etu.sorbonne-universite.fr,Finished,"3 octobre 2021  4:52 ","3 octobre 2021  5:10 ","18 mins 33 secs",16.13,0.65,2.58,0.00,3.87,3.87,2.58,2.58
Nguyen,"Ngoc Thien",21102696,Ngoc_Thien.Nguyen@etu.sorbonne-universite.fr,Finished,"4 octobre 2021  1:25 ","4 octobre 2021  2:17 ","51 mins 44 secs",14.19,0.65,2.58,0.00,3.87,3.87,1.94,1.29
Niang,Fallou,3803961,fallou.niang@etu.sorbonne-universite.fr,-,-,-,-,-,-,-,-,-,-,-,-
Olivar-Sanglar,Gabriel,28602191,gabriel.olivar.1@etu.sorbonne-universite.fr,Finished,"1 octobre 2021  5:08 ","1 octobre 2021  5:43 ","34 mins 51 secs",14.84,0.65,2.58,0.00,3.87,3.87,1.94,1.94
Ouhenia,Ghiles,28716807,Ghiles.Ouhenia@etu.sorbonne-universite.fr,Finished,"3 octobre 2021  10:54 ","4 octobre 2021  12:08 ","1 hour 13 mins",17.42,0.65,5.16,0.00,2.58,3.87,2.58,2.58
Ouni,Wassim,21112855,Wassim.Ouni@etu.sorbonne-universite.fr,Finished,"3 octobre 2021  11:06 ","3 octobre 2021  11:38 ","31 mins 54 secs",16.77,0.00,2.58,1.29,3.87,3.87,2.58,2.58
Palisoc,Camille,28600602,camille.palisoc.1@etu.sorbonne-universite.fr,Finished,"29 septembre 2021  4:07 ","29 septembre 2021  4:47 ","40 mins 19 secs",15.48,0.65,5.16,0.00,1.29,3.87,2.58,1.94
Parameswaralingam,Charles-Pragash,3670244,charles-pragash.parameswaralingam@etu.sorbonne-universite.fr,-,-,-,-,-,-,-,-,-,-,-,-
Pendelliou,Arthur,3809224,arthur.pendelliou@etu.sorbonne-universite.fr,Finished,"1 octobre 2021  6:16 ","1 octobre 2021  6:44 ","28 mins 46 secs",15.48,0.65,5.16,1.29,0.00,3.87,1.94,2.58
Perrignon-Sommet,Thibault,21104636,Thibault.Perrignon-Sommet@etu.sorbonne-universite.fr,Finished,"28 septembre 2021  12:57 ","28 septembre 2021  1:41 ","43 mins 34 secs",20.00,0.65,5.16,1.29,3.87,3.87,2.58,2.58
Pierre,Lauryn,28600518,lauryn.pierre.1@etu.sorbonne-universite.fr,Finished,"3 octobre 2021  12:30 ","3 octobre 2021  1:24 ","54 mins 41 secs",12.26,0.65,2.58,0.00,0.00,3.87,2.58,2.58
"Pierre Noel",Jericho,21113317,Jericho.Pierre_Noel@etu.sorbonne-universite.fr,Finished,"3 octobre 2021  10:47 ","4 octobre 2021  12:03 ","1 hour 16 mins",10.32,0.65,0.00,1.29,1.29,1.94,2.58,2.58
Piffre,Baptiste,28636372,baptiste.piffre@etu.sorbonne-universite.fr,Finished,"4 octobre 2021  12:40 ","4 octobre 2021  12:59 ","19 mins 3 secs",16.13,0.65,2.58,0.00,3.87,3.87,2.58,2.58
Pinho,Goncalo,28602737,goncalo.pinho.1@etu.sorbonne-universite.fr,Finished,"2 octobre 2021  3:49 ","2 octobre 2021  5:30 ","1 hour 40 mins",11.61,0.00,2.58,0.00,0.00,3.87,2.58,2.58
Pirard,Emile,28600880,emile.pirard.1@etu.sorbonne-universite.fr,Finished,"30 septembre 2021  2:36 ","30 septembre 2021  2:55 ","19 mins 48 secs",14.19,0.65,5.16,0.00,0.00,3.87,1.94,2.58
Pulval-Dady,Alan,28603735,alan.pulval-dady.1@etu.sorbonne-universite.fr,Finished,"29 septembre 2021  1:57 ","29 septembre 2021  3:11 ","1 hour 14 mins",18.06,0.65,4.52,0.00,3.87,3.87,2.58,2.58
Ramdani,Cyrena,3805942,cyrena.ramdani@etu.sorbonne-universite.fr,Finished,"1 octobre 2021  11:46 ","1 octobre 2021  1:45 ","1 hour 59 mins",15.48,0.65,1.94,0.00,3.87,3.87,2.58,2.58
Rams,Sean,28605296,sean.rams.1@etu.sorbonne-universite.fr,Finished,"30 septembre 2021  10:47 ","30 septembre 2021  11:38 ","51 mins 24 secs",14.84,0.65,5.16,1.29,0.00,3.87,1.94,1.94
Randrianarisoa,Roman,3808834,roman.randrianarisoa@etu.sorbonne-universite.fr,Finished,"2 octobre 2021  2:10 ","2 octobre 2021  3:34 ","1 hour 24 mins",13.55,0.00,2.58,1.29,3.87,0.65,2.58,2.58
Richard,"Samantha Elisabeth",28009976,samantha.richard.2@etu.sorbonne-universite.fr,Finished,"3 octobre 2021  4:41 ","3 octobre 2021  6:06 ","1 hour 24 mins",9.68,0.65,0.00,0.00,0.00,3.87,2.58,2.58
Rozbully,Faraan,3700903,faraan.rozbully@etu.sorbonne-universite.fr,-,-,-,-,-,-,-,-,-,-,-,-
Ruan,Thomas,28606375,thomas.ruan.1@etu.sorbonne-universite.fr,Finished,"3 octobre 2021  6:36 ","3 octobre 2021  7:51 ","1 hour 14 mins",19.35,0.65,4.52,1.29,3.87,3.87,2.58,2.58
"Ruiz Heredia","Jose Antonio",21109006,Jose_Antonio.Ruiz_Heredia@etu.sorbonne-universite.fr,Finished,"4 octobre 2021  6:23 ","4 octobre 2021  6:50 ","27 mins 15 secs",5.81,0.65,0.00,1.29,0.00,0.65,2.58,0.65
Rzeszutko,Kamil,2800282,kamil.rzeszutko@etu.sorbonne-universite.fr,-,-,-,-,-,-,-,-,-,-,-,-
Sadi,Amayas,28717408,Amayas.Sadi@etu.sorbonne-universite.fr,Finished,"1 octobre 2021  8:06 ","1 octobre 2021  9:52 ","1 hour 45 mins",10.97,0.65,4.52,1.29,0.00,0.65,2.58,1.29
Sadykova,Karima,28610100,karima.sadykova@etu.sorbonne-universite.fr,Finished,"4 octobre 2021  2:56 ","4 octobre 2021  4:09 ","1 hour 12 mins",16.77,0.65,1.94,1.29,3.87,3.87,2.58,2.58
Said,Sayafdine,28607006,sayafdine.said.1@etu.sorbonne-universite.fr,Finished,"3 octobre 2021  3:26 ","3 octobre 2021  5:26 ","2 hours",10.97,0.65,2.58,0.00,1.29,3.23,2.58,0.65
Samar,Anissa,21120079,Anissa.Samar@etu.sorbonne-universite.fr,Finished,"3 octobre 2021  9:37 ","3 octobre 2021  10:06 ","29 mins 29 secs",14.84,0.65,0.00,1.29,3.87,3.87,2.58,2.58
Sane,Kemo,28617513,kemo.sane@etu.sorbonne-universite.fr,Finished,"3 octobre 2021  6:43 ","3 octobre 2021  8:35 ","1 hour 52 mins",13.55,0.65,0.00,0.00,3.87,3.87,2.58,2.58
Sfez,Alexandre,3804652,alexandre.sfez@etu.sorbonne-universite.fr,-,-,-,-,-,-,-,-,-,-,-,-
Shi,Yulin,21112391,Yulin.Shi@etu.sorbonne-universite.fr,Finished,"29 septembre 2021  4:20 ","29 septembre 2021  6:05 ","1 hour 44 mins",12.90,0.65,0.00,0.00,3.87,3.87,1.94,2.58
Sima,Daniel-Ioan,3800992,daniel.sima@etu.sorbonne-universite.fr,Finished,"3 octobre 2021  3:35 ","3 octobre 2021  4:37 ","1 hour 2 mins",16.13,0.65,2.58,0.00,3.87,3.87,2.58,2.58
Simion,Mathys,28705217,Mathys.Simion@etu.sorbonne-universite.fr,Finished,"28 septembre 2021  4:13 ","28 septembre 2021  5:42 ","1 hour 29 mins",12.26,0.65,0.65,0.00,2.58,3.87,2.58,1.94
Singh,Nawelle,28600503,nawelle.singh.1@etu.sorbonne-universite.fr,Finished,"2 octobre 2021  9:17 ","2 octobre 2021  11:01 ","1 hour 43 mins",17.42,0.65,2.58,1.29,3.87,3.87,2.58,2.58
"Sitang Ewande",Ninine,3801541,ninine.sitang_ewande@etu.sorbonne-universite.fr,Finished,"3 octobre 2021  8:18 ","3 octobre 2021  8:44 ","26 mins 44 secs",17.42,0.65,2.58,1.29,3.87,3.87,2.58,2.58
Snaoui,Adam,21119283,Adam.Snaoui@etu.sorbonne-universite.fr,Finished,"4 octobre 2021  10:09 ","4 octobre 2021  10:27 ","17 mins 30 secs",10.97,0.65,-,1.29,0.00,3.87,2.58,2.58
Sobot,Allen,28600456,allen.sobot.1@etu.sorbonne-universite.fr,Finished,"4 octobre 2021  5:55 ","4 octobre 2021  6:30 ","34 mins 36 secs",17.42,0.65,2.58,1.29,3.87,3.87,2.58,2.58
Sun,Amélie,28606343,amelie.sun.1@etu.sorbonne-universite.fr,Finished,"3 octobre 2021  4:43 ","3 octobre 2021  6:35 ","1 hour 52 mins",20.00,0.65,5.16,1.29,3.87,3.87,2.58,2.58
Sylla,Amy,28618173,amy.sylla@etu.sorbonne-universite.fr,Finished,"3 octobre 2021  8:10 ","3 octobre 2021  9:10 ","59 mins 22 secs",13.55,0.65,2.58,1.29,0.00,3.87,2.58,2.58
Tang,Remi,28624752,remi.tang@etu.sorbonne-universite.fr,-,-,-,-,-,-,-,-,-,-,-,-
Tchen,Clement,3703339,clement.tchen@etu.sorbonne-universite.fr,Finished,"3 octobre 2021  6:50 ","3 octobre 2021  7:39 ","48 mins 50 secs",19.35,0.65,4.52,1.29,3.87,3.87,2.58,2.58
Terkmani,Kamelia,21116094,Kamelia.Terkmani@etu.sorbonne-universite.fr,Finished,"3 octobre 2021  11:07 ","4 octobre 2021  12:01 ","53 mins 40 secs",9.68,0.65,0.00,0.00,0.00,3.87,2.58,2.58
Thirion,Lou,28614980,lou.thirion@etu.sorbonne-universite.fr,Finished,"1 octobre 2021  10:14 ","1 octobre 2021  10:49 ","34 mins 37 secs",12.90,0.65,2.58,0.00,1.29,3.87,1.94,2.58
"Toguem Fotso","John Kevyn",3970693,john.toguem_fotso@etu.sorbonne-universite.fr,-,-,-,-,-,-,-,-,-,-,-,-
Tragha,Marwan,28615820,marwan.tragha@etu.sorbonne-universite.fr,Finished,"2 octobre 2021  3:35 ","2 octobre 2021  4:09 ","34 mins 14 secs",16.77,0.00,2.58,1.29,3.87,3.87,2.58,2.58
Tran,"Le My",28603688,le.tran@etu.sorbonne-universite.fr,Finished,"3 octobre 2021  9:52 ","3 octobre 2021  11:52 ","2 hours",0.00,-,-,-,-,-,-,-
Traore,Mamadou,2203537,mamadou.traore@etu.sorbonne-universite.fr,-,-,-,-,-,-,-,-,-,-,-,-
Trumic,Mihajlo,28606345,mihajlo.trumic@etu.sorbonne-universite.fr,Finished,"1 octobre 2021  5:04 ","1 octobre 2021  5:58 ","53 mins 54 secs",13.55,0.65,2.58,1.29,0.00,3.87,2.58,2.58
Vanrycke,Loann,3811248,loann.vanrycke@etu.sorbonne-universite.fr,Finished,"30 septembre 2021  2:01 ","30 septembre 2021  3:24 ","1 hour 22 mins",9.03,0.65,2.58,0.00,0.00,0.65,2.58,2.58
Vedanayagame,Souveda,28600150,souveda.vedanayagame.1@etu.sorbonne-universite.fr,Finished,"3 octobre 2021  11:28 ","3 octobre 2021  12:16 ","48 mins 30 secs",9.68,0.65,0.00,0.00,0.00,3.87,2.58,2.58
Vigano,Alice,3804657,alice.vigano@etu.sorbonne-universite.fr,-,-,-,-,-,-,-,-,-,-,-,-
Villard,Lorenzo,3801327,lorenzo.villard@etu.sorbonne-universite.fr,Finished,"1 octobre 2021  11:49 ","1 octobre 2021  12:23 ","34 mins 55 secs",18.71,0.65,4.52,1.29,3.87,3.87,2.58,1.94
Wang,Zhe,21116827,Zhe.Wang@etu.sorbonne-universite.fr,Finished,"4 octobre 2021  12:40 ","4 octobre 2021  2:24 ","1 hour 44 mins",14.84,0.65,5.16,0.00,0.00,3.87,2.58,2.58
Warmé-Janville,Auguste,3800191,auguste.warme-janville@etu.sorbonne-universite.fr,Finished,"3 octobre 2021  2:06 ","3 octobre 2021  2:53 ","47 mins 6 secs",15.48,0.65,4.52,0.00,3.87,1.29,2.58,2.58
Wu,Julie,28600741,julie.wu.1@etu.sorbonne-universite.fr,Finished,"2 octobre 2021  8:36 ","2 octobre 2021  9:19 ","42 mins 18 secs",7.10,0.00,0.65,0.00,1.29,0.65,1.94,2.58
Wu,Isabelle,28606994,isabelle.wu.2@etu.sorbonne-universite.fr,Finished,"4 octobre 2021  12:09 ","4 octobre 2021  1:04 ","55 mins 19 secs",11.61,0.00,2.58,0.00,1.29,3.23,2.58,1.94
Xia,Alexandre,28604113,alexandre.xia.1@etu.sorbonne-universite.fr,Finished,"29 septembre 2021  7:22 ","29 septembre 2021  9:05 ","1 hour 42 mins",16.13,0.65,5.16,1.29,0.00,3.87,2.58,2.58
Xu,Jin,3700044,jin.xu@etu.sorbonne-universite.fr,-,-,-,-,-,-,-,-,-,-,-,-
Yang,Kai,21107392,Kai.Yang@etu.sorbonne-universite.fr,Finished,"4 octobre 2021  8:46 ","4 octobre 2021  9:39 ","52 mins 27 secs",17.42,0.65,5.16,0.00,3.87,3.87,1.94,1.94
Yehya,Jad,28609954,jad.yehya.1@etu.sorbonne-universite.fr,Finished,"2 octobre 2021  11:38 ","2 octobre 2021  12:51 ","1 hour 13 mins",12.26,0.00,2.58,0.00,1.29,3.87,2.58,1.94
"Youcef Khodja",Amine,21113585,Amine.Youcef_Khodja@etu.sorbonne-universite.fr,Finished,"3 octobre 2021  12:32 ","3 octobre 2021  1:42 ","1 hour 9 mins",11.61,0.65,5.16,1.29,0.00,0.65,2.58,1.29
Zanan,Nour,28607755,nour.zanan.1@etu.sorbonne-universite.fr,Finished,"3 octobre 2021  11:30 ","4 octobre 2021  1:25 ","1 hour 54 mins",17.42,0.65,2.58,1.29,3.87,3.87,2.58,2.58
Zeng,Fanxiang,28600693,fanxiang.zeng@etu.sorbonne-universite.fr,Finished,"28 septembre 2021  11:08 ","28 septembre 2021  12:37 ","1 hour 28 mins",18.71,0.65,5.16,0.00,3.87,3.87,2.58,2.58
Zerbib,Raphael,28601765,raphael.zerbib.1@etu.sorbonne-universite.fr,Finished,"30 septembre 2021  3:35 ","30 septembre 2021  4:01 ","25 mins 46 secs",12.26,0.65,2.58,0.00,0.00,3.87,2.58,2.58
Zhang,Han,3970759,han.zhang@etu.sorbonne-universite.fr,-,-,-,-,-,-,-,-,-,-,-,-
Zhang,Jacques,28607704,jacques.zhang.1@etu.sorbonne-universite.fr,Finished,"2 octobre 2021  4:23 ","2 octobre 2021  4:48 ","24 mins 57 secs",13.55,0.00,4.52,0.00,1.29,3.87,1.94,1.94
Zhang,Xu,3803083,xu.zhang@etu.sorbonne-universite.fr,Finished,"3 octobre 2021  8:58 ","3 octobre 2021  10:11 ","1 hour 12 mins",5.81,0.65,0.00,0.65,0.00,0.65,1.29,2.58
Zhang,Yilu,28601009,yilu.zhang.1@etu.sorbonne-universite.fr,Finished,"4 octobre 2021  12:12 ","4 octobre 2021  12:58 ","46 mins 7 secs",20.00,0.65,5.16,1.29,3.87,3.87,2.58,2.58
Zhuang,Christian,28601285,christian.zhuang.1@etu.sorbonne-universite.fr,Finished,"2 octobre 2021  5:36 ","2 octobre 2021  6:58 ","1 hour 22 mins",11.61,0.65,5.16,0.00,0.00,0.65,2.58,2.58
"Zou Al Guyna",Louai,3680880,louai.zou_al_guyna@etu.sorbonne-universite.fr,-,-,-,-,-,-,-,-,-,-,-,-
Zouba,Thomas,21101133,Thomas.Zouba@etu.sorbonne-universite.fr,Finished,"2 octobre 2021  6:16 ","2 octobre 2021  6:46 ","30 mins 26 secs",16.13,0.65,2.58,1.29,3.87,3.23,1.94,2.58
Zouhri,Bilal,3703980,bilal.zouhri@etu.sorbonne-universite.fr,Finished,"3 octobre 2021  6:37 ","3 octobre 2021  7:05 ","27 mins 46 secs",19.35,0.65,4.52,1.29,3.87,3.87,2.58,2.58
"Overall average",,,,,,,,14.32,0.54,2.78,0.75,2.14,3.39,2.36,2.36
