﻿Surname,"First name","ID number","Email address",State,"Started on",Completed,"Time taken",Grade/20.00,"Q. 1 /5.45","Q. 2 /5.45","Q. 3 /9.09"
Abdillahi,"Ben Idris Michel",3812573,ben.abdillahi@etu.sorbonne-universite.fr,Finished,"17 octobre 2021  3:58 ","17 octobre 2021  4:30 ","32 mins 11 secs",20.00,5.45,5.45,9.09
Abeles,Walter,28610484,walter.abeles@etu.sorbonne-universite.fr,Finished,"17 octobre 2021  5:34 ","17 octobre 2021  6:19 ","45 mins 16 secs",18.79,5.45,5.45,7.88
Abkress,Barka,28606227,barka.abkress.1@etu.sorbonne-universite.fr,Finished,"16 octobre 2021  10:28 ","16 octobre 2021  10:50 ","21 mins 29 secs",18.91,5.45,4.36,9.09
Afoulous,Oumaima,3802791,oumaima.afoulous@etu.sorbonne-universite.fr,Finished,"18 octobre 2021  5:58 ","18 octobre 2021  6:40 ","41 mins 41 secs",13.59,3.90,5.45,4.24
"Ahmed Ali",Nassim,21113025,Nassim.Ahmed_Ali@etu.sorbonne-universite.fr,Finished,"17 octobre 2021  10:14 ","17 octobre 2021  10:30 ","16 mins 15 secs",19.39,5.45,5.45,8.48
"Ait Khelifa",Tanina,21110432,Tanina.Ait_Khelifa@etu.sorbonne-universite.fr,Finished,"16 octobre 2021  5:31 ","16 octobre 2021  6:03 ","32 mins 2 secs",18.40,5.06,5.45,7.88
Akhtarkhavari,Parto,28606489,parto.akhtarkhavari.1@etu.sorbonne-universite.fr,Finished,"18 octobre 2021  4:02 ","18 octobre 2021  4:28 ","25 mins 48 secs",18.18,5.45,5.45,7.27
"Al Awayd",Wissam,3701350,wissam.al_awayd@etu.sorbonne-universite.fr,Finished,"17 octobre 2021  10:21 ","18 octobre 2021  12:09 ","1 hour 47 mins",20.00,5.45,5.45,9.09
Alayoud,Yanis,28600748,yanis.alayoud.1@etu.sorbonne-universite.fr,Finished,"17 octobre 2021  6:21 ","17 octobre 2021  6:56 ","34 mins 38 secs",20.00,5.45,5.45,9.09
Albitar,Nadia,3671406,nadia.albitar@etu.sorbonne-universite.fr,Finished,"17 octobre 2021  1:22 ","17 octobre 2021  2:09 ","46 mins 47 secs",13.59,3.90,5.45,4.24
Alexandre,Ronald,3407195,ronald.alexandre@etu.sorbonne-universite.fr,-,-,-,-,-,-,-,-
Alliot,Leane,28602178,leane.alliot.1@etu.sorbonne-universite.fr,Finished,"17 octobre 2021  9:46 ","17 octobre 2021  10:53 ","1 hour 6 mins",18.83,4.29,5.45,9.09
Amanzougarene,Eldjouher,3601270,eldjouher.amanzougarene@etu.sorbonne-universite.fr,Finished,"18 octobre 2021  3:37 ","18 octobre 2021  5:30 ","1 hour 52 mins",20.00,5.45,5.45,9.09
Amnache,Atena,28618735,atena.amnache@etu.sorbonne-universite.fr,-,-,-,-,-,-,-,-
Amri,Malek,28710546,Malek.Amri@etu.sorbonne-universite.fr,Finished,"17 octobre 2021  11:41 ","18 octobre 2021  12:01 ","20 mins 49 secs",15.52,5.45,2.18,7.88
Aouchiche,Juba,28610319,juba.aouchiche@etu.sorbonne-universite.fr,Finished,"17 octobre 2021  9:11 ","17 octobre 2021  10:40 ","1 hour 29 mins",20.00,5.45,5.45,9.09
"Arbulu Sedano",Diego,3808688,diego.arbulu_sedano@etu.sorbonne-universite.fr,Finished,"18 octobre 2021  1:28 ","18 octobre 2021  1:51 ","23 mins 9 secs",18.05,3.51,5.45,9.09
Archambaud,Florian,3804270,florian.archambaud@etu.sorbonne-universite.fr,Finished,"12 octobre 2021  2:00 ","12 octobre 2021  2:21 ","20 mins 42 secs",8.20,1.17,2.18,4.85
Arnal,Anaïs,28609148,anais.arnal@etu.sorbonne-universite.fr,Finished,"17 octobre 2021  12:25 ","17 octobre 2021  1:18 ","53 mins 51 secs",18.79,5.45,5.45,7.88
Atsé,Yapi,3803860,yapi.atse@etu.sorbonne-universite.fr,Finished,"18 octobre 2021  9:47 ","18 octobre 2021  10:29 ","42 mins 28 secs",11.00,3.12,5.45,2.42
Ayed,Bilel,28626848,bilel.ayed.1@etu.sorbonne-universite.fr,Finished,"17 octobre 2021  10:51 ","17 octobre 2021  11:19 ","28 mins 5 secs",16.23,3.51,5.45,7.27
Baasch,Matthias,21109634,Matthias.Baasch@etu.sorbonne-universite.fr,-,-,-,-,-,-,-,-
Babaali,Mohamed,28601465,mohamed.babaali.1@etu.sorbonne-universite.fr,Finished,"17 octobre 2021  7:13 ","17 octobre 2021  8:18 ","1 hour 4 mins",20.00,5.45,5.45,9.09
Bait,Alexander,28609336,alexander.bait.1@etu.sorbonne-universite.fr,Finished,"16 octobre 2021  4:03 ","16 octobre 2021  5:43 ","1 hour 40 mins",19.22,4.68,5.45,9.09
Ball,Ndiaye,3702933,ndiaye.ball@etu.sorbonne-universite.fr,Finished,"18 octobre 2021  8:29 ","18 octobre 2021  9:09 ","40 mins 5 secs",18.40,5.06,5.45,7.88
Baloul,"Mohamed Ryane",21113008,Mohamed_Ryane.Baloul@etu.sorbonne-universite.fr,Finished,"18 octobre 2021  12:36 ","18 octobre 2021  1:07 ","31 mins 6 secs",17.82,5.45,3.27,9.09
Bayoudh,Fares,28600163,fares.bayoudh.1@etu.sorbonne-universite.fr,Finished,"17 octobre 2021  10:17 ","17 octobre 2021  10:29 ","11 mins 53 secs",20.00,5.45,5.45,9.09
Bazil,Olando,28608499,olando.bazil@etu.sorbonne-universite.fr,Finished,"17 octobre 2021  9:57 ","17 octobre 2021  10:28 ","30 mins 23 secs",15.02,3.51,5.45,6.06
Beldjilali,Amel,21115553,Amel.Beldjilali@etu.sorbonne-universite.fr,Finished,"13 octobre 2021  9:32 ","13 octobre 2021  10:12 ","39 mins 25 secs",17.82,5.45,3.27,9.09
Bellaiche,Samuel,28600786,samuel.bellaiche.1@etu.sorbonne-universite.fr,Finished,"18 octobre 2021  9:13 ","18 octobre 2021  9:35 ","22 mins 37 secs",18.18,5.45,5.45,7.27
Bellaoud,Nassim,3700196,nassim.bellaoud@etu.sorbonne-universite.fr,Finished,"17 octobre 2021  3:06 ","17 octobre 2021  3:34 ","27 mins 48 secs",14.78,3.51,2.18,9.09
Ben-Mohamed,Ines,28607963,ines.ben-mohamed.1@etu.sorbonne-universite.fr,Finished,"17 octobre 2021  8:48 ","17 octobre 2021  10:21 ","1 hour 32 mins",11.88,5.45,2.18,4.24
Benhaddad,Ahcene,3804630,ahcene.benhadddad@etu.sorbonne-universite.fr,Finished,"18 octobre 2021  12:03 ","18 octobre 2021  12:21 ","17 mins 32 secs",16.73,5.45,2.18,9.09
Benlaldj,"Zohra Chihez",21112712,Zohra_Chihez.Benlaldj@etu.sorbonne-universite.fr,Finished,"17 octobre 2021  11:36 ","17 octobre 2021  1:18 ","1 hour 41 mins",20.00,5.45,5.45,9.09
Benmansour,Sofiane,3504377,sofiane.benmansour@etu.sorbonne-universite.fr,-,-,-,-,-,-,-,-
Berrada,Nacer,28610440,nacer.berrada@etu.sorbonne-universite.fr,Finished,"17 octobre 2021  9:21 ","17 octobre 2021  9:52 ","31 mins 32 secs",18.18,5.45,5.45,7.27
Berrichi,Manelle,28600291,manelle.berrichi.1@etu.sorbonne-universite.fr,Finished,"17 octobre 2021  8:56 ","17 octobre 2021  9:31 ","35 mins 18 secs",20.00,5.45,5.45,9.09
Besnier,Lucien,3803479,lucien.besnier@etu.sorbonne-universite.fr,Finished,"17 octobre 2021  8:03 ","17 octobre 2021  8:53 ","49 mins 48 secs",12.48,5.45,2.18,4.85
Bessad,Melina,28610730,melina.bessad@etu.sorbonne-universite.fr,Finished,"17 octobre 2021  12:57 ","17 octobre 2021  1:23 ","25 mins 36 secs",20.00,5.45,5.45,9.09
Bikou,Angie-Sofia,3700648,angie-sofia.bikou@etu.sorbonne-universite.fr,-,-,-,-,-,-,-,-
Billon,Martin,3801962,martin.billon@etu.sorbonne-universite.fr,-,-,-,-,-,-,-,-
"Blasco Gallego",Lucia,21109706,Lucia.Blasco_Gallego@etu.sorbonne-universite.fr,-,-,-,-,-,-,-,-
Boda,Jeremy,28603394,jeremy.boda.1@etu.sorbonne-universite.fr,Finished,"18 octobre 2021  9:12 ","18 octobre 2021  9:50 ","38 mins 2 secs",16.97,5.45,5.45,6.06
Bontempelli,Manon,28600844,manon.bontempelli.1@etu.sorbonne-universite.fr,Finished,"17 octobre 2021  4:29 ","17 octobre 2021  5:55 ","1 hour 25 mins",19.61,5.06,5.45,9.09
Bouaicha,Kenza,3703308,kenza.bouaicha@etu.sorbonne-universite.fr,Finished,"17 octobre 2021  9:33 ","17 octobre 2021  10:59 ","1 hour 25 mins",13.33,5.45,5.45,2.42
Boucherrab,Rayan,28610497,rayan.boucherrab@etu.sorbonne-universite.fr,Finished,"14 octobre 2021  8:46 ","14 octobre 2021  9:13 ","26 mins 13 secs",16.12,5.45,2.18,8.48
Bouchouchi,Nour,28600211,nour.bouchouchi.1@etu.sorbonne-universite.fr,Finished,"16 octobre 2021  3:17 ","16 octobre 2021  3:47 ","29 mins 57 secs",20.00,5.45,5.45,9.09
Bouheraoua,Sarah,21113695,Sarah.Bouheraoua@etu.sorbonne-universite.fr,Finished,"17 octobre 2021  12:03 ","17 octobre 2021  12:19 ","16 mins 28 secs",20.00,5.45,5.45,9.09
Bouhraoua,Ines,21115204,Ines.Bouhraoua@etu.sorbonne-universite.fr,Finished,"17 octobre 2021  9:59 ","17 octobre 2021  10:40 ","40 mins 59 secs",14.91,5.45,2.18,7.27
Bouloudani,Haroun,28002307,Haroun.Bouloudani@etu.sorbonne-universite.fr,Finished,"17 octobre 2021  11:35 ","17 octobre 2021  12:01 ","26 mins 6 secs",20.00,5.45,5.45,9.09
Bounichou,Hugo,3700560,hugo.bounichou@etu.sorbonne-universite.fr,Finished,"17 octobre 2021  3:56 ","17 octobre 2021  4:16 ","19 mins 53 secs",19.39,5.45,5.45,8.48
Bourekh,Zidane,3677063,zidane.bourekh@etu.sorbonne-universite.fr,Finished,"18 octobre 2021  3:42 ","18 octobre 2021  4:19 ","37 mins 11 secs",17.84,3.90,5.45,8.48
Bourlette,Lucas,3672216,lucas.bourlette@etu.sorbonne-universite.fr,-,-,-,-,-,-,-,-
Boutaleb,"Mohamed Allaa Eddine",21112734,Mohamed_Allaa_Eddine.Boutaleb@etu.sorbonne-universite.fr,Finished,"17 octobre 2021  12:00 ","17 octobre 2021  12:23 ","23 mins 7 secs",18.18,5.45,5.45,7.27
"Bouton Popper",Jules,28600665,jules.bouton.2@etu.sorbonne-universite.fr,Finished,"16 octobre 2021  10:34 ","16 octobre 2021  10:51 ","17 mins 53 secs",16.97,5.45,5.45,6.06
Bouzaglou,Ariel,28607480,ariel.bouzaglou.1@etu.sorbonne-universite.fr,Finished,"18 octobre 2021  12:46 ","18 octobre 2021  12:52 ","5 mins 53 secs",19.39,5.45,5.45,8.48
Boyadjiev,Todor,28507548,todor.boyadjiev.2@etu.sorbonne-universite.fr,Finished,"18 octobre 2021  9:28 ","18 octobre 2021  9:59 ","30 mins 24 secs",12.42,2.73,5.45,4.24
Brazane,Sabrina,3803162,sabrina.brazane@etu.sorbonne-universite.fr,Finished,"17 octobre 2021  10:47 ","18 octobre 2021  12:21 ","1 hour 33 mins",16.73,5.45,2.18,9.09
Caraux,Theophane,28602627,theophane.caraux.1@etu.sorbonne-universite.fr,Finished,"18 octobre 2021  9:32 ","18 octobre 2021  9:39 ","7 mins 14 secs",16.23,3.51,5.45,7.27
Chaouati,Oualid,21114737,Oualid.Chaouati@etu.sorbonne-universite.fr,Finished,"17 octobre 2021  11:48 ","18 octobre 2021  12:17 ","28 mins 20 secs",20.00,5.45,5.45,9.09
Charlot,Théo,3804195,theo.charlot@etu.sorbonne-universite.fr,Finished,"16 octobre 2021  9:04 ","16 octobre 2021  10:03 ","58 mins 17 secs",19.61,5.06,5.45,9.09
Chen,Jinhe,3802503,jinhe.chen@etu.sorbonne-universite.fr,-,-,-,-,-,-,-,-
Cherfaoui,Melissa,28720090,Melissa.Cherfaoui@etu.sorbonne-universite.fr,Finished,"17 octobre 2021  4:33 ","17 octobre 2021  5:01 ","28 mins 39 secs",20.00,5.45,5.45,9.09
Cherfi,Farouck,3407463,farouck.cherfi@etu.sorbonne-universite.fr,Finished,"18 octobre 2021  9:31 ","18 octobre 2021  10:09 ","37 mins 58 secs",14.55,5.45,5.45,3.64
Chikh,Mehdi,3677161,mehdi.chikh@etu.sorbonne-universite.fr,Finished,"17 octobre 2021  11:08 ","18 octobre 2021  12:13 ","1 hour 5 mins",16.12,5.45,2.18,8.48
Cohen,Orlane,28603418,orlane.cohen.1@etu.sorbonne-universite.fr,Finished,"16 octobre 2021  3:19 ","16 octobre 2021  3:43 ","24 mins 32 secs",20.00,5.45,5.45,9.09
Corlue,Florian,28607538,florian.corlue.1@etu.sorbonne-universite.fr,Finished,"17 octobre 2021  6:26 ","17 octobre 2021  7:35 ","1 hour 9 mins",11.88,5.45,2.18,4.24
Curaut,Charline,3810013,Charline.Curaut@etu.sorbonne-universite.fr,Finished,"16 octobre 2021  4:39 ","16 octobre 2021  5:15 ","35 mins 54 secs",18.79,5.45,5.45,7.88
Dabrowski,Mateusz,21109700,Mateusz.Dabrowski@etu.sorbonne-universite.fr,Finished,"17 octobre 2021  11:21 ","17 octobre 2021  12:18 ","56 mins 59 secs",19.00,5.06,5.45,8.48
"De Sacy",Anne,28610199,anne.silvestre_de_sacy-nougaret-@etu.sorbonne-universite.fr,Finished,"16 octobre 2021  6:14 ","16 octobre 2021  7:08 ","54 mins 1 sec",20.00,5.45,5.45,9.09
Delgado,Thomas,3407716,thomas.delgado@etu.sorbonne-universite.fr,Finished,"18 octobre 2021  2:21 ","18 octobre 2021  2:39 ","18 mins 4 secs",20.00,5.45,5.45,9.09
Diallo,"Mohamed Aliou",28604190,mohamed.diallo@etu.sorbonne-universite.fr,Finished,"17 octobre 2021  6:15 ","17 octobre 2021  6:25 ","10 mins 16 secs",20.00,5.45,5.45,9.09
Diallo,Faldou,3674474,faldou.diallo@etu.sorbonne-universite.fr,Finished,"18 octobre 2021  12:46 ","18 octobre 2021  1:48 ","1 hour 1 min",14.35,4.29,2.18,7.88
Doucouré,Dramane,3520680,dramane.doucoure@etu.sorbonne-universite.fr,-,-,-,-,-,-,-,-
Doufene,Malik,21113747,Malik.Doufene@etu.sorbonne-universite.fr,Finished,"17 octobre 2021  4:12 ","17 octobre 2021  6:00 ","1 hour 47 mins",18.79,5.45,5.45,7.88
Drouard,François-Xavier,3800028,francois-xavier.drouard@etu.sorbonne-universite.fr,Finished,"17 octobre 2021  9:08 ","17 octobre 2021  9:36 ","28 mins 27 secs",17.31,5.06,4.36,7.88
Du,Sylvain,28607117,sylvain.du.1@etu.sorbonne-universite.fr,Finished,"16 octobre 2021  2:45 ","16 octobre 2021  3:24 ","38 mins 38 secs",20.00,5.45,5.45,9.09
Dziri,Hakim,3800075,hakim.dziri@etu.sorbonne-universite.fr,-,-,-,-,-,-,-,-
"El Bouhali",Mouataz,28619891,mouataz.el_bouhali@etu.sorbonne-universite.fr,Finished,"18 octobre 2021  7:36 ","18 octobre 2021  8:19 ","43 mins 54 secs",15.15,5.45,5.45,4.24
"El Fahdi",Ismaël,3802719,ismael.el_fahdi@etu.sorbonne-universite.fr,-,-,-,-,-,-,-,-
"El Ghali",Yosr,3802466,yosr.elghali@etu.sorbonne-universite.fr,Finished,"15 octobre 2021  4:04 ","15 octobre 2021  4:44 ","39 mins 34 secs",18.83,4.29,5.45,9.09
"El Khaddar",Marwan,3673536,marwan.el_khaddar@etu.sorbonne-universite.fr,-,-,-,-,-,-,-,-
"El Youbi",Ali,3506467,ali.el_youbi@etu.sorbonne-universite.fr,-,-,-,-,-,-,-,-
Erjil,Hichem,28600653,hichem.erjil.1@etu.sorbonne-universite.fr,Finished,"17 octobre 2021  7:45 ","17 octobre 2021  8:13 ","27 mins 50 secs",16.36,5.45,5.45,5.45
Exertier,Firmin,28610514,firmin.exertier@etu.sorbonne-universite.fr,Finished,"18 octobre 2021  7:54 ","18 octobre 2021  8:38 ","43 mins 27 secs",15.15,5.45,5.45,4.24
Fahmy,Youssef,28609831,youssef.fahmy@etu.sorbonne-universite.fr,Finished,"16 octobre 2021  11:30 ","16 octobre 2021  11:49 ","18 mins 58 secs",20.00,5.45,5.45,9.09
Felix,Wycherley-Kassel,3702385,wycherley-kassel.felix@etu.sorbonne-universite.fr,-,-,-,-,-,-,-,-
Francoise,Raphael,28600759,raphael.francoise.1@etu.sorbonne-universite.fr,Finished,"17 octobre 2021  8:57 ","17 octobre 2021  10:27 ","1 hour 29 mins",20.00,5.45,5.45,9.09
Frigola,Arthur,28607831,arthur.frigola.1@etu.sorbonne-universite.fr,Finished,"18 octobre 2021  8:01 ","18 octobre 2021  9:08 ","1 hour 6 mins",15.28,1.95,5.45,7.88
Fu,Zhenyue,28620112,zhenyue.fu@etu.sorbonne-universite.fr,Finished,"17 octobre 2021  11:09 ","17 octobre 2021  11:18 ","9 mins 14 secs",20.00,5.45,5.45,9.09
Fumard,Lucas,28602386,lucas.fumard.1@etu.sorbonne-universite.fr,Finished,"12 octobre 2021  4:14 ","12 octobre 2021  4:33 ","18 mins 21 secs",19.00,5.06,5.45,8.48
Gallet,Camille,3700630,camille.gallet.1@etu.sorbonne-universite.fr,Finished,"17 octobre 2021  2:19 ","17 octobre 2021  3:27 ","1 hour 8 mins",18.44,3.90,5.45,9.09
Gaudinot,Salomon,28600769,salomon.gaudinot.1@etu.sorbonne-universite.fr,Finished,"18 octobre 2021  9:38 ","18 octobre 2021  9:59 ","20 mins 50 secs",14.37,4.68,5.45,4.24
Gaydon,Julie,28606830,julie.gaydon@etu.sorbonne-universite.fr,Finished,"17 octobre 2021  6:02 ","17 octobre 2021  6:14 ","12 mins 14 secs",20.00,5.45,5.45,9.09
Gazquez,Miguel,28600492,miguel.gazquez.1@etu.sorbonne-universite.fr,Finished,"18 octobre 2021  9:56 ","18 octobre 2021  10:04 ","8 mins 30 secs",18.79,5.45,5.45,7.88
Giuliani,Carla,28605022,carla.giuliani.2@etu.sorbonne-universite.fr,Finished,"17 octobre 2021  6:16 ","17 octobre 2021  7:13 ","56 mins 37 secs",19.61,5.06,5.45,9.09
Gojak,Zlatan,3801873,zlatan.gojak@etu.sorbonne-universite.fr,Finished,"17 octobre 2021  9:12 ","17 octobre 2021  9:47 ","35 mins 49 secs",19.39,5.45,5.45,8.48
Goulmot,Cedric,3971371,cedric.goulmot@etu.sorbonne-universite.fr,-,-,-,-,-,-,-,-
Guo,Youheng,28711440,Youheng.Guo@etu.sorbonne-universite.fr,Finished,"17 octobre 2021  9:07 ","17 octobre 2021  10:36 ","1 hour 29 mins",20.00,5.45,5.45,9.09
Hadji,Mohamed,3702996,mohamed.hadji@etu.sorbonne-universite.fr,Finished,"12 octobre 2021  2:33 ","12 octobre 2021  2:53 ","19 mins 56 secs",20.00,5.45,5.45,9.09
Halila,Youssef,28610207,youssef.halila@etu.sorbonne-universite.fr,-,-,-,-,-,-,-,-
Halit,Yanis,28600464,yanis.halit.1@etu.sorbonne-universite.fr,Finished,"17 octobre 2021  9:50 ","17 octobre 2021  11:11 ","1 hour 20 mins",18.18,5.45,5.45,7.27
Hamadouche,Mebarek,28506638,mebarek.hamadouche@etu.sorbonne-universite.fr,Finished,"17 octobre 2021  1:33 ","17 octobre 2021  1:51 ","17 mins 28 secs",18.18,5.45,5.45,7.27
Hamdi,Charafeddine,3800477,charafeddine.hamdi@etu.sorbonne-universite.fr,Finished,"18 octobre 2021  4:06 ","18 octobre 2021  5:03 ","57 mins 17 secs",16.97,5.45,5.45,6.06
Hammachi,Nourdinne,28604304,nourdinne.hammachi.1@etu.sorbonne-universite.fr,Finished,"17 octobre 2021  5:42 ","17 octobre 2021  6:22 ","40 mins 6 secs",18.18,5.45,5.45,7.27
Hassanein,Youssef,3522807,youssef.hassanein@etu.sorbonne-universite.fr,-,-,-,-,-,-,-,-
Hayat,Ruben,28608396,ruben.hayat.1@etu.sorbonne-universite.fr,Finished,"17 octobre 2021  5:42 ","17 octobre 2021  6:22 ","40 mins 18 secs",18.18,5.45,5.45,7.27
Hebert,Thomas,3708782,thomas.hebert@etu.sorbonne-universite.fr,Finished,"17 octobre 2021  5:57 ","17 octobre 2021  6:05 ","7 mins 59 secs",20.00,5.45,5.45,9.09
Hwang,"Chan Yeong",28610448,chan.hwang@etu.sorbonne-universite.fr,Finished,"18 octobre 2021  12:08 ","18 octobre 2021  1:14 ","1 hour 5 mins",20.00,5.45,5.45,9.09
"Ibobi Sambila",Osee,3704090,osee.ibobi_sambila@etu.sorbonne-universite.fr,-,-,-,-,-,-,-,-
Idouar,Yacine,28610117,yacine.idouar@etu.sorbonne-universite.fr,Finished,"17 octobre 2021  4:07 ","17 octobre 2021  4:25 ","18 mins 35 secs",20.00,5.45,5.45,9.09
Ikhenoussene,Yanis,28601953,yanis.ikhenoussene.1@etu.sorbonne-universite.fr,Finished,"17 octobre 2021  8:42 ","17 octobre 2021  9:01 ","19 mins 21 secs",16.62,3.90,5.45,7.27
Illouz,Maxime,28600470,maxime.illouz.1@etu.sorbonne-universite.fr,Finished,"17 octobre 2021  9:17 ","17 octobre 2021  9:42 ","24 mins 28 secs",20.00,5.45,5.45,9.09
Ith,Marc,3302184,marc.ith@etu.sorbonne-universite.fr,-,-,-,-,-,-,-,-
Jankovskaja,Elina,28607314,elina.jankovskaja.1@etu.sorbonne-universite.fr,Finished,"17 octobre 2021  10:30 ","17 octobre 2021  11:01 ","30 mins 50 secs",18.18,5.45,5.45,7.27
"Jean Marie Flore",Samuel,3800583,samuel.jean_marie_flore@etu.sorbonne-universite.fr,-,-,-,-,-,-,-,-
Jriby,Jawher,3702809,jawher.jriby@etu.sorbonne-universite.fr,Finished,"14 octobre 2021  1:03 ","14 octobre 2021  1:38 ","35 mins 6 secs",15.15,5.45,5.45,4.24
"K Murali",Sharane,3701883,sharane.k_murali@etu.sorbonne-universite.fr,Finished,"17 octobre 2021  5:15 ","17 octobre 2021  7:02 ","1 hour 47 mins",20.00,5.45,5.45,9.09
Kabongo,Ben,21116436,Ben.Kabongo@etu.sorbonne-universite.fr,Finished,"17 octobre 2021  8:04 ","17 octobre 2021  8:17 ","12 mins 21 secs",20.00,5.45,5.45,9.09
Kada,Dina,28601301,dina.kada.1@etu.sorbonne-universite.fr,Finished,"16 octobre 2021  10:09 ","16 octobre 2021  10:55 ","45 mins 51 secs",20.00,5.45,5.45,9.09
Kamouche,Neila,28605864,neila.kamouche.1@etu.sorbonne-universite.fr,Finished,"17 octobre 2021  8:41 ","17 octobre 2021  9:00 ","18 mins 52 secs",18.18,5.45,5.45,7.27
Ke,Ilene,3700453,ilene.ke@etu.sorbonne-universite.fr,Finished,"17 octobre 2021  11:05 ","18 octobre 2021  12:59 ","1 hour 54 mins",18.18,5.45,5.45,7.27
Kedadry,Yannis,3808875,yannis.kedadry@etu.sorbonne-universite.fr,Finished,"12 octobre 2021  10:44 ","12 octobre 2021  11:12 ","28 mins 25 secs",20.00,5.45,5.45,9.09
Kemiche,Koceila,21114731,Koceila.Kemiche@etu.sorbonne-universite.fr,Finished,"14 octobre 2021  8:46 ","14 octobre 2021  9:13 ","26 mins 37 secs",16.73,5.45,2.18,9.09
Kerharo,Cathy,28600559,cathy.kerharo.1@etu.sorbonne-universite.fr,Finished,"17 octobre 2021  11:37 ","18 octobre 2021  12:34 ","56 mins 52 secs",15.52,5.45,2.18,7.88
Khan,Anin,3801610,anin.khan@etu.sorbonne-universite.fr,Finished,"17 octobre 2021  11:37 ","18 octobre 2021  12:34 ","56 mins 53 secs",15.52,5.45,2.18,7.88
Klich,"Nour Elhouda",28610130,nour.klich@etu.sorbonne-universite.fr,Finished,"17 octobre 2021  5:17 ","17 octobre 2021  6:04 ","46 mins 28 secs",20.00,5.45,5.45,9.09
Kolli,Hamid,28717594,Hamid.Kolli@etu.sorbonne-universite.fr,Finished,"14 octobre 2021  9:12 ","14 octobre 2021  9:48 ","36 mins 1 sec",20.00,5.45,5.45,9.09
Korrabi,Madjid,28614924,madjid.korrabi@etu.sorbonne-universite.fr,Finished,"17 octobre 2021  6:32 ","17 octobre 2021  8:20 ","1 hour 48 mins",19.61,5.06,5.45,9.09
Koskas,Ilan,3800162,ilan.koskas@etu.sorbonne-universite.fr,Finished,"16 octobre 2021  9:45 ","16 octobre 2021  10:33 ","48 mins 6 secs",20.00,5.45,5.45,9.09
"Koumgang Tegantchouang",Adrien,21109170,Adrien.Koumgang_Tegantchouang@etu.sorbonne-universite.fr,Finished,"18 octobre 2021  1:50 ","18 octobre 2021  2:15 ","25 mins 27 secs",18.18,5.45,5.45,7.27
Kwonn,Simon,3709743,simon.kwonn@etu.sorbonne-universite.fr,Finished,"16 octobre 2021  1:58 ","16 octobre 2021  2:16 ","18 mins 14 secs",17.40,4.68,5.45,7.27
Labady,"Sterley Gilbert",21100776,Sterley_Gilbert.Labady@etu.sorbonne-universite.fr,Finished,"17 octobre 2021  3:50 ","17 octobre 2021  4:10 ","20 mins 28 secs",18.79,5.45,5.45,7.88
Lachachi,Yasmine,28710229,Yasmine.Lachachi@etu.sorbonne-universite.fr,-,-,-,-,-,-,-,-
Lachemot,Cédric,3705179,cedric.lachemot@etu.sorbonne-universite.fr,-,-,-,-,-,-,-,-
Lachgar,Amine,3802257,amine.lachgar@etu.sorbonne-universite.fr,Finished,"17 octobre 2021  10:42 ","17 octobre 2021  11:35 ","53 mins 25 secs",20.00,5.45,5.45,9.09
Lacoume,Claire,28610667,claire.lacoume@etu.sorbonne-universite.fr,Finished,"16 octobre 2021  4:08 ","16 octobre 2021  5:40 ","1 hour 31 mins",17.58,5.45,5.45,6.67
Lam,Stéphane,3672320,stephane.lam@etu.sorbonne-universite.fr,Finished,"15 octobre 2021  3:26 ","15 octobre 2021  4:07 ","40 mins 27 secs",12.16,4.29,5.45,2.42
Lechgar,Houssam,28610190,houssam.lechgar@etu.sorbonne-universite.fr,Finished,"17 octobre 2021  10:18 ","17 octobre 2021  11:16 ","57 mins 27 secs",19.22,4.68,5.45,9.09
Lee,"Jae Wook",21108842,Jae_Wook.Lee@etu.sorbonne-universite.fr,Finished,"18 octobre 2021  12:26 ","18 octobre 2021  12:52 ","25 mins 55 secs",17.58,5.45,5.45,6.67
Legendre--Despas,Jeanne,3810768,jeanne.legendre--despas@etu.sorbonne-universite.fr,Finished,"16 octobre 2021  4:53 ","16 octobre 2021  5:49 ","55 mins 37 secs",20.00,5.45,5.45,9.09
Lemaitre,Alexandre,3876023,alexandre.lemaitre@etu.sorbonne-universite.fr,Finished,"18 octobre 2021  8:49 ","18 octobre 2021  9:14 ","25 mins 55 secs",18.79,5.45,5.45,7.88
"Levanson Dit Akbarali","Mohamed Hasir",28601393,mohamed.levanson_dit_akbarali@etu.sorbonne-universite.fr,Finished,"18 octobre 2021  12:59 ","18 octobre 2021  1:40 ","41 mins 50 secs",20.00,5.45,5.45,9.09
Li,Junji,28610187,junji.li@etu.sorbonne-universite.fr,Finished,"12 octobre 2021  12:41 ","12 octobre 2021  1:14 ","32 mins 54 secs",20.00,5.45,5.45,9.09
Lifsal,Loubna,3309154,loubna.lifsal@etu.sorbonne-universite.fr,Finished,"18 octobre 2021  12:35 ","18 octobre 2021  2:16 ","1 hour 40 mins",20.00,5.45,5.45,9.09
Lin,Jeremy,28602292,jeremy.lin.1@etu.sorbonne-universite.fr,-,-,-,-,-,-,-,-
Lin,Charles,3812676,Charles.Lin@etu.sorbonne-universite.fr,Finished,"16 octobre 2021  8:46 ","16 octobre 2021  8:59 ","13 mins 16 secs",16.36,5.45,5.45,5.45
Longuet,Axel,28600563,axel.longuet.1@etu.sorbonne-universite.fr,Finished,"16 octobre 2021  3:06 ","16 octobre 2021  4:02 ","55 mins 51 secs",20.00,5.45,5.45,9.09
Loyau-Kahn,Felix,28607223,felix.loyau-kahn@etu.sorbonne-universite.fr,Finished,"17 octobre 2021  4:07 ","17 octobre 2021  4:27 ","19 mins 56 secs",17.70,5.45,4.36,7.88
Luo,Yukai,28620155,yukai.luo@etu.sorbonne-universite.fr,Finished,"17 octobre 2021  10:43 ","17 octobre 2021  11:44 ","1 hour",20.00,5.45,5.45,9.09
Luvisamo,"Mulemesa Jessy",3415756,mulemesa.luvisamo@etu.sorbonne-universite.fr,Finished,"18 octobre 2021  8:38 ","18 octobre 2021  9:16 ","37 mins 52 secs",18.01,4.68,5.45,7.88
Ly,Sylvie,3522190,sylvie.ly@etu.sorbonne-universite.fr,Finished,"11 octobre 2021  12:56 ","11 octobre 2021  1:21 ","24 mins 24 secs",20.00,5.45,5.45,9.09
Macabre,Loona,28609645,loona.macabre.1@etu.sorbonne-universite.fr,Finished,"17 octobre 2021  12:24 ","17 octobre 2021  1:19 ","54 mins 54 secs",20.00,5.45,5.45,9.09
Maire,Maxence,28605064,maxence.maire@etu.sorbonne-universite.fr,Finished,"17 octobre 2021  10:56 ","17 octobre 2021  11:56 ","59 mins 28 secs",17.79,5.06,5.45,7.27
Makhlouf,Rayane,28617603,rayane.makhlouf@etu.sorbonne-universite.fr,Finished,"14 octobre 2021  9:12 ","14 octobre 2021  9:51 ","38 mins 52 secs",20.00,5.45,5.45,9.09
Marques,Romain,28600712,romain.marques.1@etu.sorbonne-universite.fr,Finished,"17 octobre 2021  1:58 ","17 octobre 2021  2:44 ","46 mins 14 secs",18.79,5.45,5.45,7.88
Martin,Amaury,28610127,amaury.martin.1@etu.sorbonne-universite.fr,Finished,"17 octobre 2021  10:55 ","17 octobre 2021  11:50 ","54 mins 26 secs",20.00,5.45,5.45,9.09
Mastor,Assia,28602563,assia.mastor.1@etu.sorbonne-universite.fr,Finished,"17 octobre 2021  9:40 ","17 octobre 2021  10:01 ","21 mins 17 secs",20.00,5.45,5.45,9.09
Mazari,Messilva,28610328,messilva.mazari@etu.sorbonne-universite.fr,Finished,"17 octobre 2021  6:10 ","17 octobre 2021  6:37 ","27 mins 31 secs",18.18,5.45,5.45,7.27
Mbaye,Souleymane,28717871,Souleymane.Mbaye@etu.sorbonne-universite.fr,Finished,"18 octobre 2021  12:11 ","18 octobre 2021  12:48 ","36 mins 58 secs",18.79,5.45,5.45,7.88
Mbouranga,Winn-Elie,28601343,winn-elie.mbouranga.1@etu.sorbonne-universite.fr,Finished,"17 octobre 2021  2:20 ","17 octobre 2021  3:14 ","54 mins 22 secs",19.39,5.45,5.45,8.48
Meddah,Sarah,3603679,sarah.meddah@etu.sorbonne-universite.fr,Finished,"16 octobre 2021  5:57 ","16 octobre 2021  6:16 ","18 mins 9 secs",20.00,5.45,5.45,9.09
Mekhloufi,Zakaria,3809215,zakaria.mekhloufi@etu.sorbonne-universite.fr,Finished,"17 octobre 2021  6:31 ","17 octobre 2021  7:24 ","52 mins 44 secs",18.01,4.68,5.45,7.88
Mellul,Yona,3800646,yona.mellul@etu.sorbonne-universite.fr,Finished,"16 octobre 2021  10:58 ","16 octobre 2021  11:23 ","25 mins",20.00,5.45,5.45,9.09
"Melot Chesnel",Josephine,28603036,josephine.melot_chesnel.1@etu.sorbonne-universite.fr,Finished,"15 octobre 2021  6:13 ","15 octobre 2021  6:56 ","43 mins 29 secs",17.40,4.68,5.45,7.27
Mendes,Hugo,3670527,hugo.mendes@etu.sorbonne-universite.fr,-,-,-,-,-,-,-,-
"Mendez Chacon",Paula,21109001,Paula.Mendez_Chacon@etu.sorbonne-universite.fr,Finished,"17 octobre 2021  11:20 ","17 octobre 2021  12:18 ","57 mins 41 secs",19.39,5.45,5.45,8.48
Millard,Maxime,28602830,maxime.millard.1@etu.sorbonne-universite.fr,Finished,"18 octobre 2021  9:12 ","18 octobre 2021  9:53 ","41 mins 30 secs",20.00,5.45,5.45,9.09
Mistry,Darshan,3670280,darshan.mistry@etu.sorbonne-universite.fr,-,-,-,-,-,-,-,-
Mohamed,Djamila,28609129,djamila.mohamed@etu.sorbonne-universite.fr,Finished,"17 octobre 2021  10:55 ","17 octobre 2021  11:36 ","41 mins 5 secs",16.36,5.45,5.45,5.45
Moreau,Nino,28603833,nino.moreau.1@etu.sorbonne-universite.fr,Finished,"12 octobre 2021  1:41 ","12 octobre 2021  2:05 ","23 mins 58 secs",18.79,5.45,5.45,7.88
Moussouni,Amine,28720778,Amine.Moussouni@etu.sorbonne-universite.fr,Finished,"16 octobre 2021  8:31 ","16 octobre 2021  9:02 ","30 mins 45 secs",20.00,5.45,5.45,9.09
Naumenko,Polina,3521154,polina.naumenko@etu.sorbonne-universite.fr,-,-,-,-,-,-,-,-
Nedir,Rahmine,3872127,rahmine.nedir@etu.sorbonne-universite.fr,Finished,"17 octobre 2021  11:45 ","18 octobre 2021  12:31 ","46 mins 9 secs",18.05,3.51,5.45,9.09
Nehlil,"Mouloud Samy",21113646,Mouloud_Samy.Nehlil@etu.sorbonne-universite.fr,Finished,"13 octobre 2021  9:32 ","13 octobre 2021  10:12 ","39 mins 26 secs",16.73,5.45,2.18,9.09
Nguyen,"Hoang Son",28709864,Hoang_Son.Nguyen@etu.sorbonne-universite.fr,Finished,"17 octobre 2021  4:49 ","17 octobre 2021  5:10 ","21 mins 33 secs",20.00,5.45,5.45,9.09
Nguyen,"Ngoc Thien",21102696,Ngoc_Thien.Nguyen@etu.sorbonne-universite.fr,Finished,"18 octobre 2021  12:04 ","18 octobre 2021  12:49 ","45 mins 29 secs",19.61,5.06,5.45,9.09
Niang,Fallou,3803961,fallou.niang@etu.sorbonne-universite.fr,-,-,-,-,-,-,-,-
Olivar-Sanglar,Gabriel,28602191,gabriel.olivar.1@etu.sorbonne-universite.fr,Finished,"17 octobre 2021  11:44 ","18 octobre 2021  12:12 ","27 mins 29 secs",15.15,5.45,5.45,4.24
Ouhenia,Ghiles,28716807,Ghiles.Ouhenia@etu.sorbonne-universite.fr,Finished,"14 octobre 2021  8:46 ","14 octobre 2021  9:13 ","26 mins 19 secs",16.73,5.45,2.18,9.09
Ouni,Wassim,21112855,Wassim.Ouni@etu.sorbonne-universite.fr,Finished,"17 octobre 2021  10:22 ","17 octobre 2021  11:57 ","1 hour 35 mins",20.00,5.45,5.45,9.09
Palisoc,Camille,28600602,camille.palisoc.1@etu.sorbonne-universite.fr,Finished,"13 octobre 2021  3:32 ","13 octobre 2021  4:18 ","45 mins 57 secs",20.00,5.45,5.45,9.09
Parameswaralingam,Charles-Pragash,3670244,charles-pragash.parameswaralingam@etu.sorbonne-universite.fr,-,-,-,-,-,-,-,-
Pendelliou,Arthur,3809224,arthur.pendelliou@etu.sorbonne-universite.fr,Finished,"14 octobre 2021  11:05 ","14 octobre 2021  1:05 ","2 hours",18.18,5.45,5.45,7.27
Perrignon-Sommet,Thibault,21104636,Thibault.Perrignon-Sommet@etu.sorbonne-universite.fr,Finished,"16 octobre 2021  5:57 ","16 octobre 2021  6:07 ","9 mins 18 secs",15.52,5.45,2.18,7.88
Pierre,Lauryn,28600518,lauryn.pierre.1@etu.sorbonne-universite.fr,Finished,"17 octobre 2021  9:18 ","17 octobre 2021  10:33 ","1 hour 14 mins",18.18,5.45,5.45,7.27
"Pierre Noel",Jericho,21113317,Jericho.Pierre_Noel@etu.sorbonne-universite.fr,Finished,"17 octobre 2021  4:30 ","17 octobre 2021  6:12 ","1 hour 41 mins",16.48,5.45,4.36,6.67
Piffre,Baptiste,28636372,baptiste.piffre@etu.sorbonne-universite.fr,Finished,"18 octobre 2021  12:30 ","18 octobre 2021  12:36 ","5 mins 34 secs",15.05,3.90,3.27,7.88
Pinho,Goncalo,28602737,goncalo.pinho.1@etu.sorbonne-universite.fr,Finished,"15 octobre 2021  7:05 ","15 octobre 2021  7:54 ","49 mins 35 secs",18.18,5.45,5.45,7.27
Pirard,Emile,28600880,emile.pirard.1@etu.sorbonne-universite.fr,Finished,"14 octobre 2021  4:23 ","14 octobre 2021  4:42 ","18 mins 19 secs",18.79,5.45,5.45,7.88
Pulval-Dady,Alan,28603735,alan.pulval-dady.1@etu.sorbonne-universite.fr,Finished,"16 octobre 2021  6:14 ","16 octobre 2021  7:08 ","54 mins 4 secs",20.00,5.45,5.45,9.09
Ramdani,Cyrena,3805942,cyrena.ramdani@etu.sorbonne-universite.fr,Finished,"17 octobre 2021  12:54 ","17 octobre 2021  1:34 ","40 mins 38 secs",20.00,5.45,5.45,9.09
Rams,Sean,28605296,sean.rams.1@etu.sorbonne-universite.fr,Finished,"14 octobre 2021  2:47 ","14 octobre 2021  4:23 ","1 hour 35 mins",18.79,5.45,5.45,7.88
Randrianarisoa,Roman,3808834,roman.randrianarisoa@etu.sorbonne-universite.fr,Finished,"17 octobre 2021  8:04 ","17 octobre 2021  8:55 ","51 mins 7 secs",17.58,5.45,5.45,6.67
Richard,"Samantha Elisabeth",28009976,samantha.richard.2@etu.sorbonne-universite.fr,Finished,"17 octobre 2021  10:12 ","17 octobre 2021  11:16 ","1 hour 3 mins",20.00,5.45,5.45,9.09
Rozbully,Faraan,3700903,faraan.rozbully@etu.sorbonne-universite.fr,Finished,"17 octobre 2021  10:40 ","17 octobre 2021  11:04 ","23 mins 41 secs",15.15,5.45,5.45,4.24
Ruan,Thomas,28606375,thomas.ruan.1@etu.sorbonne-universite.fr,Finished,"18 octobre 2021  1:57 ","18 octobre 2021  2:10 ","13 mins 1 sec",16.73,5.45,2.18,9.09
"Ruiz Heredia","Jose Antonio",21109006,Jose_Antonio.Ruiz_Heredia@etu.sorbonne-universite.fr,Finished,"18 octobre 2021  10:03 ","18 octobre 2021  10:06 ","2 mins 9 secs",13.94,5.45,5.45,3.03
Rzeszutko,Kamil,2800282,kamil.rzeszutko@etu.sorbonne-universite.fr,-,-,-,-,-,-,-,-
Sadi,Amayas,28717408,Amayas.Sadi@etu.sorbonne-universite.fr,Finished,"14 octobre 2021  9:12 ","14 octobre 2021  9:51 ","38 mins 56 secs",20.00,5.45,5.45,9.09
Sadykova,Karima,28610100,karima.sadykova@etu.sorbonne-universite.fr,Finished,"17 octobre 2021  5:43 ","17 octobre 2021  6:01 ","17 mins 52 secs",20.00,5.45,5.45,9.09
Said,Sayafdine,28607006,sayafdine.said.1@etu.sorbonne-universite.fr,Finished,"16 octobre 2021  11:24 ","16 octobre 2021  12:26 ","1 hour 1 min",20.00,5.45,5.45,9.09
Samar,Anissa,21120079,Anissa.Samar@etu.sorbonne-universite.fr,Finished,"17 octobre 2021  12:03 ","17 octobre 2021  1:00 ","56 mins 19 secs",20.00,5.45,5.45,9.09
Sane,Kemo,28617513,kemo.sane@etu.sorbonne-universite.fr,Finished,"17 octobre 2021  6:14 ","17 octobre 2021  8:14 ","1 hour 59 mins",20.00,5.45,5.45,9.09
Sfez,Alexandre,3804652,alexandre.sfez@etu.sorbonne-universite.fr,-,-,-,-,-,-,-,-
Shi,Yulin,21112391,Yulin.Shi@etu.sorbonne-universite.fr,Finished,"17 octobre 2021  8:01 ","17 octobre 2021  8:49 ","47 mins 32 secs",20.00,5.45,5.45,9.09
Sima,Daniel-Ioan,3800992,daniel.sima@etu.sorbonne-universite.fr,Finished,"17 octobre 2021  8:55 ","17 octobre 2021  9:40 ","45 mins 13 secs",20.00,5.45,5.45,9.09
Simion,Mathys,28705217,Mathys.Simion@etu.sorbonne-universite.fr,Finished,"16 octobre 2021  4:38 ","16 octobre 2021  5:42 ","1 hour 4 mins",10.10,4.29,2.18,3.64
Singh,Nawelle,28600503,nawelle.singh.1@etu.sorbonne-universite.fr,Finished,"18 octobre 2021  12:50 ","18 octobre 2021  1:44 ","54 mins 27 secs",20.00,5.45,5.45,9.09
"Sitang Ewande",Ninine,3801541,ninine.sitang_ewande@etu.sorbonne-universite.fr,Finished,"18 octobre 2021  2:37 ","18 octobre 2021  3:07 ","29 mins 51 secs",17.40,4.68,5.45,7.27
Snaoui,Adam,21119283,Adam.Snaoui@etu.sorbonne-universite.fr,Finished,"18 octobre 2021  9:21 ","18 octobre 2021  9:50 ","28 mins 26 secs",19.61,5.06,5.45,9.09
Sobot,Allen,28600456,allen.sobot.1@etu.sorbonne-universite.fr,Finished,"18 octobre 2021  5:32 ","18 octobre 2021  6:08 ","36 mins 1 sec",20.00,5.45,5.45,9.09
Sun,Amélie,28606343,amelie.sun.1@etu.sorbonne-universite.fr,Finished,"18 octobre 2021  1:21 ","18 octobre 2021  1:57 ","35 mins 34 secs",14.91,5.45,2.18,7.27
Sylla,Amy,28618173,amy.sylla@etu.sorbonne-universite.fr,Finished,"17 octobre 2021  2:46 ","17 octobre 2021  3:19 ","33 mins 6 secs",16.73,5.45,2.18,9.09
Tang,Remi,28624752,remi.tang@etu.sorbonne-universite.fr,-,-,-,-,-,-,-,-
Tchen,Clement,3703339,clement.tchen@etu.sorbonne-universite.fr,Finished,"15 octobre 2021  8:07 ","15 octobre 2021  8:56 ","48 mins 42 secs",20.00,5.45,5.45,9.09
Terkmani,Kamelia,21116094,Kamelia.Terkmani@etu.sorbonne-universite.fr,Finished,"17 octobre 2021  11:27 ","17 octobre 2021  11:39 ","12 mins 28 secs",20.00,5.45,5.45,9.09
Thirion,Lou,28614980,lou.thirion@etu.sorbonne-universite.fr,Finished,"17 octobre 2021  5:59 ","17 octobre 2021  7:13 ","1 hour 14 mins",19.61,5.06,5.45,9.09
"Toguem Fotso","John Kevyn",3970693,john.toguem_fotso@etu.sorbonne-universite.fr,-,-,-,-,-,-,-,-
Tragha,Marwan,28615820,marwan.tragha@etu.sorbonne-universite.fr,Finished,"17 octobre 2021  2:23 ","17 octobre 2021  2:45 ","22 mins 53 secs",20.00,5.45,5.45,9.09
Tran,"Le My",28603688,le.tran@etu.sorbonne-universite.fr,Finished,"18 octobre 2021  9:11 ","18 octobre 2021  9:19 ","7 mins 39 secs",9.50,4.29,2.18,3.03
Traore,Mamadou,2203537,mamadou.traore@etu.sorbonne-universite.fr,-,-,-,-,-,-,-,-
Trumic,Mihajlo,28606345,mihajlo.trumic@etu.sorbonne-universite.fr,Finished,"17 octobre 2021  12:06 ","17 octobre 2021  12:56 ","49 mins 32 secs",20.00,5.45,5.45,9.09
Vanrycke,Loann,3811248,loann.vanrycke@etu.sorbonne-universite.fr,Finished,"14 octobre 2021  2:28 ","14 octobre 2021  3:23 ","55 mins 19 secs",16.73,5.45,2.18,9.09
Vedanayagame,Souveda,28600150,souveda.vedanayagame.1@etu.sorbonne-universite.fr,Finished,"17 octobre 2021  2:33 ","17 octobre 2021  2:45 ","11 mins 32 secs",18.83,4.29,5.45,9.09
Vigano,Alice,3804657,alice.vigano@etu.sorbonne-universite.fr,Finished,"18 octobre 2021  9:05 ","18 octobre 2021  10:30 ","1 hour 24 mins",17.01,4.29,5.45,7.27
Villard,Lorenzo,3801327,lorenzo.villard@etu.sorbonne-universite.fr,Finished,"17 octobre 2021  7:41 ","17 octobre 2021  8:23 ","42 mins 11 secs",18.79,5.45,5.45,7.88
Wang,Zhe,21116827,Zhe.Wang@etu.sorbonne-universite.fr,Finished,"17 octobre 2021  8:46 ","17 octobre 2021  9:19 ","33 mins 7 secs",18.79,5.45,5.45,7.88
Warmé-Janville,Auguste,3800191,auguste.warme-janville@etu.sorbonne-universite.fr,Finished,"17 octobre 2021  7:45 ","17 octobre 2021  8:01 ","15 mins 50 secs",19.61,5.06,5.45,9.09
Wu,Julie,28600741,julie.wu.1@etu.sorbonne-universite.fr,Finished,"16 octobre 2021  4:32 ","16 octobre 2021  5:00 ","28 mins 12 secs",16.58,5.06,5.45,6.06
Wu,Isabelle,28606994,isabelle.wu.2@etu.sorbonne-universite.fr,Finished,"18 octobre 2021  12:15 ","18 octobre 2021  12:56 ","41 mins 27 secs",15.15,5.45,5.45,4.24
Xia,Alexandre,28604113,alexandre.xia.1@etu.sorbonne-universite.fr,Finished,"13 octobre 2021  5:26 ","13 octobre 2021  6:25 ","59 mins 10 secs",18.91,5.45,4.36,9.09
Xu,Jin,3700044,jin.xu@etu.sorbonne-universite.fr,-,-,-,-,-,-,-,-
Yang,Kai,21107392,Kai.Yang@etu.sorbonne-universite.fr,Finished,"17 octobre 2021  8:37 ","17 octobre 2021  9:06 ","28 mins 58 secs",20.00,5.45,5.45,9.09
Yehya,Jad,28609954,jad.yehya.1@etu.sorbonne-universite.fr,Finished,"17 octobre 2021  12:25 ","17 octobre 2021  12:55 ","29 mins 53 secs",16.36,5.45,5.45,5.45
"Youcef Khodja",Amine,21113585,Amine.Youcef_Khodja@etu.sorbonne-universite.fr,Finished,"14 octobre 2021  9:12 ","14 octobre 2021  9:49 ","37 mins 39 secs",20.00,5.45,5.45,9.09
Zanan,Nour,28607755,nour.zanan.1@etu.sorbonne-universite.fr,Finished,"18 octobre 2021  8:38 ","18 octobre 2021  10:10 ","1 hour 32 mins",14.55,5.45,5.45,3.64
Zeng,Fanxiang,28600693,fanxiang.zeng@etu.sorbonne-universite.fr,Finished,"12 octobre 2021  1:03 ","12 octobre 2021  1:21 ","18 mins 24 secs",20.00,5.45,5.45,9.09
Zerbib,Raphael,28601765,raphael.zerbib.1@etu.sorbonne-universite.fr,Finished,"14 octobre 2021  2:27 ","14 octobre 2021  3:23 ","56 mins 36 secs",20.00,5.45,5.45,9.09
Zhang,Han,3970759,han.zhang@etu.sorbonne-universite.fr,Finished,"15 octobre 2021  12:35 ","15 octobre 2021  12:39 ","3 mins 47 secs",3.42,0.39,0.00,3.03
Zhang,Jacques,28607704,jacques.zhang.1@etu.sorbonne-universite.fr,Finished,"16 octobre 2021  4:48 ","16 octobre 2021  5:20 ","31 mins 55 secs",19.39,5.45,5.45,8.48
Zhang,Xu,3803083,xu.zhang@etu.sorbonne-universite.fr,Finished,"17 octobre 2021  2:06 ","17 octobre 2021  2:51 ","45 mins 18 secs",18.05,3.51,5.45,9.09
Zhang,Yilu,28601009,yilu.zhang.1@etu.sorbonne-universite.fr,Finished,"18 octobre 2021  12:15 ","18 octobre 2021  12:35 ","19 mins 32 secs",20.00,5.45,5.45,9.09
Zhuang,Christian,28601285,christian.zhuang.1@etu.sorbonne-universite.fr,Finished,"16 octobre 2021  1:53 ","16 octobre 2021  2:40 ","46 mins 12 secs",16.48,5.45,4.36,6.67
"Zou Al Guyna",Louai,3680880,louai.zou_al_guyna@etu.sorbonne-universite.fr,Finished,"17 octobre 2021  6:32 ","17 octobre 2021  6:41 ","8 mins 55 secs",14.91,5.45,2.18,7.27
Zouba,Thomas,21101133,Thomas.Zouba@etu.sorbonne-universite.fr,Finished,"16 octobre 2021  4:39 ","16 octobre 2021  4:48 ","9 mins 21 secs",15.80,4.29,5.45,6.06
Zouhri,Bilal,3703980,bilal.zouhri@etu.sorbonne-universite.fr,Finished,"17 octobre 2021  5:31 ","17 octobre 2021  5:55 ","23 mins 24 secs",20.00,5.45,5.45,9.09
"Overall average",,,,,,,,18.02,5.15,4.98,7.89
