﻿Surname,"First name","ID number","Email address",State,"Started on",Completed,"Time taken",Grade/20.00,"Q. 1 /6.43","Q. 2 /7.14","Q. 3 /6.43"
Abdillahi,"Ben Idris Michel",3812573,ben.abdillahi@etu.sorbonne-universite.fr,Finished,"24 octobre 2021  5:34 ","24 octobre 2021  6:03 ","29 mins 9 secs",13.21,4.29,3.21,5.71
Abeles,Walter,28610484,walter.abeles@etu.sorbonne-universite.fr,Finished,"24 octobre 2021  3:53 ","24 octobre 2021  5:53 ","2 hours",14.29,4.29,4.64,5.36
Abkress,Barka,28606227,barka.abkress.1@etu.sorbonne-universite.fr,Finished,"24 octobre 2021  8:17 ","24 octobre 2021  10:17 ","2 hours",16.07,5.36,4.29,6.43
Afoulous,Oumaima,3802791,oumaima.afoulous@etu.sorbonne-universite.fr,Finished,"25 octobre 2021  10:06 ","25 octobre 2021  10:28 ","22 mins 18 secs",15.36,6.43,4.29,4.64
"Ahmed Ali",Nassim,21113025,Nassim.Ahmed_Ali@etu.sorbonne-universite.fr,Finished,"24 octobre 2021  2:59 ","24 octobre 2021  3:41 ","42 mins 6 secs",15.36,5.71,3.21,6.43
"Ait Khelifa",Tanina,21110432,Tanina.Ait_Khelifa@etu.sorbonne-universite.fr,Finished,"24 octobre 2021  10:35 ","24 octobre 2021  11:25 ","49 mins 59 secs",17.14,5.36,6.43,5.36
Akhtarkhavari,Parto,28606489,parto.akhtarkhavari.1@etu.sorbonne-universite.fr,Finished,"25 octobre 2021  2:37 ","25 octobre 2021  2:53 ","16 mins 8 secs",19.29,6.07,7.14,6.07
"Al Awayd",Wissam,3701350,wissam.al_awayd@etu.sorbonne-universite.fr,Finished,"24 octobre 2021  11:15 ","24 octobre 2021  11:43 ","27 mins 55 secs",17.86,5.00,7.14,5.71
Alayoud,Yanis,28600748,yanis.alayoud.1@etu.sorbonne-universite.fr,Finished,"24 octobre 2021  5:23 ","24 octobre 2021  6:04 ","40 mins 59 secs",15.00,5.00,4.29,5.71
Albitar,Nadia,3671406,nadia.albitar@etu.sorbonne-universite.fr,Finished,"24 octobre 2021  9:53 ","24 octobre 2021  10:29 ","35 mins 29 secs",14.29,4.29,3.57,6.43
Alexandre,Ronald,3407195,ronald.alexandre@etu.sorbonne-universite.fr,-,-,-,-,-,-,-,-
Alliot,Leane,28602178,leane.alliot.1@etu.sorbonne-universite.fr,Finished,"24 octobre 2021  10:08 ","24 octobre 2021  11:30 ","1 hour 21 mins",15.00,6.43,3.57,5.00
Amanzougarene,Eldjouher,3601270,eldjouher.amanzougarene@etu.sorbonne-universite.fr,Finished,"25 octobre 2021  2:57 ","25 octobre 2021  5:39 ","2 hours 41 mins",13.93,5.36,2.86,5.71
Amnache,Atena,28618735,atena.amnache@etu.sorbonne-universite.fr,-,-,-,-,-,-,-,-
Amri,Malek,28710546,Malek.Amri@etu.sorbonne-universite.fr,Finished,"25 octobre 2021  2:32 ","25 octobre 2021  3:06 ","34 mins 29 secs",20.00,6.43,7.14,6.43
Aouchiche,Juba,28610319,juba.aouchiche@etu.sorbonne-universite.fr,Finished,"24 octobre 2021  11:13 ","24 octobre 2021  11:54 ","40 mins 23 secs",18.93,5.36,7.14,6.43
"Arbulu Sedano",Diego,3808688,diego.arbulu_sedano@etu.sorbonne-universite.fr,Finished,"25 octobre 2021  2:03 ","25 octobre 2021  2:38 ","34 mins 27 secs",16.43,6.07,3.93,6.43
Archambaud,Florian,3804270,florian.archambaud@etu.sorbonne-universite.fr,Finished,"19 octobre 2021  6:04 ","19 octobre 2021  6:27 ","22 mins 40 secs",15.36,5.36,3.57,6.43
Arnal,Anaïs,28609148,anais.arnal@etu.sorbonne-universite.fr,Finished,"24 octobre 2021  3:48 ","24 octobre 2021  5:16 ","1 hour 28 mins",16.79,3.93,6.43,6.43
Atsé,Yapi,3803860,yapi.atse@etu.sorbonne-universite.fr,Finished,"25 octobre 2021  2:57 ","25 octobre 2021  3:44 ","46 mins 39 secs",11.79,3.21,4.29,4.29
Ayed,Bilel,28626848,bilel.ayed.1@etu.sorbonne-universite.fr,Finished,"24 octobre 2021  11:18 ","24 octobre 2021  11:40 ","21 mins 49 secs",13.57,5.00,2.14,6.43
Baasch,Matthias,21109634,Matthias.Baasch@etu.sorbonne-universite.fr,-,-,-,-,-,-,-,-
Babaali,Mohamed,28601465,mohamed.babaali.1@etu.sorbonne-universite.fr,Finished,"24 octobre 2021  11:05 ","24 octobre 2021  11:54 ","48 mins 24 secs",16.07,5.36,4.29,6.43
Bait,Alexander,28609336,alexander.bait.1@etu.sorbonne-universite.fr,Finished,"23 octobre 2021  3:08 ","23 octobre 2021  4:38 ","1 hour 29 mins",14.64,5.00,3.21,6.43
Ball,Ndiaye,3702933,ndiaye.ball@etu.sorbonne-universite.fr,Finished,"24 octobre 2021  10:59 ","25 octobre 2021  12:59 ","2 hours",17.50,5.00,6.79,5.71
Baloul,"Mohamed Ryane",21113008,Mohamed_Ryane.Baloul@etu.sorbonne-universite.fr,Finished,"25 octobre 2021  1:17 ","25 octobre 2021  1:49 ","32 mins 4 secs",20.00,6.43,7.14,6.43
Bayoudh,Fares,28600163,fares.bayoudh.1@etu.sorbonne-universite.fr,Finished,"24 octobre 2021  11:03 ","25 octobre 2021  12:05 ","1 hour 1 min",19.64,6.43,6.79,6.43
Bazil,Olando,28608499,olando.bazil@etu.sorbonne-universite.fr,Finished,"24 octobre 2021  7:52 ","24 octobre 2021  9:39 ","1 hour 47 mins",10.71,4.29,2.50,3.93
Beldjilali,Amel,21115553,Amel.Beldjilali@etu.sorbonne-universite.fr,Finished,"23 octobre 2021  9:38 ","23 octobre 2021  10:32 ","54 mins 10 secs",20.00,6.43,7.14,6.43
Bellaiche,Samuel,28600786,samuel.bellaiche.1@etu.sorbonne-universite.fr,Finished,"25 octobre 2021  8:58 ","25 octobre 2021  9:24 ","26 mins 24 secs",13.21,4.29,3.57,5.36
Bellaoud,Nassim,3700196,nassim.bellaoud@etu.sorbonne-universite.fr,Finished,"24 octobre 2021  12:51 ","24 octobre 2021  1:05 ","14 mins 3 secs",15.36,4.64,4.29,6.43
Ben-Mohamed,Ines,28607963,ines.ben-mohamed.1@etu.sorbonne-universite.fr,Finished,"24 octobre 2021  7:50 ","24 octobre 2021  9:50 ","2 hours",14.29,4.29,4.29,5.71
Benhaddad,Ahcene,3804630,ahcene.benhadddad@etu.sorbonne-universite.fr,Finished,"25 octobre 2021  2:54 ","25 octobre 2021  3:07 ","13 mins 3 secs",20.00,6.43,7.14,6.43
Benlaldj,"Zohra Chihez",21112712,Zohra_Chihez.Benlaldj@etu.sorbonne-universite.fr,Finished,"24 octobre 2021  7:19 ","24 octobre 2021  8:11 ","52 mins 5 secs",15.00,5.36,3.21,6.43
Benmansour,Sofiane,3504377,sofiane.benmansour@etu.sorbonne-universite.fr,-,-,-,-,-,-,-,-
Berrada,Nacer,28610440,nacer.berrada@etu.sorbonne-universite.fr,Finished,"25 octobre 2021  9:18 ","25 octobre 2021  9:50 ","32 mins 20 secs",19.64,6.07,7.14,6.43
Berrichi,Manelle,28600291,manelle.berrichi.1@etu.sorbonne-universite.fr,Finished,"24 octobre 2021  11:36 ","25 octobre 2021  12:11 ","34 mins 50 secs",20.00,6.43,7.14,6.43
Besnier,Lucien,3803479,lucien.besnier@etu.sorbonne-universite.fr,Finished,"23 octobre 2021  2:14 ","23 octobre 2021  3:24 ","1 hour 9 mins",0.71,-,-,0.71
Bessad,Melina,28610730,melina.bessad@etu.sorbonne-universite.fr,Finished,"23 octobre 2021  5:12 ","23 octobre 2021  5:37 ","25 mins 15 secs",20.00,6.43,7.14,6.43
Bikou,Angie-Sofia,3700648,angie-sofia.bikou@etu.sorbonne-universite.fr,Finished,"24 octobre 2021  7:19 ","24 octobre 2021  8:11 ","52 mins 9 secs",16.43,5.36,5.71,5.36
Billon,Martin,3801962,martin.billon@etu.sorbonne-universite.fr,-,-,-,-,-,-,-,-
"Blasco Gallego",Lucia,21109706,Lucia.Blasco_Gallego@etu.sorbonne-universite.fr,-,-,-,-,-,-,-,-
Boda,Jeremy,28603394,jeremy.boda.1@etu.sorbonne-universite.fr,Finished,"25 octobre 2021  9:51 ","25 octobre 2021  10:05 ","14 mins 43 secs",11.07,1.07,4.29,5.71
Bontempelli,Manon,28600844,manon.bontempelli.1@etu.sorbonne-universite.fr,Finished,"24 octobre 2021  10:42 ","24 octobre 2021  11:13 ","31 mins 9 secs",12.86,4.64,2.50,5.71
Bouaicha,Kenza,3703308,kenza.bouaicha@etu.sorbonne-universite.fr,Finished,"25 octobre 2021  6:14 ","25 octobre 2021  6:31 ","16 mins 10 secs",18.93,5.71,7.14,6.07
Boucherrab,Rayan,28610497,rayan.boucherrab@etu.sorbonne-universite.fr,Finished,"24 octobre 2021  9:58 ","24 octobre 2021  10:38 ","39 mins 49 secs",13.57,4.29,3.21,6.07
Bouchouchi,Nour,28600211,nour.bouchouchi.1@etu.sorbonne-universite.fr,Finished,"24 octobre 2021  6:55 ","24 octobre 2021  7:43 ","48 mins 19 secs",16.07,5.36,4.29,6.43
Bouheraoua,Sarah,21113695,Sarah.Bouheraoua@etu.sorbonne-universite.fr,Finished,"24 octobre 2021  11:36 ","24 octobre 2021  11:58 ","22 mins 19 secs",20.00,6.43,7.14,6.43
Bouhraoua,Ines,21115204,Ines.Bouhraoua@etu.sorbonne-universite.fr,Finished,"24 octobre 2021  11:43 ","24 octobre 2021  12:27 ","43 mins 46 secs",13.57,5.36,2.50,5.71
Bouloudani,Haroun,28002307,Haroun.Bouloudani@etu.sorbonne-universite.fr,Finished,"20 octobre 2021  5:48 ","20 octobre 2021  6:45 ","57 mins 37 secs",19.64,6.07,7.14,6.43
Bounichou,Hugo,3700560,hugo.bounichou@etu.sorbonne-universite.fr,Finished,"25 octobre 2021  12:45 ","25 octobre 2021  1:35 ","49 mins 44 secs",15.36,6.43,2.50,6.43
Bourekh,Zidane,3677063,zidane.bourekh@etu.sorbonne-universite.fr,Finished,"19 octobre 2021  9:17 ","19 octobre 2021  10:51 ","1 hour 34 mins",17.86,5.71,6.43,5.71
Bourlette,Lucas,3672216,lucas.bourlette@etu.sorbonne-universite.fr,-,-,-,-,-,-,-,-
Boutaleb,"Mohamed Allaa Eddine",21112734,Mohamed_Allaa_Eddine.Boutaleb@etu.sorbonne-universite.fr,Finished,"23 octobre 2021  11:45 ","23 octobre 2021  12:18 ","32 mins 54 secs",14.29,4.29,3.57,6.43
"Bouton Popper",Jules,28600665,jules.bouton.2@etu.sorbonne-universite.fr,Finished,"24 octobre 2021  9:43 ","24 octobre 2021  10:32 ","48 mins 36 secs",19.29,6.43,7.14,5.71
Bouzaglou,Ariel,28607480,ariel.bouzaglou.1@etu.sorbonne-universite.fr,Finished,"25 octobre 2021  12:21 ","25 octobre 2021  2:21 ","2 hours",2.14,2.14,-,-
Boyadjiev,Todor,28507548,todor.boyadjiev.2@etu.sorbonne-universite.fr,Finished,"25 octobre 2021  10:13 ","25 octobre 2021  10:22 ","9 mins 12 secs",18.93,5.36,7.14,6.43
Brazane,Sabrina,3803162,sabrina.brazane@etu.sorbonne-universite.fr,Finished,"25 octobre 2021  2:29 ","25 octobre 2021  2:51 ","22 mins 2 secs",20.00,6.43,7.14,6.43
Caraux,Theophane,28602627,theophane.caraux.1@etu.sorbonne-universite.fr,Finished,"25 octobre 2021  10:00 ","25 octobre 2021  10:16 ","16 mins 7 secs",16.79,6.07,4.29,6.43
Chaouati,Oualid,21114737,Oualid.Chaouati@etu.sorbonne-universite.fr,Finished,"25 octobre 2021  2:50 ","25 octobre 2021  4:25 ","1 hour 34 mins",15.71,5.71,3.57,6.43
Charlot,Théo,3804195,theo.charlot@etu.sorbonne-universite.fr,Finished,"23 octobre 2021  12:39 ","23 octobre 2021  1:06 ","27 mins 11 secs",14.29,5.00,2.86,6.43
Chen,Jinhe,3802503,jinhe.chen@etu.sorbonne-universite.fr,Finished,"25 octobre 2021  12:12 ","25 octobre 2021  12:30 ","17 mins 55 secs",18.57,5.36,7.14,6.07
Cherfaoui,Melissa,28720090,Melissa.Cherfaoui@etu.sorbonne-universite.fr,Finished,"24 octobre 2021  9:55 ","24 octobre 2021  10:28 ","32 mins 39 secs",18.57,6.43,6.43,5.71
Cherfi,Farouck,3407463,farouck.cherfi@etu.sorbonne-universite.fr,Finished,"24 octobre 2021  9:28 ","24 octobre 2021  9:51 ","23 mins 54 secs",15.36,6.43,4.29,4.64
Chikh,Mehdi,3677161,mehdi.chikh@etu.sorbonne-universite.fr,Finished,"25 octobre 2021  12:12 ","25 octobre 2021  12:40 ","27 mins 48 secs",13.21,4.29,2.50,6.43
Cohen,Orlane,28603418,orlane.cohen.1@etu.sorbonne-universite.fr,Finished,"24 octobre 2021  6:46 ","24 octobre 2021  8:18 ","1 hour 31 mins",16.07,5.36,4.29,6.43
Corlue,Florian,28607538,florian.corlue.1@etu.sorbonne-universite.fr,Finished,"25 octobre 2021  12:05 ","25 octobre 2021  12:21 ","15 mins 57 secs",19.29,6.07,7.14,6.07
Curaut,Charline,3810013,Charline.Curaut@etu.sorbonne-universite.fr,Finished,"24 octobre 2021  3:02 ","24 octobre 2021  4:45 ","1 hour 42 mins",18.21,5.36,6.43,6.43
Dabrowski,Mateusz,21109700,Mateusz.Dabrowski@etu.sorbonne-universite.fr,Finished,"25 octobre 2021  12:35 ","25 octobre 2021  1:38 ","1 hour 3 mins",16.43,5.71,4.29,6.43
"De Sacy",Anne,28610199,anne.silvestre_de_sacy-nougaret-@etu.sorbonne-universite.fr,Finished,"19 octobre 2021  2:43 ","19 octobre 2021  2:48 ","4 mins 43 secs",15.00,4.29,4.29,6.43
Delgado,Thomas,3407716,thomas.delgado@etu.sorbonne-universite.fr,Finished,"18 octobre 2021  4:59 ","18 octobre 2021  5:22 ","23 mins 46 secs",16.43,6.43,3.57,6.43
Diallo,"Mohamed Aliou",28604190,mohamed.diallo@etu.sorbonne-universite.fr,Finished,"24 octobre 2021  7:16 ","24 octobre 2021  8:16 ","59 mins 44 secs",16.07,5.36,4.29,6.43
Diallo,Faldou,3674474,faldou.diallo@etu.sorbonne-universite.fr,Finished,"25 octobre 2021  12:40 ","25 octobre 2021  1:45 ","1 hour 5 mins",18.57,6.07,7.14,5.36
Doucouré,Dramane,3520680,dramane.doucoure@etu.sorbonne-universite.fr,-,-,-,-,-,-,-,-
Doufene,Malik,21113747,Malik.Doufene@etu.sorbonne-universite.fr,Finished,"23 octobre 2021  10:55 ","24 octobre 2021  12:16 ","1 hour 21 mins",19.64,6.07,7.14,6.43
Drouard,François-Xavier,3800028,francois-xavier.drouard@etu.sorbonne-universite.fr,Finished,"24 octobre 2021  4:21 ","24 octobre 2021  4:34 ","12 mins 44 secs",13.21,4.29,3.21,5.71
Du,Sylvain,28607117,sylvain.du.1@etu.sorbonne-universite.fr,Finished,"23 octobre 2021  12:49 ","23 octobre 2021  1:42 ","53 mins 6 secs",20.00,6.43,7.14,6.43
Dziri,Hakim,3800075,hakim.dziri@etu.sorbonne-universite.fr,Finished,"25 octobre 2021  7:56 ","25 octobre 2021  8:16 ","19 mins 50 secs",8.57,3.57,-,5.00
"El Bouhali",Mouataz,28619891,mouataz.el_bouhali@etu.sorbonne-universite.fr,Finished,"25 octobre 2021  1:41 ","25 octobre 2021  2:33 ","51 mins 50 secs",20.00,6.43,7.14,6.43
"El Fahdi",Ismaël,3802719,ismael.el_fahdi@etu.sorbonne-universite.fr,-,-,-,-,-,-,-,-
"El Ghali",Yosr,3802466,yosr.elghali@etu.sorbonne-universite.fr,Finished,"21 octobre 2021  4:56 ","21 octobre 2021  5:33 ","37 mins 23 secs",18.93,5.36,7.14,6.43
"El Khaddar",Marwan,3673536,marwan.el_khaddar@etu.sorbonne-universite.fr,-,-,-,-,-,-,-,-
"El Youbi",Ali,3506467,ali.el_youbi@etu.sorbonne-universite.fr,-,-,-,-,-,-,-,-
Erjil,Hichem,28600653,hichem.erjil.1@etu.sorbonne-universite.fr,Finished,"23 octobre 2021  11:20 ","23 octobre 2021  12:02 ","41 mins 30 secs",17.86,5.71,6.43,5.71
Exertier,Firmin,28610514,firmin.exertier@etu.sorbonne-universite.fr,Finished,"25 octobre 2021  10:14 ","25 octobre 2021  10:23 ","8 mins 45 secs",19.29,5.71,7.14,6.43
Fahmy,Youssef,28609831,youssef.fahmy@etu.sorbonne-universite.fr,Finished,"24 octobre 2021  6:32 ","24 octobre 2021  8:31 ","1 hour 59 mins",15.36,5.36,3.57,6.43
Felix,Wycherley-Kassel,3702385,wycherley-kassel.felix@etu.sorbonne-universite.fr,Finished,"25 octobre 2021  8:28 ","25 octobre 2021  10:06 ","1 hour 37 mins",19.29,6.43,6.43,6.43
Francoise,Raphael,28600759,raphael.francoise.1@etu.sorbonne-universite.fr,Finished,"25 octobre 2021  8:24 ","25 octobre 2021  9:10 ","45 mins 31 secs",16.07,5.36,4.29,6.43
Frigola,Arthur,28607831,arthur.frigola.1@etu.sorbonne-universite.fr,Finished,"24 octobre 2021  6:54 ","24 octobre 2021  7:16 ","21 mins 57 secs",13.57,4.29,3.57,5.71
Fu,Zhenyue,28620112,zhenyue.fu@etu.sorbonne-universite.fr,Finished,"24 octobre 2021  10:46 ","24 octobre 2021  11:02 ","16 mins 10 secs",18.57,5.36,7.14,6.07
Fumard,Lucas,28602386,lucas.fumard.1@etu.sorbonne-universite.fr,Finished,"19 octobre 2021  7:36 ","19 octobre 2021  7:50 ","14 mins 16 secs",15.00,5.36,4.29,5.36
Gallet,Camille,3700630,camille.gallet.1@etu.sorbonne-universite.fr,Finished,"24 octobre 2021  3:06 ","24 octobre 2021  4:50 ","1 hour 44 mins",16.07,5.36,4.29,6.43
Gaudinot,Salomon,28600769,salomon.gaudinot.1@etu.sorbonne-universite.fr,Finished,"24 octobre 2021  2:53 ","24 octobre 2021  3:26 ","33 mins 36 secs",15.00,6.43,3.21,5.36
Gaydon,Julie,28606830,julie.gaydon@etu.sorbonne-universite.fr,Finished,"24 octobre 2021  2:22 ","24 octobre 2021  3:09 ","46 mins 35 secs",18.57,5.00,7.14,6.43
Gazquez,Miguel,28600492,miguel.gazquez.1@etu.sorbonne-universite.fr,Finished,"25 octobre 2021  9:22 ","25 octobre 2021  9:40 ","18 mins 1 sec",17.86,4.29,7.14,6.43
Giuliani,Carla,28605022,carla.giuliani.2@etu.sorbonne-universite.fr,Finished,"24 octobre 2021  7:31 ","24 octobre 2021  9:04 ","1 hour 32 mins",18.93,5.36,7.14,6.43
Gojak,Zlatan,3801873,zlatan.gojak@etu.sorbonne-universite.fr,Finished,"24 octobre 2021  6:26 ","24 octobre 2021  7:03 ","36 mins 56 secs",19.29,5.71,7.14,6.43
Goulmot,Cedric,3971371,cedric.goulmot@etu.sorbonne-universite.fr,-,-,-,-,-,-,-,-
Guo,Youheng,28711440,Youheng.Guo@etu.sorbonne-universite.fr,Finished,"21 octobre 2021  6:37 ","21 octobre 2021  7:02 ","24 mins 45 secs",16.07,5.36,4.29,6.43
Hadji,Mohamed,3702996,mohamed.hadji@etu.sorbonne-universite.fr,Finished,"18 octobre 2021  2:56 ","18 octobre 2021  3:23 ","27 mins 4 secs",20.00,6.43,7.14,6.43
Halila,Youssef,28610207,youssef.halila@etu.sorbonne-universite.fr,-,-,-,-,-,-,-,-
Halit,Yanis,28600464,yanis.halit.1@etu.sorbonne-universite.fr,Finished,"24 octobre 2021  11:27 ","25 octobre 2021  12:07 ","39 mins 48 secs",19.64,6.07,7.14,6.43
Hamadouche,Mebarek,28506638,mebarek.hamadouche@etu.sorbonne-universite.fr,Finished,"24 octobre 2021  11:33 ","25 octobre 2021  12:20 ","46 mins 34 secs",15.36,6.43,3.21,5.71
Hamdi,Charafeddine,3800477,charafeddine.hamdi@etu.sorbonne-universite.fr,Finished,"25 octobre 2021  4:00 ","25 octobre 2021  4:59 ","59 mins 19 secs",13.21,4.29,3.21,5.71
Hammachi,Nourdinne,28604304,nourdinne.hammachi.1@etu.sorbonne-universite.fr,Finished,"24 octobre 2021  5:34 ","24 octobre 2021  6:53 ","1 hour 18 mins",16.43,4.29,5.71,6.43
Hassanein,Youssef,3522807,youssef.hassanein@etu.sorbonne-universite.fr,-,-,-,-,-,-,-,-
Hayat,Ruben,28608396,ruben.hayat.1@etu.sorbonne-universite.fr,Finished,"24 octobre 2021  5:34 ","24 octobre 2021  6:53 ","1 hour 18 mins",16.07,4.29,5.36,6.43
Hebert,Thomas,3708782,thomas.hebert@etu.sorbonne-universite.fr,Finished,"24 octobre 2021  5:36 ","24 octobre 2021  5:46 ","10 mins 37 secs",16.43,6.43,3.57,6.43
Hwang,"Chan Yeong",28610448,chan.hwang@etu.sorbonne-universite.fr,Finished,"24 octobre 2021  10:42 ","24 octobre 2021  11:56 ","1 hour 13 mins",15.36,2.14,7.14,6.07
"Ibobi Sambila",Osee,3704090,osee.ibobi_sambila@etu.sorbonne-universite.fr,-,-,-,-,-,-,-,-
Idouar,Yacine,28610117,yacine.idouar@etu.sorbonne-universite.fr,Finished,"24 octobre 2021  12:11 ","24 octobre 2021  12:59 ","47 mins 30 secs",17.50,4.64,6.43,6.43
Ikhenoussene,Yanis,28601953,yanis.ikhenoussene.1@etu.sorbonne-universite.fr,Finished,"24 octobre 2021  10:37 ","24 octobre 2021  11:33 ","55 mins 58 secs",16.43,6.43,3.57,6.43
Illouz,Maxime,28600470,maxime.illouz.1@etu.sorbonne-universite.fr,Finished,"25 octobre 2021  12:01 ","25 octobre 2021  12:57 ","56 mins 18 secs",20.00,6.43,7.14,6.43
Ith,Marc,3302184,marc.ith@etu.sorbonne-universite.fr,-,-,-,-,-,-,-,-
Jankovskaja,Elina,28607314,elina.jankovskaja.1@etu.sorbonne-universite.fr,Finished,"25 octobre 2021  1:31 ","25 octobre 2021  1:55 ","24 mins 28 secs",20.00,6.43,7.14,6.43
"Jean Marie Flore",Samuel,3800583,samuel.jean_marie_flore@etu.sorbonne-universite.fr,-,-,-,-,-,-,-,-
Jriby,Jawher,3702809,jawher.jriby@etu.sorbonne-universite.fr,Finished,"20 octobre 2021  6:58 ","20 octobre 2021  7:13 ","15 mins 28 secs",12.14,4.29,3.21,4.64
"K Murali",Sharane,3701883,sharane.k_murali@etu.sorbonne-universite.fr,Finished,"24 octobre 2021  10:14 ","24 octobre 2021  10:56 ","42 mins 5 secs",17.14,6.43,4.29,6.43
Kabongo,Ben,21116436,Ben.Kabongo@etu.sorbonne-universite.fr,Finished,"25 octobre 2021  12:00 ","25 octobre 2021  1:08 ","1 hour 7 mins",20.00,6.43,7.14,6.43
Kada,Dina,28601301,dina.kada.1@etu.sorbonne-universite.fr,Finished,"20 octobre 2021  4:48 ","20 octobre 2021  5:17 ","29 mins 38 secs",13.93,4.29,4.29,5.36
Kamouche,Neila,28605864,neila.kamouche.1@etu.sorbonne-universite.fr,Finished,"24 octobre 2021  7:59 ","24 octobre 2021  8:38 ","39 mins 1 sec",14.29,4.29,4.29,5.71
Ke,Ilene,3700453,ilene.ke@etu.sorbonne-universite.fr,Finished,"25 octobre 2021  1:53 ","25 octobre 2021  2:00 ","6 mins 41 secs",18.21,5.36,7.14,5.71
Kedadry,Yannis,3808875,yannis.kedadry@etu.sorbonne-universite.fr,Finished,"19 octobre 2021  9:10 ","19 octobre 2021  10:04 ","54 mins 34 secs",15.00,6.07,3.57,5.36
Kemiche,Koceila,21114731,Koceila.Kemiche@etu.sorbonne-universite.fr,Finished,"24 octobre 2021  9:57 ","24 octobre 2021  10:42 ","44 mins 47 secs",13.21,4.29,3.21,5.71
Kerharo,Cathy,28600559,cathy.kerharo.1@etu.sorbonne-universite.fr,Finished,"25 octobre 2021  8:46 ","25 octobre 2021  9:09 ","23 mins 8 secs",14.29,4.29,4.29,5.71
Khan,Anin,3801610,anin.khan@etu.sorbonne-universite.fr,Finished,"25 octobre 2021  12:07 ","25 octobre 2021  12:48 ","40 mins 22 secs",16.79,4.29,7.14,5.36
Klich,"Nour Elhouda",28610130,nour.klich@etu.sorbonne-universite.fr,Finished,"24 octobre 2021  9:34 ","24 octobre 2021  10:52 ","1 hour 18 mins",13.93,4.29,3.21,6.43
Kolli,Hamid,28717594,Hamid.Kolli@etu.sorbonne-universite.fr,Finished,"22 octobre 2021  8:49 ","22 octobre 2021  10:31 ","1 hour 42 mins",14.29,5.36,3.21,5.71
Korrabi,Madjid,28614924,madjid.korrabi@etu.sorbonne-universite.fr,Finished,"24 octobre 2021  7:54 ","24 octobre 2021  9:54 ","2 hours",13.21,4.29,5.71,3.21
Koskas,Ilan,3800162,ilan.koskas@etu.sorbonne-universite.fr,Finished,"24 octobre 2021  4:20 ","24 octobre 2021  5:16 ","55 mins 56 secs",19.64,6.07,7.14,6.43
"Koumgang Tegantchouang",Adrien,21109170,Adrien.Koumgang_Tegantchouang@etu.sorbonne-universite.fr,Finished,"25 octobre 2021  6:14 ","25 octobre 2021  6:53 ","39 mins 54 secs",16.43,6.43,3.57,6.43
Kwonn,Simon,3709743,simon.kwonn@etu.sorbonne-universite.fr,Finished,"24 octobre 2021  2:53 ","24 octobre 2021  3:45 ","52 mins 21 secs",18.21,5.36,6.43,6.43
Labady,"Sterley Gilbert",21100776,Sterley_Gilbert.Labady@etu.sorbonne-universite.fr,Finished,"24 octobre 2021  7:49 ","24 octobre 2021  8:19 ","30 mins 21 secs",16.07,5.36,4.29,6.43
Lachachi,Yasmine,28710229,Yasmine.Lachachi@etu.sorbonne-universite.fr,-,-,-,-,-,-,-,-
Lachemot,Cédric,3705179,cedric.lachemot@etu.sorbonne-universite.fr,-,-,-,-,-,-,-,-
Lachgar,Amine,3802257,amine.lachgar@etu.sorbonne-universite.fr,Finished,"24 octobre 2021  7:12 ","24 octobre 2021  8:04 ","52 mins 13 secs",19.64,6.07,7.14,6.43
Lacoume,Claire,28610667,claire.lacoume@etu.sorbonne-universite.fr,Finished,"24 octobre 2021  2:32 ","24 octobre 2021  3:40 ","1 hour 7 mins",15.36,5.36,3.57,6.43
Lam,Stéphane,3672320,stephane.lam@etu.sorbonne-universite.fr,Finished,"23 octobre 2021  5:43 ","23 octobre 2021  6:09 ","25 mins 31 secs",19.29,5.71,7.14,6.43
Lechgar,Houssam,28610190,houssam.lechgar@etu.sorbonne-universite.fr,Finished,"25 octobre 2021  9:32 ","25 octobre 2021  10:25 ","52 mins 51 secs",16.43,6.07,4.64,5.71
Lee,"Jae Wook",21108842,Jae_Wook.Lee@etu.sorbonne-universite.fr,Finished,"24 octobre 2021  5:38 ","24 octobre 2021  6:16 ","38 mins 39 secs",15.71,3.57,5.71,6.43
Legendre--Despas,Jeanne,3810768,jeanne.legendre--despas@etu.sorbonne-universite.fr,Finished,"24 octobre 2021  1:21 ","24 octobre 2021  3:21 ","1 hour 59 mins",16.79,6.43,3.93,6.43
Lemaitre,Alexandre,3876023,alexandre.lemaitre@etu.sorbonne-universite.fr,Finished,"25 octobre 2021  9:12 ","25 octobre 2021  10:19 ","1 hour 7 mins",17.86,4.29,7.14,6.43
"Levanson Dit Akbarali","Mohamed Hasir",28601393,mohamed.levanson_dit_akbarali@etu.sorbonne-universite.fr,Finished,"25 octobre 2021  12:17 ","25 octobre 2021  1:15 ","58 mins 16 secs",17.14,6.43,4.29,6.43
Li,Junji,28610187,junji.li@etu.sorbonne-universite.fr,Finished,"19 octobre 2021  11:04 ","19 octobre 2021  12:06 ","1 hour 2 mins",18.21,5.36,7.14,5.71
Lifsal,Loubna,3309154,loubna.lifsal@etu.sorbonne-universite.fr,Finished,"25 octobre 2021  12:02 ","25 octobre 2021  1:04 ","1 hour 1 min",19.64,6.43,6.79,6.43
Lin,Jeremy,28602292,jeremy.lin.1@etu.sorbonne-universite.fr,-,-,-,-,-,-,-,-
Lin,Charles,3812676,Charles.Lin@etu.sorbonne-universite.fr,Finished,"23 octobre 2021  2:37 ","23 octobre 2021  2:58 ","20 mins 56 secs",18.21,5.36,7.14,5.71
Longuet,Axel,28600563,axel.longuet.1@etu.sorbonne-universite.fr,Finished,"23 octobre 2021  4:11 ","23 octobre 2021  4:58 ","46 mins 36 secs",18.93,5.36,7.14,6.43
Loyau-Kahn,Felix,28607223,felix.loyau-kahn@etu.sorbonne-universite.fr,Finished,"24 octobre 2021  9:26 ","24 octobre 2021  10:06 ","39 mins 52 secs",16.07,4.64,6.43,5.00
Luo,Yukai,28620155,yukai.luo@etu.sorbonne-universite.fr,Finished,"25 octobre 2021  12:07 ","25 octobre 2021  12:12 ","4 mins 56 secs",16.79,5.36,6.43,5.00
Luvisamo,"Mulemesa Jessy",3415756,mulemesa.luvisamo@etu.sorbonne-universite.fr,Finished,"25 octobre 2021  8:49 ","25 octobre 2021  8:55 ","6 mins 13 secs",18.57,6.07,7.14,5.36
Ly,Sylvie,3522190,sylvie.ly@etu.sorbonne-universite.fr,Finished,"24 octobre 2021  9:37 ","24 octobre 2021  10:08 ","30 mins 17 secs",18.21,6.07,6.43,5.71
Macabre,Loona,28609645,loona.macabre.1@etu.sorbonne-universite.fr,Finished,"24 octobre 2021  3:47 ","24 octobre 2021  5:14 ","1 hour 26 mins",17.86,4.29,7.14,6.43
Maire,Maxence,28605064,maxence.maire@etu.sorbonne-universite.fr,Finished,"24 octobre 2021  6:49 ","24 octobre 2021  7:53 ","1 hour 4 mins",15.36,5.71,3.21,6.43
Makhlouf,Rayane,28617603,rayane.makhlouf@etu.sorbonne-universite.fr,Finished,"22 octobre 2021  8:49 ","22 octobre 2021  10:31 ","1 hour 42 mins",14.29,5.36,3.21,5.71
Marques,Romain,28600712,romain.marques.1@etu.sorbonne-universite.fr,Finished,"24 octobre 2021  8:13 ","24 octobre 2021  8:50 ","37 mins 25 secs",15.36,5.36,4.29,5.71
Martin,Amaury,28610127,amaury.martin.1@etu.sorbonne-universite.fr,Finished,"25 octobre 2021  12:14 ","25 octobre 2021  1:14 ","59 mins 35 secs",16.79,6.07,4.29,6.43
Mastor,Assia,28602563,assia.mastor.1@etu.sorbonne-universite.fr,Finished,"24 octobre 2021  11:59 ","25 octobre 2021  12:21 ","21 mins 44 secs",20.00,6.43,7.14,6.43
Mazari,Messilva,28610328,messilva.mazari@etu.sorbonne-universite.fr,Finished,"24 octobre 2021  10:18 ","24 octobre 2021  11:18 ","1 hour",15.36,6.43,3.21,5.71
Mbaye,Souleymane,28717871,Souleymane.Mbaye@etu.sorbonne-universite.fr,Finished,"24 octobre 2021  11:22 ","25 octobre 2021  12:40 ","1 hour 17 mins",12.86,4.29,2.86,5.71
Mbouranga,Winn-Elie,28601343,winn-elie.mbouranga.1@etu.sorbonne-universite.fr,Finished,"24 octobre 2021  3:03 ","24 octobre 2021  4:11 ","1 hour 8 mins",15.36,5.36,4.29,5.71
Meddah,Sarah,3603679,sarah.meddah@etu.sorbonne-universite.fr,Finished,"25 octobre 2021  1:00 ","25 octobre 2021  1:28 ","27 mins 44 secs",20.00,6.43,7.14,6.43
Mekhloufi,Zakaria,3809215,zakaria.mekhloufi@etu.sorbonne-universite.fr,Finished,"24 octobre 2021  6:16 ","24 octobre 2021  7:14 ","57 mins 53 secs",14.29,5.36,3.21,5.71
Mellul,Yona,3800646,yona.mellul@etu.sorbonne-universite.fr,Finished,"24 octobre 2021  12:42 ","24 octobre 2021  1:06 ","24 mins 41 secs",17.86,4.29,7.14,6.43
"Melot Chesnel",Josephine,28603036,josephine.melot_chesnel.1@etu.sorbonne-universite.fr,Finished,"24 octobre 2021  5:41 ","24 octobre 2021  6:23 ","42 mins 8 secs",15.71,6.07,3.57,6.07
Mendes,Hugo,3670527,hugo.mendes@etu.sorbonne-universite.fr,-,-,-,-,-,-,-,-
"Mendez Chacon",Paula,21109001,Paula.Mendez_Chacon@etu.sorbonne-universite.fr,Finished,"24 octobre 2021  10:25 ","24 octobre 2021  11:06 ","41 mins 25 secs",15.36,6.43,2.50,6.43
Millard,Maxime,28602830,maxime.millard.1@etu.sorbonne-universite.fr,Finished,"25 octobre 2021  9:51 ","25 octobre 2021  10:06 ","14 mins 58 secs",11.07,1.07,4.29,5.71
Mistry,Darshan,3670280,darshan.mistry@etu.sorbonne-universite.fr,-,-,-,-,-,-,-,-
Mohamed,Djamila,28609129,djamila.mohamed@etu.sorbonne-universite.fr,Finished,"24 octobre 2021  6:46 ","24 octobre 2021  7:34 ","48 mins 26 secs",13.93,5.36,2.86,5.71
Moreau,Nino,28603833,nino.moreau.1@etu.sorbonne-universite.fr,Finished,"19 octobre 2021  2:20 ","19 octobre 2021  2:46 ","26 mins 7 secs",7.50,0.36,2.14,5.00
Moussouni,Amine,28720778,Amine.Moussouni@etu.sorbonne-universite.fr,Finished,"24 octobre 2021  9:28 ","24 octobre 2021  9:46 ","18 mins 19 secs",16.43,6.43,4.29,5.71
Naumenko,Polina,3521154,polina.naumenko@etu.sorbonne-universite.fr,-,-,-,-,-,-,-,-
Nedir,Rahmine,3872127,rahmine.nedir@etu.sorbonne-universite.fr,Finished,"25 octobre 2021  2:28 ","25 octobre 2021  2:47 ","19 mins 15 secs",18.93,5.71,7.14,6.07
Nehlil,"Mouloud Samy",21113646,Mouloud_Samy.Nehlil@etu.sorbonne-universite.fr,Finished,"23 octobre 2021  9:36 ","23 octobre 2021  10:32 ","56 mins 16 secs",20.00,6.43,7.14,6.43
Nguyen,"Ngoc Thien",21102696,Ngoc_Thien.Nguyen@etu.sorbonne-universite.fr,Finished,"25 octobre 2021  12:05 ","25 octobre 2021  12:49 ","43 mins 36 secs",19.64,6.07,7.14,6.43
Nguyen,"Hoang Son",28709864,Hoang_Son.Nguyen@etu.sorbonne-universite.fr,Finished,"25 octobre 2021  12:06 ","25 octobre 2021  12:49 ","42 mins 48 secs",18.93,6.07,6.43,6.43
Niang,Fallou,3803961,fallou.niang@etu.sorbonne-universite.fr,-,-,-,-,-,-,-,-
Olivar-Sanglar,Gabriel,28602191,gabriel.olivar.1@etu.sorbonne-universite.fr,-,-,-,-,-,-,-,-
Ouhenia,Ghiles,28716807,Ghiles.Ouhenia@etu.sorbonne-universite.fr,Finished,"24 octobre 2021  10:27 ","24 octobre 2021  11:06 ","39 mins 30 secs",13.21,4.29,3.21,5.71
Ouni,Wassim,21112855,Wassim.Ouni@etu.sorbonne-universite.fr,Finished,"24 octobre 2021  9:04 ","24 octobre 2021  10:12 ","1 hour 7 mins",14.29,3.57,5.00,5.71
Palisoc,Camille,28600602,camille.palisoc.1@etu.sorbonne-universite.fr,Finished,"20 octobre 2021  2:48 ","20 octobre 2021  3:28 ","39 mins 58 secs",15.36,6.43,3.21,5.71
Parameswaralingam,Charles-Pragash,3670244,charles-pragash.parameswaralingam@etu.sorbonne-universite.fr,-,-,-,-,-,-,-,-
Pendelliou,Arthur,3809224,arthur.pendelliou@etu.sorbonne-universite.fr,Finished,"21 octobre 2021  1:54 ","21 octobre 2021  2:38 ","44 mins 34 secs",20.00,6.43,7.14,6.43
Perrignon-Sommet,Thibault,21104636,Thibault.Perrignon-Sommet@etu.sorbonne-universite.fr,Finished,"21 octobre 2021  2:55 ","21 octobre 2021  3:16 ","20 mins 39 secs",19.29,6.43,6.43,6.43
Pierre,Lauryn,28600518,lauryn.pierre.1@etu.sorbonne-universite.fr,Finished,"24 octobre 2021  10:17 ","24 octobre 2021  10:47 ","29 mins 43 secs",15.36,6.07,2.86,6.43
"Pierre Noel",Jericho,21113317,Jericho.Pierre_Noel@etu.sorbonne-universite.fr,Finished,"25 octobre 2021  8:12 ","25 octobre 2021  8:44 ","32 mins 6 secs",15.71,5.36,4.29,6.07
Piffre,Baptiste,28636372,baptiste.piffre@etu.sorbonne-universite.fr,Finished,"24 octobre 2021  5:30 ","24 octobre 2021  5:46 ","16 mins 4 secs",15.00,6.07,3.21,5.71
Pinho,Goncalo,28602737,goncalo.pinho.1@etu.sorbonne-universite.fr,Finished,"23 octobre 2021  9:18 ","23 octobre 2021  11:04 ","1 hour 46 mins",12.86,5.36,2.86,4.64
Pirard,Emile,28600880,emile.pirard.1@etu.sorbonne-universite.fr,Finished,"21 octobre 2021  2:11 ","21 octobre 2021  2:39 ","28 mins 19 secs",20.00,6.43,7.14,6.43
Pulval-Dady,Alan,28603735,alan.pulval-dady.1@etu.sorbonne-universite.fr,Finished,"19 octobre 2021  2:00 ","19 octobre 2021  2:42 ","42 mins 14 secs",15.00,4.29,4.29,6.43
Ramdani,Cyrena,3805942,cyrena.ramdani@etu.sorbonne-universite.fr,Finished,"25 octobre 2021  2:19 ","25 octobre 2021  2:47 ","27 mins 58 secs",17.86,5.36,6.07,6.43
Rams,Sean,28605296,sean.rams.1@etu.sorbonne-universite.fr,Finished,"21 octobre 2021  11:34 ","21 octobre 2021  12:54 ","1 hour 19 mins",17.86,4.29,7.14,6.43
Randrianarisoa,Roman,3808834,roman.randrianarisoa@etu.sorbonne-universite.fr,Finished,"24 octobre 2021  11:12 ","25 octobre 2021  12:09 ","56 mins 37 secs",18.57,6.43,6.43,5.71
Richard,"Samantha Elisabeth",28009976,samantha.richard.2@etu.sorbonne-universite.fr,Finished,"24 octobre 2021  7:36 ","24 octobre 2021  9:07 ","1 hour 31 mins",17.14,4.29,7.14,5.71
Rozbully,Faraan,3700903,faraan.rozbully@etu.sorbonne-universite.fr,Finished,"25 octobre 2021  7:35 ","25 octobre 2021  7:58 ","23 mins 22 secs",15.00,6.43,3.57,5.00
Ruan,Thomas,28606375,thomas.ruan.1@etu.sorbonne-universite.fr,Finished,"24 octobre 2021  8:21 ","24 octobre 2021  8:33 ","12 mins 41 secs",20.00,6.43,7.14,6.43
"Ruiz Heredia","Jose Antonio",21109006,Jose_Antonio.Ruiz_Heredia@etu.sorbonne-universite.fr,-,-,-,-,-,-,-,-
Rzeszutko,Kamil,2800282,kamil.rzeszutko@etu.sorbonne-universite.fr,-,-,-,-,-,-,-,-
Sadi,Amayas,28717408,Amayas.Sadi@etu.sorbonne-universite.fr,Finished,"22 octobre 2021  8:49 ","22 octobre 2021  10:31 ","1 hour 41 mins",14.29,5.36,3.21,5.71
Sadykova,Karima,28610100,karima.sadykova@etu.sorbonne-universite.fr,Finished,"25 octobre 2021  1:10 ","25 octobre 2021  1:33 ","23 mins 26 secs",20.00,6.43,7.14,6.43
Said,Sayafdine,28607006,sayafdine.said.1@etu.sorbonne-universite.fr,Finished,"20 octobre 2021  9:34 ","20 octobre 2021  11:26 ","1 hour 52 mins",20.00,6.43,7.14,6.43
Samar,Anissa,21120079,Anissa.Samar@etu.sorbonne-universite.fr,Finished,"24 octobre 2021  7:21 ","24 octobre 2021  7:48 ","26 mins 41 secs",16.07,5.36,4.29,6.43
Sane,Kemo,28617513,kemo.sane@etu.sorbonne-universite.fr,Finished,"24 octobre 2021  7:51 ","24 octobre 2021  9:40 ","1 hour 48 mins",11.43,4.29,4.29,2.86
Sfez,Alexandre,3804652,alexandre.sfez@etu.sorbonne-universite.fr,-,-,-,-,-,-,-,-
Shi,Yulin,21112391,Yulin.Shi@etu.sorbonne-universite.fr,Finished,"24 octobre 2021  4:01 ","24 octobre 2021  4:24 ","22 mins 54 secs",16.07,5.36,4.29,6.43
Sima,Daniel-Ioan,3800992,daniel.sima@etu.sorbonne-universite.fr,Finished,"24 octobre 2021  10:05 ","24 octobre 2021  11:57 ","1 hour 52 mins",19.29,6.43,6.43,6.43
Simion,Mathys,28705217,Mathys.Simion@etu.sorbonne-universite.fr,Finished,"20 octobre 2021  6:48 ","20 octobre 2021  7:11 ","23 mins 1 sec",14.29,5.36,2.50,6.43
Singh,Nawelle,28600503,nawelle.singh.1@etu.sorbonne-universite.fr,Finished,"25 octobre 2021  12:13 ","25 octobre 2021  12:58 ","44 mins 49 secs",16.07,6.07,3.57,6.43
"Sitang Ewande",Ninine,3801541,ninine.sitang_ewande@etu.sorbonne-universite.fr,Finished,"24 octobre 2021  10:37 ","25 octobre 2021  12:00 ","1 hour 22 mins",15.71,6.43,2.86,6.43
Snaoui,Adam,21119283,Adam.Snaoui@etu.sorbonne-universite.fr,Finished,"25 octobre 2021  9:18 ","25 octobre 2021  10:16 ","57 mins 45 secs",14.64,5.36,4.29,5.00
Sobot,Allen,28600456,allen.sobot.1@etu.sorbonne-universite.fr,Finished,"25 octobre 2021  2:30 ","25 octobre 2021  4:00 ","1 hour 30 mins",18.21,4.64,7.14,6.43
Sun,Amélie,28606343,amelie.sun.1@etu.sorbonne-universite.fr,Finished,"24 octobre 2021  7:47 ","24 octobre 2021  8:20 ","33 mins 13 secs",19.64,6.07,7.14,6.43
Sylla,Amy,28618173,amy.sylla@etu.sorbonne-universite.fr,Finished,"25 octobre 2021  12:40 ","25 octobre 2021  1:26 ","45 mins 24 secs",19.64,6.07,7.14,6.43
Tang,Remi,28624752,remi.tang@etu.sorbonne-universite.fr,-,-,-,-,-,-,-,-
Tchen,Clement,3703339,clement.tchen@etu.sorbonne-universite.fr,Finished,"21 octobre 2021  8:48 ","21 octobre 2021  9:22 ","33 mins 37 secs",19.64,6.07,7.14,6.43
Terkmani,Kamelia,21116094,Kamelia.Terkmani@etu.sorbonne-universite.fr,Finished,"24 octobre 2021  9:56 ","24 octobre 2021  10:33 ","37 mins 18 secs",13.93,4.29,3.57,6.07
Thirion,Lou,28614980,lou.thirion@etu.sorbonne-universite.fr,Finished,"23 octobre 2021  10:46 ","23 octobre 2021  11:27 ","41 mins 22 secs",12.86,4.29,2.86,5.71
"Toguem Fotso","John Kevyn",3970693,john.toguem_fotso@etu.sorbonne-universite.fr,-,-,-,-,-,-,-,-
Tragha,Marwan,28615820,marwan.tragha@etu.sorbonne-universite.fr,Finished,"24 octobre 2021  5:00 ","24 octobre 2021  6:16 ","1 hour 16 mins",15.71,6.07,3.21,6.43
Tran,"Le My",28603688,le.tran@etu.sorbonne-universite.fr,-,-,-,-,-,-,-,-
Traore,Mamadou,2203537,mamadou.traore@etu.sorbonne-universite.fr,Finished,"24 octobre 2021  7:57 ","24 octobre 2021  8:15 ","18 mins 9 secs",10.00,2.14,5.00,2.86
Trumic,Mihajlo,28606345,mihajlo.trumic@etu.sorbonne-universite.fr,Finished,"23 octobre 2021  4:09 ","23 octobre 2021  5:11 ","1 hour 2 mins",20.00,6.43,7.14,6.43
Vanrycke,Loann,3811248,loann.vanrycke@etu.sorbonne-universite.fr,Finished,"21 octobre 2021  2:58 ","21 octobre 2021  3:27 ","29 mins 24 secs",16.43,6.43,3.57,6.43
Vedanayagame,Souveda,28600150,souveda.vedanayagame.1@etu.sorbonne-universite.fr,Finished,"24 octobre 2021  8:06 ","24 octobre 2021  9:05 ","58 mins 9 secs",16.43,6.43,4.29,5.71
Vigano,Alice,3804657,alice.vigano@etu.sorbonne-universite.fr,Finished,"25 octobre 2021  9:31 ","25 octobre 2021  9:53 ","21 mins 38 secs",19.64,6.07,7.14,6.43
Villard,Lorenzo,3801327,lorenzo.villard@etu.sorbonne-universite.fr,Finished,"22 octobre 2021  3:43 ","22 octobre 2021  4:14 ","31 mins 2 secs",18.93,6.43,6.07,6.43
Wang,Zhe,21116827,Zhe.Wang@etu.sorbonne-universite.fr,Finished,"24 octobre 2021  11:43 ","24 octobre 2021  11:57 ","13 mins 57 secs",18.57,5.36,7.14,6.07
Warmé-Janville,Auguste,3800191,auguste.warme-janville@etu.sorbonne-universite.fr,Finished,"22 octobre 2021  12:54 ","22 octobre 2021  1:18 ","24 mins 1 sec",12.50,3.57,2.50,6.43
Wu,Julie,28600741,julie.wu.1@etu.sorbonne-universite.fr,Finished,"23 octobre 2021  11:23 ","23 octobre 2021  11:42 ","19 mins 32 secs",12.86,4.29,2.86,5.71
Wu,Isabelle,28606994,isabelle.wu.2@etu.sorbonne-universite.fr,Finished,"24 octobre 2021  11:34 ","24 octobre 2021  11:59 ","25 mins 15 secs",14.29,4.29,4.29,5.71
Xia,Alexandre,28604113,alexandre.xia.1@etu.sorbonne-universite.fr,Finished,"20 octobre 2021  7:20 ","20 octobre 2021  8:29 ","1 hour 8 mins",19.64,6.07,7.14,6.43
Xu,Jin,3700044,jin.xu@etu.sorbonne-universite.fr,-,-,-,-,-,-,-,-
Yang,Kai,21107392,Kai.Yang@etu.sorbonne-universite.fr,Finished,"21 octobre 2021  5:48 ","21 octobre 2021  6:27 ","39 mins 34 secs",16.07,5.36,4.29,6.43
Yehya,Jad,28609954,jad.yehya.1@etu.sorbonne-universite.fr,Finished,"23 octobre 2021  4:29 ","23 octobre 2021  4:49 ","19 mins 57 secs",12.50,4.29,2.50,5.71
"Youcef Khodja",Amine,21113585,Amine.Youcef_Khodja@etu.sorbonne-universite.fr,Finished,"22 octobre 2021  8:49 ","22 octobre 2021  10:31 ","1 hour 42 mins",14.29,5.36,3.21,5.71
Zanan,Nour,28607755,nour.zanan.1@etu.sorbonne-universite.fr,Finished,"24 octobre 2021  11:51 ","25 octobre 2021  1:37 ","1 hour 45 mins",16.79,6.07,4.29,6.43
Zeng,Fanxiang,28600693,fanxiang.zeng@etu.sorbonne-universite.fr,Finished,"19 octobre 2021  11:05 ","19 octobre 2021  12:06 ","1 hour 1 min",18.21,5.36,7.14,5.71
Zerbib,Raphael,28601765,raphael.zerbib.1@etu.sorbonne-universite.fr,Finished,"21 octobre 2021  3:04 ","21 octobre 2021  3:31 ","26 mins 53 secs",16.79,6.43,3.93,6.43
Zhang,Han,3970759,han.zhang@etu.sorbonne-universite.fr,-,-,-,-,-,-,-,-
Zhang,Jacques,28607704,jacques.zhang.1@etu.sorbonne-universite.fr,Finished,"23 octobre 2021  5:10 ","23 octobre 2021  5:21 ","11 mins 25 secs",12.14,4.29,3.21,4.64
Zhang,Xu,3803083,xu.zhang@etu.sorbonne-universite.fr,Finished,"24 octobre 2021  5:27 ","24 octobre 2021  5:48 ","21 mins 42 secs",17.86,5.36,6.79,5.71
Zhang,Yilu,28601009,yilu.zhang.1@etu.sorbonne-universite.fr,Finished,"24 octobre 2021  10:44 ","24 octobre 2021  11:05 ","21 mins 40 secs",18.21,5.36,7.14,5.71
Zhuang,Christian,28601285,christian.zhuang.1@etu.sorbonne-universite.fr,Finished,"24 octobre 2021  10:06 ","24 octobre 2021  10:54 ","47 mins 12 secs",19.29,6.43,6.43,6.43
"Zou Al Guyna",Louai,3680880,louai.zou_al_guyna@etu.sorbonne-universite.fr,Finished,"24 octobre 2021  6:22 ","24 octobre 2021  6:43 ","20 mins 55 secs",18.21,6.07,5.71,6.43
Zouba,Thomas,21101133,Thomas.Zouba@etu.sorbonne-universite.fr,Finished,"23 octobre 2021  12:07 ","23 octobre 2021  12:35 ","27 mins 20 secs",18.93,5.36,7.14,6.43
Zouhri,Bilal,3703980,bilal.zouhri@etu.sorbonne-universite.fr,Finished,"24 octobre 2021  9:24 ","24 octobre 2021  10:01 ","37 mins 22 secs",20.00,6.43,7.14,6.43
"Overall average",,,,,,,,16.43,5.35,5.12,5.97
