﻿Surname,"First name","ID number","Email address",State,"Started on",Completed,"Time taken",Grade/20.00,"Q. 1 /5.00","Q. 2 /5.00","Q. 3 /5.00","Q. 4 /5.00"
Abdillahi,"Ben Idris Michel",3812573,ben.abdillahi@etu.sorbonne-universite.fr,Finished,"28 novembre 2021  5:16 ","28 novembre 2021  7:02 ","1 hour 45 mins",14.17,5.00,5.00,2.50,1.67
Abeles,Walter,28610484,walter.abeles@etu.sorbonne-universite.fr,Finished,"28 novembre 2021  8:08 ","28 novembre 2021  9:25 ","1 hour 16 mins",15.00,5.00,5.00,2.50,2.50
Abkress,Barka,28606227,barka.abkress.1@etu.sorbonne-universite.fr,Finished,"27 novembre 2021  9:38 ","27 novembre 2021  10:58 ","1 hour 19 mins",13.33,5.00,3.33,2.50,2.50
Afoulous,Oumaima,3802791,oumaima.afoulous@etu.sorbonne-universite.fr,Finished,"29 novembre 2021  9:36 ","29 novembre 2021  10:12 ","35 mins 55 secs",15.00,5.00,3.33,2.50,4.17
"Ahmed Ali",Nassim,21113025,Nassim.Ahmed_Ali@etu.sorbonne-universite.fr,Finished,"28 novembre 2021  12:17 ","28 novembre 2021  1:25 ","1 hour 7 mins",15.83,5.00,3.33,2.50,5.00
"Ait Khelifa",Tanina,21110432,Tanina.Ait_Khelifa@etu.sorbonne-universite.fr,Finished,"28 novembre 2021  11:10 ","28 novembre 2021  12:26 ","1 hour 15 mins",15.00,5.00,3.33,2.50,4.17
Akhtarkhavari,Parto,28606489,parto.akhtarkhavari.1@etu.sorbonne-universite.fr,Finished,"29 novembre 2021  3:54 ","29 novembre 2021  4:49 ","54 mins 49 secs",16.67,5.00,5.00,2.50,4.17
"Al Awayd",Wissam,3701350,wissam.al_awayd@etu.sorbonne-universite.fr,Finished,"29 novembre 2021  1:33 ","29 novembre 2021  3:07 ","1 hour 33 mins",17.50,5.00,5.00,5.00,2.50
Alayoud,Yanis,28600748,yanis.alayoud.1@etu.sorbonne-universite.fr,Finished,"28 novembre 2021  2:14 ","28 novembre 2021  3:18 ","1 hour 3 mins",16.67,5.00,5.00,2.50,4.17
Albitar,Nadia,3671406,nadia.albitar@etu.sorbonne-universite.fr,Finished,"28 novembre 2021  1:29 ","28 novembre 2021  2:28 ","59 mins 14 secs",15.00,5.00,3.33,2.50,4.17
Alexandre,Ronald,3407195,ronald.alexandre@etu.sorbonne-universite.fr,-,-,-,-,-,-,-,-,-
Alliot,Leane,28602178,leane.alliot.1@etu.sorbonne-universite.fr,Finished,"28 novembre 2021  10:10 ","28 novembre 2021  11:09 ","58 mins 48 secs",16.67,5.00,5.00,2.50,4.17
Amanzougarene,Eldjouher,3601270,eldjouher.amanzougarene@etu.sorbonne-universite.fr,-,-,-,-,-,-,-,-,-
Amnache,Atena,28618735,atena.amnache@etu.sorbonne-universite.fr,-,-,-,-,-,-,-,-,-
Amri,Malek,28710546,Malek.Amri@etu.sorbonne-universite.fr,Finished,"29 novembre 2021  12:05 ","29 novembre 2021  1:56 ","1 hour 51 mins",16.67,5.00,5.00,2.50,4.17
Aouchiche,Juba,28610319,juba.aouchiche@etu.sorbonne-universite.fr,Finished,"29 novembre 2021  8:00 ","29 novembre 2021  9:59 ","1 hour 59 mins",16.67,5.00,5.00,2.50,4.17
"Arbulu Sedano",Diego,3808688,diego.arbulu_sedano@etu.sorbonne-universite.fr,Finished,"29 novembre 2021  12:37 ","29 novembre 2021  2:21 ","1 hour 44 mins",19.17,5.00,5.00,5.00,4.17
Archambaud,Florian,3804270,florian.archambaud@etu.sorbonne-universite.fr,Finished,"28 novembre 2021  6:17 ","28 novembre 2021  7:16 ","58 mins 44 secs",11.67,2.50,3.33,2.50,3.33
Arnal,Anaïs,28609148,anais.arnal@etu.sorbonne-universite.fr,Finished,"28 novembre 2021  11:16 ","28 novembre 2021  12:54 ","1 hour 37 mins",13.33,5.00,3.33,2.50,2.50
Atsé,Yapi,3803860,yapi.atse@etu.sorbonne-universite.fr,Finished,"29 novembre 2021  6:38 ","29 novembre 2021  7:36 ","58 mins 20 secs",5.00,2.50,0.00,0.00,2.50
Ayed,Bilel,28626848,bilel.ayed.1@etu.sorbonne-universite.fr,Finished,"28 novembre 2021  11:24 ","28 novembre 2021  11:43 ","19 mins 49 secs",10.83,5.00,1.67,2.50,1.67
Baasch,Matthias,21109634,Matthias.Baasch@etu.sorbonne-universite.fr,-,-,-,-,-,-,-,-,-
Babaali,Mohamed,28601465,mohamed.babaali.1@etu.sorbonne-universite.fr,Finished,"28 novembre 2021  9:17 ","28 novembre 2021  11:02 ","1 hour 45 mins",19.17,5.00,5.00,5.00,4.17
Bait,Alexander,28609336,alexander.bait.1@etu.sorbonne-universite.fr,Finished,"28 novembre 2021  12:04 ","28 novembre 2021  1:27 ","1 hour 22 mins",11.67,5.00,3.33,0.00,3.33
Ball,Ndiaye,3702933,ndiaye.ball@etu.sorbonne-universite.fr,Finished,"26 novembre 2021  3:23 ","26 novembre 2021  4:48 ","1 hour 25 mins",9.44,2.78,1.67,2.50,2.50
Baloul,"Mohamed Ryane",21113008,Mohamed_Ryane.Baloul@etu.sorbonne-universite.fr,Finished,"29 novembre 2021  12:51 ","29 novembre 2021  1:44 ","53 mins 39 secs",15.00,5.00,3.33,2.50,4.17
Bayoudh,Fares,28600163,fares.bayoudh.1@etu.sorbonne-universite.fr,Finished,"28 novembre 2021  9:45 ","28 novembre 2021  11:14 ","1 hour 29 mins",17.50,5.00,3.33,5.00,4.17
Bazil,Olando,28608499,olando.bazil@etu.sorbonne-universite.fr,Finished,"29 novembre 2021  12:51 ","29 novembre 2021  1:42 ","51 mins 53 secs",13.33,5.00,3.33,2.50,2.50
Beldjilali,Amel,21115553,Amel.Beldjilali@etu.sorbonne-universite.fr,Finished,"28 novembre 2021  12:29 ","28 novembre 2021  1:47 ","1 hour 17 mins",15.00,5.00,3.33,2.50,4.17
Bellaiche,Samuel,28600786,samuel.bellaiche.1@etu.sorbonne-universite.fr,Finished,"29 novembre 2021  8:59 ","29 novembre 2021  10:28 ","1 hour 28 mins",16.39,4.72,5.00,2.50,4.17
Bellaoud,Nassim,3700196,nassim.bellaoud@etu.sorbonne-universite.fr,Finished,"27 novembre 2021  6:50 ","27 novembre 2021  7:07 ","16 mins 33 secs",13.33,5.00,3.33,2.50,2.50
Ben-Mohamed,Ines,28607963,ines.ben-mohamed.1@etu.sorbonne-universite.fr,Finished,"28 novembre 2021  9:16 ","28 novembre 2021  11:16 ","2 hours",13.33,5.00,3.33,2.50,2.50
Benhaddad,Ahcene,3804630,ahcene.benhadddad@etu.sorbonne-universite.fr,Finished,"29 novembre 2021  12:10 ","29 novembre 2021  1:59 ","1 hour 49 mins",14.72,4.72,5.00,2.50,2.50
Benlaldj,"Zohra Chihez",21112712,Zohra_Chihez.Benlaldj@etu.sorbonne-universite.fr,Finished,"28 novembre 2021  11:51 ","28 novembre 2021  1:14 ","1 hour 22 mins",13.33,5.00,1.67,2.50,4.17
Benmansour,Sofiane,3504377,sofiane.benmansour@etu.sorbonne-universite.fr,-,-,-,-,-,-,-,-,-
Berrada,Nacer,28610440,nacer.berrada@etu.sorbonne-universite.fr,Finished,"29 novembre 2021  1:00 ","29 novembre 2021  2:13 ","1 hour 12 mins",14.72,4.72,5.00,2.50,2.50
Berrichi,Manelle,28600291,manelle.berrichi.1@etu.sorbonne-universite.fr,Finished,"28 novembre 2021  9:27 ","28 novembre 2021  11:11 ","1 hour 44 mins",15.00,5.00,5.00,2.50,2.50
Besnier,Lucien,3803479,lucien.besnier@etu.sorbonne-universite.fr,Finished,"29 novembre 2021  8:28 ","29 novembre 2021  9:37 ","1 hour 8 mins",11.39,4.72,3.33,2.50,0.83
Bessad,Melina,28610730,melina.bessad@etu.sorbonne-universite.fr,Finished,"28 novembre 2021  3:37 ","28 novembre 2021  4:15 ","37 mins 48 secs",16.67,5.00,5.00,2.50,4.17
Bikou,Angie-Sofia,3700648,angie-sofia.bikou@etu.sorbonne-universite.fr,Finished,"29 novembre 2021  3:44 ","29 novembre 2021  5:43 ","1 hour 59 mins",17.50,5.00,5.00,2.50,5.00
Billon,Martin,3801962,martin.billon@etu.sorbonne-universite.fr,Finished,"28 novembre 2021  9:31 ","28 novembre 2021  9:39 ","7 mins 56 secs",15.00,5.00,3.33,2.50,4.17
"Blasco Gallego",Lucia,21109706,Lucia.Blasco_Gallego@etu.sorbonne-universite.fr,Finished,"29 novembre 2021  4:45 ","29 novembre 2021  4:55 ","9 mins 45 secs",15.00,5.00,3.33,2.50,4.17
Boda,Jeremy,28603394,jeremy.boda.1@etu.sorbonne-universite.fr,Finished,"29 novembre 2021  7:10 ","29 novembre 2021  7:48 ","38 mins 22 secs",11.67,1.67,3.33,2.50,4.17
Bontempelli,Manon,28600844,manon.bontempelli.1@etu.sorbonne-universite.fr,Finished,"26 novembre 2021  9:33 ","26 novembre 2021  10:06 ","32 mins 58 secs",8.33,5.00,0.00,2.50,0.83
Bouaicha,Kenza,3703308,kenza.bouaicha@etu.sorbonne-universite.fr,Finished,"29 novembre 2021  12:19 ","29 novembre 2021  1:58 ","1 hour 39 mins",17.50,5.00,5.00,5.00,2.50
Boucherrab,Rayan,28610497,rayan.boucherrab@etu.sorbonne-universite.fr,Finished,"28 novembre 2021  8:10 ","28 novembre 2021  9:28 ","1 hour 17 mins",16.67,5.00,5.00,5.00,1.67
Bouchouchi,Nour,28600211,nour.bouchouchi.1@etu.sorbonne-universite.fr,Finished,"27 novembre 2021  12:11 ","27 novembre 2021  2:04 ","1 hour 52 mins",16.67,5.00,5.00,2.50,4.17
Bouheraoua,Sarah,21113695,Sarah.Bouheraoua@etu.sorbonne-universite.fr,Finished,"29 novembre 2021  12:00 ","29 novembre 2021  12:44 ","43 mins 54 secs",15.83,5.00,3.33,5.00,2.50
Bouhraoua,Ines,21115204,Ines.Bouhraoua@etu.sorbonne-universite.fr,Finished,"28 novembre 2021  10:55 ","28 novembre 2021  12:53 ","1 hour 57 mins",13.33,5.00,3.33,2.50,2.50
Bouloudani,Haroun,28002307,Haroun.Bouloudani@etu.sorbonne-universite.fr,Finished,"24 novembre 2021  8:18 ","24 novembre 2021  9:50 ","1 hour 32 mins",14.17,5.00,5.00,2.50,1.67
Bounichou,Hugo,3700560,hugo.bounichou@etu.sorbonne-universite.fr,Finished,"28 novembre 2021  10:21 ","28 novembre 2021  11:28 ","1 hour 6 mins",15.00,5.00,5.00,2.50,2.50
Bourekh,Zidane,3677063,zidane.bourekh@etu.sorbonne-universite.fr,Finished,"25 novembre 2021  7:11 ","25 novembre 2021  8:51 ","1 hour 39 mins",10.56,3.89,3.33,2.50,0.83
Bourlette,Lucas,3672216,lucas.bourlette@etu.sorbonne-universite.fr,-,-,-,-,-,-,-,-,-
Boutaleb,"Mohamed Allaa Eddine",21112734,Mohamed_Allaa_Eddine.Boutaleb@etu.sorbonne-universite.fr,Finished,"27 novembre 2021  3:33 ","27 novembre 2021  4:54 ","1 hour 21 mins",19.17,5.00,5.00,5.00,4.17
"Bouton Popper",Jules,28600665,jules.bouton.2@etu.sorbonne-universite.fr,Finished,"29 novembre 2021  3:58 ","29 novembre 2021  5:09 ","1 hour 10 mins",19.17,5.00,5.00,5.00,4.17
Bouzaglou,Ariel,28607480,ariel.bouzaglou.1@etu.sorbonne-universite.fr,Finished,"28 novembre 2021  11:03 ","28 novembre 2021  11:53 ","50 mins 38 secs",15.00,5.00,3.33,2.50,4.17
Boyadjiev,Todor,28507548,todor.boyadjiev.2@etu.sorbonne-universite.fr,Finished,"27 novembre 2021  2:14 ","27 novembre 2021  3:48 ","1 hour 33 mins",14.72,4.72,3.33,2.50,4.17
Brazane,Sabrina,3803162,sabrina.brazane@etu.sorbonne-universite.fr,Finished,"29 novembre 2021  12:06 ","29 novembre 2021  1:58 ","1 hour 52 mins",16.67,5.00,5.00,2.50,4.17
Caraux,Theophane,28602627,theophane.caraux.1@etu.sorbonne-universite.fr,Finished,"28 novembre 2021  9:55 ","28 novembre 2021  10:46 ","51 mins 1 sec",11.67,5.00,1.67,2.50,2.50
Chaouati,Oualid,21114737,Oualid.Chaouati@etu.sorbonne-universite.fr,Finished,"29 novembre 2021  4:19 ","29 novembre 2021  6:15 ","1 hour 55 mins",16.67,5.00,5.00,2.50,4.17
Charlot,Théo,3804195,theo.charlot@etu.sorbonne-universite.fr,Finished,"28 novembre 2021  1:27 ","28 novembre 2021  3:16 ","1 hour 49 mins",10.00,1.67,3.33,2.50,2.50
Chen,Jinhe,3802503,jinhe.chen@etu.sorbonne-universite.fr,Finished,"28 novembre 2021  10:14 ","28 novembre 2021  11:38 ","1 hour 24 mins",10.00,3.33,3.33,2.50,0.83
Cherfaoui,Melissa,28720090,Melissa.Cherfaoui@etu.sorbonne-universite.fr,Finished,"28 novembre 2021  10:25 ","28 novembre 2021  11:32 ","1 hour 7 mins",17.50,5.00,5.00,5.00,2.50
Cherfi,Farouck,3407463,farouck.cherfi@etu.sorbonne-universite.fr,Finished,"27 novembre 2021  9:58 ","27 novembre 2021  11:27 ","1 hour 29 mins",15.00,5.00,3.33,2.50,4.17
Chikh,Mehdi,3677161,mehdi.chikh@etu.sorbonne-universite.fr,Finished,"29 novembre 2021  2:59 ","29 novembre 2021  3:41 ","41 mins 46 secs",17.50,5.00,5.00,5.00,2.50
Cohen,Orlane,28603418,orlane.cohen.1@etu.sorbonne-universite.fr,Finished,"27 novembre 2021  2:47 ","27 novembre 2021  4:37 ","1 hour 49 mins",16.67,5.00,5.00,2.50,4.17
Corlue,Florian,28607538,florian.corlue.1@etu.sorbonne-universite.fr,Finished,"28 novembre 2021  2:46 ","28 novembre 2021  4:37 ","1 hour 50 mins",16.67,5.00,5.00,2.50,4.17
Curaut,Charline,3810013,Charline.Curaut@etu.sorbonne-universite.fr,Finished,"27 novembre 2021  10:49 ","28 novembre 2021  12:20 ","1 hour 31 mins",10.28,2.78,3.33,0.00,4.17
Dabrowski,Mateusz,21109700,Mateusz.Dabrowski@etu.sorbonne-universite.fr,Finished,"29 novembre 2021  1:38 ","29 novembre 2021  2:05 ","27 mins 48 secs",15.00,5.00,3.33,2.50,4.17
"De Sacy",Anne,28610199,anne.silvestre_de_sacy-nougaret-@etu.sorbonne-universite.fr,Finished,"27 novembre 2021  5:20 ","27 novembre 2021  7:20 ","1 hour 59 mins",15.00,5.00,3.33,2.50,4.17
Delgado,Thomas,3407716,thomas.delgado@etu.sorbonne-universite.fr,Finished,"29 novembre 2021  3:57 ","29 novembre 2021  4:38 ","40 mins 46 secs",5.28,1.94,3.33,0.00,0.00
Diallo,"Mohamed Aliou",28604190,mohamed.diallo@etu.sorbonne-universite.fr,Finished,"27 novembre 2021  9:23 ","27 novembre 2021  10:54 ","1 hour 31 mins",12.50,5.00,3.33,0.00,4.17
Diallo,Faldou,3674474,faldou.diallo@etu.sorbonne-universite.fr,Finished,"28 novembre 2021  10:10 ","28 novembre 2021  11:19 ","1 hour 8 mins",15.00,5.00,3.33,2.50,4.17
Doucouré,Dramane,3520680,dramane.doucoure@etu.sorbonne-universite.fr,-,-,-,-,-,-,-,-,-
Doufene,Malik,21113747,Malik.Doufene@etu.sorbonne-universite.fr,Finished,"28 novembre 2021  3:56 ","28 novembre 2021  5:54 ","1 hour 58 mins",15.00,5.00,3.33,2.50,4.17
Drouard,François-Xavier,3800028,francois-xavier.drouard@etu.sorbonne-universite.fr,Finished,"28 novembre 2021  6:17 ","28 novembre 2021  6:32 ","15 mins 32 secs",8.06,0.56,3.33,0.00,4.17
Du,Sylvain,28607117,sylvain.du.1@etu.sorbonne-universite.fr,Finished,"27 novembre 2021  11:46 ","28 novembre 2021  12:41 ","55 mins 57 secs",15.00,5.00,5.00,2.50,2.50
Dziri,Hakim,3800075,hakim.dziri@etu.sorbonne-universite.fr,Finished,"29 novembre 2021  6:44 ","29 novembre 2021  6:45 ","1 min 36 secs",3.33,0.00,0.00,2.50,0.83
"El Bouhali",Mouataz,28619891,mouataz.el_bouhali@etu.sorbonne-universite.fr,Finished,"29 novembre 2021  8:32 ","29 novembre 2021  9:53 ","1 hour 20 mins",16.67,5.00,5.00,2.50,4.17
"El Fahdi",Ismaël,3802719,ismael.el_fahdi@etu.sorbonne-universite.fr,-,-,-,-,-,-,-,-,-
"El Ghali",Yosr,3802466,yosr.elghali@etu.sorbonne-universite.fr,Finished,"28 novembre 2021  10:44 ","28 novembre 2021  12:42 ","1 hour 58 mins",16.67,5.00,5.00,2.50,4.17
"El Khaddar",Marwan,3673536,marwan.el_khaddar@etu.sorbonne-universite.fr,-,-,-,-,-,-,-,-,-
"El Youbi",Ali,3506467,ali.el_youbi@etu.sorbonne-universite.fr,-,-,-,-,-,-,-,-,-
Erjil,Hichem,28600653,hichem.erjil.1@etu.sorbonne-universite.fr,Finished,"28 novembre 2021  8:59 ","28 novembre 2021  10:03 ","1 hour 3 mins",12.50,2.50,3.33,2.50,4.17
Exertier,Firmin,28610514,firmin.exertier@etu.sorbonne-universite.fr,Finished,"29 novembre 2021  9:40 ","29 novembre 2021  10:26 ","46 mins 10 secs",15.56,4.72,3.33,5.00,2.50
Fahmy,Youssef,28609831,youssef.fahmy@etu.sorbonne-universite.fr,Finished,"29 novembre 2021  3:09 ","29 novembre 2021  4:21 ","1 hour 11 mins",19.17,5.00,5.00,5.00,4.17
Felix,Wycherley-Kassel,3702385,wycherley-kassel.felix@etu.sorbonne-universite.fr,Finished,"29 novembre 2021  9:43 ","29 novembre 2021  10:28 ","44 mins 53 secs",15.00,5.00,3.33,2.50,4.17
Francoise,Raphael,28600759,raphael.francoise.1@etu.sorbonne-universite.fr,Finished,"29 novembre 2021  9:06 ","29 novembre 2021  10:13 ","1 hour 6 mins",15.00,5.00,3.33,2.50,4.17
Frigola,Arthur,28607831,arthur.frigola.1@etu.sorbonne-universite.fr,-,-,-,-,-,-,-,-,-
Fu,Zhenyue,28620112,zhenyue.fu@etu.sorbonne-universite.fr,Finished,"28 novembre 2021  4:28 ","28 novembre 2021  6:00 ","1 hour 31 mins",14.44,2.78,5.00,2.50,4.17
Fumard,Lucas,28602386,lucas.fumard.1@etu.sorbonne-universite.fr,Finished,"22 novembre 2021  6:25 ","22 novembre 2021  7:20 ","54 mins 26 secs",15.00,5.00,3.33,2.50,4.17
Gallet,Camille,3700630,camille.gallet.1@etu.sorbonne-universite.fr,Finished,"28 novembre 2021  9:50 ","28 novembre 2021  10:54 ","1 hour 3 mins",12.50,5.00,3.33,0.00,4.17
Gaudinot,Salomon,28600769,salomon.gaudinot.1@etu.sorbonne-universite.fr,Finished,"29 novembre 2021  12:15 ","29 novembre 2021  1:10 ","54 mins 59 secs",14.44,2.78,5.00,2.50,4.17
Gaydon,Julie,28606830,julie.gaydon@etu.sorbonne-universite.fr,Finished,"28 novembre 2021  5:52 ","28 novembre 2021  7:01 ","1 hour 9 mins",15.00,5.00,3.33,2.50,4.17
Gazquez,Miguel,28600492,miguel.gazquez.1@etu.sorbonne-universite.fr,-,-,-,-,-,-,-,-,-
Giuliani,Carla,28605022,carla.giuliani.2@etu.sorbonne-universite.fr,Finished,"28 novembre 2021  10:17 ","28 novembre 2021  11:52 ","1 hour 34 mins",19.17,5.00,5.00,5.00,4.17
Gojak,Zlatan,3801873,zlatan.gojak@etu.sorbonne-universite.fr,Finished,"28 novembre 2021  8:33 ","28 novembre 2021  9:26 ","52 mins 54 secs",16.67,5.00,5.00,2.50,4.17
Goulmot,Cedric,3971371,cedric.goulmot@etu.sorbonne-universite.fr,-,-,-,-,-,-,-,-,-
Guo,Youheng,28711440,Youheng.Guo@etu.sorbonne-universite.fr,Finished,"28 novembre 2021  10:25 ","29 novembre 2021  12:17 ","1 hour 52 mins",16.67,5.00,5.00,2.50,4.17
Hadji,Mohamed,3702996,mohamed.hadji@etu.sorbonne-universite.fr,Finished,"22 novembre 2021  5:58 ","22 novembre 2021  6:34 ","35 mins 19 secs",16.67,5.00,5.00,2.50,4.17
Halila,Youssef,28610207,youssef.halila@etu.sorbonne-universite.fr,-,-,-,-,-,-,-,-,-
Halit,Yanis,28600464,yanis.halit.1@etu.sorbonne-universite.fr,Finished,"28 novembre 2021  9:48 ","28 novembre 2021  10:28 ","39 mins 53 secs",14.72,4.72,5.00,2.50,2.50
Hamadouche,Mebarek,28506638,mebarek.hamadouche@etu.sorbonne-universite.fr,Finished,"28 novembre 2021  9:55 ","28 novembre 2021  11:05 ","1 hour 10 mins",13.89,3.89,3.33,2.50,4.17
Hamdi,Charafeddine,3800477,charafeddine.hamdi@etu.sorbonne-universite.fr,Finished,"29 novembre 2021  2:21 ","29 novembre 2021  4:17 ","1 hour 55 mins",15.00,5.00,3.33,2.50,4.17
Hammachi,Nourdinne,28604304,nourdinne.hammachi.1@etu.sorbonne-universite.fr,Finished,"28 novembre 2021  4:03 ","28 novembre 2021  6:01 ","1 hour 57 mins",13.33,5.00,3.33,2.50,2.50
Hassanein,Youssef,3522807,youssef.hassanein@etu.sorbonne-universite.fr,-,-,-,-,-,-,-,-,-
Hayat,Ruben,28608396,ruben.hayat.1@etu.sorbonne-universite.fr,Finished,"28 novembre 2021  4:03 ","28 novembre 2021  6:02 ","1 hour 59 mins",12.50,5.00,3.33,2.50,1.67
Hebert,Thomas,3708782,thomas.hebert@etu.sorbonne-universite.fr,Finished,"28 novembre 2021  3:32 ","28 novembre 2021  4:04 ","32 mins 24 secs",15.00,5.00,5.00,2.50,2.50
Hwang,"Chan Yeong",28610448,chan.hwang@etu.sorbonne-universite.fr,Finished,"28 novembre 2021  5:47 ","28 novembre 2021  6:51 ","1 hour 4 mins",12.50,5.00,5.00,2.50,0.00
"Ibobi Sambila",Osee,3704090,osee.ibobi_sambila@etu.sorbonne-universite.fr,-,-,-,-,-,-,-,-,-
Idouar,Yacine,28610117,yacine.idouar@etu.sorbonne-universite.fr,Finished,"28 novembre 2021  4:02 ","28 novembre 2021  5:01 ","58 mins 24 secs",10.00,5.00,0.00,2.50,2.50
Ikhenoussene,Yanis,28601953,yanis.ikhenoussene.1@etu.sorbonne-universite.fr,Finished,"28 novembre 2021  9:31 ","28 novembre 2021  10:30 ","59 mins 34 secs",13.33,5.00,3.33,2.50,2.50
Illouz,Maxime,28600470,maxime.illouz.1@etu.sorbonne-universite.fr,Finished,"28 novembre 2021  10:30 ","29 novembre 2021  12:15 ","1 hour 44 mins",16.67,5.00,5.00,2.50,4.17
Ith,Marc,3302184,marc.ith@etu.sorbonne-universite.fr,-,-,-,-,-,-,-,-,-
Jankovskaja,Elina,28607314,elina.jankovskaja.1@etu.sorbonne-universite.fr,Finished,"29 novembre 2021  12:19 ","29 novembre 2021  1:22 ","1 hour 3 mins",16.67,5.00,5.00,2.50,4.17
"Jean Marie Flore",Samuel,3800583,samuel.jean_marie_flore@etu.sorbonne-universite.fr,-,-,-,-,-,-,-,-,-
Jriby,Jawher,3702809,jawher.jriby@etu.sorbonne-universite.fr,Finished,"28 novembre 2021  5:18 ","28 novembre 2021  6:27 ","1 hour 9 mins",10.00,3.33,0.00,2.50,4.17
"K Murali",Sharane,3701883,sharane.k_murali@etu.sorbonne-universite.fr,Finished,"28 novembre 2021  4:30 ","28 novembre 2021  6:13 ","1 hour 42 mins",9.17,5.00,0.00,0.00,4.17
Kabongo,Ben,21116436,Ben.Kabongo@etu.sorbonne-universite.fr,Finished,"28 novembre 2021  6:06 ","28 novembre 2021  7:59 ","1 hour 53 mins",16.67,5.00,5.00,2.50,4.17
Kada,Dina,28601301,dina.kada.1@etu.sorbonne-universite.fr,Finished,"28 novembre 2021  2:53 ","28 novembre 2021  4:22 ","1 hour 28 mins",13.33,5.00,1.67,2.50,4.17
Kamouche,Neila,28605864,neila.kamouche.1@etu.sorbonne-universite.fr,Finished,"28 novembre 2021  7:56 ","28 novembre 2021  9:19 ","1 hour 23 mins",13.33,5.00,1.67,2.50,4.17
Ke,Ilene,3700453,ilene.ke@etu.sorbonne-universite.fr,Finished,"29 novembre 2021  4:00 ","29 novembre 2021  5:12 ","1 hour 12 mins",14.72,4.72,3.33,2.50,4.17
Kedadry,Yannis,3808875,yannis.kedadry@etu.sorbonne-universite.fr,Finished,"22 novembre 2021  5:35 ","22 novembre 2021  6:35 ","59 mins 24 secs",13.33,5.00,3.33,2.50,2.50
Kemiche,Koceila,21114731,Koceila.Kemiche@etu.sorbonne-universite.fr,Finished,"28 novembre 2021  8:10 ","28 novembre 2021  9:28 ","1 hour 18 mins",17.50,5.00,5.00,5.00,2.50
Kerharo,Cathy,28600559,cathy.kerharo.1@etu.sorbonne-universite.fr,Finished,"28 novembre 2021  11:01 ","28 novembre 2021  11:59 ","57 mins 37 secs",7.50,3.33,0.00,2.50,1.67
Khan,Anin,3801610,anin.khan@etu.sorbonne-universite.fr,Finished,"28 novembre 2021  11:01 ","29 novembre 2021  12:03 ","1 hour 2 mins",11.94,4.44,3.33,2.50,1.67
Klich,"Nour Elhouda",28610130,nour.klich@etu.sorbonne-universite.fr,Finished,"28 novembre 2021  2:30 ","28 novembre 2021  4:15 ","1 hour 44 mins",11.67,5.00,0.00,2.50,4.17
Kolli,Hamid,28717594,Hamid.Kolli@etu.sorbonne-universite.fr,Finished,"26 novembre 2021  6:10 ","26 novembre 2021  8:03 ","1 hour 53 mins",13.06,3.89,5.00,0.00,4.17
Korrabi,Madjid,28614924,madjid.korrabi@etu.sorbonne-universite.fr,Finished,"28 novembre 2021  11:08 ","28 novembre 2021  11:48 ","39 mins 56 secs",13.89,4.72,5.00,2.50,1.67
Koskas,Ilan,3800162,ilan.koskas@etu.sorbonne-universite.fr,Finished,"27 novembre 2021  3:57 ","27 novembre 2021  5:53 ","1 hour 55 mins",18.06,3.89,5.00,5.00,4.17
"Koumgang Tegantchouang",Adrien,21109170,Adrien.Koumgang_Tegantchouang@etu.sorbonne-universite.fr,Finished,"29 novembre 2021  6:52 ","29 novembre 2021  8:06 ","1 hour 13 mins",14.44,2.78,5.00,2.50,4.17
Kwonn,Simon,3709743,simon.kwonn@etu.sorbonne-universite.fr,Finished,"28 novembre 2021  11:15 ","29 novembre 2021  12:12 ","57 mins 33 secs",9.72,2.22,1.67,2.50,3.33
Labady,"Sterley Gilbert",21100776,Sterley_Gilbert.Labady@etu.sorbonne-universite.fr,Finished,"28 novembre 2021  2:33 ","28 novembre 2021  3:14 ","41 mins 14 secs",15.00,5.00,3.33,2.50,4.17
Lachachi,Yasmine,28710229,Yasmine.Lachachi@etu.sorbonne-universite.fr,-,-,-,-,-,-,-,-,-
Lachemot,Cédric,3705179,cedric.lachemot@etu.sorbonne-universite.fr,-,-,-,-,-,-,-,-,-
Lachgar,Amine,3802257,amine.lachgar@etu.sorbonne-universite.fr,Finished,"28 novembre 2021  9:58 ","28 novembre 2021  10:49 ","50 mins 28 secs",13.89,3.89,3.33,2.50,4.17
Lacoume,Claire,28610667,claire.lacoume@etu.sorbonne-universite.fr,Finished,"27 novembre 2021  10:14 ","28 novembre 2021  12:14 ","2 hours",10.28,2.78,3.33,0.00,4.17
Lam,Stéphane,3672320,stephane.lam@etu.sorbonne-universite.fr,Finished,"29 novembre 2021  2:05 ","29 novembre 2021  2:40 ","35 mins 9 secs",12.50,5.00,3.33,2.50,1.67
Lechgar,Houssam,28610190,houssam.lechgar@etu.sorbonne-universite.fr,Finished,"28 novembre 2021  9:32 ","28 novembre 2021  10:32 ","59 mins 36 secs",12.22,4.72,3.33,2.50,1.67
Lee,"Jae Wook",21108842,Jae_Wook.Lee@etu.sorbonne-universite.fr,Finished,"29 novembre 2021  1:35 ","29 novembre 2021  3:06 ","1 hour 31 mins",13.33,5.00,1.67,5.00,1.67
Legendre--Despas,Jeanne,3810768,jeanne.legendre--despas@etu.sorbonne-universite.fr,Finished,"28 novembre 2021  7:17 ","28 novembre 2021  9:01 ","1 hour 43 mins",13.89,4.72,3.33,2.50,3.33
Lemaitre,Alexandre,3876023,alexandre.lemaitre@etu.sorbonne-universite.fr,-,-,-,-,-,-,-,-,-
"Levanson Dit Akbarali","Mohamed Hasir",28601393,mohamed.levanson_dit_akbarali@etu.sorbonne-universite.fr,Finished,"29 novembre 2021  12:06 ","29 novembre 2021  1:23 ","1 hour 16 mins",16.67,5.00,5.00,2.50,4.17
Li,Junji,28610187,junji.li@etu.sorbonne-universite.fr,Finished,"23 novembre 2021  11:18 ","23 novembre 2021  1:12 ","1 hour 53 mins",15.00,5.00,5.00,2.50,2.50
Lifsal,Loubna,3309154,loubna.lifsal@etu.sorbonne-universite.fr,Finished,"28 novembre 2021  10:43 ","29 novembre 2021  12:11 ","1 hour 27 mins",19.17,5.00,5.00,5.00,4.17
Lin,Jeremy,28602292,jeremy.lin.1@etu.sorbonne-universite.fr,-,-,-,-,-,-,-,-,-
Lin,Charles,3812676,Charles.Lin@etu.sorbonne-universite.fr,Finished,"27 novembre 2021  1:34 ","27 novembre 2021  3:29 ","1 hour 54 mins",12.50,5.00,5.00,0.00,2.50
Longuet,Axel,28600563,axel.longuet.1@etu.sorbonne-universite.fr,Finished,"27 novembre 2021  4:31 ","27 novembre 2021  6:01 ","1 hour 30 mins",15.83,5.00,3.33,2.50,5.00
Loyau-Kahn,Felix,28607223,felix.loyau-kahn@etu.sorbonne-universite.fr,Finished,"28 novembre 2021  11:13 ","29 novembre 2021  12:03 ","50 mins 6 secs",10.83,5.00,3.33,2.50,0.00
Luo,Yukai,28620155,yukai.luo@etu.sorbonne-universite.fr,Finished,"29 novembre 2021  1:36 ","29 novembre 2021  2:51 ","1 hour 15 mins",13.33,5.00,3.33,2.50,2.50
Luvisamo,"Mulemesa Jessy",3415756,mulemesa.luvisamo@etu.sorbonne-universite.fr,Finished,"29 novembre 2021  5:12 ","29 novembre 2021  6:29 ","1 hour 17 mins",8.06,2.22,3.33,0.00,2.50
Ly,Sylvie,3522190,sylvie.ly@etu.sorbonne-universite.fr,Finished,"28 novembre 2021  6:10 ","28 novembre 2021  6:31 ","21 mins 14 secs",7.22,0.56,3.33,2.50,0.83
Macabre,Loona,28609645,loona.macabre.1@etu.sorbonne-universite.fr,Finished,"28 novembre 2021  8:49 ","28 novembre 2021  10:31 ","1 hour 42 mins",15.83,5.00,5.00,2.50,3.33
Maire,Maxence,28605064,maxence.maire@etu.sorbonne-universite.fr,Finished,"29 novembre 2021  1:24 ","29 novembre 2021  2:08 ","43 mins 10 secs",12.50,2.50,3.33,2.50,4.17
Makhlouf,Rayane,28617603,rayane.makhlouf@etu.sorbonne-universite.fr,Finished,"26 novembre 2021  6:10 ","26 novembre 2021  8:02 ","1 hour 51 mins",13.06,3.89,5.00,0.00,4.17
Marques,Romain,28600712,romain.marques.1@etu.sorbonne-universite.fr,Finished,"27 novembre 2021  5:52 ","27 novembre 2021  7:08 ","1 hour 15 mins",15.83,5.00,3.33,2.50,5.00
Martin,Amaury,28610127,amaury.martin.1@etu.sorbonne-universite.fr,Finished,"29 novembre 2021  2:33 ","29 novembre 2021  4:33 ","2 hours",15.00,5.00,3.33,2.50,4.17
Mastor,Assia,28602563,assia.mastor.1@etu.sorbonne-universite.fr,Finished,"28 novembre 2021  11:17 ","29 novembre 2021  12:01 ","44 mins 18 secs",15.00,5.00,5.00,2.50,2.50
Mazari,Messilva,28610328,messilva.mazari@etu.sorbonne-universite.fr,Finished,"28 novembre 2021  7:34 ","28 novembre 2021  9:23 ","1 hour 48 mins",17.50,5.00,5.00,5.00,2.50
Mbaye,Souleymane,28717871,Souleymane.Mbaye@etu.sorbonne-universite.fr,Finished,"28 novembre 2021  4:27 ","28 novembre 2021  6:20 ","1 hour 53 mins",14.17,5.00,3.33,2.50,3.33
Mbouranga,Winn-Elie,28601343,winn-elie.mbouranga.1@etu.sorbonne-universite.fr,Finished,"27 novembre 2021  1:33 ","27 novembre 2021  3:09 ","1 hour 36 mins",15.00,5.00,3.33,2.50,4.17
Meddah,Sarah,3603679,sarah.meddah@etu.sorbonne-universite.fr,Finished,"28 novembre 2021  8:33 ","28 novembre 2021  10:19 ","1 hour 45 mins",19.17,5.00,5.00,5.00,4.17
Mekhloufi,Zakaria,3809215,zakaria.mekhloufi@etu.sorbonne-universite.fr,Finished,"28 novembre 2021  9:45 ","28 novembre 2021  11:38 ","1 hour 52 mins",13.33,5.00,3.33,2.50,2.50
Mellul,Yona,3800646,yona.mellul@etu.sorbonne-universite.fr,Finished,"27 novembre 2021  10:40 ","27 novembre 2021  11:40 ","1 hour",15.83,5.00,5.00,2.50,3.33
"Melot Chesnel",Josephine,28603036,josephine.melot_chesnel.1@etu.sorbonne-universite.fr,Finished,"28 novembre 2021  4:04 ","28 novembre 2021  4:58 ","54 mins 22 secs",13.89,3.89,3.33,2.50,4.17
Mendes,Hugo,3670527,hugo.mendes@etu.sorbonne-universite.fr,-,-,-,-,-,-,-,-,-
"Mendez Chacon",Paula,21109001,Paula.Mendez_Chacon@etu.sorbonne-universite.fr,Finished,"28 novembre 2021  7:50 ","28 novembre 2021  8:25 ","34 mins 39 secs",13.33,5.00,3.33,2.50,2.50
Millard,Maxime,28602830,maxime.millard.1@etu.sorbonne-universite.fr,Finished,"28 novembre 2021  2:47 ","28 novembre 2021  3:53 ","1 hour 6 mins",7.22,2.22,1.67,2.50,0.83
Mistry,Darshan,3670280,darshan.mistry@etu.sorbonne-universite.fr,-,-,-,-,-,-,-,-,-
Mohamed,Djamila,28609129,djamila.mohamed@etu.sorbonne-universite.fr,Finished,"29 novembre 2021  8:34 ","29 novembre 2021  9:28 ","54 mins 14 secs",13.89,4.72,5.00,2.50,1.67
Moreau,Nino,28603833,nino.moreau.1@etu.sorbonne-universite.fr,-,-,-,-,-,-,-,-,-
Moussouni,Amine,28720778,Amine.Moussouni@etu.sorbonne-universite.fr,Finished,"29 novembre 2021  9:44 ","29 novembre 2021  10:27 ","42 mins 19 secs",17.50,5.00,5.00,5.00,2.50
Naumenko,Polina,3521154,polina.naumenko@etu.sorbonne-universite.fr,-,-,-,-,-,-,-,-,-
Nedir,Rahmine,3872127,rahmine.nedir@etu.sorbonne-universite.fr,Finished,"28 novembre 2021  10:33 ","29 novembre 2021  12:34 ","2 hours",14.72,4.72,3.33,2.50,4.17
Nehlil,"Mouloud Samy",21113646,Mouloud_Samy.Nehlil@etu.sorbonne-universite.fr,Finished,"28 novembre 2021  10:07 ","28 novembre 2021  11:29 ","1 hour 21 mins",15.83,5.00,3.33,2.50,5.00
Nguyen,"Ngoc Thien",21102696,Ngoc_Thien.Nguyen@etu.sorbonne-universite.fr,Finished,"28 novembre 2021  7:39 ","28 novembre 2021  9:34 ","1 hour 55 mins",11.39,4.72,0.00,2.50,4.17
Nguyen,"Hoang Son",28709864,Hoang_Son.Nguyen@etu.sorbonne-universite.fr,Finished,"28 novembre 2021  8:20 ","28 novembre 2021  9:39 ","1 hour 18 mins",13.33,5.00,3.33,2.50,2.50
Niang,Fallou,3803961,fallou.niang@etu.sorbonne-universite.fr,-,-,-,-,-,-,-,-,-
Olivar-Sanglar,Gabriel,28602191,gabriel.olivar.1@etu.sorbonne-universite.fr,-,-,-,-,-,-,-,-,-
Ouhenia,Ghiles,28716807,Ghiles.Ouhenia@etu.sorbonne-universite.fr,Finished,"28 novembre 2021  10:04 ","28 novembre 2021  10:54 ","50 mins 23 secs",15.00,5.00,5.00,2.50,2.50
Ouni,Wassim,21112855,Wassim.Ouni@etu.sorbonne-universite.fr,Finished,"28 novembre 2021  7:24 ","28 novembre 2021  8:31 ","1 hour 6 mins",16.67,5.00,5.00,2.50,4.17
Palisoc,Camille,28600602,camille.palisoc.1@etu.sorbonne-universite.fr,Finished,"24 novembre 2021  4:21 ","24 novembre 2021  5:24 ","1 hour 3 mins",11.94,2.78,3.33,2.50,3.33
Parameswaralingam,Charles-Pragash,3670244,charles-pragash.parameswaralingam@etu.sorbonne-universite.fr,-,-,-,-,-,-,-,-,-
Pendelliou,Arthur,3809224,arthur.pendelliou@etu.sorbonne-universite.fr,Finished,"28 novembre 2021  7:45 ","28 novembre 2021  9:45 ","2 hours",16.39,3.89,3.33,5.00,4.17
Perrignon-Sommet,Thibault,21104636,Thibault.Perrignon-Sommet@etu.sorbonne-universite.fr,Finished,"25 novembre 2021  9:40 ","25 novembre 2021  10:53 ","1 hour 12 mins",16.67,5.00,5.00,2.50,4.17
Pierre,Lauryn,28600518,lauryn.pierre.1@etu.sorbonne-universite.fr,Finished,"28 novembre 2021  3:18 ","28 novembre 2021  4:47 ","1 hour 29 mins",15.00,5.00,3.33,2.50,4.17
"Pierre Noel",Jericho,21113317,Jericho.Pierre_Noel@etu.sorbonne-universite.fr,Finished,"28 novembre 2021  9:02 ","28 novembre 2021  9:27 ","25 mins 36 secs",14.17,5.00,3.33,2.50,3.33
Piffre,Baptiste,28636372,baptiste.piffre@etu.sorbonne-universite.fr,Finished,"28 novembre 2021  9:38 ","28 novembre 2021  10:42 ","1 hour 3 mins",11.39,2.22,3.33,2.50,3.33
Pinho,Goncalo,28602737,goncalo.pinho.1@etu.sorbonne-universite.fr,Finished,"29 novembre 2021  12:32 ","29 novembre 2021  1:39 ","1 hour 7 mins",7.50,1.67,1.67,2.50,1.67
Pirard,Emile,28600880,emile.pirard.1@etu.sorbonne-universite.fr,Finished,"26 novembre 2021  9:03 ","26 novembre 2021  10:48 ","1 hour 45 mins",15.00,5.00,3.33,2.50,4.17
Pulval-Dady,Alan,28603735,alan.pulval-dady.1@etu.sorbonne-universite.fr,Finished,"27 novembre 2021  5:20 ","27 novembre 2021  7:20 ","1 hour 59 mins",15.00,5.00,3.33,2.50,4.17
Ramdani,Cyrena,3805942,cyrena.ramdani@etu.sorbonne-universite.fr,Finished,"29 novembre 2021  3:25 ","29 novembre 2021  4:27 ","1 hour 1 min",13.89,3.89,3.33,2.50,4.17
Rams,Sean,28605296,sean.rams.1@etu.sorbonne-universite.fr,Finished,"28 novembre 2021  6:29 ","28 novembre 2021  7:40 ","1 hour 11 mins",13.89,3.89,3.33,2.50,4.17
Randrianarisoa,Roman,3808834,roman.randrianarisoa@etu.sorbonne-universite.fr,Finished,"27 novembre 2021  11:55 ","27 novembre 2021  1:09 ","1 hour 14 mins",14.17,5.00,3.33,2.50,3.33
Richard,"Samantha Elisabeth",28009976,samantha.richard.2@etu.sorbonne-universite.fr,Finished,"28 novembre 2021  10:21 ","28 novembre 2021  11:55 ","1 hour 34 mins",19.17,5.00,5.00,5.00,4.17
Rozbully,Faraan,3700903,faraan.rozbully@etu.sorbonne-universite.fr,-,-,-,-,-,-,-,-,-
Ruan,Thomas,28606375,thomas.ruan.1@etu.sorbonne-universite.fr,Finished,"28 novembre 2021  7:19 ","28 novembre 2021  8:41 ","1 hour 21 mins",16.11,4.44,5.00,2.50,4.17
"Ruiz Heredia","Jose Antonio",21109006,Jose_Antonio.Ruiz_Heredia@etu.sorbonne-universite.fr,Finished,"29 novembre 2021  8:51 ","29 novembre 2021  9:06 ","15 mins 37 secs",14.17,5.00,5.00,2.50,1.67
Rzeszutko,Kamil,2800282,kamil.rzeszutko@etu.sorbonne-universite.fr,Finished,"28 novembre 2021  7:48 ","28 novembre 2021  9:46 ","1 hour 57 mins",11.11,2.78,3.33,2.50,2.50
Sadi,Amayas,28717408,Amayas.Sadi@etu.sorbonne-universite.fr,Finished,"26 novembre 2021  6:10 ","26 novembre 2021  8:01 ","1 hour 51 mins",13.06,3.89,5.00,0.00,4.17
Sadykova,Karima,28610100,karima.sadykova@etu.sorbonne-universite.fr,Finished,"28 novembre 2021  11:04 ","28 novembre 2021  11:30 ","25 mins 46 secs",16.11,4.44,5.00,2.50,4.17
Said,Sayafdine,28607006,sayafdine.said.1@etu.sorbonne-universite.fr,Finished,"29 novembre 2021  9:27 ","29 novembre 2021  10:30 ","1 hour 2 mins",19.17,5.00,5.00,5.00,4.17
Samar,Anissa,21120079,Anissa.Samar@etu.sorbonne-universite.fr,Finished,"28 novembre 2021  5:39 ","28 novembre 2021  7:20 ","1 hour 41 mins",15.00,5.00,5.00,2.50,2.50
Sane,Kemo,28617513,kemo.sane@etu.sorbonne-universite.fr,Finished,"28 novembre 2021  9:00 ","28 novembre 2021  10:59 ","1 hour 59 mins",13.33,5.00,3.33,2.50,2.50
Sfez,Alexandre,3804652,alexandre.sfez@etu.sorbonne-universite.fr,-,-,-,-,-,-,-,-,-
Shi,Yulin,21112391,Yulin.Shi@etu.sorbonne-universite.fr,Finished,"28 novembre 2021  4:57 ","28 novembre 2021  6:51 ","1 hour 54 mins",11.11,2.78,3.33,2.50,2.50
Sima,Daniel-Ioan,3800992,daniel.sima@etu.sorbonne-universite.fr,Finished,"28 novembre 2021  11:09 ","29 novembre 2021  1:09 ","1 hour 59 mins",17.50,5.00,3.33,5.00,4.17
Simion,Mathys,28705217,Mathys.Simion@etu.sorbonne-universite.fr,Finished,"28 novembre 2021  6:10 ","28 novembre 2021  7:43 ","1 hour 32 mins",14.17,5.00,3.33,2.50,3.33
Singh,Nawelle,28600503,nawelle.singh.1@etu.sorbonne-universite.fr,Finished,"28 novembre 2021  6:42 ","28 novembre 2021  8:18 ","1 hour 36 mins",12.78,2.78,3.33,2.50,4.17
"Sitang Ewande",Ninine,3801541,ninine.sitang_ewande@etu.sorbonne-universite.fr,Finished,"29 novembre 2021  1:26 ","29 novembre 2021  2:29 ","1 hour 3 mins",16.67,5.00,5.00,2.50,4.17
Snaoui,Adam,21119283,Adam.Snaoui@etu.sorbonne-universite.fr,Finished,"29 novembre 2021  9:57 ","29 novembre 2021  10:30 ","33 mins 14 secs",15.00,5.00,5.00,2.50,2.50
Sobot,Allen,28600456,allen.sobot.1@etu.sorbonne-universite.fr,Finished,"29 novembre 2021  2:33 ","29 novembre 2021  4:29 ","1 hour 55 mins",17.50,5.00,3.33,5.00,4.17
Sun,Amélie,28606343,amelie.sun.1@etu.sorbonne-universite.fr,Finished,"28 novembre 2021  7:02 ","28 novembre 2021  8:41 ","1 hour 38 mins",16.11,4.44,5.00,2.50,4.17
Sylla,Amy,28618173,amy.sylla@etu.sorbonne-universite.fr,Finished,"29 novembre 2021  12:37 ","29 novembre 2021  2:32 ","1 hour 54 mins",16.67,5.00,3.33,5.00,3.33
Tang,Remi,28624752,remi.tang@etu.sorbonne-universite.fr,-,-,-,-,-,-,-,-,-
Tchen,Clement,3703339,clement.tchen@etu.sorbonne-universite.fr,Finished,"27 novembre 2021  11:41 ","28 novembre 2021  12:26 ","45 mins 5 secs",12.22,3.89,5.00,2.50,0.83
Terkmani,Kamelia,21116094,Kamelia.Terkmani@etu.sorbonne-universite.fr,Finished,"29 novembre 2021  12:11 ","29 novembre 2021  12:41 ","30 mins 19 secs",17.50,5.00,5.00,5.00,2.50
Thirion,Lou,28614980,lou.thirion@etu.sorbonne-universite.fr,Finished,"27 novembre 2021  4:07 ","27 novembre 2021  5:41 ","1 hour 33 mins",12.50,2.50,3.33,2.50,4.17
"Toguem Fotso","John Kevyn",3970693,john.toguem_fotso@etu.sorbonne-universite.fr,-,-,-,-,-,-,-,-,-
Tragha,Marwan,28615820,marwan.tragha@etu.sorbonne-universite.fr,Finished,"27 novembre 2021  7:34 ","27 novembre 2021  8:52 ","1 hour 17 mins",12.50,5.00,3.33,0.00,4.17
Tran,"Le My",28603688,le.tran@etu.sorbonne-universite.fr,Finished,"29 novembre 2021  12:02 ","29 novembre 2021  12:48 ","46 mins 2 secs",15.00,5.00,3.33,2.50,4.17
Traore,Mamadou,2203537,mamadou.traore@etu.sorbonne-universite.fr,-,-,-,-,-,-,-,-,-
Trumic,Mihajlo,28606345,mihajlo.trumic@etu.sorbonne-universite.fr,Finished,"28 novembre 2021  2:11 ","28 novembre 2021  3:36 ","1 hour 25 mins",19.17,5.00,5.00,5.00,4.17
Vanrycke,Loann,3811248,loann.vanrycke@etu.sorbonne-universite.fr,Finished,"25 novembre 2021  2:07 ","25 novembre 2021  4:02 ","1 hour 55 mins",7.78,1.11,3.33,2.50,0.83
Vedanayagame,Souveda,28600150,souveda.vedanayagame.1@etu.sorbonne-universite.fr,Finished,"28 novembre 2021  8:13 ","28 novembre 2021  9:36 ","1 hour 23 mins",14.44,4.44,5.00,2.50,2.50
Vigano,Alice,3804657,alice.vigano@etu.sorbonne-universite.fr,Finished,"29 novembre 2021  9:54 ","29 novembre 2021  10:30 ","35 mins 3 secs",10.56,3.89,3.33,2.50,0.83
Villard,Lorenzo,3801327,lorenzo.villard@etu.sorbonne-universite.fr,Finished,"27 novembre 2021  6:29 ","27 novembre 2021  7:47 ","1 hour 18 mins",15.83,5.00,3.33,2.50,5.00
Wang,Zhe,21116827,Zhe.Wang@etu.sorbonne-universite.fr,Finished,"28 novembre 2021  1:58 ","28 novembre 2021  3:51 ","1 hour 53 mins",15.00,5.00,5.00,2.50,2.50
Warmé-Janville,Auguste,3800191,auguste.warme-janville@etu.sorbonne-universite.fr,Finished,"28 novembre 2021  3:56 ","28 novembre 2021  4:24 ","27 mins 18 secs",14.72,4.72,5.00,2.50,2.50
Wu,Julie,28600741,julie.wu.1@etu.sorbonne-universite.fr,Finished,"27 novembre 2021  4:37 ","27 novembre 2021  6:29 ","1 hour 52 mins",6.39,2.22,3.33,0.00,0.83
Wu,Isabelle,28606994,isabelle.wu.2@etu.sorbonne-universite.fr,Finished,"28 novembre 2021  11:40 ","29 novembre 2021  12:22 ","41 mins 25 secs",12.50,5.00,3.33,2.50,1.67
Xia,Alexandre,28604113,alexandre.xia.1@etu.sorbonne-universite.fr,Finished,"25 novembre 2021  7:24 ","25 novembre 2021  9:02 ","1 hour 38 mins",15.00,5.00,3.33,2.50,4.17
Xu,Jin,3700044,jin.xu@etu.sorbonne-universite.fr,-,-,-,-,-,-,-,-,-
Yang,Kai,21107392,Kai.Yang@etu.sorbonne-universite.fr,Finished,"29 novembre 2021  12:01 ","29 novembre 2021  12:44 ","43 mins 34 secs",13.33,5.00,3.33,2.50,2.50
Yehya,Jad,28609954,jad.yehya.1@etu.sorbonne-universite.fr,Finished,"27 novembre 2021  12:30 ","27 novembre 2021  1:25 ","55 mins 18 secs",15.00,5.00,3.33,2.50,4.17
"Youcef Khodja",Amine,21113585,Amine.Youcef_Khodja@etu.sorbonne-universite.fr,Finished,"26 novembre 2021  6:12 ","26 novembre 2021  8:01 ","1 hour 49 mins",13.06,3.89,5.00,0.00,4.17
Zanan,Nour,28607755,nour.zanan.1@etu.sorbonne-universite.fr,Finished,"29 novembre 2021  9:39 ","29 novembre 2021  10:30 ","50 mins 5 secs",13.33,5.00,3.33,2.50,2.50
Zeng,Fanxiang,28600693,fanxiang.zeng@etu.sorbonne-universite.fr,Finished,"23 novembre 2021  11:18 ","23 novembre 2021  1:12 ","1 hour 53 mins",16.67,5.00,5.00,2.50,4.17
Zerbib,Raphael,28601765,raphael.zerbib.1@etu.sorbonne-universite.fr,Finished,"28 novembre 2021  6:25 ","28 novembre 2021  7:00 ","34 mins 48 secs",12.22,3.89,3.33,2.50,2.50
Zhang,Han,3970759,han.zhang@etu.sorbonne-universite.fr,-,-,-,-,-,-,-,-,-
Zhang,Xu,3803083,xu.zhang@etu.sorbonne-universite.fr,Finished,"28 novembre 2021  12:12 ","28 novembre 2021  1:25 ","1 hour 12 mins",10.83,5.00,3.33,0.00,2.50
Zhang,Jacques,28607704,jacques.zhang.1@etu.sorbonne-universite.fr,Finished,"28 novembre 2021  3:10 ","28 novembre 2021  4:05 ","55 mins 8 secs",12.50,5.00,3.33,0.00,4.17
Zhang,Yilu,28601009,yilu.zhang.1@etu.sorbonne-universite.fr,Finished,"29 novembre 2021  12:15 ","29 novembre 2021  2:15 ","2 hours",16.67,5.00,5.00,2.50,4.17
Zhuang,Christian,28601285,christian.zhuang.1@etu.sorbonne-universite.fr,Finished,"28 novembre 2021  4:41 ","28 novembre 2021  6:36 ","1 hour 55 mins",10.00,5.00,0.00,2.50,2.50
"Zou Al Guyna",Louai,3680880,louai.zou_al_guyna@etu.sorbonne-universite.fr,Finished,"29 novembre 2021  5:47 ","29 novembre 2021  6:11 ","24 mins 12 secs",15.00,5.00,3.33,2.50,4.17
Zouba,Thomas,21101133,Thomas.Zouba@etu.sorbonne-universite.fr,Finished,"27 novembre 2021  2:47 ","27 novembre 2021  3:55 ","1 hour 7 mins",12.50,5.00,3.33,2.50,1.67
Zouhri,Bilal,3703980,bilal.zouhri@etu.sorbonne-universite.fr,Finished,"28 novembre 2021  6:21 ","28 novembre 2021  7:39 ","1 hour 17 mins",15.00,5.00,3.33,2.50,4.17
"Overall average",,,,,,,,14.16,4.49,3.76,2.62,3.29
