﻿Surname,"First name","ID number","Email address",State,"Started on",Completed,"Time taken",Grade/20.00,"Q. 1 /20.00"
Abdillahi,"Ben Idris Michel",3812573,ben.abdillahi@etu.sorbonne-universite.fr,Finished,"5 décembre 2021  1:04 ","5 décembre 2021  2:09 ","1 hour 4 mins",18.10,18.10
Abeles,Walter,28610484,walter.abeles@etu.sorbonne-universite.fr,Finished,"5 décembre 2021  5:48 ","5 décembre 2021  6:38 ","49 mins 15 secs",14.76,14.76
Abkress,Barka,28606227,barka.abkress.1@etu.sorbonne-universite.fr,Finished,"5 décembre 2021  8:26 ","5 décembre 2021  10:15 ","1 hour 48 mins",12.38,12.38
Afoulous,Oumaima,3802791,oumaima.afoulous@etu.sorbonne-universite.fr,Finished,"6 décembre 2021  9:27 ","6 décembre 2021  10:28 ","1 hour",16.67,16.67
"Ahmed Ali",Nassim,21113025,Nassim.Ahmed_Ali@etu.sorbonne-universite.fr,Finished,"5 décembre 2021  12:22 ","5 décembre 2021  1:15 ","53 mins 15 secs",16.67,16.67
"Ait Khelifa",Tanina,21110432,Tanina.Ait_Khelifa@etu.sorbonne-universite.fr,Finished,"5 décembre 2021  1:48 ","5 décembre 2021  2:15 ","27 mins 15 secs",16.19,16.19
Akhtarkhavari,Parto,28606489,parto.akhtarkhavari.1@etu.sorbonne-universite.fr,Finished,"6 décembre 2021  2:58 ","6 décembre 2021  3:54 ","55 mins 58 secs",13.81,13.81
"Al Awayd",Wissam,3701350,wissam.al_awayd@etu.sorbonne-universite.fr,Finished,"5 décembre 2021  11:19 ","6 décembre 2021  12:56 ","1 hour 36 mins",13.81,13.81
Alayoud,Yanis,28600748,yanis.alayoud.1@etu.sorbonne-universite.fr,Finished,"5 décembre 2021  6:26 ","5 décembre 2021  6:58 ","31 mins 39 secs",12.86,12.86
Albitar,Nadia,3671406,nadia.albitar@etu.sorbonne-universite.fr,Finished,"6 décembre 2021  9:13 ","6 décembre 2021  9:48 ","34 mins 28 secs",11.43,11.43
Alexandre,Ronald,3407195,ronald.alexandre@etu.sorbonne-universite.fr,-,-,-,-,-,-
Alliot,Leane,28602178,leane.alliot.1@etu.sorbonne-universite.fr,Finished,"5 décembre 2021  9:02 ","5 décembre 2021  9:40 ","37 mins 59 secs",13.33,13.33
Amanzougarene,Eldjouher,3601270,eldjouher.amanzougarene@etu.sorbonne-universite.fr,-,-,-,-,-,-
Amnache,Atena,28618735,atena.amnache@etu.sorbonne-universite.fr,-,-,-,-,-,-
Amri,Malek,28710546,Malek.Amri@etu.sorbonne-universite.fr,Finished,"5 décembre 2021  11:49 ","6 décembre 2021  1:34 ","1 hour 45 mins",16.67,16.67
Aouchiche,Juba,28610319,juba.aouchiche@etu.sorbonne-universite.fr,Finished,"6 décembre 2021  8:23 ","6 décembre 2021  10:06 ","1 hour 42 mins",17.14,17.14
"Arbulu Sedano",Diego,3808688,diego.arbulu_sedano@etu.sorbonne-universite.fr,Finished,"6 décembre 2021  5:51 ","6 décembre 2021  6:17 ","26 mins 30 secs",16.67,16.67
Archambaud,Florian,3804270,florian.archambaud@etu.sorbonne-universite.fr,Finished,"29 novembre 2021  6:11 ","29 novembre 2021  6:59 ","48 mins 17 secs",10.95,10.95
Arnal,Anaïs,28609148,anais.arnal@etu.sorbonne-universite.fr,Finished,"5 décembre 2021  11:41 ","6 décembre 2021  12:56 ","1 hour 15 mins",12.86,12.86
Atsé,Yapi,3803860,yapi.atse@etu.sorbonne-universite.fr,Finished,"6 décembre 2021  9:20 ","6 décembre 2021  10:02 ","42 mins 9 secs",5.71,5.71
Ayed,Bilel,28626848,bilel.ayed.1@etu.sorbonne-universite.fr,Finished,"5 décembre 2021  11:05 ","5 décembre 2021  11:27 ","22 mins 31 secs",13.81,13.81
Baasch,Matthias,21109634,Matthias.Baasch@etu.sorbonne-universite.fr,-,-,-,-,-,-
Babaali,Mohamed,28601465,mohamed.babaali.1@etu.sorbonne-universite.fr,Finished,"5 décembre 2021  11:11 ","6 décembre 2021  12:32 ","1 hour 20 mins",18.57,18.57
Bait,Alexander,28609336,alexander.bait.1@etu.sorbonne-universite.fr,Finished,"4 décembre 2021  5:14 ","4 décembre 2021  6:20 ","1 hour 5 mins",18.57,18.57
Ball,Ndiaye,3702933,ndiaye.ball@etu.sorbonne-universite.fr,Finished,"5 décembre 2021  5:06 ","5 décembre 2021  7:00 ","1 hour 53 mins",18.57,18.57
Baloul,"Mohamed Ryane",21113008,Mohamed_Ryane.Baloul@etu.sorbonne-universite.fr,-,-,-,-,-,-
Bayoudh,Fares,28600163,fares.bayoudh.1@etu.sorbonne-universite.fr,Finished,"5 décembre 2021  10:19 ","5 décembre 2021  10:38 ","18 mins 6 secs",17.62,17.62
Bazil,Olando,28608499,olando.bazil@etu.sorbonne-universite.fr,Finished,"6 décembre 2021  12:32 ","6 décembre 2021  1:26 ","53 mins 8 secs",12.38,12.38
Beldjilali,Amel,21115553,Amel.Beldjilali@etu.sorbonne-universite.fr,Finished,"6 décembre 2021  12:50 ","6 décembre 2021  1:50 ","59 mins 53 secs",17.62,17.62
Bellaiche,Samuel,28600786,samuel.bellaiche.1@etu.sorbonne-universite.fr,Finished,"6 décembre 2021  9:15 ","6 décembre 2021  9:36 ","20 mins 39 secs",12.86,12.86
Bellaoud,Nassim,3700196,nassim.bellaoud@etu.sorbonne-universite.fr,Finished,"5 décembre 2021  5:25 ","5 décembre 2021  5:28 ","3 mins 43 secs",7.14,7.14
Ben-Mohamed,Ines,28607963,ines.ben-mohamed.1@etu.sorbonne-universite.fr,Finished,"6 décembre 2021  9:34 ","6 décembre 2021  10:30 ","55 mins 46 secs",11.90,11.90
Benhaddad,Ahcene,3804630,ahcene.benhadddad@etu.sorbonne-universite.fr,Finished,"5 décembre 2021  11:58 ","6 décembre 2021  1:52 ","1 hour 54 mins",16.67,16.67
Benlaldj,"Zohra Chihez",21112712,Zohra_Chihez.Benlaldj@etu.sorbonne-universite.fr,Finished,"5 décembre 2021  1:31 ","5 décembre 2021  2:33 ","1 hour 1 min",18.10,18.10
Benmansour,Sofiane,3504377,sofiane.benmansour@etu.sorbonne-universite.fr,-,-,-,-,-,-
Berrada,Nacer,28610440,nacer.berrada@etu.sorbonne-universite.fr,Finished,"6 décembre 2021  12:02 ","6 décembre 2021  12:55 ","52 mins 27 secs",16.19,16.19
Berrichi,Manelle,28600291,manelle.berrichi.1@etu.sorbonne-universite.fr,Finished,"5 décembre 2021  9:59 ","5 décembre 2021  10:41 ","41 mins 41 secs",18.10,18.10
Besnier,Lucien,3803479,lucien.besnier@etu.sorbonne-universite.fr,Finished,"6 décembre 2021  9:18 ","6 décembre 2021  10:13 ","54 mins 41 secs",8.10,8.10
Bessad,Melina,28610730,melina.bessad@etu.sorbonne-universite.fr,Finished,"4 décembre 2021  4:20 ","4 décembre 2021  5:03 ","42 mins 50 secs",18.57,18.57
Bikou,Angie-Sofia,3700648,angie-sofia.bikou@etu.sorbonne-universite.fr,-,-,-,-,-,-
Billon,Martin,3801962,martin.billon@etu.sorbonne-universite.fr,Finished,"5 décembre 2021  10:16 ","5 décembre 2021  11:02 ","46 mins 16 secs",18.10,18.10
"Blasco Gallego",Lucia,21109706,Lucia.Blasco_Gallego@etu.sorbonne-universite.fr,-,-,-,-,-,-
Boda,Jeremy,28603394,jeremy.boda.1@etu.sorbonne-universite.fr,Finished,"6 décembre 2021  9:11 ","6 décembre 2021  9:29 ","17 mins 35 secs",12.38,12.38
Bontempelli,Manon,28600844,manon.bontempelli.1@etu.sorbonne-universite.fr,Finished,"5 décembre 2021  10:30 ","5 décembre 2021  11:14 ","43 mins 34 secs",16.67,16.67
Bouaicha,Kenza,3703308,kenza.bouaicha@etu.sorbonne-universite.fr,Finished,"5 décembre 2021  8:51 ","5 décembre 2021  10:51 ","2 hours",13.81,13.81
Boucherrab,Rayan,28610497,rayan.boucherrab@etu.sorbonne-universite.fr,Finished,"6 décembre 2021  7:31 ","6 décembre 2021  8:00 ","29 mins 47 secs",17.14,17.14
Bouchouchi,Nour,28600211,nour.bouchouchi.1@etu.sorbonne-universite.fr,Finished,"3 décembre 2021  7:49 ","3 décembre 2021  8:56 ","1 hour 6 mins",18.10,18.10
Bouheraoua,Sarah,21113695,Sarah.Bouheraoua@etu.sorbonne-universite.fr,Finished,"6 décembre 2021  8:20 ","6 décembre 2021  9:25 ","1 hour 5 mins",13.81,13.81
Bouhraoua,Ines,21115204,Ines.Bouhraoua@etu.sorbonne-universite.fr,Finished,"5 décembre 2021  12:52 ","5 décembre 2021  2:27 ","1 hour 35 mins",13.33,13.33
Bouloudani,Haroun,28002307,Haroun.Bouloudani@etu.sorbonne-universite.fr,Finished,"4 décembre 2021  7:12 ","4 décembre 2021  8:30 ","1 hour 18 mins",16.67,16.67
Bounichou,Hugo,3700560,hugo.bounichou@etu.sorbonne-universite.fr,Finished,"6 décembre 2021  3:05 ","6 décembre 2021  3:31 ","26 mins 22 secs",11.43,11.43
Bourekh,Zidane,3677063,zidane.bourekh@etu.sorbonne-universite.fr,Finished,"5 décembre 2021  6:59 ","5 décembre 2021  8:59 ","2 hours",5.71,5.71
Bourlette,Lucas,3672216,lucas.bourlette@etu.sorbonne-universite.fr,-,-,-,-,-,-
Boutaleb,"Mohamed Allaa Eddine",21112734,Mohamed_Allaa_Eddine.Boutaleb@etu.sorbonne-universite.fr,Finished,"5 décembre 2021  1:26 ","5 décembre 2021  2:35 ","1 hour 9 mins",18.10,18.10
"Bouton Popper",Jules,28600665,jules.bouton.2@etu.sorbonne-universite.fr,Finished,"5 décembre 2021  5:05 ","5 décembre 2021  6:22 ","1 hour 17 mins",17.62,17.62
Bouzaglou,Ariel,28607480,ariel.bouzaglou.1@etu.sorbonne-universite.fr,Finished,"6 décembre 2021  12:53 ","6 décembre 2021  1:59 ","1 hour 6 mins",17.62,17.62
Boyadjiev,Todor,28507548,todor.boyadjiev.2@etu.sorbonne-universite.fr,Finished,"6 décembre 2021  8:24 ","6 décembre 2021  8:59 ","35 mins 32 secs",11.90,11.90
Brazane,Sabrina,3803162,sabrina.brazane@etu.sorbonne-universite.fr,Finished,"5 décembre 2021  11:50 ","6 décembre 2021  1:35 ","1 hour 45 mins",16.19,16.19
Caraux,Theophane,28602627,theophane.caraux.1@etu.sorbonne-universite.fr,Finished,"5 décembre 2021  10:21 ","5 décembre 2021  10:57 ","35 mins 32 secs",13.81,13.81
Chaouati,Oualid,21114737,Oualid.Chaouati@etu.sorbonne-universite.fr,Finished,"6 décembre 2021  9:01 ","6 décembre 2021  10:30 ","1 hour 28 mins",10.48,10.48
Charlot,Théo,3804195,theo.charlot@etu.sorbonne-universite.fr,Finished,"5 décembre 2021  12:10 ","5 décembre 2021  1:42 ","1 hour 32 mins",15.24,15.24
Chen,Jinhe,3802503,jinhe.chen@etu.sorbonne-universite.fr,Finished,"6 décembre 2021  1:39 ","6 décembre 2021  2:02 ","22 mins 54 secs",6.19,6.19
Cherfaoui,Melissa,28720090,Melissa.Cherfaoui@etu.sorbonne-universite.fr,Finished,"5 décembre 2021  11:45 ","6 décembre 2021  12:50 ","1 hour 5 mins",18.10,18.10
Cherfi,Farouck,3407463,farouck.cherfi@etu.sorbonne-universite.fr,Finished,"5 décembre 2021  11:45 ","6 décembre 2021  12:43 ","58 mins 31 secs",14.29,14.29
Chikh,Mehdi,3677161,mehdi.chikh@etu.sorbonne-universite.fr,Finished,"6 décembre 2021  12:32 ","6 décembre 2021  1:55 ","1 hour 23 mins",7.14,7.14
Cohen,Orlane,28603418,orlane.cohen.1@etu.sorbonne-universite.fr,Finished,"3 décembre 2021  9:15 ","3 décembre 2021  9:58 ","42 mins 47 secs",18.10,18.10
Corlue,Florian,28607538,florian.corlue.1@etu.sorbonne-universite.fr,Finished,"5 décembre 2021  9:42 ","5 décembre 2021  10:51 ","1 hour 9 mins",9.52,9.52
Curaut,Charline,3810013,Charline.Curaut@etu.sorbonne-universite.fr,Finished,"5 décembre 2021  10:16 ","5 décembre 2021  10:58 ","42 mins 55 secs",18.10,18.10
Dabrowski,Mateusz,21109700,Mateusz.Dabrowski@etu.sorbonne-universite.fr,Finished,"6 décembre 2021  6:19 ","6 décembre 2021  6:41 ","21 mins 52 secs",13.81,13.81
"De Sacy",Anne,28610199,anne.silvestre_de_sacy-nougaret-@etu.sorbonne-universite.fr,Finished,"30 novembre 2021  3:40 ","30 novembre 2021  4:59 ","1 hour 18 mins",18.57,18.57
Delgado,Thomas,3407716,thomas.delgado@etu.sorbonne-universite.fr,-,-,-,-,-,-
Diallo,"Mohamed Aliou",28604190,mohamed.diallo@etu.sorbonne-universite.fr,Finished,"5 décembre 2021  8:26 ","5 décembre 2021  10:15 ","1 hour 48 mins",14.76,14.76
Diallo,Faldou,3674474,faldou.diallo@etu.sorbonne-universite.fr,Finished,"6 décembre 2021  12:59 ","6 décembre 2021  2:27 ","1 hour 27 mins",14.76,14.76
Doucouré,Dramane,3520680,dramane.doucoure@etu.sorbonne-universite.fr,-,-,-,-,-,-
Doufene,Malik,21113747,Malik.Doufene@etu.sorbonne-universite.fr,Finished,"5 décembre 2021  1:40 ","5 décembre 2021  3:27 ","1 hour 46 mins",18.10,18.10
Drouard,François-Xavier,3800028,francois-xavier.drouard@etu.sorbonne-universite.fr,Finished,"5 décembre 2021  5:08 ","5 décembre 2021  7:08 ","2 hours",0.00,0.00
Du,Sylvain,28607117,sylvain.du.1@etu.sorbonne-universite.fr,Finished,"5 décembre 2021  11:12 ","6 décembre 2021  12:11 ","59 mins 8 secs",18.10,18.10
Dziri,Hakim,3800075,hakim.dziri@etu.sorbonne-universite.fr,-,-,-,-,-,-
"El Bouhali",Mouataz,28619891,mouataz.el_bouhali@etu.sorbonne-universite.fr,Finished,"6 décembre 2021  1:14 ","6 décembre 2021  3:14 ","2 hours",17.14,17.14
"El Fahdi",Ismaël,3802719,ismael.el_fahdi@etu.sorbonne-universite.fr,-,-,-,-,-,-
"El Ghali",Yosr,3802466,yosr.elghali@etu.sorbonne-universite.fr,Finished,"5 décembre 2021  4:27 ","5 décembre 2021  5:16 ","49 mins 40 secs",18.57,18.57
"El Khaddar",Marwan,3673536,marwan.el_khaddar@etu.sorbonne-universite.fr,-,-,-,-,-,-
"El Youbi",Ali,3506467,ali.el_youbi@etu.sorbonne-universite.fr,-,-,-,-,-,-
Erjil,Hichem,28600653,hichem.erjil.1@etu.sorbonne-universite.fr,Finished,"5 décembre 2021  5:27 ","5 décembre 2021  5:54 ","26 mins 36 secs",13.81,13.81
Exertier,Firmin,28610514,firmin.exertier@etu.sorbonne-universite.fr,Finished,"6 décembre 2021  9:02 ","6 décembre 2021  10:30 ","1 hour 28 mins",13.33,13.33
Fahmy,Youssef,28609831,youssef.fahmy@etu.sorbonne-universite.fr,Finished,"5 décembre 2021  11:45 ","6 décembre 2021  12:53 ","1 hour 8 mins",18.57,18.57
Felix,Wycherley-Kassel,3702385,wycherley-kassel.felix@etu.sorbonne-universite.fr,Finished,"5 décembre 2021  8:13 ","5 décembre 2021  9:12 ","58 mins 45 secs",17.62,17.62
Francoise,Raphael,28600759,raphael.francoise.1@etu.sorbonne-universite.fr,Finished,"6 décembre 2021  12:49 ","6 décembre 2021  1:28 ","38 mins 46 secs",18.57,18.57
Frigola,Arthur,28607831,arthur.frigola.1@etu.sorbonne-universite.fr,-,-,-,-,-,-
Fu,Zhenyue,28620112,zhenyue.fu@etu.sorbonne-universite.fr,Finished,"5 décembre 2021  8:11 ","5 décembre 2021  9:07 ","56 mins 22 secs",18.57,18.57
Fumard,Lucas,28602386,lucas.fumard.1@etu.sorbonne-universite.fr,Finished,"30 novembre 2021  11:51 ","30 novembre 2021  12:26 ","35 mins 7 secs",11.90,11.90
Gallet,Camille,3700630,camille.gallet.1@etu.sorbonne-universite.fr,Finished,"5 décembre 2021  11:58 ","6 décembre 2021  1:26 ","1 hour 28 mins",12.86,12.86
Gaudinot,Salomon,28600769,salomon.gaudinot.1@etu.sorbonne-universite.fr,Finished,"5 décembre 2021  4:54 ","5 décembre 2021  5:35 ","41 mins 15 secs",14.76,14.76
Gaydon,Julie,28606830,julie.gaydon@etu.sorbonne-universite.fr,Finished,"5 décembre 2021  2:30 ","5 décembre 2021  4:25 ","1 hour 54 mins",13.33,13.33
Gazquez,Miguel,28600492,miguel.gazquez.1@etu.sorbonne-universite.fr,Finished,"6 décembre 2021  9:10 ","6 décembre 2021  9:25 ","14 mins 57 secs",18.57,18.57
Giuliani,Carla,28605022,carla.giuliani.2@etu.sorbonne-universite.fr,Finished,"5 décembre 2021  7:45 ","5 décembre 2021  8:53 ","1 hour 8 mins",13.81,13.81
Gojak,Zlatan,3801873,zlatan.gojak@etu.sorbonne-universite.fr,Finished,"5 décembre 2021  10:01 ","5 décembre 2021  10:51 ","49 mins 40 secs",17.62,17.62
Goulmot,Cedric,3971371,cedric.goulmot@etu.sorbonne-universite.fr,-,-,-,-,-,-
Guo,Youheng,28711440,Youheng.Guo@etu.sorbonne-universite.fr,Finished,"6 décembre 2021  12:07 ","6 décembre 2021  2:07 ","1 hour 59 mins",16.67,16.67
Hadji,Mohamed,3702996,mohamed.hadji@etu.sorbonne-universite.fr,Finished,"4 décembre 2021  1:57 ","4 décembre 2021  2:31 ","33 mins 18 secs",15.71,15.71
Halila,Youssef,28610207,youssef.halila@etu.sorbonne-universite.fr,-,-,-,-,-,-
Halit,Yanis,28600464,yanis.halit.1@etu.sorbonne-universite.fr,Finished,"5 décembre 2021  9:18 ","5 décembre 2021  10:31 ","1 hour 12 mins",18.10,18.10
Hamadouche,Mebarek,28506638,mebarek.hamadouche@etu.sorbonne-universite.fr,Finished,"5 décembre 2021  10:42 ","6 décembre 2021  12:36 ","1 hour 53 mins",17.14,17.14
Hamdi,Charafeddine,3800477,charafeddine.hamdi@etu.sorbonne-universite.fr,Finished,"6 décembre 2021  2:17 ","6 décembre 2021  4:16 ","1 hour 59 mins",15.24,15.24
Hammachi,Nourdinne,28604304,nourdinne.hammachi.1@etu.sorbonne-universite.fr,Finished,"5 décembre 2021  4:19 ","5 décembre 2021  5:25 ","1 hour 5 mins",13.81,13.81
Hassanein,Youssef,3522807,youssef.hassanein@etu.sorbonne-universite.fr,-,-,-,-,-,-
Hayat,Ruben,28608396,ruben.hayat.1@etu.sorbonne-universite.fr,Finished,"5 décembre 2021  4:19 ","5 décembre 2021  5:35 ","1 hour 15 mins",13.33,13.33
Hebert,Thomas,3708782,thomas.hebert@etu.sorbonne-universite.fr,Finished,"5 décembre 2021  12:09 ","5 décembre 2021  12:56 ","46 mins 28 secs",13.81,13.81
Hwang,"Chan Yeong",28610448,chan.hwang@etu.sorbonne-universite.fr,Finished,"5 décembre 2021  9:20 ","5 décembre 2021  11:20 ","2 hours",15.24,15.24
"Ibobi Sambila",Osee,3704090,osee.ibobi_sambila@etu.sorbonne-universite.fr,-,-,-,-,-,-
Idouar,Yacine,28610117,yacine.idouar@etu.sorbonne-universite.fr,Finished,"5 décembre 2021  4:45 ","5 décembre 2021  5:28 ","43 mins 22 secs",12.86,12.86
Ikhenoussene,Yanis,28601953,yanis.ikhenoussene.1@etu.sorbonne-universite.fr,Finished,"5 décembre 2021  4:09 ","5 décembre 2021  4:59 ","49 mins 52 secs",10.00,10.00
Illouz,Maxime,28600470,maxime.illouz.1@etu.sorbonne-universite.fr,Finished,"5 décembre 2021  11:41 ","6 décembre 2021  1:15 ","1 hour 33 mins",17.14,17.14
Ith,Marc,3302184,marc.ith@etu.sorbonne-universite.fr,-,-,-,-,-,-
Jankovskaja,Elina,28607314,elina.jankovskaja.1@etu.sorbonne-universite.fr,Finished,"5 décembre 2021  7:44 ","5 décembre 2021  9:28 ","1 hour 43 mins",11.43,11.43
"Jean Marie Flore",Samuel,3800583,samuel.jean_marie_flore@etu.sorbonne-universite.fr,-,-,-,-,-,-
Jriby,Jawher,3702809,jawher.jriby@etu.sorbonne-universite.fr,Finished,"5 décembre 2021  6:22 ","5 décembre 2021  6:57 ","34 mins 36 secs",10.00,10.00
"K Murali",Sharane,3701883,sharane.k_murali@etu.sorbonne-universite.fr,Finished,"5 décembre 2021  8:09 ","5 décembre 2021  9:27 ","1 hour 18 mins",14.29,14.29
Kabongo,Ben,21116436,Ben.Kabongo@etu.sorbonne-universite.fr,Finished,"6 décembre 2021  1:28 ","6 décembre 2021  3:08 ","1 hour 39 mins",16.67,16.67
Kada,Dina,28601301,dina.kada.1@etu.sorbonne-universite.fr,Finished,"4 décembre 2021  8:54 ","4 décembre 2021  9:49 ","54 mins 59 secs",14.76,14.76
Kamouche,Neila,28605864,neila.kamouche.1@etu.sorbonne-universite.fr,Finished,"5 décembre 2021  11:09 ","5 décembre 2021  11:37 ","27 mins 50 secs",13.81,13.81
Ke,Ilene,3700453,ilene.ke@etu.sorbonne-universite.fr,Finished,"5 décembre 2021  11:06 ","6 décembre 2021  12:17 ","1 hour 10 mins",13.33,13.33
Kedadry,Yannis,3808875,yannis.kedadry@etu.sorbonne-universite.fr,Finished,"29 novembre 2021  6:24 ","29 novembre 2021  6:46 ","22 mins 3 secs",10.95,10.95
Kemiche,Koceila,21114731,Koceila.Kemiche@etu.sorbonne-universite.fr,Finished,"6 décembre 2021  2:29 ","6 décembre 2021  3:06 ","36 mins 42 secs",16.67,16.67
Kerharo,Cathy,28600559,cathy.kerharo.1@etu.sorbonne-universite.fr,Finished,"5 décembre 2021  11:32 ","6 décembre 2021  12:17 ","44 mins 39 secs",11.90,11.90
Khan,Anin,3801610,anin.khan@etu.sorbonne-universite.fr,Finished,"5 décembre 2021  11:32 ","6 décembre 2021  12:05 ","33 mins 12 secs",15.71,15.71
Klich,"Nour Elhouda",28610130,nour.klich@etu.sorbonne-universite.fr,Finished,"5 décembre 2021  4:59 ","5 décembre 2021  6:10 ","1 hour 11 mins",17.14,17.14
Kolli,Hamid,28717594,Hamid.Kolli@etu.sorbonne-universite.fr,Finished,"3 décembre 2021  6:16 ","3 décembre 2021  7:53 ","1 hour 37 mins",18.57,18.57
Korrabi,Madjid,28614924,madjid.korrabi@etu.sorbonne-universite.fr,Finished,"6 décembre 2021  4:01 ","6 décembre 2021  4:18 ","17 mins 21 secs",13.81,13.81
Koskas,Ilan,3800162,ilan.koskas@etu.sorbonne-universite.fr,Finished,"5 décembre 2021  11:23 ","5 décembre 2021  12:42 ","1 hour 19 mins",17.14,17.14
"Koumgang Tegantchouang",Adrien,21109170,Adrien.Koumgang_Tegantchouang@etu.sorbonne-universite.fr,Finished,"6 décembre 2021  7:23 ","6 décembre 2021  8:53 ","1 hour 29 mins",13.33,13.33
Kwonn,Simon,3709743,simon.kwonn@etu.sorbonne-universite.fr,Finished,"4 décembre 2021  2:01 ","4 décembre 2021  3:01 ","59 mins 47 secs",10.48,10.48
Labady,"Sterley Gilbert",21100776,Sterley_Gilbert.Labady@etu.sorbonne-universite.fr,Finished,"5 décembre 2021  8:39 ","5 décembre 2021  9:22 ","42 mins 50 secs",14.29,14.29
Lachachi,Yasmine,28710229,Yasmine.Lachachi@etu.sorbonne-universite.fr,-,-,-,-,-,-
Lachemot,Cédric,3705179,cedric.lachemot@etu.sorbonne-universite.fr,-,-,-,-,-,-
Lachgar,Amine,3802257,amine.lachgar@etu.sorbonne-universite.fr,Finished,"5 décembre 2021  8:55 ","5 décembre 2021  9:37 ","41 mins 58 secs",17.62,17.62
Lacoume,Claire,28610667,claire.lacoume@etu.sorbonne-universite.fr,Finished,"5 décembre 2021  9:57 ","5 décembre 2021  10:59 ","1 hour 2 mins",18.57,18.57
Lam,Stéphane,3672320,stephane.lam@etu.sorbonne-universite.fr,Finished,"6 décembre 2021  12:46 ","6 décembre 2021  1:20 ","34 mins 43 secs",13.81,13.81
Lechgar,Houssam,28610190,houssam.lechgar@etu.sorbonne-universite.fr,Finished,"5 décembre 2021  10:00 ","5 décembre 2021  11:41 ","1 hour 41 mins",17.14,17.14
Lee,"Jae Wook",21108842,Jae_Wook.Lee@etu.sorbonne-universite.fr,Finished,"6 décembre 2021  1:37 ","6 décembre 2021  3:01 ","1 hour 23 mins",18.57,18.57
Legendre--Despas,Jeanne,3810768,jeanne.legendre--despas@etu.sorbonne-universite.fr,Finished,"6 décembre 2021  12:44 ","6 décembre 2021  2:44 ","2 hours",15.71,15.71
Lemaitre,Alexandre,3876023,alexandre.lemaitre@etu.sorbonne-universite.fr,-,-,-,-,-,-
"Levanson Dit Akbarali","Mohamed Hasir",28601393,mohamed.levanson_dit_akbarali@etu.sorbonne-universite.fr,Finished,"5 décembre 2021  10:16 ","6 décembre 2021  12:11 ","1 hour 54 mins",12.86,12.86
Li,Junji,28610187,junji.li@etu.sorbonne-universite.fr,Finished,"30 novembre 2021  11:48 ","30 novembre 2021  1:26 ","1 hour 37 mins",18.57,18.57
Lifsal,Loubna,3309154,loubna.lifsal@etu.sorbonne-universite.fr,Finished,"6 décembre 2021  9:05 ","6 décembre 2021  10:29 ","1 hour 24 mins",15.71,15.71
Lin,Jeremy,28602292,jeremy.lin.1@etu.sorbonne-universite.fr,-,-,-,-,-,-
Lin,Charles,3812676,Charles.Lin@etu.sorbonne-universite.fr,Finished,"30 novembre 2021  4:39 ","30 novembre 2021  5:58 ","1 hour 19 mins",13.33,13.33
Longuet,Axel,28600563,axel.longuet.1@etu.sorbonne-universite.fr,Finished,"4 décembre 2021  4:57 ","4 décembre 2021  6:07 ","1 hour 10 mins",18.10,18.10
Loyau-Kahn,Felix,28607223,felix.loyau-kahn@etu.sorbonne-universite.fr,Finished,"5 décembre 2021  8:15 ","5 décembre 2021  8:39 ","23 mins 55 secs",10.48,10.48
Luo,Yukai,28620155,yukai.luo@etu.sorbonne-universite.fr,Finished,"6 décembre 2021  12:49 ","6 décembre 2021  1:58 ","1 hour 9 mins",14.76,14.76
Luvisamo,"Mulemesa Jessy",3415756,mulemesa.luvisamo@etu.sorbonne-universite.fr,Finished,"6 décembre 2021  8:30 ","6 décembre 2021  9:19 ","48 mins 47 secs",16.19,16.19
Ly,Sylvie,3522190,sylvie.ly@etu.sorbonne-universite.fr,Finished,"4 décembre 2021  9:58 ","4 décembre 2021  10:38 ","40 mins 14 secs",17.62,17.62
Macabre,Loona,28609645,loona.macabre.1@etu.sorbonne-universite.fr,Finished,"5 décembre 2021  6:53 ","5 décembre 2021  8:20 ","1 hour 27 mins",13.81,13.81
Maire,Maxence,28605064,maxence.maire@etu.sorbonne-universite.fr,Finished,"4 décembre 2021  7:38 ","4 décembre 2021  8:36 ","58 mins 6 secs",10.95,10.95
Makhlouf,Rayane,28617603,rayane.makhlouf@etu.sorbonne-universite.fr,Finished,"3 décembre 2021  6:16 ","3 décembre 2021  7:52 ","1 hour 36 mins",18.57,18.57
Marques,Romain,28600712,romain.marques.1@etu.sorbonne-universite.fr,Finished,"5 décembre 2021  5:19 ","5 décembre 2021  6:32 ","1 hour 13 mins",10.95,10.95
Martin,Amaury,28610127,amaury.martin.1@etu.sorbonne-universite.fr,Finished,"5 décembre 2021  6:12 ","5 décembre 2021  8:12 ","2 hours",11.90,11.90
Mastor,Assia,28602563,assia.mastor.1@etu.sorbonne-universite.fr,Finished,"5 décembre 2021  9:43 ","5 décembre 2021  10:17 ","33 mins 33 secs",17.14,17.14
Mazari,Messilva,28610328,messilva.mazari@etu.sorbonne-universite.fr,Finished,"5 décembre 2021  5:31 ","5 décembre 2021  6:09 ","38 mins 4 secs",13.33,13.33
Mbaye,Souleymane,28717871,Souleymane.Mbaye@etu.sorbonne-universite.fr,Finished,"5 décembre 2021  8:09 ","5 décembre 2021  9:20 ","1 hour 11 mins",18.10,18.10
Mbouranga,Winn-Elie,28601343,winn-elie.mbouranga.1@etu.sorbonne-universite.fr,Finished,"5 décembre 2021  1:44 ","5 décembre 2021  2:45 ","1 hour 1 min",11.90,11.90
Meddah,Sarah,3603679,sarah.meddah@etu.sorbonne-universite.fr,Finished,"5 décembre 2021  9:58 ","5 décembre 2021  10:17 ","18 mins 58 secs",14.76,14.76
Mekhloufi,Zakaria,3809215,zakaria.mekhloufi@etu.sorbonne-universite.fr,Finished,"5 décembre 2021  10:53 ","6 décembre 2021  12:12 ","1 hour 19 mins",11.43,11.43
Mellul,Yona,3800646,yona.mellul@etu.sorbonne-universite.fr,Finished,"4 décembre 2021  7:50 ","4 décembre 2021  8:49 ","58 mins 53 secs",18.57,18.57
"Melot Chesnel",Josephine,28603036,josephine.melot_chesnel.1@etu.sorbonne-universite.fr,Finished,"5 décembre 2021  1:00 ","5 décembre 2021  1:30 ","29 mins 41 secs",10.00,10.00
Mendes,Hugo,3670527,hugo.mendes@etu.sorbonne-universite.fr,-,-,-,-,-,-
"Mendez Chacon",Paula,21109001,Paula.Mendez_Chacon@etu.sorbonne-universite.fr,Finished,"4 décembre 2021  12:36 ","4 décembre 2021  1:23 ","46 mins 16 secs",9.52,9.52
Millard,Maxime,28602830,maxime.millard.1@etu.sorbonne-universite.fr,Finished,"4 décembre 2021  1:10 ","4 décembre 2021  2:18 ","1 hour 8 mins",10.95,10.95
Mistry,Darshan,3670280,darshan.mistry@etu.sorbonne-universite.fr,-,-,-,-,-,-
Mohamed,Djamila,28609129,djamila.mohamed@etu.sorbonne-universite.fr,Finished,"6 décembre 2021  8:48 ","6 décembre 2021  9:30 ","41 mins 40 secs",10.00,10.00
Moreau,Nino,28603833,nino.moreau.1@etu.sorbonne-universite.fr,Finished,"2 décembre 2021  10:42 ","2 décembre 2021  12:42 ","2 hours",0.00,-
Moussouni,Amine,28720778,Amine.Moussouni@etu.sorbonne-universite.fr,Finished,"6 décembre 2021  8:36 ","6 décembre 2021  9:22 ","45 mins 51 secs",13.81,13.81
Naumenko,Polina,3521154,polina.naumenko@etu.sorbonne-universite.fr,-,-,-,-,-,-
Nedir,Rahmine,3872127,rahmine.nedir@etu.sorbonne-universite.fr,Finished,"5 décembre 2021  11:15 ","6 décembre 2021  1:16 ","2 hours",9.05,9.05
Nehlil,"Mouloud Samy",21113646,Mouloud_Samy.Nehlil@etu.sorbonne-universite.fr,Finished,"5 décembre 2021  6:31 ","5 décembre 2021  7:05 ","33 mins 20 secs",18.57,18.57
Nguyen,"Ngoc Thien",21102696,Ngoc_Thien.Nguyen@etu.sorbonne-universite.fr,-,-,-,-,-,-
Nguyen,"Hoang Son",28709864,Hoang_Son.Nguyen@etu.sorbonne-universite.fr,Finished,"5 décembre 2021  10:46 ","5 décembre 2021  11:00 ","14 mins 3 secs",18.10,18.10
Niang,Fallou,3803961,fallou.niang@etu.sorbonne-universite.fr,-,-,-,-,-,-
Olivar-Sanglar,Gabriel,28602191,gabriel.olivar.1@etu.sorbonne-universite.fr,-,-,-,-,-,-
Ouhenia,Ghiles,28716807,Ghiles.Ouhenia@etu.sorbonne-universite.fr,Finished,"6 décembre 2021  8:59 ","6 décembre 2021  9:23 ","23 mins 45 secs",17.62,17.62
Ouni,Wassim,21112855,Wassim.Ouni@etu.sorbonne-universite.fr,Finished,"6 décembre 2021  9:15 ","6 décembre 2021  10:26 ","1 hour 10 mins",14.29,14.29
Palisoc,Camille,28600602,camille.palisoc.1@etu.sorbonne-universite.fr,Finished,"1 décembre 2021  2:13 ","1 décembre 2021  2:51 ","37 mins 57 secs",18.10,18.10
Parameswaralingam,Charles-Pragash,3670244,charles-pragash.parameswaralingam@etu.sorbonne-universite.fr,-,-,-,-,-,-
Pendelliou,Arthur,3809224,arthur.pendelliou@etu.sorbonne-universite.fr,Finished,"1 décembre 2021  1:23 ","1 décembre 2021  2:00 ","36 mins 39 secs",18.57,18.57
Perrignon-Sommet,Thibault,21104636,Thibault.Perrignon-Sommet@etu.sorbonne-universite.fr,Finished,"2 décembre 2021  2:24 ","2 décembre 2021  3:19 ","54 mins 36 secs",12.86,12.86
Pierre,Lauryn,28600518,lauryn.pierre.1@etu.sorbonne-universite.fr,Finished,"5 décembre 2021  10:23 ","5 décembre 2021  11:43 ","1 hour 19 mins",19.05,19.05
"Pierre Noel",Jericho,21113317,Jericho.Pierre_Noel@etu.sorbonne-universite.fr,Finished,"5 décembre 2021  9:29 ","5 décembre 2021  11:27 ","1 hour 57 mins",6.19,6.19
Piffre,Baptiste,28636372,baptiste.piffre@etu.sorbonne-universite.fr,Finished,"5 décembre 2021  11:03 ","5 décembre 2021  11:21 ","17 mins 26 secs",12.38,12.38
Pinho,Goncalo,28602737,goncalo.pinho.1@etu.sorbonne-universite.fr,Finished,"5 décembre 2021  5:33 ","5 décembre 2021  7:08 ","1 hour 34 mins",6.67,6.67
Pirard,Emile,28600880,emile.pirard.1@etu.sorbonne-universite.fr,Finished,"2 décembre 2021  5:16 ","2 décembre 2021  5:55 ","39 mins 8 secs",16.67,16.67
Pulval-Dady,Alan,28603735,alan.pulval-dady.1@etu.sorbonne-universite.fr,Finished,"30 novembre 2021  3:40 ","30 novembre 2021  4:59 ","1 hour 18 mins",14.29,14.29
Ramdani,Cyrena,3805942,cyrena.ramdani@etu.sorbonne-universite.fr,Finished,"6 décembre 2021  2:03 ","6 décembre 2021  3:01 ","58 mins 39 secs",13.33,13.33
Rams,Sean,28605296,sean.rams.1@etu.sorbonne-universite.fr,Finished,"1 décembre 2021  2:01 ","1 décembre 2021  2:50 ","49 mins 48 secs",18.57,18.57
Randrianarisoa,Roman,3808834,roman.randrianarisoa@etu.sorbonne-universite.fr,Finished,"5 décembre 2021  8:39 ","5 décembre 2021  9:54 ","1 hour 15 mins",11.90,11.90
Richard,"Samantha Elisabeth",28009976,samantha.richard.2@etu.sorbonne-universite.fr,Finished,"6 décembre 2021  9:25 ","6 décembre 2021  10:13 ","48 mins 16 secs",13.81,13.81
Rozbully,Faraan,3700903,faraan.rozbully@etu.sorbonne-universite.fr,-,-,-,-,-,-
Ruan,Thomas,28606375,thomas.ruan.1@etu.sorbonne-universite.fr,Finished,"5 décembre 2021  7:24 ","5 décembre 2021  7:54 ","30 mins 7 secs",17.62,17.62
"Ruiz Heredia","Jose Antonio",21109006,Jose_Antonio.Ruiz_Heredia@etu.sorbonne-universite.fr,Finished,"6 décembre 2021  9:13 ","6 décembre 2021  9:18 ","5 mins 7 secs",13.81,13.81
Rzeszutko,Kamil,2800282,kamil.rzeszutko@etu.sorbonne-universite.fr,Finished,"6 décembre 2021  8:42 ","6 décembre 2021  10:15 ","1 hour 32 mins",17.62,17.62
Sadi,Amayas,28717408,Amayas.Sadi@etu.sorbonne-universite.fr,Finished,"3 décembre 2021  6:16 ","3 décembre 2021  7:53 ","1 hour 37 mins",18.10,18.10
Sadykova,Karima,28610100,karima.sadykova@etu.sorbonne-universite.fr,Finished,"5 décembre 2021  9:29 ","5 décembre 2021  10:52 ","1 hour 22 mins",14.76,14.76
Said,Sayafdine,28607006,sayafdine.said.1@etu.sorbonne-universite.fr,Finished,"6 décembre 2021  8:59 ","6 décembre 2021  10:30 ","1 hour 30 mins",13.33,13.33
Samar,Anissa,21120079,Anissa.Samar@etu.sorbonne-universite.fr,Finished,"5 décembre 2021  8:29 ","5 décembre 2021  10:14 ","1 hour 44 mins",15.71,15.71
Sane,Kemo,28617513,kemo.sane@etu.sorbonne-universite.fr,Finished,"5 décembre 2021  9:07 ","5 décembre 2021  10:49 ","1 hour 42 mins",13.81,13.81
Sfez,Alexandre,3804652,alexandre.sfez@etu.sorbonne-universite.fr,-,-,-,-,-,-
Shi,Yulin,21112391,Yulin.Shi@etu.sorbonne-universite.fr,Finished,"5 décembre 2021  9:18 ","5 décembre 2021  10:01 ","43 mins 22 secs",13.81,13.81
Sima,Daniel-Ioan,3800992,daniel.sima@etu.sorbonne-universite.fr,Finished,"6 décembre 2021  9:53 ","6 décembre 2021  10:27 ","34 mins 31 secs",13.81,13.81
Simion,Mathys,28705217,Mathys.Simion@etu.sorbonne-universite.fr,Finished,"30 novembre 2021  3:27 ","30 novembre 2021  4:53 ","1 hour 25 mins",13.81,13.81
Singh,Nawelle,28600503,nawelle.singh.1@etu.sorbonne-universite.fr,Finished,"5 décembre 2021  10:30 ","5 décembre 2021  11:43 ","1 hour 12 mins",13.81,13.81
"Sitang Ewande",Ninine,3801541,ninine.sitang_ewande@etu.sorbonne-universite.fr,-,-,-,-,-,-
Snaoui,Adam,21119283,Adam.Snaoui@etu.sorbonne-universite.fr,Finished,"6 décembre 2021  10:07 ","6 décembre 2021  10:30 ","22 mins 5 secs",13.81,13.81
Sobot,Allen,28600456,allen.sobot.1@etu.sorbonne-universite.fr,Finished,"6 décembre 2021  3:20 ","6 décembre 2021  5:20 ","1 hour 59 mins",9.52,9.52
Sun,Amélie,28606343,amelie.sun.1@etu.sorbonne-universite.fr,Finished,"5 décembre 2021  6:06 ","5 décembre 2021  8:06 ","2 hours",17.62,17.62
Sylla,Amy,28618173,amy.sylla@etu.sorbonne-universite.fr,Finished,"5 décembre 2021  11:19 ","6 décembre 2021  12:54 ","1 hour 34 mins",13.33,13.33
Tang,Remi,28624752,remi.tang@etu.sorbonne-universite.fr,-,-,-,-,-,-
Tchen,Clement,3703339,clement.tchen@etu.sorbonne-universite.fr,Finished,"6 décembre 2021  3:14 ","6 décembre 2021  4:10 ","55 mins 46 secs",15.71,15.71
Terkmani,Kamelia,21116094,Kamelia.Terkmani@etu.sorbonne-universite.fr,Finished,"6 décembre 2021  8:53 ","6 décembre 2021  9:30 ","36 mins 44 secs",12.38,12.38
Thirion,Lou,28614980,lou.thirion@etu.sorbonne-universite.fr,Finished,"5 décembre 2021  8:48 ","5 décembre 2021  9:42 ","53 mins 16 secs",13.81,13.81
"Toguem Fotso","John Kevyn",3970693,john.toguem_fotso@etu.sorbonne-universite.fr,-,-,-,-,-,-
Tragha,Marwan,28615820,marwan.tragha@etu.sorbonne-universite.fr,Finished,"3 décembre 2021  7:26 ","3 décembre 2021  8:12 ","45 mins 6 secs",17.14,17.14
Tran,"Le My",28603688,le.tran@etu.sorbonne-universite.fr,-,-,-,-,-,-
Traore,Mamadou,2203537,mamadou.traore@etu.sorbonne-universite.fr,-,-,-,-,-,-
Trumic,Mihajlo,28606345,mihajlo.trumic@etu.sorbonne-universite.fr,Finished,"4 décembre 2021  2:31 ","4 décembre 2021  4:17 ","1 hour 45 mins",18.57,18.57
Vanrycke,Loann,3811248,loann.vanrycke@etu.sorbonne-universite.fr,Finished,"6 décembre 2021  9:50 ","6 décembre 2021  10:30 ","39 mins 22 secs",10.48,10.48
Vedanayagame,Souveda,28600150,souveda.vedanayagame.1@etu.sorbonne-universite.fr,Finished,"5 décembre 2021  9:00 ","5 décembre 2021  10:01 ","1 hour",17.62,17.62
Vigano,Alice,3804657,alice.vigano@etu.sorbonne-universite.fr,Finished,"6 décembre 2021  9:54 ","6 décembre 2021  10:30 ","35 mins 56 secs",7.14,7.14
Villard,Lorenzo,3801327,lorenzo.villard@etu.sorbonne-universite.fr,Finished,"2 décembre 2021  7:18 ","2 décembre 2021  7:49 ","31 mins 34 secs",18.10,18.10
Wang,Zhe,21116827,Zhe.Wang@etu.sorbonne-universite.fr,-,-,-,-,-,-
Warmé-Janville,Auguste,3800191,auguste.warme-janville@etu.sorbonne-universite.fr,Finished,"6 décembre 2021  9:49 ","6 décembre 2021  10:02 ","13 mins 20 secs",9.05,9.05
Wu,Julie,28600741,julie.wu.1@etu.sorbonne-universite.fr,Finished,"5 décembre 2021  4:56 ","5 décembre 2021  5:51 ","55 mins 8 secs",15.24,15.24
Wu,Isabelle,28606994,isabelle.wu.2@etu.sorbonne-universite.fr,Finished,"6 décembre 2021  4:08 ","6 décembre 2021  4:34 ","25 mins 19 secs",12.86,12.86
Xia,Alexandre,28604113,alexandre.xia.1@etu.sorbonne-universite.fr,Finished,"2 décembre 2021  8:39 ","2 décembre 2021  10:13 ","1 hour 33 mins",15.24,15.24
Xu,Jin,3700044,jin.xu@etu.sorbonne-universite.fr,-,-,-,-,-,-
Yang,Kai,21107392,Kai.Yang@etu.sorbonne-universite.fr,Finished,"6 décembre 2021  4:45 ","6 décembre 2021  5:18 ","32 mins 59 secs",18.10,18.10
Yehya,Jad,28609954,jad.yehya.1@etu.sorbonne-universite.fr,Finished,"5 décembre 2021  8:07 ","5 décembre 2021  8:48 ","40 mins 45 secs",11.90,11.90
"Youcef Khodja",Amine,21113585,Amine.Youcef_Khodja@etu.sorbonne-universite.fr,Finished,"3 décembre 2021  6:16 ","3 décembre 2021  7:51 ","1 hour 34 mins",18.57,18.57
Zanan,Nour,28607755,nour.zanan.1@etu.sorbonne-universite.fr,Finished,"6 décembre 2021  9:22 ","6 décembre 2021  10:30 ","1 hour 7 mins",12.86,12.86
Zeng,Fanxiang,28600693,fanxiang.zeng@etu.sorbonne-universite.fr,Finished,"4 décembre 2021  8:12 ","4 décembre 2021  9:13 ","1 hour 1 min",18.57,18.57
Zerbib,Raphael,28601765,raphael.zerbib.1@etu.sorbonne-universite.fr,-,-,-,-,-,-
Zhang,Han,3970759,han.zhang@etu.sorbonne-universite.fr,-,-,-,-,-,-
Zhang,Yilu,28601009,yilu.zhang.1@etu.sorbonne-universite.fr,-,-,-,-,-,-
Zhang,Xu,3803083,xu.zhang@etu.sorbonne-universite.fr,Finished,"5 décembre 2021  4:58 ","5 décembre 2021  5:36 ","38 mins 17 secs",13.81,13.81
Zhang,Jacques,28607704,jacques.zhang.1@etu.sorbonne-universite.fr,Finished,"6 décembre 2021  9:08 ","6 décembre 2021  9:41 ","33 mins 50 secs",8.57,8.57
Zhuang,Christian,28601285,christian.zhuang.1@etu.sorbonne-universite.fr,Finished,"5 décembre 2021  11:21 ","6 décembre 2021  12:27 ","1 hour 6 mins",14.29,14.29
"Zou Al Guyna",Louai,3680880,louai.zou_al_guyna@etu.sorbonne-universite.fr,Finished,"6 décembre 2021  3:57 ","6 décembre 2021  4:30 ","32 mins 52 secs",18.10,18.10
Zouba,Thomas,21101133,Thomas.Zouba@etu.sorbonne-universite.fr,Finished,"5 décembre 2021  7:26 ","5 décembre 2021  7:42 ","16 mins 30 secs",10.95,10.95
Zouhri,Bilal,3703980,bilal.zouhri@etu.sorbonne-universite.fr,Finished,"5 décembre 2021  8:11 ","5 décembre 2021  9:12 ","1 hour",18.10,18.10
"Overall average",,,,,,,,14.51,14.51
