﻿Surname,"First name","ID number","Email address",State,"Started on",Completed,"Time taken",Grade/20.00,"Q. 1 /4.00","Q. 2 /10.00","Q. 3 /6.00"
Abdillahi,"Ben Idris Michel",3812573,ben.abdillahi@etu.sorbonne-universite.fr,Finished,"13 décembre 2021  9:46 ","13 décembre 2021  10:23 ","36 mins 30 secs",4.33,2.33,0.00,2.00
Abeles,Walter,28610484,walter.abeles@etu.sorbonne-universite.fr,Finished,"12 décembre 2021  10:29 ","12 décembre 2021  11:36 ","1 hour 7 mins",11.67,1.67,6.00,4.00
Abkress,Barka,28606227,barka.abkress.1@etu.sorbonne-universite.fr,Finished,"13 décembre 2021  12:05 ","13 décembre 2021  1:42 ","1 hour 37 mins",6.67,2.67,0.00,4.00
Afoulous,Oumaima,3802791,oumaima.afoulous@etu.sorbonne-universite.fr,Finished,"13 décembre 2021  9:26 ","13 décembre 2021  9:57 ","31 mins 36 secs",7.33,1.33,6.00,0.00
"Ahmed Ali",Nassim,21113025,Nassim.Ahmed_Ali@etu.sorbonne-universite.fr,Finished,"11 décembre 2021  5:31 ","11 décembre 2021  7:19 ","1 hour 48 mins",8.00,2.00,0.00,6.00
"Ait Khelifa",Tanina,21110432,Tanina.Ait_Khelifa@etu.sorbonne-universite.fr,Finished,"13 décembre 2021  7:20 ","13 décembre 2021  7:28 ","7 mins 29 secs",2.00,0.00,-,2.00
Akhtarkhavari,Parto,28606489,parto.akhtarkhavari.1@etu.sorbonne-universite.fr,Finished,"13 décembre 2021  12:27 ","13 décembre 2021  2:27 ","2 hours",0.00,-,-,-
"Al Awayd",Wissam,3701350,wissam.al_awayd@etu.sorbonne-universite.fr,Finished,"13 décembre 2021  9:22 ","13 décembre 2021  10:30 ","1 hour 7 mins",0.00,-,-,-
Alayoud,Yanis,28600748,yanis.alayoud.1@etu.sorbonne-universite.fr,Finished,"12 décembre 2021  5:51 ","12 décembre 2021  7:29 ","1 hour 37 mins",13.67,1.67,6.00,6.00
Albitar,Nadia,3671406,nadia.albitar@etu.sorbonne-universite.fr,-,-,-,-,-,-,-,-
Alexandre,Ronald,3407195,ronald.alexandre@etu.sorbonne-universite.fr,-,-,-,-,-,-,-,-
Alliot,Leane,28602178,leane.alliot.1@etu.sorbonne-universite.fr,Finished,"13 décembre 2021  12:10 ","13 décembre 2021  12:54 ","44 mins 12 secs",7.67,1.67,-,6.00
Amanzougarene,Eldjouher,3601270,eldjouher.amanzougarene@etu.sorbonne-universite.fr,-,-,-,-,-,-,-,-
Amnache,Atena,28618735,atena.amnache@etu.sorbonne-universite.fr,-,-,-,-,-,-,-,-
Amri,Malek,28710546,Malek.Amri@etu.sorbonne-universite.fr,Finished,"13 décembre 2021  1:21 ","13 décembre 2021  3:09 ","1 hour 47 mins",17.00,3.00,8.00,6.00
Aouchiche,Juba,28610319,juba.aouchiche@etu.sorbonne-universite.fr,Finished,"12 décembre 2021  11:40 ","13 décembre 2021  12:58 ","1 hour 17 mins",8.67,2.67,0.00,6.00
"Arbulu Sedano",Diego,3808688,diego.arbulu_sedano@etu.sorbonne-universite.fr,Finished,"13 décembre 2021  2:09 ","13 décembre 2021  2:50 ","40 mins 36 secs",9.00,3.00,0.00,6.00
Archambaud,Florian,3804270,florian.archambaud@etu.sorbonne-universite.fr,Finished,"9 décembre 2021  10:56 ","9 décembre 2021  11:48 ","52 mins 49 secs",5.00,3.00,0.00,2.00
Arnal,Anaïs,28609148,anais.arnal@etu.sorbonne-universite.fr,Finished,"11 décembre 2021  3:27 ","11 décembre 2021  5:19 ","1 hour 52 mins",7.67,1.67,0.00,6.00
Atsé,Yapi,3803860,yapi.atse@etu.sorbonne-universite.fr,-,-,-,-,-,-,-,-
Ayed,Bilel,28626848,bilel.ayed.1@etu.sorbonne-universite.fr,Finished,"12 décembre 2021  11:23 ","12 décembre 2021  11:43 ","19 mins 14 secs",13.00,3.00,8.00,2.00
Baasch,Matthias,21109634,Matthias.Baasch@etu.sorbonne-universite.fr,-,-,-,-,-,-,-,-
Babaali,Mohamed,28601465,mohamed.babaali.1@etu.sorbonne-universite.fr,Finished,"12 décembre 2021  11:35 ","13 décembre 2021  12:42 ","1 hour 7 mins",14.67,2.67,6.00,6.00
Bait,Alexander,28609336,alexander.bait.1@etu.sorbonne-universite.fr,Finished,"11 décembre 2021  12:57 ","11 décembre 2021  2:51 ","1 hour 54 mins",3.67,1.67,0.00,2.00
Ball,Ndiaye,3702933,ndiaye.ball@etu.sorbonne-universite.fr,-,-,-,-,-,-,-,-
Baloul,"Mohamed Ryane",21113008,Mohamed_Ryane.Baloul@etu.sorbonne-universite.fr,Finished,"13 décembre 2021  1:42 ","13 décembre 2021  2:48 ","1 hour 6 mins",4.00,2.00,-,2.00
Bayoudh,Fares,28600163,fares.bayoudh.1@etu.sorbonne-universite.fr,Finished,"13 décembre 2021  10:12 ","13 décembre 2021  10:24 ","11 mins 44 secs",1.00,1.00,0.00,-
Bazil,Olando,28608499,olando.bazil@etu.sorbonne-universite.fr,Finished,"12 décembre 2021  11:59 ","13 décembre 2021  1:35 ","1 hour 35 mins",1.67,1.67,0.00,0.00
Beldjilali,Amel,21115553,Amel.Beldjilali@etu.sorbonne-universite.fr,Finished,"13 décembre 2021  9:42 ","13 décembre 2021  10:15 ","33 mins 56 secs",14.67,2.67,6.00,6.00
Bellaiche,Samuel,28600786,samuel.bellaiche.1@etu.sorbonne-universite.fr,Finished,"13 décembre 2021  12:37 ","13 décembre 2021  2:37 ","2 hours",3.67,1.67,0.00,2.00
Bellaoud,Nassim,3700196,nassim.bellaoud@etu.sorbonne-universite.fr,Finished,"13 décembre 2021  12:03 ","13 décembre 2021  12:18 ","15 mins 13 secs",16.67,2.67,8.00,6.00
Ben-Mohamed,Ines,28607963,ines.ben-mohamed.1@etu.sorbonne-universite.fr,Finished,"13 décembre 2021  1:01 ","13 décembre 2021  3:00 ","1 hour 58 mins",2.33,2.33,0.00,0.00
Benhaddad,Ahcene,3804630,ahcene.benhadddad@etu.sorbonne-universite.fr,Finished,"13 décembre 2021  7:02 ","13 décembre 2021  9:02 ","1 hour 59 mins",7.33,3.33,4.00,0.00
Benlaldj,"Zohra Chihez",21112712,Zohra_Chihez.Benlaldj@etu.sorbonne-universite.fr,Finished,"12 décembre 2021  12:08 ","12 décembre 2021  1:18 ","1 hour 10 mins",12.00,2.00,6.00,4.00
Benmansour,Sofiane,3504377,sofiane.benmansour@etu.sorbonne-universite.fr,-,-,-,-,-,-,-,-
Berrada,Nacer,28610440,nacer.berrada@etu.sorbonne-universite.fr,Finished,"12 décembre 2021  1:14 ","12 décembre 2021  2:48 ","1 hour 33 mins",11.67,1.67,6.00,4.00
Berrichi,Manelle,28600291,manelle.berrichi.1@etu.sorbonne-universite.fr,Finished,"12 décembre 2021  11:13 ","13 décembre 2021  12:49 ","1 hour 36 mins",8.33,2.33,0.00,6.00
Besnier,Lucien,3803479,lucien.besnier@etu.sorbonne-universite.fr,-,-,-,-,-,-,-,-
Bessad,Melina,28610730,melina.bessad@etu.sorbonne-universite.fr,Finished,"12 décembre 2021  3:47 ","12 décembre 2021  5:00 ","1 hour 12 mins",17.33,3.33,8.00,6.00
Bikou,Angie-Sofia,3700648,angie-sofia.bikou@etu.sorbonne-universite.fr,Finished,"12 décembre 2021  9:11 ","12 décembre 2021  9:56 ","45 mins 25 secs",1.00,1.00,-,0.00
Billon,Martin,3801962,martin.billon@etu.sorbonne-universite.fr,Finished,"12 décembre 2021  8:36 ","12 décembre 2021  8:53 ","17 mins 54 secs",9.00,3.00,0.00,6.00
"Blasco Gallego",Lucia,21109706,Lucia.Blasco_Gallego@etu.sorbonne-universite.fr,Finished,"13 décembre 2021  3:45 ","13 décembre 2021  4:09 ","23 mins 44 secs",2.00,2.00,-,0.00
Boda,Jeremy,28603394,jeremy.boda.1@etu.sorbonne-universite.fr,Finished,"12 décembre 2021  7:49 ","12 décembre 2021  8:32 ","42 mins 34 secs",8.00,2.00,0.00,6.00
Bontempelli,Manon,28600844,manon.bontempelli.1@etu.sorbonne-universite.fr,Finished,"12 décembre 2021  9:41 ","12 décembre 2021  9:58 ","16 mins 14 secs",6.00,-,6.00,-
Bouaicha,Kenza,3703308,kenza.bouaicha@etu.sorbonne-universite.fr,Finished,"13 décembre 2021  8:31 ","13 décembre 2021  10:30 ","1 hour 58 mins",6.00,2.00,0.00,4.00
Boucherrab,Rayan,28610497,rayan.boucherrab@etu.sorbonne-universite.fr,Finished,"12 décembre 2021  7:32 ","12 décembre 2021  8:58 ","1 hour 25 mins",14.00,2.00,6.00,6.00
Bouchouchi,Nour,28600211,nour.bouchouchi.1@etu.sorbonne-universite.fr,Finished,"12 décembre 2021  10:30 ","12 décembre 2021  11:54 ","1 hour 24 mins",8.67,2.67,0.00,6.00
Bouheraoua,Sarah,21113695,Sarah.Bouheraoua@etu.sorbonne-universite.fr,Finished,"13 décembre 2021  9:57 ","13 décembre 2021  10:29 ","31 mins 42 secs",4.67,2.67,-,2.00
Bouhraoua,Ines,21115204,Ines.Bouhraoua@etu.sorbonne-universite.fr,Finished,"11 décembre 2021  9:22 ","11 décembre 2021  11:01 ","1 hour 38 mins",10.00,2.00,4.00,4.00
Bouloudani,Haroun,28002307,Haroun.Bouloudani@etu.sorbonne-universite.fr,Finished,"11 décembre 2021  5:21 ","11 décembre 2021  6:35 ","1 hour 14 mins",8.00,2.00,0.00,6.00
Bounichou,Hugo,3700560,hugo.bounichou@etu.sorbonne-universite.fr,Finished,"12 décembre 2021  11:14 ","12 décembre 2021  11:56 ","41 mins 21 secs",3.67,1.67,0.00,2.00
Bourekh,Zidane,3677063,zidane.bourekh@etu.sorbonne-universite.fr,Finished,"13 décembre 2021  1:06 ","13 décembre 2021  2:09 ","1 hour 3 mins",1.67,1.67,-,0.00
Bourlette,Lucas,3672216,lucas.bourlette@etu.sorbonne-universite.fr,-,-,-,-,-,-,-,-
Boutaleb,"Mohamed Allaa Eddine",21112734,Mohamed_Allaa_Eddine.Boutaleb@etu.sorbonne-universite.fr,Finished,"12 décembre 2021  2:44 ","12 décembre 2021  4:07 ","1 hour 22 mins",11.00,3.00,6.00,2.00
"Bouton Popper",Jules,28600665,jules.bouton.2@etu.sorbonne-universite.fr,Finished,"13 décembre 2021  12:13 ","13 décembre 2021  1:32 ","1 hour 19 mins",14.00,2.00,6.00,6.00
Bouzaglou,Ariel,28607480,ariel.bouzaglou.1@etu.sorbonne-universite.fr,Finished,"12 décembre 2021  10:39 ","13 décembre 2021  12:34 ","1 hour 54 mins",11.00,1.00,8.00,2.00
Boyadjiev,Todor,28507548,todor.boyadjiev.2@etu.sorbonne-universite.fr,Finished,"12 décembre 2021  4:07 ","12 décembre 2021  4:40 ","32 mins 39 secs",8.67,2.67,0.00,6.00
Brazane,Sabrina,3803162,sabrina.brazane@etu.sorbonne-universite.fr,Finished,"13 décembre 2021  1:31 ","13 décembre 2021  3:07 ","1 hour 36 mins",15.67,3.67,6.00,6.00
Caraux,Theophane,28602627,theophane.caraux.1@etu.sorbonne-universite.fr,Finished,"12 décembre 2021  9:42 ","12 décembre 2021  10:14 ","32 mins 4 secs",17.00,3.00,8.00,6.00
Chaouati,Oualid,21114737,Oualid.Chaouati@etu.sorbonne-universite.fr,Finished,"13 décembre 2021  8:12 ","13 décembre 2021  10:12 ","2 hours",2.67,2.67,-,0.00
Charlot,Théo,3804195,theo.charlot@etu.sorbonne-universite.fr,Finished,"12 décembre 2021  11:51 ","12 décembre 2021  1:06 ","1 hour 14 mins",17.33,3.33,8.00,6.00
Chen,Jinhe,3802503,jinhe.chen@etu.sorbonne-universite.fr,Finished,"13 décembre 2021  2:26 ","13 décembre 2021  3:13 ","46 mins 42 secs",8.00,2.00,0.00,6.00
Cherfaoui,Melissa,28720090,Melissa.Cherfaoui@etu.sorbonne-universite.fr,Finished,"12 décembre 2021  10:53 ","13 décembre 2021  12:16 ","1 hour 22 mins",17.67,1.67,10.00,6.00
Cherfi,Farouck,3407463,farouck.cherfi@etu.sorbonne-universite.fr,Finished,"12 décembre 2021  9:34 ","12 décembre 2021  11:11 ","1 hour 36 mins",11.00,3.00,4.00,4.00
Chikh,Mehdi,3677161,mehdi.chikh@etu.sorbonne-universite.fr,Finished,"13 décembre 2021  7:25 ","13 décembre 2021  7:37 ","12 mins 2 secs",2.33,2.33,0.00,0.00
Cohen,Orlane,28603418,orlane.cohen.1@etu.sorbonne-universite.fr,Finished,"12 décembre 2021  10:01 ","12 décembre 2021  11:18 ","1 hour 17 mins",8.00,2.00,0.00,6.00
Corlue,Florian,28607538,florian.corlue.1@etu.sorbonne-universite.fr,Finished,"12 décembre 2021  10:53 ","13 décembre 2021  12:12 ","1 hour 18 mins",13.00,3.00,4.00,6.00
Curaut,Charline,3810013,Charline.Curaut@etu.sorbonne-universite.fr,Finished,"12 décembre 2021  9:35 ","12 décembre 2021  10:59 ","1 hour 24 mins",15.33,3.33,6.00,6.00
Dabrowski,Mateusz,21109700,Mateusz.Dabrowski@etu.sorbonne-universite.fr,Finished,"13 décembre 2021  12:04 ","13 décembre 2021  12:51 ","46 mins 12 secs",1.67,1.67,0.00,0.00
"De Sacy",Anne,28610199,anne.silvestre_de_sacy-nougaret-@etu.sorbonne-universite.fr,Finished,"11 décembre 2021  4:34 ","11 décembre 2021  6:12 ","1 hour 37 mins",14.67,2.67,6.00,6.00
Delgado,Thomas,3407716,thomas.delgado@etu.sorbonne-universite.fr,Finished,"13 décembre 2021  2:55 ","13 décembre 2021  3:38 ","43 mins 9 secs",1.67,1.67,-,-
Diallo,"Mohamed Aliou",28604190,mohamed.diallo@etu.sorbonne-universite.fr,Finished,"12 décembre 2021  7:14 ","12 décembre 2021  9:14 ","2 hours",8.33,2.33,6.00,0.00
Diallo,Faldou,3674474,faldou.diallo@etu.sorbonne-universite.fr,Finished,"13 décembre 2021  1:11 ","13 décembre 2021  1:45 ","34 mins 19 secs",3.00,3.00,0.00,0.00
Doucouré,Dramane,3520680,dramane.doucoure@etu.sorbonne-universite.fr,-,-,-,-,-,-,-,-
Doufene,Malik,21113747,Malik.Doufene@etu.sorbonne-universite.fr,Finished,"12 décembre 2021  2:00 ","12 décembre 2021  3:42 ","1 hour 42 mins",13.67,1.67,6.00,6.00
Drouard,François-Xavier,3800028,francois-xavier.drouard@etu.sorbonne-universite.fr,Finished,"12 décembre 2021  6:33 ","12 décembre 2021  6:54 ","21 mins 41 secs",1.67,1.67,0.00,0.00
Du,Sylvain,28607117,sylvain.du.1@etu.sorbonne-universite.fr,Finished,"12 décembre 2021  8:37 ","12 décembre 2021  9:24 ","47 mins 15 secs",8.33,2.33,0.00,6.00
Dziri,Hakim,3800075,hakim.dziri@etu.sorbonne-universite.fr,-,-,-,-,-,-,-,-
"El Bouhali",Mouataz,28619891,mouataz.el_bouhali@etu.sorbonne-universite.fr,Finished,"13 décembre 2021  9:41 ","13 décembre 2021  10:23 ","42 mins 35 secs",15.00,3.00,6.00,6.00
"El Fahdi",Ismaël,3802719,ismael.el_fahdi@etu.sorbonne-universite.fr,-,-,-,-,-,-,-,-
"El Ghali",Yosr,3802466,yosr.elghali@etu.sorbonne-universite.fr,Finished,"12 décembre 2021  7:41 ","12 décembre 2021  9:16 ","1 hour 35 mins",10.67,2.67,4.00,4.00
"El Khaddar",Marwan,3673536,marwan.el_khaddar@etu.sorbonne-universite.fr,-,-,-,-,-,-,-,-
"El Youbi",Ali,3506467,ali.el_youbi@etu.sorbonne-universite.fr,-,-,-,-,-,-,-,-
Erjil,Hichem,28600653,hichem.erjil.1@etu.sorbonne-universite.fr,Finished,"12 décembre 2021  1:32 ","12 décembre 2021  2:31 ","59 mins 23 secs",17.00,3.00,8.00,6.00
Exertier,Firmin,28610514,firmin.exertier@etu.sorbonne-universite.fr,Finished,"12 décembre 2021  9:54 ","12 décembre 2021  10:17 ","23 mins 31 secs",6.67,0.67,-,6.00
Fahmy,Youssef,28609831,youssef.fahmy@etu.sorbonne-universite.fr,Finished,"12 décembre 2021  2:24 ","12 décembre 2021  3:36 ","1 hour 11 mins",8.67,2.67,0.00,6.00
Felix,Wycherley-Kassel,3702385,wycherley-kassel.felix@etu.sorbonne-universite.fr,-,-,-,-,-,-,-,-
Francoise,Raphael,28600759,raphael.francoise.1@etu.sorbonne-universite.fr,Finished,"12 décembre 2021  4:08 ","12 décembre 2021  6:01 ","1 hour 52 mins",8.67,2.67,0.00,6.00
Frigola,Arthur,28607831,arthur.frigola.1@etu.sorbonne-universite.fr,-,-,-,-,-,-,-,-
Fu,Zhenyue,28620112,zhenyue.fu@etu.sorbonne-universite.fr,Finished,"7 décembre 2021  8:12 ","7 décembre 2021  10:07 ","1 hour 54 mins",14.33,2.33,6.00,6.00
Fumard,Lucas,28602386,lucas.fumard.1@etu.sorbonne-universite.fr,Finished,"6 décembre 2021  7:44 ","6 décembre 2021  8:24 ","40 mins 14 secs",5.67,1.67,0.00,4.00
Gallet,Camille,3700630,camille.gallet.1@etu.sorbonne-universite.fr,Finished,"12 décembre 2021  8:17 ","12 décembre 2021  9:07 ","49 mins 42 secs",8.33,2.33,6.00,0.00
Gaudinot,Salomon,28600769,salomon.gaudinot.1@etu.sorbonne-universite.fr,Finished,"12 décembre 2021  5:33 ","12 décembre 2021  6:55 ","1 hour 21 mins",10.00,2.00,6.00,2.00
Gaydon,Julie,28606830,julie.gaydon@etu.sorbonne-universite.fr,Finished,"12 décembre 2021  10:23 ","12 décembre 2021  12:01 ","1 hour 37 mins",8.00,2.00,6.00,0.00
Gazquez,Miguel,28600492,miguel.gazquez.1@etu.sorbonne-universite.fr,Finished,"13 décembre 2021  9:43 ","13 décembre 2021  9:57 ","14 mins 18 secs",5.00,3.00,0.00,2.00
Giuliani,Carla,28605022,carla.giuliani.2@etu.sorbonne-universite.fr,Finished,"12 décembre 2021  11:56 ","13 décembre 2021  12:56 ","59 mins 47 secs",5.67,1.67,0.00,4.00
Gojak,Zlatan,3801873,zlatan.gojak@etu.sorbonne-universite.fr,Finished,"12 décembre 2021  7:03 ","12 décembre 2021  7:43 ","40 mins 24 secs",17.00,3.00,8.00,6.00
Goulmot,Cedric,3971371,cedric.goulmot@etu.sorbonne-universite.fr,-,-,-,-,-,-,-,-
Guo,Youheng,28711440,Youheng.Guo@etu.sorbonne-universite.fr,Finished,"12 décembre 2021  9:30 ","12 décembre 2021  10:20 ","50 mins 2 secs",4.33,2.33,0.00,2.00
Hadji,Mohamed,3702996,mohamed.hadji@etu.sorbonne-universite.fr,Finished,"6 décembre 2021  7:21 ","6 décembre 2021  7:50 ","28 mins 23 secs",8.33,2.33,0.00,6.00
Halila,Youssef,28610207,youssef.halila@etu.sorbonne-universite.fr,-,-,-,-,-,-,-,-
Halit,Yanis,28600464,yanis.halit.1@etu.sorbonne-universite.fr,Finished,"12 décembre 2021  10:28 ","12 décembre 2021  11:22 ","54 mins 3 secs",16.33,2.33,8.00,6.00
Hamadouche,Mebarek,28506638,mebarek.hamadouche@etu.sorbonne-universite.fr,Finished,"13 décembre 2021  6:29 ","13 décembre 2021  6:56 ","27 mins 5 secs",14.67,2.67,6.00,6.00
Hamdi,Charafeddine,3800477,charafeddine.hamdi@etu.sorbonne-universite.fr,Finished,"12 décembre 2021  4:23 ","12 décembre 2021  5:35 ","1 hour 12 mins",13.33,1.33,6.00,6.00
Hammachi,Nourdinne,28604304,nourdinne.hammachi.1@etu.sorbonne-universite.fr,Finished,"12 décembre 2021  4:57 ","12 décembre 2021  6:34 ","1 hour 36 mins",13.33,3.33,4.00,6.00
Hassanein,Youssef,3522807,youssef.hassanein@etu.sorbonne-universite.fr,-,-,-,-,-,-,-,-
Hayat,Ruben,28608396,ruben.hayat.1@etu.sorbonne-universite.fr,Finished,"12 décembre 2021  4:57 ","12 décembre 2021  6:39 ","1 hour 42 mins",13.67,3.67,4.00,6.00
Hebert,Thomas,3708782,thomas.hebert@etu.sorbonne-universite.fr,Finished,"12 décembre 2021  1:02 ","12 décembre 2021  1:40 ","37 mins 54 secs",13.33,1.33,6.00,6.00
Hwang,"Chan Yeong",28610448,chan.hwang@etu.sorbonne-universite.fr,Finished,"12 décembre 2021  9:43 ","12 décembre 2021  11:43 ","2 hours",1.00,1.00,0.00,0.00
"Ibobi Sambila",Osee,3704090,osee.ibobi_sambila@etu.sorbonne-universite.fr,-,-,-,-,-,-,-,-
Idouar,Yacine,28610117,yacine.idouar@etu.sorbonne-universite.fr,Finished,"12 décembre 2021  10:28 ","12 décembre 2021  11:44 ","1 hour 15 mins",11.67,1.67,4.00,6.00
Ikhenoussene,Yanis,28601953,yanis.ikhenoussene.1@etu.sorbonne-universite.fr,Finished,"12 décembre 2021  11:17 ","12 décembre 2021  11:52 ","35 mins 17 secs",12.67,2.67,8.00,2.00
Illouz,Maxime,28600470,maxime.illouz.1@etu.sorbonne-universite.fr,Finished,"13 décembre 2021  9:40 ","13 décembre 2021  10:20 ","40 mins 17 secs",14.67,2.67,6.00,6.00
Ith,Marc,3302184,marc.ith@etu.sorbonne-universite.fr,-,-,-,-,-,-,-,-
Jankovskaja,Elina,28607314,elina.jankovskaja.1@etu.sorbonne-universite.fr,Finished,"12 décembre 2021  11:27 ","13 décembre 2021  12:45 ","1 hour 18 mins",6.00,2.00,0.00,4.00
"Jean Marie Flore",Samuel,3800583,samuel.jean_marie_flore@etu.sorbonne-universite.fr,-,-,-,-,-,-,-,-
Jriby,Jawher,3702809,jawher.jriby@etu.sorbonne-universite.fr,Finished,"12 décembre 2021  11:19 ","12 décembre 2021  12:11 ","52 mins 43 secs",5.67,1.67,0.00,4.00
"K Murali",Sharane,3701883,sharane.k_murali@etu.sorbonne-universite.fr,Finished,"12 décembre 2021  10:55 ","13 décembre 2021  12:15 ","1 hour 20 mins",6.00,2.00,0.00,4.00
Kabongo,Ben,21116436,Ben.Kabongo@etu.sorbonne-universite.fr,Finished,"13 décembre 2021  9:46 ","13 décembre 2021  10:20 ","33 mins 56 secs",5.67,3.67,-,2.00
Kada,Dina,28601301,dina.kada.1@etu.sorbonne-universite.fr,Finished,"10 décembre 2021  9:19 ","10 décembre 2021  10:52 ","1 hour 33 mins",3.67,1.67,0.00,2.00
Kamouche,Neila,28605864,neila.kamouche.1@etu.sorbonne-universite.fr,Finished,"12 décembre 2021  10:48 ","13 décembre 2021  12:48 ","2 hours",12.33,2.33,8.00,2.00
Ke,Ilene,3700453,ilene.ke@etu.sorbonne-universite.fr,Finished,"12 décembre 2021  8:48 ","12 décembre 2021  10:42 ","1 hour 53 mins",4.33,0.33,0.00,4.00
Kedadry,Yannis,3808875,yannis.kedadry@etu.sorbonne-universite.fr,Finished,"12 décembre 2021  7:24 ","12 décembre 2021  8:08 ","44 mins 29 secs",4.67,0.67,0.00,4.00
Kemiche,Koceila,21114731,Koceila.Kemiche@etu.sorbonne-universite.fr,Finished,"12 décembre 2021  7:42 ","12 décembre 2021  9:16 ","1 hour 34 mins",8.00,2.00,0.00,6.00
Kerharo,Cathy,28600559,cathy.kerharo.1@etu.sorbonne-universite.fr,-,-,-,-,-,-,-,-
Khan,Anin,3801610,anin.khan@etu.sorbonne-universite.fr,-,-,-,-,-,-,-,-
Klich,"Nour Elhouda",28610130,nour.klich@etu.sorbonne-universite.fr,Finished,"13 décembre 2021  12:43 ","13 décembre 2021  2:12 ","1 hour 29 mins",7.00,3.00,-,4.00
Kolli,Hamid,28717594,Hamid.Kolli@etu.sorbonne-universite.fr,Finished,"12 décembre 2021  6:47 ","12 décembre 2021  8:47 ","1 hour 59 mins",7.00,3.00,0.00,4.00
Korrabi,Madjid,28614924,madjid.korrabi@etu.sorbonne-universite.fr,Finished,"13 décembre 2021  9:10 ","13 décembre 2021  9:21 ","10 mins 54 secs",8.00,2.00,-,6.00
Koskas,Ilan,3800162,ilan.koskas@etu.sorbonne-universite.fr,Finished,"11 décembre 2021  2:48 ","11 décembre 2021  4:17 ","1 hour 28 mins",18.33,2.33,10.00,6.00
"Koumgang Tegantchouang",Adrien,21109170,Adrien.Koumgang_Tegantchouang@etu.sorbonne-universite.fr,Finished,"13 décembre 2021  2:23 ","13 décembre 2021  3:24 ","1 hour",5.67,1.67,0.00,4.00
Kwonn,Simon,3709743,simon.kwonn@etu.sorbonne-universite.fr,Finished,"13 décembre 2021  10:28 ","13 décembre 2021  10:30 ","1 min 42 secs",2.00,-,-,2.00
Labady,"Sterley Gilbert",21100776,Sterley_Gilbert.Labady@etu.sorbonne-universite.fr,Finished,"12 décembre 2021  7:05 ","12 décembre 2021  8:12 ","1 hour 7 mins",7.67,1.67,0.00,6.00
Lachachi,Yasmine,28710229,Yasmine.Lachachi@etu.sorbonne-universite.fr,-,-,-,-,-,-,-,-
Lachemot,Cédric,3705179,cedric.lachemot@etu.sorbonne-universite.fr,-,-,-,-,-,-,-,-
Lachgar,Amine,3802257,amine.lachgar@etu.sorbonne-universite.fr,Finished,"12 décembre 2021  10:56 ","13 décembre 2021  12:43 ","1 hour 46 mins",15.00,3.00,6.00,6.00
Lacoume,Claire,28610667,claire.lacoume@etu.sorbonne-universite.fr,Finished,"12 décembre 2021  6:23 ","12 décembre 2021  7:56 ","1 hour 32 mins",12.67,2.67,6.00,4.00
Lam,Stéphane,3672320,stephane.lam@etu.sorbonne-universite.fr,Finished,"13 décembre 2021  1:19 ","13 décembre 2021  1:49 ","30 mins 11 secs",18.33,2.33,10.00,6.00
Lechgar,Houssam,28610190,houssam.lechgar@etu.sorbonne-universite.fr,Finished,"12 décembre 2021  10:54 ","13 décembre 2021  12:50 ","1 hour 56 mins",4.67,0.67,0.00,4.00
Lee,"Jae Wook",21108842,Jae_Wook.Lee@etu.sorbonne-universite.fr,Finished,"12 décembre 2021  8:03 ","12 décembre 2021  9:53 ","1 hour 50 mins",8.67,2.67,0.00,6.00
Legendre--Despas,Jeanne,3810768,jeanne.legendre--despas@etu.sorbonne-universite.fr,Finished,"12 décembre 2021  9:34 ","12 décembre 2021  11:34 ","2 hours",13.33,3.33,6.00,4.00
Lemaitre,Alexandre,3876023,alexandre.lemaitre@etu.sorbonne-universite.fr,-,-,-,-,-,-,-,-
"Levanson Dit Akbarali","Mohamed Hasir",28601393,mohamed.levanson_dit_akbarali@etu.sorbonne-universite.fr,Finished,"13 décembre 2021  9:40 ","13 décembre 2021  10:21 ","41 mins 27 secs",6.00,2.00,0.00,4.00
Li,Junji,28610187,junji.li@etu.sorbonne-universite.fr,Finished,"7 décembre 2021  8:12 ","7 décembre 2021  10:08 ","1 hour 55 mins",9.33,3.33,0.00,6.00
Lifsal,Loubna,3309154,loubna.lifsal@etu.sorbonne-universite.fr,Finished,"13 décembre 2021  8:33 ","13 décembre 2021  10:19 ","1 hour 46 mins",18.67,2.67,10.00,6.00
Lin,Jeremy,28602292,jeremy.lin.1@etu.sorbonne-universite.fr,-,-,-,-,-,-,-,-
Lin,Charles,3812676,Charles.Lin@etu.sorbonne-universite.fr,Finished,"12 décembre 2021  3:33 ","12 décembre 2021  4:51 ","1 hour 17 mins",2.67,0.67,0.00,2.00
Longuet,Axel,28600563,axel.longuet.1@etu.sorbonne-universite.fr,Finished,"11 décembre 2021  3:32 ","11 décembre 2021  4:43 ","1 hour 10 mins",15.00,3.00,6.00,6.00
Loyau-Kahn,Felix,28607223,felix.loyau-kahn@etu.sorbonne-universite.fr,-,-,-,-,-,-,-,-
Luo,Yukai,28620155,yukai.luo@etu.sorbonne-universite.fr,Finished,"13 décembre 2021  12:07 ","13 décembre 2021  1:21 ","1 hour 13 mins",4.00,2.00,0.00,2.00
Luvisamo,"Mulemesa Jessy",3415756,mulemesa.luvisamo@etu.sorbonne-universite.fr,Finished,"13 décembre 2021  7:07 ","13 décembre 2021  8:47 ","1 hour 39 mins",3.67,3.67,0.00,0.00
Ly,Sylvie,3522190,sylvie.ly@etu.sorbonne-universite.fr,Finished,"6 décembre 2021  9:48 ","6 décembre 2021  10:38 ","50 mins 17 secs",8.00,2.00,0.00,6.00
Macabre,Loona,28609645,loona.macabre.1@etu.sorbonne-universite.fr,Finished,"11 décembre 2021  3:28 ","11 décembre 2021  5:27 ","1 hour 59 mins",8.00,2.00,0.00,6.00
Maire,Maxence,28605064,maxence.maire@etu.sorbonne-universite.fr,Finished,"11 décembre 2021  6:19 ","11 décembre 2021  7:19 ","1 hour",3.00,1.00,0.00,2.00
Makhlouf,Rayane,28617603,rayane.makhlouf@etu.sorbonne-universite.fr,Finished,"12 décembre 2021  11:32 ","12 décembre 2021  1:32 ","1 hour 59 mins",8.33,2.33,0.00,6.00
Marques,Romain,28600712,romain.marques.1@etu.sorbonne-universite.fr,Finished,"12 décembre 2021  6:21 ","12 décembre 2021  7:37 ","1 hour 16 mins",6.33,2.33,0.00,4.00
Martin,Amaury,28610127,amaury.martin.1@etu.sorbonne-universite.fr,Finished,"13 décembre 2021  1:48 ","13 décembre 2021  3:48 ","2 hours",1.00,1.00,-,0.00
Mastor,Assia,28602563,assia.mastor.1@etu.sorbonne-universite.fr,Finished,"13 décembre 2021  9:43 ","13 décembre 2021  10:27 ","44 mins 45 secs",7.67,1.67,-,6.00
Mazari,Messilva,28610328,messilva.mazari@etu.sorbonne-universite.fr,Finished,"13 décembre 2021  8:10 ","13 décembre 2021  8:39 ","28 mins 41 secs",12.67,2.67,6.00,4.00
Mbaye,Souleymane,28717871,Souleymane.Mbaye@etu.sorbonne-universite.fr,Finished,"13 décembre 2021  12:14 ","13 décembre 2021  1:16 ","1 hour 2 mins",12.67,2.67,6.00,4.00
Mbouranga,Winn-Elie,28601343,winn-elie.mbouranga.1@etu.sorbonne-universite.fr,Finished,"11 décembre 2021  12:40 ","11 décembre 2021  1:37 ","57 mins 16 secs",2.67,2.67,-,-
Meddah,Sarah,3603679,sarah.meddah@etu.sorbonne-universite.fr,Finished,"13 décembre 2021  12:01 ","13 décembre 2021  1:26 ","1 hour 24 mins",6.33,2.33,0.00,4.00
Mekhloufi,Zakaria,3809215,zakaria.mekhloufi@etu.sorbonne-universite.fr,Finished,"12 décembre 2021  9:49 ","12 décembre 2021  11:01 ","1 hour 11 mins",10.00,2.00,4.00,4.00
Mellul,Yona,3800646,yona.mellul@etu.sorbonne-universite.fr,Finished,"11 décembre 2021  8:25 ","11 décembre 2021  9:31 ","1 hour 6 mins",14.33,2.33,6.00,6.00
"Melot Chesnel",Josephine,28603036,josephine.melot_chesnel.1@etu.sorbonne-universite.fr,-,-,-,-,-,-,-,-
Mendes,Hugo,3670527,hugo.mendes@etu.sorbonne-universite.fr,-,-,-,-,-,-,-,-
"Mendez Chacon",Paula,21109001,Paula.Mendez_Chacon@etu.sorbonne-universite.fr,Finished,"11 décembre 2021  5:58 ","11 décembre 2021  7:06 ","1 hour 8 mins",11.33,1.33,6.00,4.00
Millard,Maxime,28602830,maxime.millard.1@etu.sorbonne-universite.fr,Finished,"12 décembre 2021  7:50 ","12 décembre 2021  8:32 ","41 mins 54 secs",4.67,0.67,0.00,4.00
Mistry,Darshan,3670280,darshan.mistry@etu.sorbonne-universite.fr,-,-,-,-,-,-,-,-
Mohamed,Djamila,28609129,djamila.mohamed@etu.sorbonne-universite.fr,-,-,-,-,-,-,-,-
Moreau,Nino,28603833,nino.moreau.1@etu.sorbonne-universite.fr,-,-,-,-,-,-,-,-
Moussouni,Amine,28720778,Amine.Moussouni@etu.sorbonne-universite.fr,-,-,-,-,-,-,-,-
Naumenko,Polina,3521154,polina.naumenko@etu.sorbonne-universite.fr,-,-,-,-,-,-,-,-
Nedir,Rahmine,3872127,rahmine.nedir@etu.sorbonne-universite.fr,Finished,"13 décembre 2021  12:42 ","13 décembre 2021  2:42 ","2 hours",6.00,-,6.00,-
Nehlil,"Mouloud Samy",21113646,Mouloud_Samy.Nehlil@etu.sorbonne-universite.fr,Finished,"12 décembre 2021  3:06 ","12 décembre 2021  4:58 ","1 hour 52 mins",14.00,2.00,6.00,6.00
Nguyen,"Ngoc Thien",21102696,Ngoc_Thien.Nguyen@etu.sorbonne-universite.fr,Finished,"12 décembre 2021  6:07 ","12 décembre 2021  6:59 ","52 mins",13.33,1.33,6.00,6.00
Nguyen,"Hoang Son",28709864,Hoang_Son.Nguyen@etu.sorbonne-universite.fr,Finished,"12 décembre 2021  6:07 ","12 décembre 2021  6:59 ","52 mins 32 secs",14.67,2.67,6.00,6.00
Niang,Fallou,3803961,fallou.niang@etu.sorbonne-universite.fr,-,-,-,-,-,-,-,-
Olivar-Sanglar,Gabriel,28602191,gabriel.olivar.1@etu.sorbonne-universite.fr,-,-,-,-,-,-,-,-
Ouhenia,Ghiles,28716807,Ghiles.Ouhenia@etu.sorbonne-universite.fr,Finished,"12 décembre 2021  9:57 ","12 décembre 2021  10:59 ","1 hour 2 mins",8.33,2.33,0.00,6.00
Ouni,Wassim,21112855,Wassim.Ouni@etu.sorbonne-universite.fr,Finished,"13 décembre 2021  9:46 ","13 décembre 2021  10:20 ","34 mins 4 secs",5.67,3.67,-,2.00
Palisoc,Camille,28600602,camille.palisoc.1@etu.sorbonne-universite.fr,Finished,"9 décembre 2021  7:13 ","9 décembre 2021  8:05 ","51 mins 59 secs",8.67,2.67,0.00,6.00
Parameswaralingam,Charles-Pragash,3670244,charles-pragash.parameswaralingam@etu.sorbonne-universite.fr,-,-,-,-,-,-,-,-
Pendelliou,Arthur,3809224,arthur.pendelliou@etu.sorbonne-universite.fr,Finished,"11 décembre 2021  3:04 ","11 décembre 2021  5:04 ","2 hours",15.67,3.67,6.00,6.00
Perrignon-Sommet,Thibault,21104636,Thibault.Perrignon-Sommet@etu.sorbonne-universite.fr,Finished,"12 décembre 2021  8:49 ","12 décembre 2021  9:35 ","45 mins 14 secs",8.67,2.67,0.00,6.00
Pierre,Lauryn,28600518,lauryn.pierre.1@etu.sorbonne-universite.fr,Finished,"12 décembre 2021  3:32 ","12 décembre 2021  4:55 ","1 hour 23 mins",7.00,1.00,0.00,6.00
"Pierre Noel",Jericho,21113317,Jericho.Pierre_Noel@etu.sorbonne-universite.fr,Finished,"13 décembre 2021  4:47 ","13 décembre 2021  5:38 ","51 mins 31 secs",8.00,2.00,6.00,0.00
Piffre,Baptiste,28636372,baptiste.piffre@etu.sorbonne-universite.fr,Finished,"12 décembre 2021  10:11 ","12 décembre 2021  11:09 ","58 mins",0.67,0.67,0.00,0.00
Pinho,Goncalo,28602737,goncalo.pinho.1@etu.sorbonne-universite.fr,Finished,"11 décembre 2021  10:43 ","12 décembre 2021  12:31 ","1 hour 47 mins",2.00,2.00,0.00,0.00
Pirard,Emile,28600880,emile.pirard.1@etu.sorbonne-universite.fr,Finished,"11 décembre 2021  4:45 ","11 décembre 2021  5:33 ","48 mins 1 sec",15.00,3.00,6.00,6.00
Pulval-Dady,Alan,28603735,alan.pulval-dady.1@etu.sorbonne-universite.fr,Finished,"11 décembre 2021  4:33 ","11 décembre 2021  6:21 ","1 hour 47 mins",14.33,2.33,6.00,6.00
Ramdani,Cyrena,3805942,cyrena.ramdani@etu.sorbonne-universite.fr,Finished,"13 décembre 2021  4:51 ","13 décembre 2021  5:57 ","1 hour 5 mins",19.00,3.00,10.00,6.00
Rams,Sean,28605296,sean.rams.1@etu.sorbonne-universite.fr,Finished,"11 décembre 2021  4:23 ","11 décembre 2021  5:31 ","1 hour 8 mins",15.00,3.00,6.00,6.00
Randrianarisoa,Roman,3808834,roman.randrianarisoa@etu.sorbonne-universite.fr,Finished,"12 décembre 2021  11:12 ","13 décembre 2021  12:21 ","1 hour 8 mins",9.00,3.00,6.00,-
Richard,"Samantha Elisabeth",28009976,samantha.richard.2@etu.sorbonne-universite.fr,Finished,"13 décembre 2021  9:36 ","13 décembre 2021  10:07 ","31 mins 2 secs",10.00,2.00,4.00,4.00
Rozbully,Faraan,3700903,faraan.rozbully@etu.sorbonne-universite.fr,-,-,-,-,-,-,-,-
Ruan,Thomas,28606375,thomas.ruan.1@etu.sorbonne-universite.fr,Finished,"12 décembre 2021  11:00 ","13 décembre 2021  12:41 ","1 hour 40 mins",16.67,2.67,8.00,6.00
"Ruiz Heredia","Jose Antonio",21109006,Jose_Antonio.Ruiz_Heredia@etu.sorbonne-universite.fr,Finished,"13 décembre 2021  10:18 ","13 décembre 2021  10:25 ","7 mins 20 secs",3.67,3.67,-,0.00
Rzeszutko,Kamil,2800282,kamil.rzeszutko@etu.sorbonne-universite.fr,Finished,"13 décembre 2021  9:27 ","13 décembre 2021  10:29 ","1 hour 2 mins",4.33,2.33,-,2.00
Sadi,Amayas,28717408,Amayas.Sadi@etu.sorbonne-universite.fr,Finished,"12 décembre 2021  9:00 ","12 décembre 2021  10:55 ","1 hour 55 mins",18.67,2.67,10.00,6.00
Sadykova,Karima,28610100,karima.sadykova@etu.sorbonne-universite.fr,Finished,"12 décembre 2021  10:28 ","13 décembre 2021  12:28 ","2 hours",12.00,2.00,6.00,4.00
Said,Sayafdine,28607006,sayafdine.said.1@etu.sorbonne-universite.fr,Finished,"12 décembre 2021  3:02 ","12 décembre 2021  5:02 ","2 hours",9.33,3.33,0.00,6.00
Samar,Anissa,21120079,Anissa.Samar@etu.sorbonne-universite.fr,Finished,"12 décembre 2021  8:43 ","12 décembre 2021  9:54 ","1 hour 11 mins",14.33,2.33,6.00,6.00
Sane,Kemo,28617513,kemo.sane@etu.sorbonne-universite.fr,Finished,"12 décembre 2021  10:42 ","13 décembre 2021  12:36 ","1 hour 53 mins",4.33,2.33,0.00,2.00
Sfez,Alexandre,3804652,alexandre.sfez@etu.sorbonne-universite.fr,-,-,-,-,-,-,-,-
Shi,Yulin,21112391,Yulin.Shi@etu.sorbonne-universite.fr,Finished,"12 décembre 2021  9:11 ","12 décembre 2021  10:25 ","1 hour 14 mins",12.00,2.00,4.00,6.00
Sima,Daniel-Ioan,3800992,daniel.sima@etu.sorbonne-universite.fr,Finished,"13 décembre 2021  4:12 ","13 décembre 2021  4:39 ","26 mins 29 secs",1.67,1.67,-,-
Simion,Mathys,28705217,Mathys.Simion@etu.sorbonne-universite.fr,Finished,"12 décembre 2021  9:00 ","12 décembre 2021  9:38 ","37 mins 21 secs",11.67,1.67,6.00,4.00
Singh,Nawelle,28600503,nawelle.singh.1@etu.sorbonne-universite.fr,Finished,"12 décembre 2021  7:30 ","12 décembre 2021  9:11 ","1 hour 40 mins",8.33,2.33,0.00,6.00
"Sitang Ewande",Ninine,3801541,ninine.sitang_ewande@etu.sorbonne-universite.fr,Finished,"13 décembre 2021  2:38 ","13 décembre 2021  4:38 ","2 hours",5.33,1.33,-,4.00
Snaoui,Adam,21119283,Adam.Snaoui@etu.sorbonne-universite.fr,-,-,-,-,-,-,-,-
Sobot,Allen,28600456,allen.sobot.1@etu.sorbonne-universite.fr,Finished,"13 décembre 2021  5:52 ","13 décembre 2021  6:41 ","48 mins 38 secs",1.67,1.67,-,-
Sun,Amélie,28606343,amelie.sun.1@etu.sorbonne-universite.fr,Finished,"12 décembre 2021  10:53 ","13 décembre 2021  12:41 ","1 hour 48 mins",16.67,2.67,8.00,6.00
Sylla,Amy,28618173,amy.sylla@etu.sorbonne-universite.fr,Finished,"12 décembre 2021  11:34 ","13 décembre 2021  1:34 ","1 hour 59 mins",4.33,2.33,0.00,2.00
Tang,Remi,28624752,remi.tang@etu.sorbonne-universite.fr,-,-,-,-,-,-,-,-
Tchen,Clement,3703339,clement.tchen@etu.sorbonne-universite.fr,-,-,-,-,-,-,-,-
Terkmani,Kamelia,21116094,Kamelia.Terkmani@etu.sorbonne-universite.fr,-,-,-,-,-,-,-,-
Thirion,Lou,28614980,lou.thirion@etu.sorbonne-universite.fr,Finished,"12 décembre 2021  12:56 ","12 décembre 2021  2:56 ","2 hours",1.00,1.00,0.00,0.00
"Toguem Fotso","John Kevyn",3970693,john.toguem_fotso@etu.sorbonne-universite.fr,-,-,-,-,-,-,-,-
Tragha,Marwan,28615820,marwan.tragha@etu.sorbonne-universite.fr,Finished,"11 décembre 2021  12:08 ","11 décembre 2021  1:29 ","1 hour 21 mins",6.33,2.33,0.00,4.00
Tran,"Le My",28603688,le.tran@etu.sorbonne-universite.fr,-,-,-,-,-,-,-,-
Traore,Mamadou,2203537,mamadou.traore@etu.sorbonne-universite.fr,Finished,"7 décembre 2021  9:11 ","7 décembre 2021  11:11 ","2 hours",0.00,-,-,-
Trumic,Mihajlo,28606345,mihajlo.trumic@etu.sorbonne-universite.fr,Finished,"12 décembre 2021  2:01 ","12 décembre 2021  3:46 ","1 hour 45 mins",17.00,3.00,8.00,6.00
Vanrycke,Loann,3811248,loann.vanrycke@etu.sorbonne-universite.fr,Finished,"10 décembre 2021  11:13 ","10 décembre 2021  1:06 ","1 hour 53 mins",3.67,1.67,-,2.00
Vedanayagame,Souveda,28600150,souveda.vedanayagame.1@etu.sorbonne-universite.fr,Finished,"13 décembre 2021  6:46 ","13 décembre 2021  7:23 ","37 mins 9 secs",5.00,1.00,0.00,4.00
Vigano,Alice,3804657,alice.vigano@etu.sorbonne-universite.fr,Finished,"12 décembre 2021  10:16 ","13 décembre 2021  12:11 ","1 hour 54 mins",12.67,2.67,6.00,4.00
Villard,Lorenzo,3801327,lorenzo.villard@etu.sorbonne-universite.fr,Finished,"10 décembre 2021  7:39 ","10 décembre 2021  8:17 ","37 mins 50 secs",7.67,1.67,0.00,6.00
Wang,Zhe,21116827,Zhe.Wang@etu.sorbonne-universite.fr,Finished,"11 décembre 2021  5:35 ","11 décembre 2021  6:35 ","59 mins 59 secs",18.67,2.67,10.00,6.00
Warmé-Janville,Auguste,3800191,auguste.warme-janville@etu.sorbonne-universite.fr,Finished,"12 décembre 2021  7:14 ","12 décembre 2021  8:11 ","56 mins 54 secs",1.00,1.00,0.00,0.00
Wu,Julie,28600741,julie.wu.1@etu.sorbonne-universite.fr,Finished,"12 décembre 2021  2:54 ","12 décembre 2021  3:26 ","32 mins 21 secs",3.00,1.00,0.00,2.00
Wu,Isabelle,28606994,isabelle.wu.2@etu.sorbonne-universite.fr,Finished,"13 décembre 2021  12:27 ","13 décembre 2021  2:27 ","2 hours",0.00,-,-,-
Xia,Alexandre,28604113,alexandre.xia.1@etu.sorbonne-universite.fr,Finished,"9 décembre 2021  8:37 ","9 décembre 2021  10:35 ","1 hour 57 mins",3.67,1.67,0.00,2.00
Xia,Alexandre,28604113,alexandre.xia.1@etu.sorbonne-universite.fr,Finished,"9 décembre 2021  10:53 ","9 décembre 2021  11:53 ","1 hour",0.00,-,-,-
Xu,Jin,3700044,jin.xu@etu.sorbonne-universite.fr,-,-,-,-,-,-,-,-
Yang,Kai,21107392,Kai.Yang@etu.sorbonne-universite.fr,Finished,"12 décembre 2021  8:48 ","12 décembre 2021  9:30 ","41 mins 42 secs",14.33,2.33,6.00,6.00
Yehya,Jad,28609954,jad.yehya.1@etu.sorbonne-universite.fr,Finished,"12 décembre 2021  5:52 ","12 décembre 2021  6:17 ","25 mins 38 secs",8.33,2.33,0.00,6.00
"Youcef Khodja",Amine,21113585,Amine.Youcef_Khodja@etu.sorbonne-universite.fr,Finished,"12 décembre 2021  6:47 ","12 décembre 2021  8:46 ","1 hour 58 mins",7.00,3.00,0.00,4.00
Zanan,Nour,28607755,nour.zanan.1@etu.sorbonne-universite.fr,Finished,"13 décembre 2021  1:25 ","13 décembre 2021  2:59 ","1 hour 33 mins",6.00,2.00,0.00,4.00
Zeng,Fanxiang,28600693,fanxiang.zeng@etu.sorbonne-universite.fr,Finished,"13 décembre 2021  9:22 ","13 décembre 2021  9:32 ","10 mins 18 secs",2.67,0.67,0.00,2.00
Zerbib,Raphael,28601765,raphael.zerbib.1@etu.sorbonne-universite.fr,Finished,"13 décembre 2021  9:57 ","13 décembre 2021  10:25 ","27 mins 21 secs",12.33,2.33,6.00,4.00
Zhang,Yilu,28601009,yilu.zhang.1@etu.sorbonne-universite.fr,-,-,-,-,-,-,-,-
Zhang,Han,3970759,han.zhang@etu.sorbonne-universite.fr,-,-,-,-,-,-,-,-
Zhang,Xu,3803083,xu.zhang@etu.sorbonne-universite.fr,Finished,"12 décembre 2021  10:14 ","12 décembre 2021  10:56 ","41 mins 41 secs",2.67,0.67,0.00,2.00
Zhang,Jacques,28607704,jacques.zhang.1@etu.sorbonne-universite.fr,Finished,"13 décembre 2021  9:02 ","13 décembre 2021  9:16 ","14 mins 27 secs",15.00,3.00,6.00,6.00
Zhuang,Christian,28601285,christian.zhuang.1@etu.sorbonne-universite.fr,Finished,"12 décembre 2021  1:50 ","12 décembre 2021  3:30 ","1 hour 39 mins",11.67,1.67,6.00,4.00
"Zou Al Guyna",Louai,3680880,louai.zou_al_guyna@etu.sorbonne-universite.fr,Finished,"13 décembre 2021  6:06 ","13 décembre 2021  6:53 ","46 mins 24 secs",5.33,1.33,0.00,4.00
Zouba,Thomas,21101133,Thomas.Zouba@etu.sorbonne-universite.fr,Finished,"12 décembre 2021  5:38 ","12 décembre 2021  6:23 ","44 mins 57 secs",5.33,3.33,0.00,2.00
Zouhri,Bilal,3703980,bilal.zouhri@etu.sorbonne-universite.fr,Finished,"12 décembre 2021  1:01 ","12 décembre 2021  2:44 ","1 hour 42 mins",10.33,2.33,2.00,6.00
"Overall average",,,,,,,,8.67,2.12,2.75,3.81
